date,timestamp,update_timestamp,station_id,station_name,station_device_id,location_longitude,location_latitude,reading_update_timestamp,reading_value,reading_type,reading_unit
2017-01-01,2017-01-01T08:04:59+08:00,2017-01-01T08:13:31+08:00,S06,S06,S06,103.9007,1.3524,2017-01-01T08:13:31+08:00,0.0,TB1 Rainfall 5 Minute Total F,mm
2017-01-01,2017-01-01T08:09:59+08:00,2017-01-01T08:18:23+08:00,S06,S06,S06,103.9007,1.3524,2017-01-01T08:18:23+08:00,0.0,TB1 Rainfall 5 Minute Total F,mm
2017-01-01,2017-01-01T08:14:59+08:00,2017-01-01T08:23:14+08:00,S06,S06,S06,103.9007,1.3524,2017-01-01T08:23:14+08:00,0.0,TB1 Rainfall 5 Minute Total F,mm
2017-01-01,2017-01-01T08:19:59+08:00,2017-01-01T08:28:14+08:00,S06,S06,S06,103.9007,1.3524,2017-01-01T08:28:14+08:00,0.0,TB1 Rainfall 5 Minute Total F,mm
2017-01-01,2017-01-01T08:24:59+08:00,2017-01-01T08:33:11+08:00,S06,S06,S06,103.9007,1.3524,2017-01-01T08:33:11+08:00,0.0,TB1 Rainfall 5 Minute Total F,mm
2017-01-01,2017-01-01T08:29:59+08:00,2017-01-01T08:38:08+08:00,S06,S06,S06,103.9007,1.3524,2017-01-01T08:38:08+08:00,0.0,TB1 Rainfall 5 Minute Total F,mm
2017-01-01,2017-01-01T08:34:59+08:00,2017-01-01T08:43:25+08:00,S06,S06,S06,103.9007,1.3524,2017-01-01T08:43:25+08:00,0.0,TB1 Rainfall 5 Minute Total F,mm
2017-01-01,2017-01-01T14:39:59+08:00,2017-01-01T14:48:08+08:00,S06,S06,S06,103.9007,1.3524,2017-01-01T14:48:08+08:00,0.0,TB1 Rainfall 5 Minute Total F,mm
2017-01-01,2017-01-01T14:44:59+08:00,2017-01-01T14:53:04+08:00,S06,S06,S06,103.9007,1.3524,2017-01-01T14:53:04+08:00,0.0,TB1 Rainfall 5 Minute Total F,mm
2017-01-01,2017-01-01T14:49:59+08:00,2017-01-01T14:58:20+08:00,S06,S06,S06,103.9007,1.3524,2017-01-01T14:58:20+08:00,0.0,TB1 Rainfall 5 Minute Total F,mm
2017-01-01,2017-01-01T14:54:59+08:00,2017-01-01T15:03:18+08:00,S06,S06,S06,103.9007,1.3524,2017-01-01T15:03:18+08:00,0.0,TB1 Rainfall 5 Minute Total F,mm
2017-01-01,2017-01-01T14:59:59+08:00,2017-01-01T15:08:36+08:00,S06,S06,S06,103.9007,1.3524,2017-01-01T15:08:36+08:00,0.0,TB1 Rainfall 5 Minute Total F,mm
2017-01-01,2017-01-01T15:04:59+08:00,2017-01-01T15:13:27+08:00,S06,S06,S06,103.9007,1.3524,2017-01-01T15:13:27+08:00,0.0,TB1 Rainfall 5 Minute Total F,mm
2017-01-01,2017-01-01T15:09:59+08:00,2017-01-01T15:18:19+08:00,S06,S06,S06,103.9007,1.3524,2017-01-01T15:18:19+08:00,0.0,TB1 Rainfall 5 Minute Total F,mm
2017-01-01,2017-01-01T15:14:59+08:00,2017-01-01T15:23:11+08:00,S06,S06,S06,103.9007,1.3524,2017-01-01T15:23:11+08:00,0.0,TB1 Rainfall 5 Minute Total F,mm
2017-01-01,2017-01-01T15:19:59+08:00,2017-01-01T15:28:27+08:00,S06,S06,S06,103.9007,1.3524,2017-01-01T15:28:27+08:00,0.0,TB1 Rainfall 5 Minute Total F,mm
2017-01-01,2017-01-01T15:24:59+08:00,2017-01-01T15:33:20+08:00,S06,S06,S06,103.9007,1.3524,2017-01-01T15:33:20+08:00,0.0,TB1 Rainfall 5 Minute Total F,mm
2017-01-01,2017-01-01T15:29:59+08:00,2017-01-01T15:38:14+08:00,S06,S06,S06,103.9007,1.3524,2017-01-01T15:38:14+08:00,0.0,TB1 Rainfall 5 Minute Total F,mm
2017-01-01,2017-01-01T15:34:59+08:00,2017-01-01T15:43:08+08:00,S06,S06,S06,103.9007,1.3524,2017-01-01T15:43:08+08:00,0.0,TB1 Rainfall 5 Minute Total F,mm
2017-01-01,2017-01-01T15:39:59+08:00,2017-01-01T15:48:31+08:00,S06,S06,S06,103.9007,1.3524,2017-01-01T15:48:31+08:00,0.0,TB1 Rainfall 5 Minute Total F,mm
2017-01-01,2017-01-01T15:44:59+08:00,2017-01-01T15:53:04+08:00,S06,S06,S06,103.9007,1.3524,2017-01-01T15:53:04+08:00,0.0,TB1 Rainfall 5 Minute Total F,mm
2017-01-01,2017-01-01T15:49:59+08:00,2017-01-01T15:58:21+08:00,S06,S06,S06,103.9007,1.3524,2017-01-01T15:58:21+08:00,0.0,TB1 Rainfall 5 Minute Total F,mm
2017-01-01,2017-01-01T15:54:59+08:00,2017-01-01T16:08:16+08:00,S06,S06,S06,103.9007,1.3524,2017-01-01T16:03:23+08:00,0.0,TB1 Rainfall 5 Minute Total F,mm
2017-01-01,2017-01-01T15:59:59+08:00,2017-01-01T16:08:16+08:00,S06,S06,S06,103.9007,1.3524,2017-01-01T16:08:16+08:00,0.0,TB1 Rainfall 5 Minute Total F,mm
2017-01-01,2017-01-01T16:04:59+08:00,2017-01-01T16:13:11+08:00,S06,S06,S06,103.9007,1.3524,2017-01-01T16:13:11+08:00,1.2,TB1 Rainfall 5 Minute Total F,mm
2017-01-01,2017-01-01T22:34:59+08:00,2017-01-01T22:43:18+08:00,S06,S06,S06,103.9007,1.3524,2017-01-01T22:43:18+08:00,0.0,TB1 Rainfall 5 Minute Total F,mm
2017-01-01,2017-01-01T22:39:59+08:00,2017-01-01T22:48:35+08:00,S06,S06,S06,103.9007,1.3524,2017-01-01T22:48:35+08:00,0.0,TB1 Rainfall 5 Minute Total F,mm
2017-01-01,2017-01-01T22:44:59+08:00,2017-01-01T22:53:02+08:00,S06,S06,S06,103.9007,1.3524,2017-01-01T22:53:02+08:00,0.0,TB1 Rainfall 5 Minute Total F,mm
2017-01-01,2017-01-01T22:49:59+08:00,2017-01-01T22:58:19+08:00,S06,S06,S06,103.9007,1.3524,2017-01-01T22:58:19+08:00,0.0,TB1 Rainfall 5 Minute Total F,mm
2017-01-01,2017-01-01T22:54:59+08:00,2017-01-01T23:03:10+08:00,S06,S06,S06,103.9007,1.3524,2017-01-01T23:03:10+08:00,0.0,TB1 Rainfall 5 Minute Total F,mm
2017-01-01,2017-01-01T22:59:59+08:00,2017-01-01T23:08:08+08:00,S06,S06,S06,103.9007,1.3524,2017-01-01T23:08:08+08:00,0.0,TB1 Rainfall 5 Minute Total F,mm
2017-01-01,2017-01-01T23:04:59+08:00,2017-01-01T23:13:10+08:00,S06,S06,S06,103.9007,1.3524,2017-01-01T23:13:10+08:00,0.0,TB1 Rainfall 5 Minute Total F,mm
2017-01-01,2017-01-01T23:09:59+08:00,2017-01-01T23:18:03+08:00,S06,S06,S06,103.9007,1.3524,2017-01-01T23:18:03+08:00,0.0,TB1 Rainfall 5 Minute Total F,mm
2017-01-01,2017-01-01T23:14:59+08:00,2017-01-01T23:23:45+08:00,S06,S06,S06,103.9007,1.3524,2017-01-01T23:23:45+08:00,0.0,TB1 Rainfall 5 Minute Total F,mm
2017-01-01,2017-01-01T23:19:59+08:00,2017-01-01T23:28:11+08:00,S06,S06,S06,103.9007,1.3524,2017-01-01T23:28:11+08:00,0.0,TB1 Rainfall 5 Minute Total F,mm
2017-01-01,2017-01-01T23:24:59+08:00,2017-01-01T23:33:08+08:00,S06,S06,S06,103.9007,1.3524,2017-01-01T23:33:08+08:00,0.0,TB1 Rainfall 5 Minute Total F,mm
2017-01-01,2017-01-01T23:29:59+08:00,2017-01-01T23:38:08+08:00,S06,S06,S06,103.9007,1.3524,2017-01-01T23:38:08+08:00,0.0,TB1 Rainfall 5 Minute Total F,mm
2017-01-01,2017-01-01T23:34:59+08:00,2017-01-01T23:43:00+08:00,S06,S06,S06,103.9007,1.3524,2017-01-01T23:43:00+08:00,0.0,TB1 Rainfall 5 Minute Total F,mm
2017-01-01,2017-01-01T23:39:59+08:00,2017-01-01T23:48:17+08:00,S06,S06,S06,103.9007,1.3524,2017-01-01T23:48:17+08:00,0.0,TB1 Rainfall 5 Minute Total F,mm
2017-01-01,2017-01-01T23:44:59+08:00,2017-01-01T23:53:08+08:00,S06,S06,S06,103.9007,1.3524,2017-01-01T23:53:08+08:00,0.0,TB1 Rainfall 5 Minute Total F,mm
2017-01-01,2017-01-01T23:49:59+08:00,2017-01-01T23:58:31+08:00,S06,S06,S06,103.9007,1.3524,2017-01-01T23:58:31+08:00,0.0,TB1 Rainfall 5 Minute Total F,mm
2017-01-01,2017-01-01T23:54:59+08:00,2017-01-02T00:03:25+08:00,S06,S06,S06,103.9007,1.3524,2017-01-02T00:03:25+08:00,0.0,TB1 Rainfall 5 Minute Total F,mm
2017-01-01,2017-01-01T23:59:59+08:00,2017-01-02T00:08:16+08:00,S06,S06,S06,103.9007,1.3524,2017-01-02T00:08:16+08:00,0.0,TB1 Rainfall 5 Minute Total F,mm
2017-01-05,2017-01-05T05:24:59+08:00,2017-01-05T05:33:48+08:00,S06,S06,S06,103.9007,1.3524,2017-01-05T05:33:48+08:00,0.0,TB1 Rainfall 5 Minute Total F,mm
2017-01-05,2017-01-05T05:29:59+08:00,2017-01-05T05:38:15+08:00,S06,S06,S06,103.9007,1.3524,2017-01-05T05:38:15+08:00,0.0,TB1 Rainfall 5 Minute Total F,mm
2017-01-05,2017-01-05T05:34:59+08:00,2017-01-05T05:43:07+08:00,S06,S06,S06,103.9007,1.3524,2017-01-05T05:43:07+08:00,0.0,TB1 Rainfall 5 Minute Total F,mm
2017-01-05,2017-01-05T05:39:59+08:00,2017-01-05T05:48:27+08:00,S06,S06,S06,103.9007,1.3524,2017-01-05T05:48:27+08:00,0.0,TB1 Rainfall 5 Minute Total F,mm
2017-01-05,2017-01-05T05:44:59+08:00,2017-01-05T05:53:19+08:00,S06,S06,S06,103.9007,1.3524,2017-01-05T05:53:19+08:00,0.0,TB1 Rainfall 5 Minute Total F,mm
2017-01-05,2017-01-05T05:49:59+08:00,2017-01-05T05:58:39+08:00,S06,S06,S06,103.9007,1.3524,2017-01-05T05:58:39+08:00,0.0,TB1 Rainfall 5 Minute Total F,mm
2017-01-05,2017-01-05T05:54:59+08:00,2017-01-05T06:03:05+08:00,S06,S06,S06,103.9007,1.3524,2017-01-05T06:03:05+08:00,0.0,TB1 Rainfall 5 Minute Total F,mm
2017-01-05,2017-01-05T05:59:59+08:00,2017-01-05T06:08:30+08:00,S06,S06,S06,103.9007,1.3524,2017-01-05T06:08:30+08:00,0.0,TB1 Rainfall 5 Minute Total F,mm
2017-01-05,2017-01-05T06:04:59+08:00,2017-01-05T06:14:12+08:00,S06,S06,S06,103.9007,1.3524,2017-01-05T06:14:12+08:00,0.0,TB1 Rainfall 5 Minute Total F,mm
2017-01-05,2017-01-05T06:09:59+08:00,2017-01-05T06:18:20+08:00,S06,S06,S06,103.9007,1.3524,2017-01-05T06:18:20+08:00,0.0,TB1 Rainfall 5 Minute Total F,mm
2017-01-05,2017-01-05T06:14:59+08:00,2017-01-05T06:23:11+08:00,S06,S06,S06,103.9007,1.3524,2017-01-05T06:23:11+08:00,0.2,TB1 Rainfall 5 Minute Total F,mm
2017-01-05,2017-01-05T06:19:59+08:00,2017-01-05T06:28:28+08:00,S06,S06,S06,103.9007,1.3524,2017-01-05T06:28:28+08:00,0.2,TB1 Rainfall 5 Minute Total F,mm
2017-01-05,2017-01-05T06:24:59+08:00,2017-01-05T06:33:19+08:00,S06,S06,S06,103.9007,1.3524,2017-01-05T06:33:19+08:00,0.2,TB1 Rainfall 5 Minute Total F,mm
2017-01-05,2017-01-05T06:29:59+08:00,2017-01-05T06:38:11+08:00,S06,S06,S06,103.9007,1.3524,2017-01-05T06:38:11+08:00,0.2,TB1 Rainfall 5 Minute Total F,mm
2017-01-05,2017-01-05T06:34:59+08:00,2017-01-05T06:43:30+08:00,S06,S06,S06,103.9007,1.3524,2017-01-05T06:43:30+08:00,0.0,TB1 Rainfall 5 Minute Total F,mm
2017-01-05,2017-01-05T06:39:59+08:00,2017-01-05T06:48:29+08:00,S06,S06,S06,103.9007,1.3524,2017-01-05T06:48:29+08:00,0.2,TB1 Rainfall 5 Minute Total F,mm
2017-01-05,2017-01-05T06:44:59+08:00,2017-01-05T06:53:21+08:00,S06,S06,S06,103.9007,1.3524,2017-01-05T06:53:21+08:00,0.0,TB1 Rainfall 5 Minute Total F,mm
2017-01-31,2017-01-31T22:34:59+08:00,2017-01-31T22:43:47+08:00,S06,S06,S06,103.9007,1.3524,2017-01-31T22:43:47+08:00,0.0,TB1 Rainfall 5 Minute Total F,mm
2017-01-31,2017-01-31T22:39:59+08:00,2017-01-31T22:49:03+08:00,S06,S06,S06,103.9007,1.3524,2017-01-31T22:49:03+08:00,0.0,TB1 Rainfall 5 Minute Total F,mm
2017-01-31,2017-01-31T22:44:59+08:00,2017-01-31T22:53:55+08:00,S06,S06,S06,103.9007,1.3524,2017-01-31T22:53:55+08:00,0.0,TB1 Rainfall 5 Minute Total F,mm
2017-01-31,2017-01-31T22:49:59+08:00,2017-01-31T22:58:46+08:00,S06,S06,S06,103.9007,1.3524,2017-01-31T22:58:46+08:00,0.0,TB1 Rainfall 5 Minute Total F,mm
2017-01-31,2017-01-31T22:54:59+08:00,2017-01-31T23:04:03+08:00,S06,S06,S06,103.9007,1.3524,2017-01-31T23:04:03+08:00,0.0,TB1 Rainfall 5 Minute Total F,mm
2017-01-31,2017-01-31T22:59:59+08:00,2017-01-31T23:08:54+08:00,S06,S06,S06,103.9007,1.3524,2017-01-31T23:08:54+08:00,0.0,TB1 Rainfall 5 Minute Total F,mm
2017-01-31,2017-01-31T23:04:59+08:00,2017-01-31T23:13:55+08:00,S06,S06,S06,103.9007,1.3524,2017-01-31T23:13:55+08:00,0.0,TB1 Rainfall 5 Minute Total F,mm
2017-01-31,2017-01-31T23:09:59+08:00,2017-01-31T23:18:47+08:00,S06,S06,S06,103.9007,1.3524,2017-01-31T23:18:47+08:00,0.0,TB1 Rainfall 5 Minute Total F,mm
2017-01-31,2017-01-31T23:14:59+08:00,2017-01-31T23:24:04+08:00,S06,S06,S06,103.9007,1.3524,2017-01-31T23:24:04+08:00,0.0,TB1 Rainfall 5 Minute Total F,mm
2017-01-31,2017-01-31T23:19:59+08:00,2017-01-31T23:28:55+08:00,S06,S06,S06,103.9007,1.3524,2017-01-31T23:28:55+08:00,0.0,TB1 Rainfall 5 Minute Total F,mm
2017-01-31,2017-01-31T23:24:59+08:00,2017-01-31T23:33:53+08:00,S06,S06,S06,103.9007,1.3524,2017-01-31T23:33:53+08:00,0.0,TB1 Rainfall 5 Minute Total F,mm
2017-01-31,2017-01-31T23:29:59+08:00,2017-01-31T23:38:45+08:00,S06,S06,S06,103.9007,1.3524,2017-01-31T23:38:45+08:00,0.0,TB1 Rainfall 5 Minute Total F,mm
2017-01-31,2017-01-31T23:34:59+08:00,2017-01-31T23:44:01+08:00,S06,S06,S06,103.9007,1.3524,2017-01-31T23:44:01+08:00,0.0,TB1 Rainfall 5 Minute Total F,mm
2017-01-31,2017-01-31T23:39:59+08:00,2017-01-31T23:48:55+08:00,S06,S06,S06,103.9007,1.3524,2017-01-31T23:48:55+08:00,0.0,TB1 Rainfall 5 Minute Total F,mm
2017-01-31,2017-01-31T23:44:59+08:00,2017-01-31T23:53:48+08:00,S06,S06,S06,103.9007,1.3524,2017-01-31T23:53:48+08:00,0.0,TB1 Rainfall 5 Minute Total F,mm
2017-01-31,2017-01-31T23:49:59+08:00,2017-01-31T23:58:48+08:00,S06,S06,S06,103.9007,1.3524,2017-01-31T23:58:48+08:00,0.0,TB1 Rainfall 5 Minute Total F,mm
2017-01-31,2017-01-31T23:54:59+08:00,2017-02-01T00:09:38+08:00,S06,S06,S06,103.9007,1.3524,2017-02-01T00:09:38+08:00,0.0,TB1 Rainfall 5 Minute Total F,mm
2017-01-31,2017-01-31T23:59:59+08:00,2017-02-01T00:09:38+08:00,S06,S06,S06,103.9007,1.3524,2017-02-01T00:09:38+08:00,0.0,TB1 Rainfall 5 Minute Total F,mm
2017-04-25,2017-04-25T10:04:59+08:00,2017-04-25T10:12:39+08:00,S113,Marine Parade Road,S113,103.91074,1.30655,2017-04-25T10:12:39+08:00,0.0,TB1 Rainfall 5 Minute Total F,mm
2017-04-25,2017-04-25T10:09:59+08:00,2017-04-25T10:17:38+08:00,S113,Marine Parade Road,S113,103.91074,1.30655,2017-04-25T10:17:38+08:00,0.0,TB1 Rainfall 5 Minute Total F,mm
2017-04-25,2017-04-25T10:14:59+08:00,2017-04-25T10:22:38+08:00,S113,Marine Parade Road,S113,103.91074,1.30655,2017-04-25T10:22:38+08:00,0.0,TB1 Rainfall 5 Minute Total F,mm
2017-04-25,2017-04-25T10:19:59+08:00,2017-04-25T10:27:55+08:00,S113,Marine Parade Road,S113,103.91074,1.30655,2017-04-25T10:27:55+08:00,0.0,TB1 Rainfall 5 Minute Total F,mm
2017-04-25,2017-04-25T10:24:59+08:00,2017-04-25T10:32:47+08:00,S07,Lornie Road,S07,103.8334,1.3415,2017-04-25T10:32:47+08:00,0.0,TB1 Rainfall 5 Minute Total F,mm
2017-04-25,2017-04-25T10:24:59+08:00,2017-04-25T10:32:47+08:00,S08,Upper Thomson Road,S08,103.8271,1.3701,2017-04-25T10:32:47+08:00,0.0,TB1 Rainfall 5 Minute Total F,mm
2017-04-25,2017-04-25T10:24:59+08:00,2017-04-25T10:32:47+08:00,S100,Woodlands Road,S100,103.74855,1.4172,2017-04-25T10:32:47+08:00,0.0,TB1 Rainfall 5 Minute Total F,mm
2017-04-25,2017-04-25T10:24:59+08:00,2017-04-25T10:32:47+08:00,S101,Corporation Road,S101,103.7134,1.35053,2017-04-25T10:32:47+08:00,0.0,TB1 Rainfall 5 Minute Total F,mm
2017-04-25,2017-04-25T10:24:59+08:00,2017-04-25T10:32:47+08:00,S102,Semakau Landfill,S102,103.768,1.189,2017-04-25T10:32:47+08:00,0.0,TB1 Rainfall 5 Minute Total F,mm
2017-04-25,2017-04-25T10:24:59+08:00,2017-04-25T10:32:47+08:00,S104,Woodlands Avenue 9,S104,103.78538,1.44387,2017-04-25T10:32:47+08:00,0.0,TB1 Rainfall 5 Minute Total F,mm
2017-04-25,2017-04-25T10:24:59+08:00,2017-04-25T10:32:47+08:00,S106,Pulau Ubin,S106,103.9673,1.4168,2017-04-25T10:32:47+08:00,0.0,TB1 Rainfall 5 Minute Total F,mm
2017-04-25,2017-04-25T10:24:59+08:00,2017-04-25T10:32:47+08:00,S108,Marina Gardens Drive,S108,103.8703,1.2799,2017-04-25T10:32:47+08:00,0.0,TB1 Rainfall 5 Minute Total F,mm
2017-04-25,2017-04-25T10:24:59+08:00,2017-04-25T10:32:47+08:00,S109,Ang Mo Kio Avenue 5,S109,103.8492,1.3764,2017-04-25T10:32:47+08:00,0.0,TB1 Rainfall 5 Minute Total F,mm
2017-04-25,2017-04-25T10:24:59+08:00,2017-04-25T10:32:47+08:00,S11,Choa Chu Kang Road,S11,103.6938,1.3746,2017-04-25T10:32:47+08:00,0.0,TB1 Rainfall 5 Minute Total F,mm
2017-04-25,2017-04-25T10:24:59+08:00,2017-04-25T10:32:47+08:00,S112,Lim Chu Kang Road,S112,103.70131,1.43854,2017-04-25T10:32:47+08:00,0.0,TB1 Rainfall 5 Minute Total F,mm
2017-04-25,2017-04-25T10:24:59+08:00,2017-04-25T10:32:47+08:00,S113,Marine Parade Road,S113,103.91074,1.30655,2017-04-25T10:32:47+08:00,0.0,TB1 Rainfall 5 Minute Total F,mm
2017-04-25,2017-04-25T10:24:59+08:00,2017-04-25T10:32:47+08:00,S114,Choa Chu Kang Avenue 4,S114,103.73,1.38,2017-04-25T10:32:47+08:00,0.0,TB1 Rainfall 5 Minute Total F,mm
2017-04-25,2017-04-25T10:24:59+08:00,2017-04-25T10:32:47+08:00,S115,Tuas South Avenue 3,S115,103.61843,1.29377,2017-04-25T10:32:47+08:00,0.0,TB1 Rainfall 5 Minute Total F,mm
2017-04-25,2017-04-25T10:24:59+08:00,2017-04-25T10:32:47+08:00,S116,West Coast Highway,S116,103.754,1.281,2017-04-25T10:32:47+08:00,0.0,TB1 Rainfall 5 Minute Total F,mm
2017-04-25,2017-04-25T10:24:59+08:00,2017-04-25T10:32:47+08:00,S117,Banyan Road,S117,103.679,1.256,2017-04-25T10:32:47+08:00,0.0,TB1 Rainfall 5 Minute Total F,mm
2017-04-25,2017-04-25T10:24:59+08:00,2017-04-25T10:32:47+08:00,S119,Nicoll Highway,S119,103.8666,1.30105,2017-04-25T10:32:47+08:00,0.0,TB1 Rainfall 5 Minute Total F,mm
2017-04-25,2017-04-25T10:24:59+08:00,2017-04-25T10:32:47+08:00,S120,Holland Road,S120,103.818,1.30874,2017-04-25T10:32:47+08:00,0.0,TB1 Rainfall 5 Minute Total F,mm
2017-04-25,2017-04-25T10:24:59+08:00,2017-04-25T10:32:47+08:00,S122,Sembawang Road,S122,103.8249,1.41731,2017-04-25T10:32:47+08:00,0.0,TB1 Rainfall 5 Minute Total F,mm
2017-04-25,2017-04-25T10:24:59+08:00,2017-04-25T10:32:47+08:00,S123,Towner Road,S123,103.8577,1.3214,2017-04-25T10:32:47+08:00,0.0,TB1 Rainfall 5 Minute Total F,mm
2017-04-25,2017-04-25T10:24:59+08:00,2017-04-25T10:32:47+08:00,S24,Upper Changi Road North,S24,103.9826,1.3678,2017-04-25T10:32:47+08:00,0.0,TB1 Rainfall 5 Minute Total F,mm
2017-04-25,2017-04-25T10:24:59+08:00,2017-04-25T10:32:47+08:00,S29,Pasir Ris Drive 12,S29,103.935,1.387,2017-04-25T10:32:47+08:00,0.0,TB1 Rainfall 5 Minute Total F,mm
2017-04-25,2017-04-25T10:24:59+08:00,2017-04-25T10:32:47+08:00,S33,Jurong Pier Road,S33,103.71,1.3081,2017-04-25T10:32:47+08:00,0.0,TB1 Rainfall 5 Minute Total F,mm
2017-04-25,2017-04-25T10:24:59+08:00,2017-04-25T10:32:47+08:00,S35,Old Toh Tuck Road,S35,103.7556,1.3329,2017-04-25T10:32:47+08:00,0.0,TB1 Rainfall 5 Minute Total F,mm
2017-04-25,2017-04-25T10:24:59+08:00,2017-04-25T10:32:47+08:00,S43,Kim Chuan Road,S43,103.8878,1.3399,2017-04-25T10:32:47+08:00,0.0,TB1 Rainfall 5 Minute Total F,mm
2017-04-25,2017-04-25T10:24:59+08:00,2017-04-25T10:32:47+08:00,S46,Sime Road,S46,103.8106,1.3416,2017-04-25T10:32:47+08:00,0.0,TB1 Rainfall 5 Minute Total F,mm
2017-04-25,2017-04-25T10:24:59+08:00,2017-04-25T10:32:47+08:00,S50,Clementi Road,S50,103.7768,1.3337,2017-04-25T10:32:47+08:00,0.0,TB1 Rainfall 5 Minute Total F,mm
2017-04-25,2017-04-25T10:24:59+08:00,2017-04-25T10:32:47+08:00,S55,Buangkok Green,S55,103.886,1.3837,2017-04-25T10:32:47+08:00,0.0,TB1 Rainfall 5 Minute Total F,mm
2017-04-25,2017-04-25T10:24:59+08:00,2017-04-25T10:32:47+08:00,S61,Chai Chee Street,S61,103.9217,1.323,2017-04-25T10:32:47+08:00,0.0,TB1 Rainfall 5 Minute Total F,mm
2017-04-25,2017-04-25T10:24:59+08:00,2017-04-25T10:32:47+08:00,S63,International Road,S63,103.7042,1.3275,2017-04-25T10:32:47+08:00,0.0,TB1 Rainfall 5 Minute Total F,mm
2017-04-25,2017-04-25T10:24:59+08:00,2017-04-25T10:32:47+08:00,S64,Bukit Panjang Road,S64,103.7603,1.3824,2017-04-25T10:32:47+08:00,0.0,TB1 Rainfall 5 Minute Total F,mm
2017-04-25,2017-04-25T10:24:59+08:00,2017-04-25T10:32:47+08:00,S66,Kranji Way,S66,103.7363,1.4387,2017-04-25T10:32:47+08:00,0.0,TB1 Rainfall 5 Minute Total F,mm
2017-04-25,2017-04-25T10:24:59+08:00,2017-04-25T10:32:47+08:00,S71,Kent Ridge Road,S71,103.7815,1.2923,2017-04-25T10:32:47+08:00,0.0,TB1 Rainfall 5 Minute Total F,mm
2017-04-25,2017-04-25T10:24:59+08:00,2017-04-25T10:32:47+08:00,S77,Alexandra Road,S77,103.8125,1.2937,2017-04-25T10:32:47+08:00,0.0,TB1 Rainfall 5 Minute Total F,mm
2017-04-25,2017-04-25T10:24:59+08:00,2017-04-25T10:32:47+08:00,S78,Poole Road,S78,103.89067,1.30703,2017-04-25T10:32:47+08:00,0.0,TB1 Rainfall 5 Minute Total F,mm
2017-04-25,2017-04-25T10:24:59+08:00,2017-04-25T10:32:47+08:00,S79,Somerset Road,S79,103.8372,1.3004,2017-04-25T10:32:47+08:00,0.0,TB1 Rainfall 5 Minute Total F,mm
2017-04-25,2017-04-25T10:24:59+08:00,2017-04-25T10:32:47+08:00,S81,Punggol Central,S81,103.9092,1.4029,2017-04-25T10:32:47+08:00,0.0,TB1 Rainfall 5 Minute Total F,mm
2017-04-25,2017-04-25T10:24:59+08:00,2017-04-25T10:32:47+08:00,S84,Simei Avenue,S84,103.9444,1.3437,2017-04-25T10:32:47+08:00,0.0,TB1 Rainfall 5 Minute Total F,mm
2017-04-25,2017-04-25T10:24:59+08:00,2017-04-25T10:32:47+08:00,S88,Toa Payoh North,S88,103.8482,1.3427,2017-04-25T10:32:47+08:00,0.0,TB1 Rainfall 5 Minute Total F,mm
2017-04-25,2017-04-25T10:24:59+08:00,2017-04-25T10:32:47+08:00,S89,Tuas Road,S89,103.66162,1.31985,2017-04-25T10:32:47+08:00,0.0,TB1 Rainfall 5 Minute Total F,mm
2017-04-25,2017-04-25T10:24:59+08:00,2017-04-25T10:32:47+08:00,S900,Seletar Aerospace View,S900,103.86922,1.41284,2017-04-25T10:32:47+08:00,0.0,TB1 Rainfall 5 Minute Total F,mm
2017-04-25,2017-04-25T10:24:59+08:00,2017-04-25T10:32:47+08:00,S92,South Buona Vista Road,S92,103.7886,1.2841,2017-04-25T10:32:47+08:00,0.0,TB1 Rainfall 5 Minute Total F,mm
2017-04-25,2017-04-25T10:24:59+08:00,2017-04-25T10:32:47+08:00,S94,Pasir Ris Street 51,S94,103.9528,1.3662,2017-04-25T10:32:47+08:00,0.0,TB1 Rainfall 5 Minute Total F,mm
2017-04-25,2017-04-25T10:29:59+08:00,2017-04-25T10:37:39+08:00,S07,Lornie Road,S07,103.8334,1.3415,2017-04-25T10:37:39+08:00,0.0,TB1 Rainfall 5 Minute Total F,mm
2017-04-25,2017-04-25T10:29:59+08:00,2017-04-25T10:37:39+08:00,S08,Upper Thomson Road,S08,103.8271,1.3701,2017-04-25T10:37:39+08:00,0.0,TB1 Rainfall 5 Minute Total F,mm
2017-04-25,2017-04-25T10:29:59+08:00,2017-04-25T10:37:39+08:00,S100,Woodlands Road,S100,103.74855,1.4172,2017-04-25T10:37:39+08:00,0.0,TB1 Rainfall 5 Minute Total F,mm
2017-04-25,2017-04-25T10:29:59+08:00,2017-04-25T10:37:39+08:00,S101,Corporation Road,S101,103.7134,1.35053,2017-04-25T10:37:39+08:00,0.0,TB1 Rainfall 5 Minute Total F,mm
2017-04-25,2017-04-25T10:29:59+08:00,2017-04-25T10:37:39+08:00,S102,Semakau Landfill,S102,103.768,1.189,2017-04-25T10:37:39+08:00,0.0,TB1 Rainfall 5 Minute Total F,mm
2017-04-25,2017-04-25T10:29:59+08:00,2017-04-25T10:37:39+08:00,S104,Woodlands Avenue 9,S104,103.78538,1.44387,2017-04-25T10:37:39+08:00,0.0,TB1 Rainfall 5 Minute Total F,mm
2017-04-25,2017-04-25T10:29:59+08:00,2017-04-25T10:37:39+08:00,S106,Pulau Ubin,S106,103.9673,1.4168,2017-04-25T10:37:39+08:00,0.0,TB1 Rainfall 5 Minute Total F,mm
2017-04-25,2017-04-25T10:29:59+08:00,2017-04-25T10:37:39+08:00,S108,Marina Gardens Drive,S108,103.8703,1.2799,2017-04-25T10:37:39+08:00,0.0,TB1 Rainfall 5 Minute Total F,mm
2017-04-25,2017-04-25T10:29:59+08:00,2017-04-25T10:37:39+08:00,S109,Ang Mo Kio Avenue 5,S109,103.8492,1.3764,2017-04-25T10:37:39+08:00,0.0,TB1 Rainfall 5 Minute Total F,mm
2017-04-25,2017-04-25T10:29:59+08:00,2017-04-25T10:37:39+08:00,S11,Choa Chu Kang Road,S11,103.6938,1.3746,2017-04-25T10:37:39+08:00,0.0,TB1 Rainfall 5 Minute Total F,mm
2017-04-25,2017-04-25T10:29:59+08:00,2017-04-25T10:37:39+08:00,S112,Lim Chu Kang Road,S112,103.70131,1.43854,2017-04-25T10:37:39+08:00,0.0,TB1 Rainfall 5 Minute Total F,mm
2017-04-25,2017-04-25T10:29:59+08:00,2017-04-25T10:37:39+08:00,S113,Marine Parade Road,S113,103.91074,1.30655,2017-04-25T10:37:39+08:00,0.0,TB1 Rainfall 5 Minute Total F,mm
2017-04-25,2017-04-25T10:29:59+08:00,2017-04-25T10:37:39+08:00,S114,Choa Chu Kang Avenue 4,S114,103.73,1.38,2017-04-25T10:37:39+08:00,0.0,TB1 Rainfall 5 Minute Total F,mm
2017-04-25,2017-04-25T10:29:59+08:00,2017-04-25T10:37:39+08:00,S115,Tuas South Avenue 3,S115,103.61843,1.29377,2017-04-25T10:37:39+08:00,0.0,TB1 Rainfall 5 Minute Total F,mm
2017-04-25,2017-04-25T10:29:59+08:00,2017-04-25T10:37:39+08:00,S116,West Coast Highway,S116,103.754,1.281,2017-04-25T10:37:39+08:00,0.0,TB1 Rainfall 5 Minute Total F,mm
2017-04-25,2017-04-25T10:29:59+08:00,2017-04-25T10:37:39+08:00,S117,Banyan Road,S117,103.679,1.256,2017-04-25T10:37:39+08:00,0.0,TB1 Rainfall 5 Minute Total F,mm
2017-04-25,2017-04-25T10:29:59+08:00,2017-04-25T10:37:39+08:00,S119,Nicoll Highway,S119,103.8666,1.30105,2017-04-25T10:37:39+08:00,0.0,TB1 Rainfall 5 Minute Total F,mm
2017-04-25,2017-04-25T10:29:59+08:00,2017-04-25T10:37:39+08:00,S120,Holland Road,S120,103.818,1.30874,2017-04-25T10:37:39+08:00,0.0,TB1 Rainfall 5 Minute Total F,mm
2017-04-25,2017-04-25T10:29:59+08:00,2017-04-25T10:37:39+08:00,S122,Sembawang Road,S122,103.8249,1.41731,2017-04-25T10:37:39+08:00,0.0,TB1 Rainfall 5 Minute Total F,mm
2017-04-25,2017-04-25T10:29:59+08:00,2017-04-25T10:37:39+08:00,S123,Towner Road,S123,103.8577,1.3214,2017-04-25T10:37:39+08:00,0.0,TB1 Rainfall 5 Minute Total F,mm
2017-04-25,2017-04-25T10:29:59+08:00,2017-04-25T10:37:39+08:00,S24,Upper Changi Road North,S24,103.9826,1.3678,2017-04-25T10:37:39+08:00,0.0,TB1 Rainfall 5 Minute Total F,mm
2017-04-25,2017-04-25T10:29:59+08:00,2017-04-25T10:37:39+08:00,S29,Pasir Ris Drive 12,S29,103.935,1.387,2017-04-25T10:37:39+08:00,0.0,TB1 Rainfall 5 Minute Total F,mm
2017-04-25,2017-04-25T10:29:59+08:00,2017-04-25T10:37:39+08:00,S33,Jurong Pier Road,S33,103.71,1.3081,2017-04-25T10:37:39+08:00,0.0,TB1 Rainfall 5 Minute Total F,mm
2017-04-25,2017-04-25T10:29:59+08:00,2017-04-25T10:37:39+08:00,S35,Old Toh Tuck Road,S35,103.7556,1.3329,2017-04-25T10:37:39+08:00,0.0,TB1 Rainfall 5 Minute Total F,mm
2017-04-25,2017-04-25T10:29:59+08:00,2017-04-25T10:37:39+08:00,S43,Kim Chuan Road,S43,103.8878,1.3399,2017-04-25T10:37:39+08:00,0.0,TB1 Rainfall 5 Minute Total F,mm
2017-04-25,2017-04-25T10:29:59+08:00,2017-04-25T10:37:39+08:00,S46,Sime Road,S46,103.8106,1.3416,2017-04-25T10:37:39+08:00,0.0,TB1 Rainfall 5 Minute Total F,mm
2017-04-25,2017-04-25T10:29:59+08:00,2017-04-25T10:37:39+08:00,S50,Clementi Road,S50,103.7768,1.3337,2017-04-25T10:37:39+08:00,0.0,TB1 Rainfall 5 Minute Total F,mm
2017-04-25,2017-04-25T10:29:59+08:00,2017-04-25T10:37:39+08:00,S55,Buangkok Green,S55,103.886,1.3837,2017-04-25T10:37:39+08:00,0.0,TB1 Rainfall 5 Minute Total F,mm
2017-04-25,2017-04-25T10:29:59+08:00,2017-04-25T10:37:39+08:00,S61,Chai Chee Street,S61,103.9217,1.323,2017-04-25T10:37:39+08:00,0.0,TB1 Rainfall 5 Minute Total F,mm
2017-04-25,2017-04-25T10:29:59+08:00,2017-04-25T10:37:39+08:00,S63,International Road,S63,103.7042,1.3275,2017-04-25T10:37:39+08:00,0.0,TB1 Rainfall 5 Minute Total F,mm
2017-04-25,2017-04-25T10:29:59+08:00,2017-04-25T10:37:39+08:00,S64,Bukit Panjang Road,S64,103.7603,1.3824,2017-04-25T10:37:39+08:00,0.0,TB1 Rainfall 5 Minute Total F,mm
2017-04-25,2017-04-25T10:29:59+08:00,2017-04-25T10:37:39+08:00,S66,Kranji Way,S66,103.7363,1.4387,2017-04-25T10:37:39+08:00,0.0,TB1 Rainfall 5 Minute Total F,mm
2017-04-25,2017-04-25T10:29:59+08:00,2017-04-25T10:37:39+08:00,S71,Kent Ridge Road,S71,103.7815,1.2923,2017-04-25T10:37:39+08:00,0.0,TB1 Rainfall 5 Minute Total F,mm
2017-04-25,2017-04-25T10:29:59+08:00,2017-04-25T10:37:39+08:00,S77,Alexandra Road,S77,103.8125,1.2937,2017-04-25T10:37:39+08:00,0.0,TB1 Rainfall 5 Minute Total F,mm
2017-04-25,2017-04-25T10:29:59+08:00,2017-04-25T10:37:39+08:00,S78,Poole Road,S78,103.89067,1.30703,2017-04-25T10:37:39+08:00,0.0,TB1 Rainfall 5 Minute Total F,mm
2017-04-25,2017-04-25T10:29:59+08:00,2017-04-25T10:37:39+08:00,S79,Somerset Road,S79,103.8372,1.3004,2017-04-25T10:37:39+08:00,0.0,TB1 Rainfall 5 Minute Total F,mm
2017-04-25,2017-04-25T10:29:59+08:00,2017-04-25T10:37:39+08:00,S81,Punggol Central,S81,103.9092,1.4029,2017-04-25T10:37:39+08:00,0.0,TB1 Rainfall 5 Minute Total F,mm
2017-04-25,2017-04-25T10:29:59+08:00,2017-04-25T10:37:39+08:00,S84,Simei Avenue,S84,103.9444,1.3437,2017-04-25T10:37:39+08:00,0.0,TB1 Rainfall 5 Minute Total F,mm
2017-04-25,2017-04-25T10:29:59+08:00,2017-04-25T10:37:39+08:00,S88,Toa Payoh North,S88,103.8482,1.3427,2017-04-25T10:37:39+08:00,0.0,TB1 Rainfall 5 Minute Total F,mm
2017-04-25,2017-04-25T10:29:59+08:00,2017-04-25T10:37:39+08:00,S89,Tuas Road,S89,103.66162,1.31985,2017-04-25T10:37:39+08:00,0.0,TB1 Rainfall 5 Minute Total F,mm
2017-04-25,2017-04-25T10:29:59+08:00,2017-04-25T10:37:39+08:00,S900,Seletar Aerospace View,S900,103.86922,1.41284,2017-04-25T10:37:39+08:00,0.0,TB1 Rainfall 5 Minute Total F,mm
2017-04-25,2017-04-25T10:29:59+08:00,2017-04-25T10:37:39+08:00,S92,South Buona Vista Road,S92,103.7886,1.2841,2017-04-25T10:37:39+08:00,0.0,TB1 Rainfall 5 Minute Total F,mm
2017-04-25,2017-04-25T10:29:59+08:00,2017-04-25T10:37:39+08:00,S94,Pasir Ris Street 51,S94,103.9528,1.3662,2017-04-25T10:37:39+08:00,0.0,TB1 Rainfall 5 Minute Total F,mm
2017-04-25,2017-04-25T10:34:59+08:00,2017-04-25T10:42:38+08:00,S07,Lornie Road,S07,103.8334,1.3415,2017-04-25T10:42:38+08:00,0.0,TB1 Rainfall 5 Minute Total F,mm
2017-04-25,2017-04-25T10:34:59+08:00,2017-04-25T10:42:38+08:00,S08,Upper Thomson Road,S08,103.8271,1.3701,2017-04-25T10:42:38+08:00,0.0,TB1 Rainfall 5 Minute Total F,mm
2017-04-25,2017-04-25T10:34:59+08:00,2017-04-25T10:42:38+08:00,S100,Woodlands Road,S100,103.74855,1.4172,2017-04-25T10:42:38+08:00,0.0,TB1 Rainfall 5 Minute Total F,mm
2017-04-25,2017-04-25T10:34:59+08:00,2017-04-25T10:42:38+08:00,S101,Corporation Road,S101,103.7134,1.35053,2017-04-25T10:42:38+08:00,0.0,TB1 Rainfall 5 Minute Total F,mm
2017-04-25,2017-04-25T10:34:59+08:00,2017-04-25T10:42:38+08:00,S102,Semakau Landfill,S102,103.768,1.189,2017-04-25T10:42:38+08:00,0.0,TB1 Rainfall 5 Minute Total F,mm
2017-04-25,2017-04-25T10:34:59+08:00,2017-04-25T10:42:38+08:00,S104,Woodlands Avenue 9,S104,103.78538,1.44387,2017-04-25T10:42:38+08:00,0.0,TB1 Rainfall 5 Minute Total F,mm
2017-04-25,2017-04-25T10:34:59+08:00,2017-04-25T10:42:38+08:00,S106,Pulau Ubin,S106,103.9673,1.4168,2017-04-25T10:42:38+08:00,0.0,TB1 Rainfall 5 Minute Total F,mm
2017-04-25,2017-04-25T10:34:59+08:00,2017-04-25T10:42:38+08:00,S108,Marina Gardens Drive,S108,103.8703,1.2799,2017-04-25T10:42:38+08:00,0.0,TB1 Rainfall 5 Minute Total F,mm
2017-04-25,2017-04-25T10:34:59+08:00,2017-04-25T10:42:38+08:00,S109,Ang Mo Kio Avenue 5,S109,103.8492,1.3764,2017-04-25T10:42:38+08:00,0.0,TB1 Rainfall 5 Minute Total F,mm
2017-04-25,2017-04-25T10:34:59+08:00,2017-04-25T10:42:38+08:00,S11,Choa Chu Kang Road,S11,103.6938,1.3746,2017-04-25T10:42:38+08:00,0.0,TB1 Rainfall 5 Minute Total F,mm
2017-04-25,2017-04-25T10:34:59+08:00,2017-04-25T10:42:38+08:00,S112,Lim Chu Kang Road,S112,103.70131,1.43854,2017-04-25T10:42:38+08:00,0.0,TB1 Rainfall 5 Minute Total F,mm
2017-04-25,2017-04-25T10:34:59+08:00,2017-04-25T10:42:38+08:00,S113,Marine Parade Road,S113,103.91074,1.30655,2017-04-25T10:42:38+08:00,0.0,TB1 Rainfall 5 Minute Total F,mm
2017-04-25,2017-04-25T10:34:59+08:00,2017-04-25T10:42:38+08:00,S114,Choa Chu Kang Avenue 4,S114,103.73,1.38,2017-04-25T10:42:38+08:00,0.0,TB1 Rainfall 5 Minute Total F,mm
2017-04-25,2017-04-25T10:34:59+08:00,2017-04-25T10:42:38+08:00,S115,Tuas South Avenue 3,S115,103.61843,1.29377,2017-04-25T10:42:38+08:00,0.0,TB1 Rainfall 5 Minute Total F,mm
2017-04-25,2017-04-25T10:34:59+08:00,2017-04-25T10:42:38+08:00,S116,West Coast Highway,S116,103.754,1.281,2017-04-25T10:42:38+08:00,0.0,TB1 Rainfall 5 Minute Total F,mm
2017-04-25,2017-04-25T10:34:59+08:00,2017-04-25T10:42:38+08:00,S117,Banyan Road,S117,103.679,1.256,2017-04-25T10:42:38+08:00,0.0,TB1 Rainfall 5 Minute Total F,mm
2017-04-25,2017-04-25T10:34:59+08:00,2017-04-25T10:42:38+08:00,S119,Nicoll Highway,S119,103.8666,1.30105,2017-04-25T10:42:38+08:00,0.0,TB1 Rainfall 5 Minute Total F,mm
2017-04-25,2017-04-25T10:34:59+08:00,2017-04-25T10:42:38+08:00,S120,Holland Road,S120,103.818,1.30874,2017-04-25T10:42:38+08:00,0.0,TB1 Rainfall 5 Minute Total F,mm
2017-04-25,2017-04-25T10:34:59+08:00,2017-04-25T10:42:38+08:00,S122,Sembawang Road,S122,103.8249,1.41731,2017-04-25T10:42:38+08:00,0.0,TB1 Rainfall 5 Minute Total F,mm
2017-04-25,2017-04-25T10:34:59+08:00,2017-04-25T10:42:38+08:00,S123,Towner Road,S123,103.8577,1.3214,2017-04-25T10:42:38+08:00,0.0,TB1 Rainfall 5 Minute Total F,mm
2017-04-25,2017-04-25T10:34:59+08:00,2017-04-25T10:42:38+08:00,S24,Upper Changi Road North,S24,103.9826,1.3678,2017-04-25T10:42:38+08:00,0.0,TB1 Rainfall 5 Minute Total F,mm
2017-04-25,2017-04-25T10:34:59+08:00,2017-04-25T10:42:38+08:00,S29,Pasir Ris Drive 12,S29,103.935,1.387,2017-04-25T10:42:38+08:00,0.0,TB1 Rainfall 5 Minute Total F,mm
2017-04-25,2017-04-25T10:34:59+08:00,2017-04-25T10:42:38+08:00,S33,Jurong Pier Road,S33,103.71,1.3081,2017-04-25T10:42:38+08:00,0.0,TB1 Rainfall 5 Minute Total F,mm
2017-04-25,2017-04-25T10:34:59+08:00,2017-04-25T10:42:38+08:00,S35,Old Toh Tuck Road,S35,103.7556,1.3329,2017-04-25T10:42:38+08:00,0.0,TB1 Rainfall 5 Minute Total F,mm
2017-04-25,2017-04-25T10:34:59+08:00,2017-04-25T10:42:38+08:00,S43,Kim Chuan Road,S43,103.8878,1.3399,2017-04-25T10:42:38+08:00,0.0,TB1 Rainfall 5 Minute Total F,mm
2017-04-25,2017-04-25T10:34:59+08:00,2017-04-25T10:42:38+08:00,S46,Sime Road,S46,103.8106,1.3416,2017-04-25T10:42:38+08:00,0.0,TB1 Rainfall 5 Minute Total F,mm
2017-04-25,2017-04-25T10:34:59+08:00,2017-04-25T10:42:38+08:00,S50,Clementi Road,S50,103.7768,1.3337,2017-04-25T10:42:38+08:00,0.0,TB1 Rainfall 5 Minute Total F,mm
2017-04-25,2017-04-25T10:34:59+08:00,2017-04-25T10:42:38+08:00,S55,Buangkok Green,S55,103.886,1.3837,2017-04-25T10:42:38+08:00,0.0,TB1 Rainfall 5 Minute Total F,mm
2017-04-25,2017-04-25T10:34:59+08:00,2017-04-25T10:42:38+08:00,S61,Chai Chee Street,S61,103.9217,1.323,2017-04-25T10:42:38+08:00,0.0,TB1 Rainfall 5 Minute Total F,mm
2017-04-25,2017-04-25T10:34:59+08:00,2017-04-25T10:42:38+08:00,S63,International Road,S63,103.7042,1.3275,2017-04-25T10:42:38+08:00,0.0,TB1 Rainfall 5 Minute Total F,mm
2017-04-25,2017-04-25T10:34:59+08:00,2017-04-25T10:42:38+08:00,S64,Bukit Panjang Road,S64,103.7603,1.3824,2017-04-25T10:42:38+08:00,0.0,TB1 Rainfall 5 Minute Total F,mm
2017-04-25,2017-04-25T10:34:59+08:00,2017-04-25T10:42:38+08:00,S66,Kranji Way,S66,103.7363,1.4387,2017-04-25T10:42:38+08:00,0.0,TB1 Rainfall 5 Minute Total F,mm
2017-04-25,2017-04-25T10:34:59+08:00,2017-04-25T10:42:38+08:00,S71,Kent Ridge Road,S71,103.7815,1.2923,2017-04-25T10:42:38+08:00,0.0,TB1 Rainfall 5 Minute Total F,mm
2017-04-25,2017-04-25T10:34:59+08:00,2017-04-25T10:42:38+08:00,S77,Alexandra Road,S77,103.8125,1.2937,2017-04-25T10:42:38+08:00,0.0,TB1 Rainfall 5 Minute Total F,mm
2017-04-25,2017-04-25T10:34:59+08:00,2017-04-25T10:42:38+08:00,S78,Poole Road,S78,103.89067,1.30703,2017-04-25T10:42:38+08:00,0.0,TB1 Rainfall 5 Minute Total F,mm
2017-04-25,2017-04-25T10:34:59+08:00,2017-04-25T10:42:38+08:00,S79,Somerset Road,S79,103.8372,1.3004,2017-04-25T10:42:38+08:00,0.0,TB1 Rainfall 5 Minute Total F,mm
2017-04-25,2017-04-25T10:34:59+08:00,2017-04-25T10:42:38+08:00,S81,Punggol Central,S81,103.9092,1.4029,2017-04-25T10:42:38+08:00,0.0,TB1 Rainfall 5 Minute Total F,mm
2017-04-25,2017-04-25T10:34:59+08:00,2017-04-25T10:42:38+08:00,S84,Simei Avenue,S84,103.9444,1.3437,2017-04-25T10:42:38+08:00,0.0,TB1 Rainfall 5 Minute Total F,mm
2017-04-25,2017-04-25T10:34:59+08:00,2017-04-25T10:42:38+08:00,S88,Toa Payoh North,S88,103.8482,1.3427,2017-04-25T10:42:38+08:00,0.0,TB1 Rainfall 5 Minute Total F,mm
2017-04-25,2017-04-25T10:34:59+08:00,2017-04-25T10:42:38+08:00,S89,Tuas Road,S89,103.66162,1.31985,2017-04-25T10:42:38+08:00,0.0,TB1 Rainfall 5 Minute Total F,mm
2017-04-25,2017-04-25T10:34:59+08:00,2017-04-25T10:42:38+08:00,S900,Seletar Aerospace View,S900,103.86922,1.41284,2017-04-25T10:42:38+08:00,0.0,TB1 Rainfall 5 Minute Total F,mm
2017-04-25,2017-04-25T10:34:59+08:00,2017-04-25T10:42:38+08:00,S92,South Buona Vista Road,S92,103.7886,1.2841,2017-04-25T10:42:38+08:00,0.0,TB1 Rainfall 5 Minute Total F,mm
2017-04-25,2017-04-25T10:34:59+08:00,2017-04-25T10:42:38+08:00,S94,Pasir Ris Street 51,S94,103.9528,1.3662,2017-04-25T10:42:38+08:00,0.0,TB1 Rainfall 5 Minute Total F,mm
2017-04-25,2017-04-25T10:39:59+08:00,2017-04-25T10:47:54+08:00,S07,Lornie Road,S07,103.8334,1.3415,2017-04-25T10:47:54+08:00,0.0,TB1 Rainfall 5 Minute Total F,mm
2017-04-25,2017-04-25T10:39:59+08:00,2017-04-25T10:47:54+08:00,S08,Upper Thomson Road,S08,103.8271,1.3701,2017-04-25T10:47:54+08:00,0.0,TB1 Rainfall 5 Minute Total F,mm
2017-04-25,2017-04-25T10:39:59+08:00,2017-04-25T10:47:54+08:00,S100,Woodlands Road,S100,103.74855,1.4172,2017-04-25T10:47:54+08:00,0.0,TB1 Rainfall 5 Minute Total F,mm
2017-04-25,2017-04-25T10:39:59+08:00,2017-04-25T10:47:54+08:00,S101,Corporation Road,S101,103.7134,1.35053,2017-04-25T10:47:54+08:00,0.0,TB1 Rainfall 5 Minute Total F,mm
2017-04-25,2017-04-25T10:39:59+08:00,2017-04-25T10:47:54+08:00,S102,Semakau Landfill,S102,103.768,1.189,2017-04-25T10:47:54+08:00,0.0,TB1 Rainfall 5 Minute Total F,mm
2017-04-25,2017-04-25T10:39:59+08:00,2017-04-25T10:47:54+08:00,S104,Woodlands Avenue 9,S104,103.78538,1.44387,2017-04-25T10:47:54+08:00,0.0,TB1 Rainfall 5 Minute Total F,mm
2017-04-25,2017-04-25T10:39:59+08:00,2017-04-25T10:47:54+08:00,S106,Pulau Ubin,S106,103.9673,1.4168,2017-04-25T10:47:54+08:00,0.0,TB1 Rainfall 5 Minute Total F,mm
2017-04-25,2017-04-25T10:39:59+08:00,2017-04-25T10:47:54+08:00,S108,Marina Gardens Drive,S108,103.8703,1.2799,2017-04-25T10:47:54+08:00,0.0,TB1 Rainfall 5 Minute Total F,mm
2017-04-25,2017-04-25T10:39:59+08:00,2017-04-25T10:47:54+08:00,S109,Ang Mo Kio Avenue 5,S109,103.8492,1.3764,2017-04-25T10:47:54+08:00,0.0,TB1 Rainfall 5 Minute Total F,mm
2017-04-25,2017-04-25T10:39:59+08:00,2017-04-25T10:47:54+08:00,S11,Choa Chu Kang Road,S11,103.6938,1.3746,2017-04-25T10:47:54+08:00,0.0,TB1 Rainfall 5 Minute Total F,mm
2017-04-25,2017-04-25T10:39:59+08:00,2017-04-25T10:47:54+08:00,S112,Lim Chu Kang Road,S112,103.70131,1.43854,2017-04-25T10:47:54+08:00,0.0,TB1 Rainfall 5 Minute Total F,mm
2017-04-25,2017-04-25T10:39:59+08:00,2017-04-25T10:47:54+08:00,S113,Marine Parade Road,S113,103.91074,1.30655,2017-04-25T10:47:54+08:00,0.0,TB1 Rainfall 5 Minute Total F,mm
2017-04-25,2017-04-25T10:39:59+08:00,2017-04-25T10:47:54+08:00,S114,Choa Chu Kang Avenue 4,S114,103.73,1.38,2017-04-25T10:47:54+08:00,0.0,TB1 Rainfall 5 Minute Total F,mm
2017-04-25,2017-04-25T10:39:59+08:00,2017-04-25T10:47:54+08:00,S115,Tuas South Avenue 3,S115,103.61843,1.29377,2017-04-25T10:47:54+08:00,0.0,TB1 Rainfall 5 Minute Total F,mm
2017-04-25,2017-04-25T10:39:59+08:00,2017-04-25T10:47:54+08:00,S116,West Coast Highway,S116,103.754,1.281,2017-04-25T10:47:54+08:00,0.0,TB1 Rainfall 5 Minute Total F,mm
2017-04-25,2017-04-25T10:39:59+08:00,2017-04-25T10:47:54+08:00,S117,Banyan Road,S117,103.679,1.256,2017-04-25T10:47:54+08:00,0.0,TB1 Rainfall 5 Minute Total F,mm
2017-04-25,2017-04-25T10:39:59+08:00,2017-04-25T10:47:54+08:00,S119,Nicoll Highway,S119,103.8666,1.30105,2017-04-25T10:47:54+08:00,0.0,TB1 Rainfall 5 Minute Total F,mm
2017-04-25,2017-04-25T10:39:59+08:00,2017-04-25T10:47:54+08:00,S120,Holland Road,S120,103.818,1.30874,2017-04-25T10:47:54+08:00,0.0,TB1 Rainfall 5 Minute Total F,mm
2017-04-25,2017-04-25T10:39:59+08:00,2017-04-25T10:47:54+08:00,S122,Sembawang Road,S122,103.8249,1.41731,2017-04-25T10:47:54+08:00,0.0,TB1 Rainfall 5 Minute Total F,mm
2017-04-25,2017-04-25T10:39:59+08:00,2017-04-25T10:47:54+08:00,S123,Towner Road,S123,103.8577,1.3214,2017-04-25T10:47:54+08:00,0.0,TB1 Rainfall 5 Minute Total F,mm
2017-04-25,2017-04-25T10:39:59+08:00,2017-04-25T10:47:54+08:00,S24,Upper Changi Road North,S24,103.9826,1.3678,2017-04-25T10:47:54+08:00,0.0,TB1 Rainfall 5 Minute Total F,mm
2017-04-25,2017-04-25T10:39:59+08:00,2017-04-25T10:47:54+08:00,S29,Pasir Ris Drive 12,S29,103.935,1.387,2017-04-25T10:47:54+08:00,0.0,TB1 Rainfall 5 Minute Total F,mm
2017-04-25,2017-04-25T10:39:59+08:00,2017-04-25T10:47:54+08:00,S33,Jurong Pier Road,S33,103.71,1.3081,2017-04-25T10:47:54+08:00,0.0,TB1 Rainfall 5 Minute Total F,mm
2017-04-25,2017-04-25T10:39:59+08:00,2017-04-25T10:47:54+08:00,S35,Old Toh Tuck Road,S35,103.7556,1.3329,2017-04-25T10:47:54+08:00,0.0,TB1 Rainfall 5 Minute Total F,mm
2017-04-25,2017-04-25T10:39:59+08:00,2017-04-25T10:47:54+08:00,S43,Kim Chuan Road,S43,103.8878,1.3399,2017-04-25T10:47:54+08:00,0.0,TB1 Rainfall 5 Minute Total F,mm
2017-04-25,2017-04-25T10:39:59+08:00,2017-04-25T10:47:54+08:00,S46,Sime Road,S46,103.8106,1.3416,2017-04-25T10:47:54+08:00,0.0,TB1 Rainfall 5 Minute Total F,mm
2017-04-25,2017-04-25T10:39:59+08:00,2017-04-25T10:47:54+08:00,S50,Clementi Road,S50,103.7768,1.3337,2017-04-25T10:47:54+08:00,0.0,TB1 Rainfall 5 Minute Total F,mm
2017-04-25,2017-04-25T10:39:59+08:00,2017-04-25T10:47:54+08:00,S55,Buangkok Green,S55,103.886,1.3837,2017-04-25T10:47:54+08:00,0.0,TB1 Rainfall 5 Minute Total F,mm
2017-04-25,2017-04-25T10:39:59+08:00,2017-04-25T10:47:54+08:00,S61,Chai Chee Street,S61,103.9217,1.323,2017-04-25T10:47:54+08:00,0.0,TB1 Rainfall 5 Minute Total F,mm
2017-04-25,2017-04-25T10:39:59+08:00,2017-04-25T10:47:54+08:00,S63,International Road,S63,103.7042,1.3275,2017-04-25T10:47:54+08:00,0.0,TB1 Rainfall 5 Minute Total F,mm
2017-04-25,2017-04-25T10:39:59+08:00,2017-04-25T10:47:54+08:00,S64,Bukit Panjang Road,S64,103.7603,1.3824,2017-04-25T10:47:54+08:00,0.0,TB1 Rainfall 5 Minute Total F,mm
2017-04-25,2017-04-25T10:39:59+08:00,2017-04-25T10:47:54+08:00,S66,Kranji Way,S66,103.7363,1.4387,2017-04-25T10:47:54+08:00,0.0,TB1 Rainfall 5 Minute Total F,mm
2017-04-25,2017-04-25T10:39:59+08:00,2017-04-25T10:47:54+08:00,S71,Kent Ridge Road,S71,103.7815,1.2923,2017-04-25T10:47:54+08:00,0.0,TB1 Rainfall 5 Minute Total F,mm
2017-04-25,2017-04-25T10:39:59+08:00,2017-04-25T10:47:54+08:00,S77,Alexandra Road,S77,103.8125,1.2937,2017-04-25T10:47:54+08:00,0.0,TB1 Rainfall 5 Minute Total F,mm
2017-04-25,2017-04-25T10:39:59+08:00,2017-04-25T10:47:54+08:00,S78,Poole Road,S78,103.89067,1.30703,2017-04-25T10:47:54+08:00,0.0,TB1 Rainfall 5 Minute Total F,mm
2017-04-25,2017-04-25T10:39:59+08:00,2017-04-25T10:47:54+08:00,S79,Somerset Road,S79,103.8372,1.3004,2017-04-25T10:47:54+08:00,0.0,TB1 Rainfall 5 Minute Total F,mm
2017-04-25,2017-04-25T10:39:59+08:00,2017-04-25T10:47:54+08:00,S81,Punggol Central,S81,103.9092,1.4029,2017-04-25T10:47:54+08:00,0.0,TB1 Rainfall 5 Minute Total F,mm
2017-04-25,2017-04-25T10:39:59+08:00,2017-04-25T10:47:54+08:00,S84,Simei Avenue,S84,103.9444,1.3437,2017-04-25T10:47:54+08:00,0.0,TB1 Rainfall 5 Minute Total F,mm
2017-04-25,2017-04-25T10:39:59+08:00,2017-04-25T10:47:54+08:00,S88,Toa Payoh North,S88,103.8482,1.3427,2017-04-25T10:47:54+08:00,0.0,TB1 Rainfall 5 Minute Total F,mm
2017-04-25,2017-04-25T10:39:59+08:00,2017-04-25T10:47:54+08:00,S89,Tuas Road,S89,103.66162,1.31985,2017-04-25T10:47:54+08:00,0.0,TB1 Rainfall 5 Minute Total F,mm
2017-04-25,2017-04-25T10:39:59+08:00,2017-04-25T10:47:54+08:00,S900,Seletar Aerospace View,S900,103.86922,1.41284,2017-04-25T10:47:54+08:00,0.0,TB1 Rainfall 5 Minute Total F,mm
2017-04-25,2017-04-25T10:39:59+08:00,2017-04-25T10:47:54+08:00,S92,South Buona Vista Road,S92,103.7886,1.2841,2017-04-25T10:47:54+08:00,0.0,TB1 Rainfall 5 Minute Total F,mm
2017-04-25,2017-04-25T10:39:59+08:00,2017-04-25T10:47:54+08:00,S94,Pasir Ris Street 51,S94,103.9528,1.3662,2017-04-25T10:47:54+08:00,0.0,TB1 Rainfall 5 Minute Total F,mm
2017-04-25,2017-04-25T10:44:59+08:00,2017-04-25T10:52:45+08:00,S07,Lornie Road,S07,103.8334,1.3415,2017-04-25T10:52:45+08:00,0.0,TB1 Rainfall 5 Minute Total F,mm
2017-04-25,2017-04-25T10:44:59+08:00,2017-04-25T10:52:45+08:00,S08,Upper Thomson Road,S08,103.8271,1.3701,2017-04-25T10:52:45+08:00,0.0,TB1 Rainfall 5 Minute Total F,mm
2017-04-25,2017-04-25T10:44:59+08:00,2017-04-25T10:52:45+08:00,S100,Woodlands Road,S100,103.74855,1.4172,2017-04-25T10:52:45+08:00,0.0,TB1 Rainfall 5 Minute Total F,mm
2017-04-25,2017-04-25T10:44:59+08:00,2017-04-25T10:52:45+08:00,S101,Corporation Road,S101,103.7134,1.35053,2017-04-25T10:52:45+08:00,0.0,TB1 Rainfall 5 Minute Total F,mm
2017-04-25,2017-04-25T10:44:59+08:00,2017-04-25T10:52:45+08:00,S102,Semakau Landfill,S102,103.768,1.189,2017-04-25T10:52:45+08:00,0.0,TB1 Rainfall 5 Minute Total F,mm
2017-04-25,2017-04-25T10:44:59+08:00,2017-04-25T10:52:45+08:00,S104,Woodlands Avenue 9,S104,103.78538,1.44387,2017-04-25T10:52:45+08:00,0.0,TB1 Rainfall 5 Minute Total F,mm
2017-04-25,2017-04-25T10:44:59+08:00,2017-04-25T10:52:45+08:00,S106,Pulau Ubin,S106,103.9673,1.4168,2017-04-25T10:52:45+08:00,0.0,TB1 Rainfall 5 Minute Total F,mm
2017-04-25,2017-04-25T10:44:59+08:00,2017-04-25T10:52:45+08:00,S108,Marina Gardens Drive,S108,103.8703,1.2799,2017-04-25T10:52:45+08:00,0.0,TB1 Rainfall 5 Minute Total F,mm
2017-04-25,2017-04-25T10:44:59+08:00,2017-04-25T10:52:45+08:00,S109,Ang Mo Kio Avenue 5,S109,103.8492,1.3764,2017-04-25T10:52:45+08:00,0.0,TB1 Rainfall 5 Minute Total F,mm
2017-04-25,2017-04-25T10:44:59+08:00,2017-04-25T10:52:45+08:00,S11,Choa Chu Kang Road,S11,103.6938,1.3746,2017-04-25T10:52:45+08:00,0.0,TB1 Rainfall 5 Minute Total F,mm
2017-04-25,2017-04-25T10:44:59+08:00,2017-04-25T10:52:45+08:00,S112,Lim Chu Kang Road,S112,103.70131,1.43854,2017-04-25T10:52:45+08:00,0.0,TB1 Rainfall 5 Minute Total F,mm
2017-04-25,2017-04-25T10:44:59+08:00,2017-04-25T10:52:45+08:00,S113,Marine Parade Road,S113,103.91074,1.30655,2017-04-25T10:52:45+08:00,0.0,TB1 Rainfall 5 Minute Total F,mm
2017-04-25,2017-04-25T10:44:59+08:00,2017-04-25T10:52:45+08:00,S114,Choa Chu Kang Avenue 4,S114,103.73,1.38,2017-04-25T10:52:45+08:00,0.0,TB1 Rainfall 5 Minute Total F,mm
2017-04-25,2017-04-25T10:44:59+08:00,2017-04-25T10:52:45+08:00,S115,Tuas South Avenue 3,S115,103.61843,1.29377,2017-04-25T10:52:45+08:00,0.0,TB1 Rainfall 5 Minute Total F,mm
2017-04-25,2017-04-25T10:44:59+08:00,2017-04-25T10:52:45+08:00,S116,West Coast Highway,S116,103.754,1.281,2017-04-25T10:52:45+08:00,0.0,TB1 Rainfall 5 Minute Total F,mm
2017-04-25,2017-04-25T10:44:59+08:00,2017-04-25T10:52:45+08:00,S117,Banyan Road,S117,103.679,1.256,2017-04-25T10:52:45+08:00,0.0,TB1 Rainfall 5 Minute Total F,mm
2017-04-25,2017-04-25T10:44:59+08:00,2017-04-25T10:52:45+08:00,S119,Nicoll Highway,S119,103.8666,1.30105,2017-04-25T10:52:45+08:00,0.0,TB1 Rainfall 5 Minute Total F,mm
2017-04-25,2017-04-25T10:44:59+08:00,2017-04-25T10:52:45+08:00,S120,Holland Road,S120,103.818,1.30874,2017-04-25T10:52:45+08:00,0.0,TB1 Rainfall 5 Minute Total F,mm
2017-04-25,2017-04-25T10:44:59+08:00,2017-04-25T10:52:45+08:00,S122,Sembawang Road,S122,103.8249,1.41731,2017-04-25T10:52:45+08:00,0.0,TB1 Rainfall 5 Minute Total F,mm
2017-04-25,2017-04-25T10:44:59+08:00,2017-04-25T10:52:45+08:00,S123,Towner Road,S123,103.8577,1.3214,2017-04-25T10:52:45+08:00,0.0,TB1 Rainfall 5 Minute Total F,mm
2017-04-25,2017-04-25T10:44:59+08:00,2017-04-25T10:52:45+08:00,S24,Upper Changi Road North,S24,103.9826,1.3678,2017-04-25T10:52:45+08:00,0.0,TB1 Rainfall 5 Minute Total F,mm
2017-04-25,2017-04-25T10:44:59+08:00,2017-04-25T10:52:45+08:00,S29,Pasir Ris Drive 12,S29,103.935,1.387,2017-04-25T10:52:45+08:00,0.0,TB1 Rainfall 5 Minute Total F,mm
2017-04-25,2017-04-25T10:44:59+08:00,2017-04-25T10:52:45+08:00,S33,Jurong Pier Road,S33,103.71,1.3081,2017-04-25T10:52:45+08:00,0.0,TB1 Rainfall 5 Minute Total F,mm
2017-04-25,2017-04-25T10:44:59+08:00,2017-04-25T10:52:45+08:00,S35,Old Toh Tuck Road,S35,103.7556,1.3329,2017-04-25T10:52:45+08:00,0.0,TB1 Rainfall 5 Minute Total F,mm
2017-04-25,2017-04-25T10:44:59+08:00,2017-04-25T10:52:45+08:00,S43,Kim Chuan Road,S43,103.8878,1.3399,2017-04-25T10:52:45+08:00,0.0,TB1 Rainfall 5 Minute Total F,mm
2017-04-25,2017-04-25T10:44:59+08:00,2017-04-25T10:52:45+08:00,S46,Sime Road,S46,103.8106,1.3416,2017-04-25T10:52:45+08:00,0.0,TB1 Rainfall 5 Minute Total F,mm
2017-04-25,2017-04-25T10:44:59+08:00,2017-04-25T10:52:45+08:00,S50,Clementi Road,S50,103.7768,1.3337,2017-04-25T10:52:45+08:00,0.0,TB1 Rainfall 5 Minute Total F,mm
2017-04-25,2017-04-25T10:44:59+08:00,2017-04-25T10:52:45+08:00,S55,Buangkok Green,S55,103.886,1.3837,2017-04-25T10:52:45+08:00,0.0,TB1 Rainfall 5 Minute Total F,mm
2017-04-25,2017-04-25T10:44:59+08:00,2017-04-25T10:52:45+08:00,S61,Chai Chee Street,S61,103.9217,1.323,2017-04-25T10:52:45+08:00,0.0,TB1 Rainfall 5 Minute Total F,mm
2017-04-25,2017-04-25T10:44:59+08:00,2017-04-25T10:52:45+08:00,S63,International Road,S63,103.7042,1.3275,2017-04-25T10:52:45+08:00,0.0,TB1 Rainfall 5 Minute Total F,mm
2017-04-25,2017-04-25T10:44:59+08:00,2017-04-25T10:52:45+08:00,S64,Bukit Panjang Road,S64,103.7603,1.3824,2017-04-25T10:52:45+08:00,0.0,TB1 Rainfall 5 Minute Total F,mm
2017-04-25,2017-04-25T10:44:59+08:00,2017-04-25T10:52:45+08:00,S66,Kranji Way,S66,103.7363,1.4387,2017-04-25T10:52:45+08:00,0.0,TB1 Rainfall 5 Minute Total F,mm
2017-04-25,2017-04-25T10:44:59+08:00,2017-04-25T10:52:45+08:00,S71,Kent Ridge Road,S71,103.7815,1.2923,2017-04-25T10:52:45+08:00,0.0,TB1 Rainfall 5 Minute Total F,mm
2017-04-25,2017-04-25T10:44:59+08:00,2017-04-25T10:52:45+08:00,S77,Alexandra Road,S77,103.8125,1.2937,2017-04-25T10:52:45+08:00,0.0,TB1 Rainfall 5 Minute Total F,mm
2017-04-25,2017-04-25T10:44:59+08:00,2017-04-25T10:52:45+08:00,S78,Poole Road,S78,103.89067,1.30703,2017-04-25T10:52:45+08:00,0.0,TB1 Rainfall 5 Minute Total F,mm
2017-04-25,2017-04-25T10:44:59+08:00,2017-04-25T10:52:45+08:00,S79,Somerset Road,S79,103.8372,1.3004,2017-04-25T10:52:45+08:00,0.0,TB1 Rainfall 5 Minute Total F,mm
2017-04-25,2017-04-25T10:44:59+08:00,2017-04-25T10:52:45+08:00,S81,Punggol Central,S81,103.9092,1.4029,2017-04-25T10:52:45+08:00,0.0,TB1 Rainfall 5 Minute Total F,mm
2017-04-25,2017-04-25T10:44:59+08:00,2017-04-25T10:52:45+08:00,S84,Simei Avenue,S84,103.9444,1.3437,2017-04-25T10:52:45+08:00,0.0,TB1 Rainfall 5 Minute Total F,mm
2017-04-25,2017-04-25T10:44:59+08:00,2017-04-25T10:52:45+08:00,S88,Toa Payoh North,S88,103.8482,1.3427,2017-04-25T10:52:45+08:00,0.0,TB1 Rainfall 5 Minute Total F,mm
2017-04-25,2017-04-25T10:44:59+08:00,2017-04-25T10:52:45+08:00,S89,Tuas Road,S89,103.66162,1.31985,2017-04-25T10:52:45+08:00,0.0,TB1 Rainfall 5 Minute Total F,mm
2017-04-25,2017-04-25T10:44:59+08:00,2017-04-25T10:52:45+08:00,S900,Seletar Aerospace View,S900,103.86922,1.41284,2017-04-25T10:52:45+08:00,0.0,TB1 Rainfall 5 Minute Total F,mm
2017-04-25,2017-04-25T10:44:59+08:00,2017-04-25T10:52:45+08:00,S92,South Buona Vista Road,S92,103.7886,1.2841,2017-04-25T10:52:45+08:00,0.0,TB1 Rainfall 5 Minute Total F,mm
2017-04-25,2017-04-25T10:44:59+08:00,2017-04-25T10:52:45+08:00,S94,Pasir Ris Street 51,S94,103.9528,1.3662,2017-04-25T10:52:45+08:00,0.0,TB1 Rainfall 5 Minute Total F,mm
2017-04-25,2017-04-25T10:49:59+08:00,2017-04-25T10:57:38+08:00,S07,Lornie Road,S07,103.8334,1.3415,2017-04-25T10:57:38+08:00,0.0,TB1 Rainfall 5 Minute Total F,mm
2017-04-25,2017-04-25T10:49:59+08:00,2017-04-25T10:57:38+08:00,S08,Upper Thomson Road,S08,103.8271,1.3701,2017-04-25T10:57:38+08:00,0.0,TB1 Rainfall 5 Minute Total F,mm
2017-04-25,2017-04-25T10:49:59+08:00,2017-04-25T10:57:38+08:00,S100,Woodlands Road,S100,103.74855,1.4172,2017-04-25T10:57:38+08:00,0.0,TB1 Rainfall 5 Minute Total F,mm
2017-04-25,2017-04-25T10:49:59+08:00,2017-04-25T10:57:38+08:00,S101,Corporation Road,S101,103.7134,1.35053,2017-04-25T10:57:38+08:00,0.0,TB1 Rainfall 5 Minute Total F,mm
2017-04-25,2017-04-25T10:49:59+08:00,2017-04-25T10:57:38+08:00,S102,Semakau Landfill,S102,103.768,1.189,2017-04-25T10:57:38+08:00,0.0,TB1 Rainfall 5 Minute Total F,mm
2017-04-25,2017-04-25T10:49:59+08:00,2017-04-25T10:57:38+08:00,S104,Woodlands Avenue 9,S104,103.78538,1.44387,2017-04-25T10:57:38+08:00,0.0,TB1 Rainfall 5 Minute Total F,mm
2017-04-25,2017-04-25T10:49:59+08:00,2017-04-25T10:57:38+08:00,S106,Pulau Ubin,S106,103.9673,1.4168,2017-04-25T10:57:38+08:00,0.0,TB1 Rainfall 5 Minute Total F,mm
2017-04-25,2017-04-25T10:49:59+08:00,2017-04-25T10:57:38+08:00,S108,Marina Gardens Drive,S108,103.8703,1.2799,2017-04-25T10:57:38+08:00,0.0,TB1 Rainfall 5 Minute Total F,mm
2017-04-25,2017-04-25T10:49:59+08:00,2017-04-25T10:57:38+08:00,S109,Ang Mo Kio Avenue 5,S109,103.8492,1.3764,2017-04-25T10:57:38+08:00,0.0,TB1 Rainfall 5 Minute Total F,mm
2017-04-25,2017-04-25T10:49:59+08:00,2017-04-25T10:57:38+08:00,S11,Choa Chu Kang Road,S11,103.6938,1.3746,2017-04-25T10:57:38+08:00,0.0,TB1 Rainfall 5 Minute Total F,mm
2017-04-25,2017-04-25T10:49:59+08:00,2017-04-25T10:57:38+08:00,S112,Lim Chu Kang Road,S112,103.70131,1.43854,2017-04-25T10:57:38+08:00,0.0,TB1 Rainfall 5 Minute Total F,mm
2017-04-25,2017-04-25T10:49:59+08:00,2017-04-25T10:57:38+08:00,S113,Marine Parade Road,S113,103.91074,1.30655,2017-04-25T10:57:38+08:00,0.0,TB1 Rainfall 5 Minute Total F,mm
2017-04-25,2017-04-25T10:49:59+08:00,2017-04-25T10:57:38+08:00,S114,Choa Chu Kang Avenue 4,S114,103.73,1.38,2017-04-25T10:57:38+08:00,0.0,TB1 Rainfall 5 Minute Total F,mm
2017-04-25,2017-04-25T10:49:59+08:00,2017-04-25T10:57:38+08:00,S115,Tuas South Avenue 3,S115,103.61843,1.29377,2017-04-25T10:57:38+08:00,0.0,TB1 Rainfall 5 Minute Total F,mm
2017-04-25,2017-04-25T10:49:59+08:00,2017-04-25T10:57:38+08:00,S116,West Coast Highway,S116,103.754,1.281,2017-04-25T10:57:38+08:00,0.0,TB1 Rainfall 5 Minute Total F,mm
2017-04-25,2017-04-25T10:49:59+08:00,2017-04-25T10:57:38+08:00,S117,Banyan Road,S117,103.679,1.256,2017-04-25T10:57:38+08:00,0.0,TB1 Rainfall 5 Minute Total F,mm
2017-04-25,2017-04-25T10:49:59+08:00,2017-04-25T10:57:38+08:00,S119,Nicoll Highway,S119,103.8666,1.30105,2017-04-25T10:57:38+08:00,0.0,TB1 Rainfall 5 Minute Total F,mm
2017-04-25,2017-04-25T10:49:59+08:00,2017-04-25T10:57:38+08:00,S120,Holland Road,S120,103.818,1.30874,2017-04-25T10:57:38+08:00,0.0,TB1 Rainfall 5 Minute Total F,mm
2017-04-25,2017-04-25T10:49:59+08:00,2017-04-25T10:57:38+08:00,S122,Sembawang Road,S122,103.8249,1.41731,2017-04-25T10:57:38+08:00,0.0,TB1 Rainfall 5 Minute Total F,mm
2017-04-25,2017-04-25T10:49:59+08:00,2017-04-25T10:57:38+08:00,S123,Towner Road,S123,103.8577,1.3214,2017-04-25T10:57:38+08:00,0.0,TB1 Rainfall 5 Minute Total F,mm
2017-04-25,2017-04-25T10:49:59+08:00,2017-04-25T10:57:38+08:00,S24,Upper Changi Road North,S24,103.9826,1.3678,2017-04-25T10:57:38+08:00,0.0,TB1 Rainfall 5 Minute Total F,mm
2017-04-25,2017-04-25T10:49:59+08:00,2017-04-25T10:57:38+08:00,S29,Pasir Ris Drive 12,S29,103.935,1.387,2017-04-25T10:57:38+08:00,0.0,TB1 Rainfall 5 Minute Total F,mm
2017-04-25,2017-04-25T10:49:59+08:00,2017-04-25T10:57:38+08:00,S33,Jurong Pier Road,S33,103.71,1.3081,2017-04-25T10:57:38+08:00,0.0,TB1 Rainfall 5 Minute Total F,mm
2017-04-25,2017-04-25T10:49:59+08:00,2017-04-25T10:57:38+08:00,S35,Old Toh Tuck Road,S35,103.7556,1.3329,2017-04-25T10:57:38+08:00,0.0,TB1 Rainfall 5 Minute Total F,mm
2017-04-25,2017-04-25T10:49:59+08:00,2017-04-25T10:57:38+08:00,S43,Kim Chuan Road,S43,103.8878,1.3399,2017-04-25T10:57:38+08:00,0.0,TB1 Rainfall 5 Minute Total F,mm
2017-04-25,2017-04-25T10:49:59+08:00,2017-04-25T10:57:38+08:00,S46,Sime Road,S46,103.8106,1.3416,2017-04-25T10:57:38+08:00,0.0,TB1 Rainfall 5 Minute Total F,mm
2017-04-25,2017-04-25T10:49:59+08:00,2017-04-25T10:57:38+08:00,S50,Clementi Road,S50,103.7768,1.3337,2017-04-25T10:57:38+08:00,0.0,TB1 Rainfall 5 Minute Total F,mm
2017-04-25,2017-04-25T10:49:59+08:00,2017-04-25T10:57:38+08:00,S55,Buangkok Green,S55,103.886,1.3837,2017-04-25T10:57:38+08:00,0.0,TB1 Rainfall 5 Minute Total F,mm
2017-04-25,2017-04-25T10:49:59+08:00,2017-04-25T10:57:38+08:00,S61,Chai Chee Street,S61,103.9217,1.323,2017-04-25T10:57:38+08:00,0.0,TB1 Rainfall 5 Minute Total F,mm
2017-04-25,2017-04-25T10:49:59+08:00,2017-04-25T10:57:38+08:00,S63,International Road,S63,103.7042,1.3275,2017-04-25T10:57:38+08:00,0.0,TB1 Rainfall 5 Minute Total F,mm
2017-04-25,2017-04-25T10:49:59+08:00,2017-04-25T10:57:38+08:00,S64,Bukit Panjang Road,S64,103.7603,1.3824,2017-04-25T10:57:38+08:00,0.0,TB1 Rainfall 5 Minute Total F,mm
2017-04-25,2017-04-25T10:49:59+08:00,2017-04-25T10:57:38+08:00,S66,Kranji Way,S66,103.7363,1.4387,2017-04-25T10:57:38+08:00,0.0,TB1 Rainfall 5 Minute Total F,mm
2017-04-25,2017-04-25T10:49:59+08:00,2017-04-25T10:57:38+08:00,S71,Kent Ridge Road,S71,103.7815,1.2923,2017-04-25T10:57:38+08:00,0.0,TB1 Rainfall 5 Minute Total F,mm
2017-04-25,2017-04-25T10:49:59+08:00,2017-04-25T10:57:38+08:00,S77,Alexandra Road,S77,103.8125,1.2937,2017-04-25T10:57:38+08:00,0.0,TB1 Rainfall 5 Minute Total F,mm
2017-04-25,2017-04-25T10:49:59+08:00,2017-04-25T10:57:38+08:00,S78,Poole Road,S78,103.89067,1.30703,2017-04-25T10:57:38+08:00,0.0,TB1 Rainfall 5 Minute Total F,mm
2017-04-25,2017-04-25T10:49:59+08:00,2017-04-25T10:57:38+08:00,S79,Somerset Road,S79,103.8372,1.3004,2017-04-25T10:57:38+08:00,0.0,TB1 Rainfall 5 Minute Total F,mm
2017-04-25,2017-04-25T10:49:59+08:00,2017-04-25T10:57:38+08:00,S81,Punggol Central,S81,103.9092,1.4029,2017-04-25T10:57:38+08:00,0.0,TB1 Rainfall 5 Minute Total F,mm
2017-04-25,2017-04-25T10:49:59+08:00,2017-04-25T10:57:38+08:00,S84,Simei Avenue,S84,103.9444,1.3437,2017-04-25T10:57:38+08:00,0.0,TB1 Rainfall 5 Minute Total F,mm
2017-04-25,2017-04-25T10:49:59+08:00,2017-04-25T10:57:38+08:00,S88,Toa Payoh North,S88,103.8482,1.3427,2017-04-25T10:57:38+08:00,0.0,TB1 Rainfall 5 Minute Total F,mm
2017-04-25,2017-04-25T10:49:59+08:00,2017-04-25T10:57:38+08:00,S89,Tuas Road,S89,103.66162,1.31985,2017-04-25T10:57:38+08:00,0.0,TB1 Rainfall 5 Minute Total F,mm
2017-04-25,2017-04-25T10:49:59+08:00,2017-04-25T10:57:38+08:00,S900,Seletar Aerospace View,S900,103.86922,1.41284,2017-04-25T10:57:38+08:00,0.0,TB1 Rainfall 5 Minute Total F,mm
2017-04-25,2017-04-25T10:49:59+08:00,2017-04-25T10:57:38+08:00,S92,South Buona Vista Road,S92,103.7886,1.2841,2017-04-25T10:57:38+08:00,0.0,TB1 Rainfall 5 Minute Total F,mm
2017-04-25,2017-04-25T10:49:59+08:00,2017-04-25T10:57:38+08:00,S94,Pasir Ris Street 51,S94,103.9528,1.3662,2017-04-25T10:57:38+08:00,0.0,TB1 Rainfall 5 Minute Total F,mm
2017-04-25,2017-04-25T10:54:59+08:00,2017-04-25T11:02:54+08:00,S07,Lornie Road,S07,103.8334,1.3415,2017-04-25T11:02:54+08:00,0.0,TB1 Rainfall 5 Minute Total F,mm
2017-04-25,2017-04-25T10:54:59+08:00,2017-04-25T11:02:54+08:00,S08,Upper Thomson Road,S08,103.8271,1.3701,2017-04-25T11:02:54+08:00,0.0,TB1 Rainfall 5 Minute Total F,mm
2017-04-25,2017-04-25T10:54:59+08:00,2017-04-25T11:02:54+08:00,S100,Woodlands Road,S100,103.74855,1.4172,2017-04-25T11:02:54+08:00,0.0,TB1 Rainfall 5 Minute Total F,mm
2017-04-25,2017-04-25T10:54:59+08:00,2017-04-25T11:02:54+08:00,S101,Corporation Road,S101,103.7134,1.35053,2017-04-25T11:02:54+08:00,0.0,TB1 Rainfall 5 Minute Total F,mm
2017-04-25,2017-04-25T10:54:59+08:00,2017-04-25T11:02:54+08:00,S102,Semakau Landfill,S102,103.768,1.189,2017-04-25T11:02:54+08:00,0.0,TB1 Rainfall 5 Minute Total F,mm
2017-04-25,2017-04-25T10:54:59+08:00,2017-04-25T11:02:54+08:00,S104,Woodlands Avenue 9,S104,103.78538,1.44387,2017-04-25T11:02:54+08:00,0.0,TB1 Rainfall 5 Minute Total F,mm
2017-04-25,2017-04-25T10:54:59+08:00,2017-04-25T11:02:54+08:00,S106,Pulau Ubin,S106,103.9673,1.4168,2017-04-25T11:02:54+08:00,0.0,TB1 Rainfall 5 Minute Total F,mm
2017-04-25,2017-04-25T10:54:59+08:00,2017-04-25T11:02:54+08:00,S108,Marina Gardens Drive,S108,103.8703,1.2799,2017-04-25T11:02:54+08:00,0.0,TB1 Rainfall 5 Minute Total F,mm
2017-04-25,2017-04-25T10:54:59+08:00,2017-04-25T11:02:54+08:00,S109,Ang Mo Kio Avenue 5,S109,103.8492,1.3764,2017-04-25T11:02:54+08:00,0.0,TB1 Rainfall 5 Minute Total F,mm
2017-04-25,2017-04-25T10:54:59+08:00,2017-04-25T11:02:54+08:00,S11,Choa Chu Kang Road,S11,103.6938,1.3746,2017-04-25T11:02:54+08:00,0.0,TB1 Rainfall 5 Minute Total F,mm
2017-04-25,2017-04-25T10:54:59+08:00,2017-04-25T11:02:54+08:00,S112,Lim Chu Kang Road,S112,103.70131,1.43854,2017-04-25T11:02:54+08:00,0.0,TB1 Rainfall 5 Minute Total F,mm
2017-04-25,2017-04-25T10:54:59+08:00,2017-04-25T11:02:54+08:00,S113,Marine Parade Road,S113,103.91074,1.30655,2017-04-25T11:02:54+08:00,0.0,TB1 Rainfall 5 Minute Total F,mm
2017-04-25,2017-04-25T10:54:59+08:00,2017-04-25T11:02:54+08:00,S114,Choa Chu Kang Avenue 4,S114,103.73,1.38,2017-04-25T11:02:54+08:00,0.0,TB1 Rainfall 5 Minute Total F,mm
2017-04-25,2017-04-25T10:54:59+08:00,2017-04-25T11:02:54+08:00,S115,Tuas South Avenue 3,S115,103.61843,1.29377,2017-04-25T11:02:54+08:00,0.0,TB1 Rainfall 5 Minute Total F,mm
2017-04-25,2017-04-25T10:54:59+08:00,2017-04-25T11:02:54+08:00,S116,West Coast Highway,S116,103.754,1.281,2017-04-25T11:02:54+08:00,0.0,TB1 Rainfall 5 Minute Total F,mm
2017-04-25,2017-04-25T10:54:59+08:00,2017-04-25T11:02:54+08:00,S117,Banyan Road,S117,103.679,1.256,2017-04-25T11:02:54+08:00,0.0,TB1 Rainfall 5 Minute Total F,mm
2017-04-25,2017-04-25T10:54:59+08:00,2017-04-25T11:02:54+08:00,S119,Nicoll Highway,S119,103.8666,1.30105,2017-04-25T11:02:54+08:00,0.0,TB1 Rainfall 5 Minute Total F,mm
2017-04-25,2017-04-25T10:54:59+08:00,2017-04-25T11:02:54+08:00,S120,Holland Road,S120,103.818,1.30874,2017-04-25T11:02:54+08:00,0.0,TB1 Rainfall 5 Minute Total F,mm
2017-04-25,2017-04-25T10:54:59+08:00,2017-04-25T11:02:54+08:00,S122,Sembawang Road,S122,103.8249,1.41731,2017-04-25T11:02:54+08:00,0.0,TB1 Rainfall 5 Minute Total F,mm
2017-04-25,2017-04-25T10:54:59+08:00,2017-04-25T11:02:54+08:00,S123,Towner Road,S123,103.8577,1.3214,2017-04-25T11:02:54+08:00,0.0,TB1 Rainfall 5 Minute Total F,mm
2017-04-25,2017-04-25T10:54:59+08:00,2017-04-25T11:02:54+08:00,S24,Upper Changi Road North,S24,103.9826,1.3678,2017-04-25T11:02:54+08:00,0.0,TB1 Rainfall 5 Minute Total F,mm
2017-04-25,2017-04-25T10:54:59+08:00,2017-04-25T11:02:54+08:00,S29,Pasir Ris Drive 12,S29,103.935,1.387,2017-04-25T11:02:54+08:00,0.0,TB1 Rainfall 5 Minute Total F,mm
2017-04-25,2017-04-25T10:54:59+08:00,2017-04-25T11:02:54+08:00,S33,Jurong Pier Road,S33,103.71,1.3081,2017-04-25T11:02:54+08:00,0.0,TB1 Rainfall 5 Minute Total F,mm
2017-04-25,2017-04-25T10:54:59+08:00,2017-04-25T11:02:54+08:00,S35,Old Toh Tuck Road,S35,103.7556,1.3329,2017-04-25T11:02:54+08:00,0.0,TB1 Rainfall 5 Minute Total F,mm
2017-04-25,2017-04-25T10:54:59+08:00,2017-04-25T11:02:54+08:00,S43,Kim Chuan Road,S43,103.8878,1.3399,2017-04-25T11:02:54+08:00,0.0,TB1 Rainfall 5 Minute Total F,mm
2017-04-25,2017-04-25T10:54:59+08:00,2017-04-25T11:02:54+08:00,S46,Sime Road,S46,103.8106,1.3416,2017-04-25T11:02:54+08:00,0.0,TB1 Rainfall 5 Minute Total F,mm
2017-04-25,2017-04-25T10:54:59+08:00,2017-04-25T11:02:54+08:00,S50,Clementi Road,S50,103.7768,1.3337,2017-04-25T11:02:54+08:00,0.0,TB1 Rainfall 5 Minute Total F,mm
2017-04-25,2017-04-25T10:54:59+08:00,2017-04-25T11:02:54+08:00,S55,Buangkok Green,S55,103.886,1.3837,2017-04-25T11:02:54+08:00,0.0,TB1 Rainfall 5 Minute Total F,mm
2017-04-25,2017-04-25T10:54:59+08:00,2017-04-25T11:02:54+08:00,S61,Chai Chee Street,S61,103.9217,1.323,2017-04-25T11:02:54+08:00,0.0,TB1 Rainfall 5 Minute Total F,mm
2017-04-25,2017-04-25T10:54:59+08:00,2017-04-25T11:02:54+08:00,S63,International Road,S63,103.7042,1.3275,2017-04-25T11:02:54+08:00,0.0,TB1 Rainfall 5 Minute Total F,mm
2017-04-25,2017-04-25T10:54:59+08:00,2017-04-25T11:02:54+08:00,S64,Bukit Panjang Road,S64,103.7603,1.3824,2017-04-25T11:02:54+08:00,0.0,TB1 Rainfall 5 Minute Total F,mm
2017-04-25,2017-04-25T10:54:59+08:00,2017-04-25T11:02:54+08:00,S66,Kranji Way,S66,103.7363,1.4387,2017-04-25T11:02:54+08:00,0.0,TB1 Rainfall 5 Minute Total F,mm
2017-04-25,2017-04-25T10:54:59+08:00,2017-04-25T11:02:54+08:00,S71,Kent Ridge Road,S71,103.7815,1.2923,2017-04-25T11:02:54+08:00,0.0,TB1 Rainfall 5 Minute Total F,mm
2017-04-25,2017-04-25T10:54:59+08:00,2017-04-25T11:02:54+08:00,S77,Alexandra Road,S77,103.8125,1.2937,2017-04-25T11:02:54+08:00,0.0,TB1 Rainfall 5 Minute Total F,mm
2017-04-25,2017-04-25T10:54:59+08:00,2017-04-25T11:02:54+08:00,S78,Poole Road,S78,103.89067,1.30703,2017-04-25T11:02:54+08:00,0.0,TB1 Rainfall 5 Minute Total F,mm
2017-04-25,2017-04-25T10:54:59+08:00,2017-04-25T11:02:54+08:00,S79,Somerset Road,S79,103.8372,1.3004,2017-04-25T11:02:54+08:00,0.0,TB1 Rainfall 5 Minute Total F,mm
2017-04-25,2017-04-25T10:54:59+08:00,2017-04-25T11:02:54+08:00,S81,Punggol Central,S81,103.9092,1.4029,2017-04-25T11:02:54+08:00,0.0,TB1 Rainfall 5 Minute Total F,mm
2017-04-25,2017-04-25T10:54:59+08:00,2017-04-25T11:02:54+08:00,S84,Simei Avenue,S84,103.9444,1.3437,2017-04-25T11:02:54+08:00,0.0,TB1 Rainfall 5 Minute Total F,mm
2017-04-25,2017-04-25T10:54:59+08:00,2017-04-25T11:02:54+08:00,S88,Toa Payoh North,S88,103.8482,1.3427,2017-04-25T11:02:54+08:00,0.0,TB1 Rainfall 5 Minute Total F,mm
2017-04-25,2017-04-25T10:54:59+08:00,2017-04-25T11:02:54+08:00,S89,Tuas Road,S89,103.66162,1.31985,2017-04-25T11:02:54+08:00,0.0,TB1 Rainfall 5 Minute Total F,mm
2017-04-25,2017-04-25T10:54:59+08:00,2017-04-25T11:02:54+08:00,S900,Seletar Aerospace View,S900,103.86922,1.41284,2017-04-25T11:02:54+08:00,0.0,TB1 Rainfall 5 Minute Total F,mm
2017-04-25,2017-04-25T10:54:59+08:00,2017-04-25T11:02:54+08:00,S92,South Buona Vista Road,S92,103.7886,1.2841,2017-04-25T11:02:54+08:00,0.0,TB1 Rainfall 5 Minute Total F,mm
2017-04-25,2017-04-25T10:54:59+08:00,2017-04-25T11:02:54+08:00,S94,Pasir Ris Street 51,S94,103.9528,1.3662,2017-04-25T11:02:54+08:00,0.0,TB1 Rainfall 5 Minute Total F,mm
2017-04-25,2017-04-25T10:59:59+08:00,2017-04-25T11:07:46+08:00,S07,Lornie Road,S07,103.8334,1.3415,2017-04-25T11:07:46+08:00,0.0,TB1 Rainfall 5 Minute Total F,mm
2017-04-25,2017-04-25T10:59:59+08:00,2017-04-25T11:07:46+08:00,S08,Upper Thomson Road,S08,103.8271,1.3701,2017-04-25T11:07:46+08:00,0.0,TB1 Rainfall 5 Minute Total F,mm
2017-04-25,2017-04-25T10:59:59+08:00,2017-04-25T11:07:46+08:00,S100,Woodlands Road,S100,103.74855,1.4172,2017-04-25T11:07:46+08:00,0.0,TB1 Rainfall 5 Minute Total F,mm
2017-04-25,2017-04-25T10:59:59+08:00,2017-04-25T11:07:46+08:00,S101,Corporation Road,S101,103.7134,1.35053,2017-04-25T11:07:46+08:00,0.0,TB1 Rainfall 5 Minute Total F,mm
2017-04-25,2017-04-25T10:59:59+08:00,2017-04-25T11:07:46+08:00,S102,Semakau Landfill,S102,103.768,1.189,2017-04-25T11:07:46+08:00,0.0,TB1 Rainfall 5 Minute Total F,mm
2017-04-25,2017-04-25T10:59:59+08:00,2017-04-25T11:07:46+08:00,S104,Woodlands Avenue 9,S104,103.78538,1.44387,2017-04-25T11:07:46+08:00,0.0,TB1 Rainfall 5 Minute Total F,mm
2017-04-25,2017-04-25T10:59:59+08:00,2017-04-25T11:07:46+08:00,S106,Pulau Ubin,S106,103.9673,1.4168,2017-04-25T11:07:46+08:00,0.0,TB1 Rainfall 5 Minute Total F,mm
2017-04-25,2017-04-25T10:59:59+08:00,2017-04-25T11:07:46+08:00,S108,Marina Gardens Drive,S108,103.8703,1.2799,2017-04-25T11:07:46+08:00,0.0,TB1 Rainfall 5 Minute Total F,mm
2017-04-25,2017-04-25T10:59:59+08:00,2017-04-25T11:07:46+08:00,S109,Ang Mo Kio Avenue 5,S109,103.8492,1.3764,2017-04-25T11:07:46+08:00,0.0,TB1 Rainfall 5 Minute Total F,mm
2017-04-25,2017-04-25T10:59:59+08:00,2017-04-25T11:07:46+08:00,S11,Choa Chu Kang Road,S11,103.6938,1.3746,2017-04-25T11:07:46+08:00,0.0,TB1 Rainfall 5 Minute Total F,mm
2017-04-25,2017-04-25T10:59:59+08:00,2017-04-25T11:07:46+08:00,S112,Lim Chu Kang Road,S112,103.70131,1.43854,2017-04-25T11:07:46+08:00,0.0,TB1 Rainfall 5 Minute Total F,mm
2017-04-25,2017-04-25T10:59:59+08:00,2017-04-25T11:07:46+08:00,S113,Marine Parade Road,S113,103.91074,1.30655,2017-04-25T11:07:46+08:00,0.0,TB1 Rainfall 5 Minute Total F,mm
2017-04-25,2017-04-25T10:59:59+08:00,2017-04-25T11:07:46+08:00,S114,Choa Chu Kang Avenue 4,S114,103.73,1.38,2017-04-25T11:07:46+08:00,0.0,TB1 Rainfall 5 Minute Total F,mm
2017-04-25,2017-04-25T10:59:59+08:00,2017-04-25T11:07:46+08:00,S115,Tuas South Avenue 3,S115,103.61843,1.29377,2017-04-25T11:07:46+08:00,0.0,TB1 Rainfall 5 Minute Total F,mm
2017-04-25,2017-04-25T10:59:59+08:00,2017-04-25T11:07:46+08:00,S116,West Coast Highway,S116,103.754,1.281,2017-04-25T11:07:46+08:00,0.0,TB1 Rainfall 5 Minute Total F,mm
2017-04-25,2017-04-25T10:59:59+08:00,2017-04-25T11:07:46+08:00,S117,Banyan Road,S117,103.679,1.256,2017-04-25T11:07:46+08:00,0.0,TB1 Rainfall 5 Minute Total F,mm
2017-04-25,2017-04-25T10:59:59+08:00,2017-04-25T11:07:46+08:00,S119,Nicoll Highway,S119,103.8666,1.30105,2017-04-25T11:07:46+08:00,0.0,TB1 Rainfall 5 Minute Total F,mm
2017-04-25,2017-04-25T10:59:59+08:00,2017-04-25T11:07:46+08:00,S120,Holland Road,S120,103.818,1.30874,2017-04-25T11:07:46+08:00,0.0,TB1 Rainfall 5 Minute Total F,mm
2017-04-25,2017-04-25T10:59:59+08:00,2017-04-25T11:07:46+08:00,S122,Sembawang Road,S122,103.8249,1.41731,2017-04-25T11:07:46+08:00,0.0,TB1 Rainfall 5 Minute Total F,mm
2017-04-25,2017-04-25T10:59:59+08:00,2017-04-25T11:07:46+08:00,S123,Towner Road,S123,103.8577,1.3214,2017-04-25T11:07:46+08:00,0.0,TB1 Rainfall 5 Minute Total F,mm
2017-04-25,2017-04-25T10:59:59+08:00,2017-04-25T11:07:46+08:00,S24,Upper Changi Road North,S24,103.9826,1.3678,2017-04-25T11:07:46+08:00,0.0,TB1 Rainfall 5 Minute Total F,mm
2017-04-25,2017-04-25T10:59:59+08:00,2017-04-25T11:07:46+08:00,S29,Pasir Ris Drive 12,S29,103.935,1.387,2017-04-25T11:07:46+08:00,0.0,TB1 Rainfall 5 Minute Total F,mm
2017-04-25,2017-04-25T10:59:59+08:00,2017-04-25T11:07:46+08:00,S33,Jurong Pier Road,S33,103.71,1.3081,2017-04-25T11:07:46+08:00,0.0,TB1 Rainfall 5 Minute Total F,mm
2017-04-25,2017-04-25T10:59:59+08:00,2017-04-25T11:07:46+08:00,S35,Old Toh Tuck Road,S35,103.7556,1.3329,2017-04-25T11:07:46+08:00,0.0,TB1 Rainfall 5 Minute Total F,mm
2017-04-25,2017-04-25T10:59:59+08:00,2017-04-25T11:07:46+08:00,S43,Kim Chuan Road,S43,103.8878,1.3399,2017-04-25T11:07:46+08:00,0.0,TB1 Rainfall 5 Minute Total F,mm
2017-04-25,2017-04-25T10:59:59+08:00,2017-04-25T11:07:46+08:00,S46,Sime Road,S46,103.8106,1.3416,2017-04-25T11:07:46+08:00,0.0,TB1 Rainfall 5 Minute Total F,mm
2017-04-25,2017-04-25T10:59:59+08:00,2017-04-25T11:07:46+08:00,S50,Clementi Road,S50,103.7768,1.3337,2017-04-25T11:07:46+08:00,0.0,TB1 Rainfall 5 Minute Total F,mm
2017-04-25,2017-04-25T10:59:59+08:00,2017-04-25T11:07:46+08:00,S55,Buangkok Green,S55,103.886,1.3837,2017-04-25T11:07:46+08:00,0.0,TB1 Rainfall 5 Minute Total F,mm
2017-04-25,2017-04-25T10:59:59+08:00,2017-04-25T11:07:46+08:00,S61,Chai Chee Street,S61,103.9217,1.323,2017-04-25T11:07:46+08:00,0.0,TB1 Rainfall 5 Minute Total F,mm
2017-04-25,2017-04-25T10:59:59+08:00,2017-04-25T11:07:46+08:00,S63,International Road,S63,103.7042,1.3275,2017-04-25T11:07:46+08:00,0.0,TB1 Rainfall 5 Minute Total F,mm
2017-04-25,2017-04-25T10:59:59+08:00,2017-04-25T11:07:46+08:00,S64,Bukit Panjang Road,S64,103.7603,1.3824,2017-04-25T11:07:46+08:00,0.0,TB1 Rainfall 5 Minute Total F,mm
2017-04-25,2017-04-25T10:59:59+08:00,2017-04-25T11:07:46+08:00,S66,Kranji Way,S66,103.7363,1.4387,2017-04-25T11:07:46+08:00,0.0,TB1 Rainfall 5 Minute Total F,mm
2017-04-25,2017-04-25T10:59:59+08:00,2017-04-25T11:07:46+08:00,S71,Kent Ridge Road,S71,103.7815,1.2923,2017-04-25T11:07:46+08:00,0.0,TB1 Rainfall 5 Minute Total F,mm
2017-04-25,2017-04-25T10:59:59+08:00,2017-04-25T11:07:46+08:00,S77,Alexandra Road,S77,103.8125,1.2937,2017-04-25T11:07:46+08:00,0.0,TB1 Rainfall 5 Minute Total F,mm
2017-04-25,2017-04-25T10:59:59+08:00,2017-04-25T11:07:46+08:00,S78,Poole Road,S78,103.89067,1.30703,2017-04-25T11:07:46+08:00,0.0,TB1 Rainfall 5 Minute Total F,mm
2017-04-25,2017-04-25T10:59:59+08:00,2017-04-25T11:07:46+08:00,S79,Somerset Road,S79,103.8372,1.3004,2017-04-25T11:07:46+08:00,0.0,TB1 Rainfall 5 Minute Total F,mm
2017-04-25,2017-04-25T10:59:59+08:00,2017-04-25T11:07:46+08:00,S81,Punggol Central,S81,103.9092,1.4029,2017-04-25T11:07:46+08:00,0.0,TB1 Rainfall 5 Minute Total F,mm
2017-04-25,2017-04-25T10:59:59+08:00,2017-04-25T11:07:46+08:00,S84,Simei Avenue,S84,103.9444,1.3437,2017-04-25T11:07:46+08:00,0.0,TB1 Rainfall 5 Minute Total F,mm
2017-04-25,2017-04-25T10:59:59+08:00,2017-04-25T11:07:46+08:00,S88,Toa Payoh North,S88,103.8482,1.3427,2017-04-25T11:07:46+08:00,0.0,TB1 Rainfall 5 Minute Total F,mm
2017-04-25,2017-04-25T10:59:59+08:00,2017-04-25T11:07:46+08:00,S89,Tuas Road,S89,103.66162,1.31985,2017-04-25T11:07:46+08:00,0.0,TB1 Rainfall 5 Minute Total F,mm
2017-04-25,2017-04-25T10:59:59+08:00,2017-04-25T11:07:46+08:00,S900,Seletar Aerospace View,S900,103.86922,1.41284,2017-04-25T11:07:46+08:00,0.0,TB1 Rainfall 5 Minute Total F,mm
2017-04-25,2017-04-25T10:59:59+08:00,2017-04-25T11:07:46+08:00,S92,South Buona Vista Road,S92,103.7886,1.2841,2017-04-25T11:07:46+08:00,0.0,TB1 Rainfall 5 Minute Total F,mm
2017-04-25,2017-04-25T10:59:59+08:00,2017-04-25T11:07:46+08:00,S94,Pasir Ris Street 51,S94,103.9528,1.3662,2017-04-25T11:07:46+08:00,0.0,TB1 Rainfall 5 Minute Total F,mm
2017-04-25,2017-04-25T11:04:59+08:00,2017-04-25T11:12:40+08:00,S07,Lornie Road,S07,103.8334,1.3415,2017-04-25T11:12:40+08:00,0.0,TB1 Rainfall 5 Minute Total F,mm
2017-04-25,2017-04-25T11:04:59+08:00,2017-04-25T11:12:40+08:00,S08,Upper Thomson Road,S08,103.8271,1.3701,2017-04-25T11:12:40+08:00,0.0,TB1 Rainfall 5 Minute Total F,mm
2017-04-25,2017-04-25T11:04:59+08:00,2017-04-25T11:12:40+08:00,S100,Woodlands Road,S100,103.74855,1.4172,2017-04-25T11:12:40+08:00,0.0,TB1 Rainfall 5 Minute Total F,mm
2017-04-25,2017-04-25T11:04:59+08:00,2017-04-25T11:12:40+08:00,S101,Corporation Road,S101,103.7134,1.35053,2017-04-25T11:12:40+08:00,0.0,TB1 Rainfall 5 Minute Total F,mm
2017-04-25,2017-04-25T11:04:59+08:00,2017-04-25T11:12:40+08:00,S102,Semakau Landfill,S102,103.768,1.189,2017-04-25T11:12:40+08:00,0.0,TB1 Rainfall 5 Minute Total F,mm
2017-04-25,2017-04-25T11:04:59+08:00,2017-04-25T11:12:40+08:00,S104,Woodlands Avenue 9,S104,103.78538,1.44387,2017-04-25T11:12:40+08:00,0.0,TB1 Rainfall 5 Minute Total F,mm
2017-04-25,2017-04-25T11:04:59+08:00,2017-04-25T11:12:40+08:00,S106,Pulau Ubin,S106,103.9673,1.4168,2017-04-25T11:12:40+08:00,0.0,TB1 Rainfall 5 Minute Total F,mm
2017-04-25,2017-04-25T11:04:59+08:00,2017-04-25T11:12:40+08:00,S108,Marina Gardens Drive,S108,103.8703,1.2799,2017-04-25T11:12:40+08:00,0.0,TB1 Rainfall 5 Minute Total F,mm
2017-04-25,2017-04-25T11:04:59+08:00,2017-04-25T11:12:40+08:00,S109,Ang Mo Kio Avenue 5,S109,103.8492,1.3764,2017-04-25T11:12:40+08:00,0.0,TB1 Rainfall 5 Minute Total F,mm
2017-04-25,2017-04-25T11:04:59+08:00,2017-04-25T11:12:40+08:00,S11,Choa Chu Kang Road,S11,103.6938,1.3746,2017-04-25T11:12:40+08:00,0.0,TB1 Rainfall 5 Minute Total F,mm
2017-04-25,2017-04-25T11:04:59+08:00,2017-04-25T11:12:40+08:00,S112,Lim Chu Kang Road,S112,103.70131,1.43854,2017-04-25T11:12:40+08:00,0.0,TB1 Rainfall 5 Minute Total F,mm
2017-04-25,2017-04-25T11:04:59+08:00,2017-04-25T11:12:40+08:00,S113,Marine Parade Road,S113,103.91074,1.30655,2017-04-25T11:12:40+08:00,0.0,TB1 Rainfall 5 Minute Total F,mm
2017-04-25,2017-04-25T11:04:59+08:00,2017-04-25T11:12:40+08:00,S114,Choa Chu Kang Avenue 4,S114,103.73,1.38,2017-04-25T11:12:40+08:00,0.0,TB1 Rainfall 5 Minute Total F,mm
2017-04-25,2017-04-25T11:04:59+08:00,2017-04-25T11:12:40+08:00,S115,Tuas South Avenue 3,S115,103.61843,1.29377,2017-04-25T11:12:40+08:00,0.0,TB1 Rainfall 5 Minute Total F,mm
2017-04-25,2017-04-25T11:04:59+08:00,2017-04-25T11:12:40+08:00,S116,West Coast Highway,S116,103.754,1.281,2017-04-25T11:12:40+08:00,0.0,TB1 Rainfall 5 Minute Total F,mm
2017-04-25,2017-04-25T11:04:59+08:00,2017-04-25T11:12:40+08:00,S117,Banyan Road,S117,103.679,1.256,2017-04-25T11:12:40+08:00,0.0,TB1 Rainfall 5 Minute Total F,mm
2017-04-25,2017-04-25T11:04:59+08:00,2017-04-25T11:12:40+08:00,S119,Nicoll Highway,S119,103.8666,1.30105,2017-04-25T11:12:40+08:00,0.0,TB1 Rainfall 5 Minute Total F,mm
2017-04-25,2017-04-25T11:04:59+08:00,2017-04-25T11:12:40+08:00,S120,Holland Road,S120,103.818,1.30874,2017-04-25T11:12:40+08:00,0.0,TB1 Rainfall 5 Minute Total F,mm
2017-04-25,2017-04-25T11:04:59+08:00,2017-04-25T11:12:40+08:00,S122,Sembawang Road,S122,103.8249,1.41731,2017-04-25T11:12:40+08:00,0.0,TB1 Rainfall 5 Minute Total F,mm
2017-04-25,2017-04-25T11:04:59+08:00,2017-04-25T11:12:40+08:00,S123,Towner Road,S123,103.8577,1.3214,2017-04-25T11:12:40+08:00,0.0,TB1 Rainfall 5 Minute Total F,mm
2017-04-25,2017-04-25T11:04:59+08:00,2017-04-25T11:12:40+08:00,S24,Upper Changi Road North,S24,103.9826,1.3678,2017-04-25T11:12:40+08:00,0.0,TB1 Rainfall 5 Minute Total F,mm
2017-04-25,2017-04-25T11:04:59+08:00,2017-04-25T11:12:40+08:00,S29,Pasir Ris Drive 12,S29,103.935,1.387,2017-04-25T11:12:40+08:00,0.0,TB1 Rainfall 5 Minute Total F,mm
2017-04-25,2017-04-25T11:04:59+08:00,2017-04-25T11:12:40+08:00,S33,Jurong Pier Road,S33,103.71,1.3081,2017-04-25T11:12:40+08:00,0.0,TB1 Rainfall 5 Minute Total F,mm
2017-04-25,2017-04-25T11:04:59+08:00,2017-04-25T11:12:40+08:00,S35,Old Toh Tuck Road,S35,103.7556,1.3329,2017-04-25T11:12:40+08:00,0.0,TB1 Rainfall 5 Minute Total F,mm
2017-04-25,2017-04-25T11:04:59+08:00,2017-04-25T11:12:40+08:00,S43,Kim Chuan Road,S43,103.8878,1.3399,2017-04-25T11:12:40+08:00,0.0,TB1 Rainfall 5 Minute Total F,mm
2017-04-25,2017-04-25T11:04:59+08:00,2017-04-25T11:12:40+08:00,S46,Sime Road,S46,103.8106,1.3416,2017-04-25T11:12:40+08:00,0.0,TB1 Rainfall 5 Minute Total F,mm
2017-04-25,2017-04-25T11:04:59+08:00,2017-04-25T11:12:40+08:00,S50,Clementi Road,S50,103.7768,1.3337,2017-04-25T11:12:40+08:00,0.0,TB1 Rainfall 5 Minute Total F,mm
2017-04-25,2017-04-25T11:04:59+08:00,2017-04-25T11:12:40+08:00,S55,Buangkok Green,S55,103.886,1.3837,2017-04-25T11:12:40+08:00,0.0,TB1 Rainfall 5 Minute Total F,mm
2017-04-25,2017-04-25T11:04:59+08:00,2017-04-25T11:12:40+08:00,S61,Chai Chee Street,S61,103.9217,1.323,2017-04-25T11:12:40+08:00,0.0,TB1 Rainfall 5 Minute Total F,mm
2017-04-25,2017-04-25T11:04:59+08:00,2017-04-25T11:12:40+08:00,S63,International Road,S63,103.7042,1.3275,2017-04-25T11:12:40+08:00,0.0,TB1 Rainfall 5 Minute Total F,mm
2017-04-25,2017-04-25T11:04:59+08:00,2017-04-25T11:12:40+08:00,S64,Bukit Panjang Road,S64,103.7603,1.3824,2017-04-25T11:12:40+08:00,0.0,TB1 Rainfall 5 Minute Total F,mm
2017-04-25,2017-04-25T11:04:59+08:00,2017-04-25T11:12:40+08:00,S66,Kranji Way,S66,103.7363,1.4387,2017-04-25T11:12:40+08:00,0.0,TB1 Rainfall 5 Minute Total F,mm
2017-04-25,2017-04-25T11:04:59+08:00,2017-04-25T11:12:40+08:00,S71,Kent Ridge Road,S71,103.7815,1.2923,2017-04-25T11:12:40+08:00,0.0,TB1 Rainfall 5 Minute Total F,mm
2017-04-25,2017-04-25T11:04:59+08:00,2017-04-25T11:12:40+08:00,S77,Alexandra Road,S77,103.8125,1.2937,2017-04-25T11:12:40+08:00,0.0,TB1 Rainfall 5 Minute Total F,mm
2017-04-25,2017-04-25T11:04:59+08:00,2017-04-25T11:12:40+08:00,S78,Poole Road,S78,103.89067,1.30703,2017-04-25T11:12:40+08:00,0.0,TB1 Rainfall 5 Minute Total F,mm
2017-04-25,2017-04-25T11:04:59+08:00,2017-04-25T11:12:40+08:00,S79,Somerset Road,S79,103.8372,1.3004,2017-04-25T11:12:40+08:00,0.0,TB1 Rainfall 5 Minute Total F,mm
2017-04-25,2017-04-25T11:04:59+08:00,2017-04-25T11:12:40+08:00,S81,Punggol Central,S81,103.9092,1.4029,2017-04-25T11:12:40+08:00,0.0,TB1 Rainfall 5 Minute Total F,mm
2017-04-25,2017-04-25T11:04:59+08:00,2017-04-25T11:12:40+08:00,S84,Simei Avenue,S84,103.9444,1.3437,2017-04-25T11:12:40+08:00,0.0,TB1 Rainfall 5 Minute Total F,mm
2017-04-25,2017-04-25T11:04:59+08:00,2017-04-25T11:12:40+08:00,S88,Toa Payoh North,S88,103.8482,1.3427,2017-04-25T11:12:40+08:00,0.0,TB1 Rainfall 5 Minute Total F,mm
2017-04-25,2017-04-25T11:04:59+08:00,2017-04-25T11:12:40+08:00,S89,Tuas Road,S89,103.66162,1.31985,2017-04-25T11:12:40+08:00,0.0,TB1 Rainfall 5 Minute Total F,mm
2017-04-25,2017-04-25T11:04:59+08:00,2017-04-25T11:12:40+08:00,S900,Seletar Aerospace View,S900,103.86922,1.41284,2017-04-25T11:12:40+08:00,0.0,TB1 Rainfall 5 Minute Total F,mm
2017-04-25,2017-04-25T11:04:59+08:00,2017-04-25T11:12:40+08:00,S92,South Buona Vista Road,S92,103.7886,1.2841,2017-04-25T11:12:40+08:00,0.0,TB1 Rainfall 5 Minute Total F,mm
2017-04-25,2017-04-25T11:04:59+08:00,2017-04-25T11:12:40+08:00,S94,Pasir Ris Street 51,S94,103.9528,1.3662,2017-04-25T11:12:40+08:00,0.0,TB1 Rainfall 5 Minute Total F,mm
2017-04-25,2017-04-25T11:09:59+08:00,2017-04-25T11:17:39+08:00,S07,Lornie Road,S07,103.8334,1.3415,2017-04-25T11:17:39+08:00,0.0,TB1 Rainfall 5 Minute Total F,mm
2017-04-25,2017-04-25T11:09:59+08:00,2017-04-25T11:17:39+08:00,S08,Upper Thomson Road,S08,103.8271,1.3701,2017-04-25T11:17:39+08:00,0.0,TB1 Rainfall 5 Minute Total F,mm
2017-04-25,2017-04-25T11:09:59+08:00,2017-04-25T11:17:39+08:00,S100,Woodlands Road,S100,103.74855,1.4172,2017-04-25T11:17:39+08:00,0.0,TB1 Rainfall 5 Minute Total F,mm
2017-04-25,2017-04-25T11:09:59+08:00,2017-04-25T11:17:39+08:00,S101,Corporation Road,S101,103.7134,1.35053,2017-04-25T11:17:39+08:00,0.0,TB1 Rainfall 5 Minute Total F,mm
2017-04-25,2017-04-25T11:09:59+08:00,2017-04-25T11:17:39+08:00,S102,Semakau Landfill,S102,103.768,1.189,2017-04-25T11:17:39+08:00,0.0,TB1 Rainfall 5 Minute Total F,mm
2017-04-25,2017-04-25T11:09:59+08:00,2017-04-25T11:17:39+08:00,S104,Woodlands Avenue 9,S104,103.78538,1.44387,2017-04-25T11:17:39+08:00,0.0,TB1 Rainfall 5 Minute Total F,mm
2017-04-25,2017-04-25T11:09:59+08:00,2017-04-25T11:17:39+08:00,S106,Pulau Ubin,S106,103.9673,1.4168,2017-04-25T11:17:39+08:00,0.0,TB1 Rainfall 5 Minute Total F,mm
2017-04-25,2017-04-25T11:09:59+08:00,2017-04-25T11:17:39+08:00,S108,Marina Gardens Drive,S108,103.8703,1.2799,2017-04-25T11:17:39+08:00,0.0,TB1 Rainfall 5 Minute Total F,mm
2017-04-25,2017-04-25T11:09:59+08:00,2017-04-25T11:17:39+08:00,S109,Ang Mo Kio Avenue 5,S109,103.8492,1.3764,2017-04-25T11:17:39+08:00,0.0,TB1 Rainfall 5 Minute Total F,mm
2017-04-25,2017-04-25T11:09:59+08:00,2017-04-25T11:17:39+08:00,S11,Choa Chu Kang Road,S11,103.6938,1.3746,2017-04-25T11:17:39+08:00,0.0,TB1 Rainfall 5 Minute Total F,mm
2017-04-25,2017-04-25T11:09:59+08:00,2017-04-25T11:17:39+08:00,S112,Lim Chu Kang Road,S112,103.70131,1.43854,2017-04-25T11:17:39+08:00,0.0,TB1 Rainfall 5 Minute Total F,mm
2017-04-25,2017-04-25T11:09:59+08:00,2017-04-25T11:17:39+08:00,S113,Marine Parade Road,S113,103.91074,1.30655,2017-04-25T11:17:39+08:00,0.0,TB1 Rainfall 5 Minute Total F,mm
2017-04-25,2017-04-25T11:09:59+08:00,2017-04-25T11:17:39+08:00,S114,Choa Chu Kang Avenue 4,S114,103.73,1.38,2017-04-25T11:17:39+08:00,0.0,TB1 Rainfall 5 Minute Total F,mm
2017-04-25,2017-04-25T11:09:59+08:00,2017-04-25T11:17:39+08:00,S115,Tuas South Avenue 3,S115,103.61843,1.29377,2017-04-25T11:17:39+08:00,0.0,TB1 Rainfall 5 Minute Total F,mm
2017-04-25,2017-04-25T11:09:59+08:00,2017-04-25T11:17:39+08:00,S116,West Coast Highway,S116,103.754,1.281,2017-04-25T11:17:39+08:00,0.0,TB1 Rainfall 5 Minute Total F,mm
2017-04-25,2017-04-25T11:09:59+08:00,2017-04-25T11:17:39+08:00,S117,Banyan Road,S117,103.679,1.256,2017-04-25T11:17:39+08:00,0.0,TB1 Rainfall 5 Minute Total F,mm
2017-04-25,2017-04-25T11:09:59+08:00,2017-04-25T11:17:39+08:00,S119,Nicoll Highway,S119,103.8666,1.30105,2017-04-25T11:17:39+08:00,0.0,TB1 Rainfall 5 Minute Total F,mm
2017-04-25,2017-04-25T11:09:59+08:00,2017-04-25T11:17:39+08:00,S120,Holland Road,S120,103.818,1.30874,2017-04-25T11:17:39+08:00,0.0,TB1 Rainfall 5 Minute Total F,mm
2017-04-25,2017-04-25T11:09:59+08:00,2017-04-25T11:17:39+08:00,S122,Sembawang Road,S122,103.8249,1.41731,2017-04-25T11:17:39+08:00,0.0,TB1 Rainfall 5 Minute Total F,mm
2017-04-25,2017-04-25T11:09:59+08:00,2017-04-25T11:17:39+08:00,S123,Towner Road,S123,103.8577,1.3214,2017-04-25T11:17:39+08:00,0.0,TB1 Rainfall 5 Minute Total F,mm
2017-04-25,2017-04-25T11:09:59+08:00,2017-04-25T11:17:39+08:00,S24,Upper Changi Road North,S24,103.9826,1.3678,2017-04-25T11:17:39+08:00,0.0,TB1 Rainfall 5 Minute Total F,mm
2017-04-25,2017-04-25T11:09:59+08:00,2017-04-25T11:17:39+08:00,S29,Pasir Ris Drive 12,S29,103.935,1.387,2017-04-25T11:17:39+08:00,0.0,TB1 Rainfall 5 Minute Total F,mm
2017-04-25,2017-04-25T11:09:59+08:00,2017-04-25T11:17:39+08:00,S33,Jurong Pier Road,S33,103.71,1.3081,2017-04-25T11:17:39+08:00,0.0,TB1 Rainfall 5 Minute Total F,mm
2017-04-25,2017-04-25T11:09:59+08:00,2017-04-25T11:17:39+08:00,S35,Old Toh Tuck Road,S35,103.7556,1.3329,2017-04-25T11:17:39+08:00,0.0,TB1 Rainfall 5 Minute Total F,mm
2017-04-25,2017-04-25T11:09:59+08:00,2017-04-25T11:17:39+08:00,S43,Kim Chuan Road,S43,103.8878,1.3399,2017-04-25T11:17:39+08:00,0.0,TB1 Rainfall 5 Minute Total F,mm
2017-04-25,2017-04-25T11:09:59+08:00,2017-04-25T11:17:39+08:00,S46,Sime Road,S46,103.8106,1.3416,2017-04-25T11:17:39+08:00,0.0,TB1 Rainfall 5 Minute Total F,mm
2017-04-25,2017-04-25T11:09:59+08:00,2017-04-25T11:17:39+08:00,S50,Clementi Road,S50,103.7768,1.3337,2017-04-25T11:17:39+08:00,0.0,TB1 Rainfall 5 Minute Total F,mm
2017-04-25,2017-04-25T11:09:59+08:00,2017-04-25T11:17:39+08:00,S55,Buangkok Green,S55,103.886,1.3837,2017-04-25T11:17:39+08:00,0.0,TB1 Rainfall 5 Minute Total F,mm
2017-04-25,2017-04-25T11:09:59+08:00,2017-04-25T11:17:39+08:00,S61,Chai Chee Street,S61,103.9217,1.323,2017-04-25T11:17:39+08:00,0.0,TB1 Rainfall 5 Minute Total F,mm
2017-04-25,2017-04-25T11:09:59+08:00,2017-04-25T11:17:39+08:00,S63,International Road,S63,103.7042,1.3275,2017-04-25T11:17:39+08:00,0.0,TB1 Rainfall 5 Minute Total F,mm
2017-04-25,2017-04-25T11:09:59+08:00,2017-04-25T11:17:39+08:00,S64,Bukit Panjang Road,S64,103.7603,1.3824,2017-04-25T11:17:39+08:00,0.0,TB1 Rainfall 5 Minute Total F,mm
2017-04-25,2017-04-25T11:09:59+08:00,2017-04-25T11:17:39+08:00,S66,Kranji Way,S66,103.7363,1.4387,2017-04-25T11:17:39+08:00,0.0,TB1 Rainfall 5 Minute Total F,mm
2017-04-25,2017-04-25T11:09:59+08:00,2017-04-25T11:17:39+08:00,S71,Kent Ridge Road,S71,103.7815,1.2923,2017-04-25T11:17:39+08:00,0.0,TB1 Rainfall 5 Minute Total F,mm
2017-04-25,2017-04-25T11:09:59+08:00,2017-04-25T11:17:39+08:00,S77,Alexandra Road,S77,103.8125,1.2937,2017-04-25T11:17:39+08:00,0.0,TB1 Rainfall 5 Minute Total F,mm
2017-04-25,2017-04-25T11:09:59+08:00,2017-04-25T11:17:39+08:00,S78,Poole Road,S78,103.89067,1.30703,2017-04-25T11:17:39+08:00,0.0,TB1 Rainfall 5 Minute Total F,mm
2017-04-25,2017-04-25T11:09:59+08:00,2017-04-25T11:17:39+08:00,S79,Somerset Road,S79,103.8372,1.3004,2017-04-25T11:17:39+08:00,0.0,TB1 Rainfall 5 Minute Total F,mm
2017-04-25,2017-04-25T11:09:59+08:00,2017-04-25T11:17:39+08:00,S81,Punggol Central,S81,103.9092,1.4029,2017-04-25T11:17:39+08:00,0.0,TB1 Rainfall 5 Minute Total F,mm
2017-04-25,2017-04-25T11:09:59+08:00,2017-04-25T11:17:39+08:00,S84,Simei Avenue,S84,103.9444,1.3437,2017-04-25T11:17:39+08:00,0.0,TB1 Rainfall 5 Minute Total F,mm
2017-04-25,2017-04-25T11:09:59+08:00,2017-04-25T11:17:39+08:00,S88,Toa Payoh North,S88,103.8482,1.3427,2017-04-25T11:17:39+08:00,0.0,TB1 Rainfall 5 Minute Total F,mm
2017-04-25,2017-04-25T11:09:59+08:00,2017-04-25T11:17:39+08:00,S89,Tuas Road,S89,103.66162,1.31985,2017-04-25T11:17:39+08:00,0.0,TB1 Rainfall 5 Minute Total F,mm
2017-04-25,2017-04-25T11:09:59+08:00,2017-04-25T11:17:39+08:00,S900,Seletar Aerospace View,S900,103.86922,1.41284,2017-04-25T11:17:39+08:00,0.0,TB1 Rainfall 5 Minute Total F,mm
2017-04-25,2017-04-25T11:09:59+08:00,2017-04-25T11:17:39+08:00,S92,South Buona Vista Road,S92,103.7886,1.2841,2017-04-25T11:17:39+08:00,0.0,TB1 Rainfall 5 Minute Total F,mm
2017-04-25,2017-04-25T11:09:59+08:00,2017-04-25T11:17:39+08:00,S94,Pasir Ris Street 51,S94,103.9528,1.3662,2017-04-25T11:17:39+08:00,0.0,TB1 Rainfall 5 Minute Total F,mm
2017-04-25,2017-04-25T11:14:59+08:00,2017-04-25T11:22:40+08:00,S07,Lornie Road,S07,103.8334,1.3415,2017-04-25T11:22:40+08:00,0.0,TB1 Rainfall 5 Minute Total F,mm
2017-04-25,2017-04-25T11:14:59+08:00,2017-04-25T11:22:40+08:00,S08,Upper Thomson Road,S08,103.8271,1.3701,2017-04-25T11:22:40+08:00,0.0,TB1 Rainfall 5 Minute Total F,mm
2017-04-25,2017-04-25T11:14:59+08:00,2017-04-25T11:22:40+08:00,S100,Woodlands Road,S100,103.74855,1.4172,2017-04-25T11:22:40+08:00,0.0,TB1 Rainfall 5 Minute Total F,mm
2017-04-25,2017-04-25T11:14:59+08:00,2017-04-25T11:22:40+08:00,S101,Corporation Road,S101,103.7134,1.35053,2017-04-25T11:22:40+08:00,0.0,TB1 Rainfall 5 Minute Total F,mm
2017-04-25,2017-04-25T11:14:59+08:00,2017-04-25T11:22:40+08:00,S102,Semakau Landfill,S102,103.768,1.189,2017-04-25T11:22:40+08:00,0.0,TB1 Rainfall 5 Minute Total F,mm
2017-04-25,2017-04-25T11:14:59+08:00,2017-04-25T11:22:40+08:00,S104,Woodlands Avenue 9,S104,103.78538,1.44387,2017-04-25T11:22:40+08:00,0.0,TB1 Rainfall 5 Minute Total F,mm
2017-04-25,2017-04-25T11:14:59+08:00,2017-04-25T11:22:40+08:00,S106,Pulau Ubin,S106,103.9673,1.4168,2017-04-25T11:22:40+08:00,0.0,TB1 Rainfall 5 Minute Total F,mm
2017-04-25,2017-04-25T11:14:59+08:00,2017-04-25T11:22:40+08:00,S108,Marina Gardens Drive,S108,103.8703,1.2799,2017-04-25T11:22:40+08:00,0.0,TB1 Rainfall 5 Minute Total F,mm
2017-04-25,2017-04-25T11:14:59+08:00,2017-04-25T11:22:40+08:00,S109,Ang Mo Kio Avenue 5,S109,103.8492,1.3764,2017-04-25T11:22:40+08:00,0.0,TB1 Rainfall 5 Minute Total F,mm
2017-04-25,2017-04-25T11:14:59+08:00,2017-04-25T11:22:40+08:00,S11,Choa Chu Kang Road,S11,103.6938,1.3746,2017-04-25T11:22:40+08:00,0.0,TB1 Rainfall 5 Minute Total F,mm
2017-04-25,2017-04-25T11:14:59+08:00,2017-04-25T11:22:40+08:00,S112,Lim Chu Kang Road,S112,103.70131,1.43854,2017-04-25T11:22:40+08:00,0.0,TB1 Rainfall 5 Minute Total F,mm
2017-04-25,2017-04-25T11:14:59+08:00,2017-04-25T11:22:40+08:00,S113,Marine Parade Road,S113,103.91074,1.30655,2017-04-25T11:22:40+08:00,0.0,TB1 Rainfall 5 Minute Total F,mm
2017-04-25,2017-04-25T11:14:59+08:00,2017-04-25T11:22:40+08:00,S114,Choa Chu Kang Avenue 4,S114,103.73,1.38,2017-04-25T11:22:40+08:00,0.0,TB1 Rainfall 5 Minute Total F,mm
2017-04-25,2017-04-25T11:14:59+08:00,2017-04-25T11:22:40+08:00,S115,Tuas South Avenue 3,S115,103.61843,1.29377,2017-04-25T11:22:40+08:00,0.0,TB1 Rainfall 5 Minute Total F,mm
2017-04-25,2017-04-25T11:14:59+08:00,2017-04-25T11:22:40+08:00,S116,West Coast Highway,S116,103.754,1.281,2017-04-25T11:22:40+08:00,0.0,TB1 Rainfall 5 Minute Total F,mm
2017-04-25,2017-04-25T11:14:59+08:00,2017-04-25T11:22:40+08:00,S117,Banyan Road,S117,103.679,1.256,2017-04-25T11:22:40+08:00,0.0,TB1 Rainfall 5 Minute Total F,mm
2017-04-25,2017-04-25T11:14:59+08:00,2017-04-25T11:22:40+08:00,S119,Nicoll Highway,S119,103.8666,1.30105,2017-04-25T11:22:40+08:00,0.0,TB1 Rainfall 5 Minute Total F,mm
2017-04-25,2017-04-25T11:14:59+08:00,2017-04-25T11:22:40+08:00,S120,Holland Road,S120,103.818,1.30874,2017-04-25T11:22:40+08:00,0.0,TB1 Rainfall 5 Minute Total F,mm
2017-04-25,2017-04-25T11:14:59+08:00,2017-04-25T11:22:40+08:00,S122,Sembawang Road,S122,103.8249,1.41731,2017-04-25T11:22:40+08:00,0.0,TB1 Rainfall 5 Minute Total F,mm
2017-04-25,2017-04-25T11:14:59+08:00,2017-04-25T11:22:40+08:00,S123,Towner Road,S123,103.8577,1.3214,2017-04-25T11:22:40+08:00,0.0,TB1 Rainfall 5 Minute Total F,mm
2017-04-25,2017-04-25T11:14:59+08:00,2017-04-25T11:22:40+08:00,S24,Upper Changi Road North,S24,103.9826,1.3678,2017-04-25T11:22:40+08:00,0.0,TB1 Rainfall 5 Minute Total F,mm
2017-04-25,2017-04-25T11:14:59+08:00,2017-04-25T11:22:40+08:00,S29,Pasir Ris Drive 12,S29,103.935,1.387,2017-04-25T11:22:40+08:00,0.0,TB1 Rainfall 5 Minute Total F,mm
2017-04-25,2017-04-25T11:14:59+08:00,2017-04-25T11:22:40+08:00,S33,Jurong Pier Road,S33,103.71,1.3081,2017-04-25T11:22:40+08:00,0.0,TB1 Rainfall 5 Minute Total F,mm
2017-04-25,2017-04-25T11:14:59+08:00,2017-04-25T11:22:40+08:00,S35,Old Toh Tuck Road,S35,103.7556,1.3329,2017-04-25T11:22:40+08:00,0.0,TB1 Rainfall 5 Minute Total F,mm
2017-04-25,2017-04-25T11:14:59+08:00,2017-04-25T11:22:40+08:00,S43,Kim Chuan Road,S43,103.8878,1.3399,2017-04-25T11:22:40+08:00,0.0,TB1 Rainfall 5 Minute Total F,mm
2017-04-25,2017-04-25T11:14:59+08:00,2017-04-25T11:22:40+08:00,S46,Sime Road,S46,103.8106,1.3416,2017-04-25T11:22:40+08:00,0.0,TB1 Rainfall 5 Minute Total F,mm
2017-04-25,2017-04-25T11:14:59+08:00,2017-04-25T11:22:40+08:00,S50,Clementi Road,S50,103.7768,1.3337,2017-04-25T11:22:40+08:00,0.0,TB1 Rainfall 5 Minute Total F,mm
2017-04-25,2017-04-25T11:14:59+08:00,2017-04-25T11:22:40+08:00,S55,Buangkok Green,S55,103.886,1.3837,2017-04-25T11:22:40+08:00,0.0,TB1 Rainfall 5 Minute Total F,mm
2017-04-25,2017-04-25T11:14:59+08:00,2017-04-25T11:22:40+08:00,S61,Chai Chee Street,S61,103.9217,1.323,2017-04-25T11:22:40+08:00,0.0,TB1 Rainfall 5 Minute Total F,mm
2017-04-25,2017-04-25T11:14:59+08:00,2017-04-25T11:22:40+08:00,S63,International Road,S63,103.7042,1.3275,2017-04-25T11:22:40+08:00,0.0,TB1 Rainfall 5 Minute Total F,mm
2017-04-25,2017-04-25T11:14:59+08:00,2017-04-25T11:22:40+08:00,S64,Bukit Panjang Road,S64,103.7603,1.3824,2017-04-25T11:22:40+08:00,0.0,TB1 Rainfall 5 Minute Total F,mm
2017-04-25,2017-04-25T11:14:59+08:00,2017-04-25T11:22:40+08:00,S66,Kranji Way,S66,103.7363,1.4387,2017-04-25T11:22:40+08:00,0.0,TB1 Rainfall 5 Minute Total F,mm
2017-04-25,2017-04-25T11:14:59+08:00,2017-04-25T11:22:40+08:00,S71,Kent Ridge Road,S71,103.7815,1.2923,2017-04-25T11:22:40+08:00,0.0,TB1 Rainfall 5 Minute Total F,mm
2017-04-25,2017-04-25T11:14:59+08:00,2017-04-25T11:22:40+08:00,S77,Alexandra Road,S77,103.8125,1.2937,2017-04-25T11:22:40+08:00,0.0,TB1 Rainfall 5 Minute Total F,mm
2017-04-25,2017-04-25T11:14:59+08:00,2017-04-25T11:22:40+08:00,S78,Poole Road,S78,103.89067,1.30703,2017-04-25T11:22:40+08:00,0.0,TB1 Rainfall 5 Minute Total F,mm
2017-04-25,2017-04-25T11:14:59+08:00,2017-04-25T11:22:40+08:00,S79,Somerset Road,S79,103.8372,1.3004,2017-04-25T11:22:40+08:00,0.0,TB1 Rainfall 5 Minute Total F,mm
2017-04-25,2017-04-25T11:14:59+08:00,2017-04-25T11:22:40+08:00,S81,Punggol Central,S81,103.9092,1.4029,2017-04-25T11:22:40+08:00,0.0,TB1 Rainfall 5 Minute Total F,mm
2017-04-25,2017-04-25T11:14:59+08:00,2017-04-25T11:22:40+08:00,S84,Simei Avenue,S84,103.9444,1.3437,2017-04-25T11:22:40+08:00,0.0,TB1 Rainfall 5 Minute Total F,mm
2017-04-25,2017-04-25T11:14:59+08:00,2017-04-25T11:22:40+08:00,S88,Toa Payoh North,S88,103.8482,1.3427,2017-04-25T11:22:40+08:00,0.0,TB1 Rainfall 5 Minute Total F,mm
2017-04-25,2017-04-25T11:14:59+08:00,2017-04-25T11:22:40+08:00,S89,Tuas Road,S89,103.66162,1.31985,2017-04-25T11:22:40+08:00,0.0,TB1 Rainfall 5 Minute Total F,mm
2017-04-25,2017-04-25T11:14:59+08:00,2017-04-25T11:22:40+08:00,S900,Seletar Aerospace View,S900,103.86922,1.41284,2017-04-25T11:22:40+08:00,0.0,TB1 Rainfall 5 Minute Total F,mm
2017-04-25,2017-04-25T11:14:59+08:00,2017-04-25T11:22:40+08:00,S92,South Buona Vista Road,S92,103.7886,1.2841,2017-04-25T11:22:40+08:00,0.0,TB1 Rainfall 5 Minute Total F,mm
2017-04-25,2017-04-25T11:14:59+08:00,2017-04-25T11:22:40+08:00,S94,Pasir Ris Street 51,S94,103.9528,1.3662,2017-04-25T11:22:40+08:00,0.0,TB1 Rainfall 5 Minute Total F,mm
2017-04-25,2017-04-25T11:19:59+08:00,2017-04-25T11:27:39+08:00,S07,Lornie Road,S07,103.8334,1.3415,2017-04-25T11:27:39+08:00,0.0,TB1 Rainfall 5 Minute Total F,mm
2017-04-25,2017-04-25T11:19:59+08:00,2017-04-25T11:27:39+08:00,S08,Upper Thomson Road,S08,103.8271,1.3701,2017-04-25T11:27:39+08:00,0.0,TB1 Rainfall 5 Minute Total F,mm
2017-04-25,2017-04-25T11:19:59+08:00,2017-04-25T11:27:39+08:00,S100,Woodlands Road,S100,103.74855,1.4172,2017-04-25T11:27:39+08:00,0.0,TB1 Rainfall 5 Minute Total F,mm
2017-04-25,2017-04-25T11:19:59+08:00,2017-04-25T11:27:39+08:00,S101,Corporation Road,S101,103.7134,1.35053,2017-04-25T11:27:39+08:00,0.0,TB1 Rainfall 5 Minute Total F,mm
2017-04-25,2017-04-25T11:19:59+08:00,2017-04-25T11:27:39+08:00,S102,Semakau Landfill,S102,103.768,1.189,2017-04-25T11:27:39+08:00,0.0,TB1 Rainfall 5 Minute Total F,mm
2017-04-25,2017-04-25T11:19:59+08:00,2017-04-25T11:27:39+08:00,S104,Woodlands Avenue 9,S104,103.78538,1.44387,2017-04-25T11:27:39+08:00,0.0,TB1 Rainfall 5 Minute Total F,mm
2017-04-25,2017-04-25T11:19:59+08:00,2017-04-25T11:27:39+08:00,S106,Pulau Ubin,S106,103.9673,1.4168,2017-04-25T11:27:39+08:00,0.0,TB1 Rainfall 5 Minute Total F,mm
2017-04-25,2017-04-25T11:19:59+08:00,2017-04-25T11:27:39+08:00,S108,Marina Gardens Drive,S108,103.8703,1.2799,2017-04-25T11:27:39+08:00,0.0,TB1 Rainfall 5 Minute Total F,mm
2017-04-25,2017-04-25T11:19:59+08:00,2017-04-25T11:27:39+08:00,S109,Ang Mo Kio Avenue 5,S109,103.8492,1.3764,2017-04-25T11:27:39+08:00,0.0,TB1 Rainfall 5 Minute Total F,mm
2017-04-25,2017-04-25T11:19:59+08:00,2017-04-25T11:27:39+08:00,S11,Choa Chu Kang Road,S11,103.6938,1.3746,2017-04-25T11:27:39+08:00,0.0,TB1 Rainfall 5 Minute Total F,mm
2017-04-25,2017-04-25T11:19:59+08:00,2017-04-25T11:27:39+08:00,S112,Lim Chu Kang Road,S112,103.70131,1.43854,2017-04-25T11:27:39+08:00,0.0,TB1 Rainfall 5 Minute Total F,mm
2017-04-25,2017-04-25T11:19:59+08:00,2017-04-25T11:27:39+08:00,S113,Marine Parade Road,S113,103.91074,1.30655,2017-04-25T11:27:39+08:00,0.0,TB1 Rainfall 5 Minute Total F,mm
2017-04-25,2017-04-25T11:19:59+08:00,2017-04-25T11:27:39+08:00,S114,Choa Chu Kang Avenue 4,S114,103.73,1.38,2017-04-25T11:27:39+08:00,0.0,TB1 Rainfall 5 Minute Total F,mm
2017-04-25,2017-04-25T11:19:59+08:00,2017-04-25T11:27:39+08:00,S115,Tuas South Avenue 3,S115,103.61843,1.29377,2017-04-25T11:27:39+08:00,0.0,TB1 Rainfall 5 Minute Total F,mm
2017-04-25,2017-04-25T11:19:59+08:00,2017-04-25T11:27:39+08:00,S116,West Coast Highway,S116,103.754,1.281,2017-04-25T11:27:39+08:00,0.0,TB1 Rainfall 5 Minute Total F,mm
2017-04-25,2017-04-25T11:19:59+08:00,2017-04-25T11:27:39+08:00,S117,Banyan Road,S117,103.679,1.256,2017-04-25T11:27:39+08:00,0.0,TB1 Rainfall 5 Minute Total F,mm
2017-04-25,2017-04-25T11:19:59+08:00,2017-04-25T11:27:39+08:00,S119,Nicoll Highway,S119,103.8666,1.30105,2017-04-25T11:27:39+08:00,0.2,TB1 Rainfall 5 Minute Total F,mm
2017-04-25,2017-04-25T11:19:59+08:00,2017-04-25T11:27:39+08:00,S120,Holland Road,S120,103.818,1.30874,2017-04-25T11:27:39+08:00,0.0,TB1 Rainfall 5 Minute Total F,mm
2017-04-25,2017-04-25T11:19:59+08:00,2017-04-25T11:27:39+08:00,S122,Sembawang Road,S122,103.8249,1.41731,2017-04-25T11:27:39+08:00,0.0,TB1 Rainfall 5 Minute Total F,mm
2017-04-25,2017-04-25T11:19:59+08:00,2017-04-25T11:27:39+08:00,S123,Towner Road,S123,103.8577,1.3214,2017-04-25T11:27:39+08:00,0.0,TB1 Rainfall 5 Minute Total F,mm
2017-04-25,2017-04-25T11:19:59+08:00,2017-04-25T11:27:39+08:00,S24,Upper Changi Road North,S24,103.9826,1.3678,2017-04-25T11:27:39+08:00,0.0,TB1 Rainfall 5 Minute Total F,mm
2017-04-25,2017-04-25T11:19:59+08:00,2017-04-25T11:27:39+08:00,S29,Pasir Ris Drive 12,S29,103.935,1.387,2017-04-25T11:27:39+08:00,0.0,TB1 Rainfall 5 Minute Total F,mm
2017-04-25,2017-04-25T11:19:59+08:00,2017-04-25T11:27:39+08:00,S33,Jurong Pier Road,S33,103.71,1.3081,2017-04-25T11:27:39+08:00,0.0,TB1 Rainfall 5 Minute Total F,mm
2017-04-25,2017-04-25T11:19:59+08:00,2017-04-25T11:27:39+08:00,S35,Old Toh Tuck Road,S35,103.7556,1.3329,2017-04-25T11:27:39+08:00,0.0,TB1 Rainfall 5 Minute Total F,mm
2017-04-25,2017-04-25T11:19:59+08:00,2017-04-25T11:27:39+08:00,S43,Kim Chuan Road,S43,103.8878,1.3399,2017-04-25T11:27:39+08:00,0.0,TB1 Rainfall 5 Minute Total F,mm
2017-04-25,2017-04-25T11:19:59+08:00,2017-04-25T11:27:39+08:00,S46,Sime Road,S46,103.8106,1.3416,2017-04-25T11:27:39+08:00,0.0,TB1 Rainfall 5 Minute Total F,mm
2017-04-25,2017-04-25T11:19:59+08:00,2017-04-25T11:27:39+08:00,S50,Clementi Road,S50,103.7768,1.3337,2017-04-25T11:27:39+08:00,0.0,TB1 Rainfall 5 Minute Total F,mm
2017-04-25,2017-04-25T11:19:59+08:00,2017-04-25T11:27:39+08:00,S55,Buangkok Green,S55,103.886,1.3837,2017-04-25T11:27:39+08:00,0.0,TB1 Rainfall 5 Minute Total F,mm
2017-04-25,2017-04-25T11:19:59+08:00,2017-04-25T11:27:39+08:00,S61,Chai Chee Street,S61,103.9217,1.323,2017-04-25T11:27:39+08:00,0.0,TB1 Rainfall 5 Minute Total F,mm
2017-04-25,2017-04-25T11:19:59+08:00,2017-04-25T11:27:39+08:00,S63,International Road,S63,103.7042,1.3275,2017-04-25T11:27:39+08:00,0.0,TB1 Rainfall 5 Minute Total F,mm
2017-04-25,2017-04-25T11:19:59+08:00,2017-04-25T11:27:39+08:00,S64,Bukit Panjang Road,S64,103.7603,1.3824,2017-04-25T11:27:39+08:00,0.0,TB1 Rainfall 5 Minute Total F,mm
2017-04-25,2017-04-25T11:19:59+08:00,2017-04-25T11:27:39+08:00,S66,Kranji Way,S66,103.7363,1.4387,2017-04-25T11:27:39+08:00,0.0,TB1 Rainfall 5 Minute Total F,mm
2017-04-25,2017-04-25T11:19:59+08:00,2017-04-25T11:27:39+08:00,S71,Kent Ridge Road,S71,103.7815,1.2923,2017-04-25T11:27:39+08:00,0.0,TB1 Rainfall 5 Minute Total F,mm
2017-04-25,2017-04-25T11:19:59+08:00,2017-04-25T11:27:39+08:00,S77,Alexandra Road,S77,103.8125,1.2937,2017-04-25T11:27:39+08:00,0.0,TB1 Rainfall 5 Minute Total F,mm
2017-04-25,2017-04-25T11:19:59+08:00,2017-04-25T11:27:39+08:00,S78,Poole Road,S78,103.89067,1.30703,2017-04-25T11:27:39+08:00,0.0,TB1 Rainfall 5 Minute Total F,mm
2017-04-25,2017-04-25T11:19:59+08:00,2017-04-25T11:27:39+08:00,S79,Somerset Road,S79,103.8372,1.3004,2017-04-25T11:27:39+08:00,0.0,TB1 Rainfall 5 Minute Total F,mm
2017-04-25,2017-04-25T11:19:59+08:00,2017-04-25T11:27:39+08:00,S81,Punggol Central,S81,103.9092,1.4029,2017-04-25T11:27:39+08:00,0.0,TB1 Rainfall 5 Minute Total F,mm
2017-04-25,2017-04-25T11:19:59+08:00,2017-04-25T11:27:39+08:00,S84,Simei Avenue,S84,103.9444,1.3437,2017-04-25T11:27:39+08:00,0.0,TB1 Rainfall 5 Minute Total F,mm
2017-04-25,2017-04-25T11:19:59+08:00,2017-04-25T11:27:39+08:00,S88,Toa Payoh North,S88,103.8482,1.3427,2017-04-25T11:27:39+08:00,0.0,TB1 Rainfall 5 Minute Total F,mm
2017-04-25,2017-04-25T11:19:59+08:00,2017-04-25T11:27:39+08:00,S89,Tuas Road,S89,103.66162,1.31985,2017-04-25T11:27:39+08:00,0.0,TB1 Rainfall 5 Minute Total F,mm
2017-04-25,2017-04-25T11:19:59+08:00,2017-04-25T11:27:39+08:00,S900,Seletar Aerospace View,S900,103.86922,1.41284,2017-04-25T11:27:39+08:00,0.0,TB1 Rainfall 5 Minute Total F,mm
2017-04-25,2017-04-25T11:19:59+08:00,2017-04-25T11:27:39+08:00,S92,South Buona Vista Road,S92,103.7886,1.2841,2017-04-25T11:27:39+08:00,0.0,TB1 Rainfall 5 Minute Total F,mm
2017-04-25,2017-04-25T11:19:59+08:00,2017-04-25T11:27:39+08:00,S94,Pasir Ris Street 51,S94,103.9528,1.3662,2017-04-25T11:27:39+08:00,0.0,TB1 Rainfall 5 Minute Total F,mm
2017-04-25,2017-04-25T11:20:00+08:00,2017-04-25T11:37:55+08:00,S07,Lornie Road,S07,103.8334,1.3415,2017-04-25T11:37:55+08:00,0.0,TB1 Rainfall 5 Minute Total F,mm
2017-04-25,2017-04-25T11:20:00+08:00,2017-04-25T11:37:55+08:00,S08,Upper Thomson Road,S08,103.8271,1.3701,2017-04-25T11:37:55+08:00,0.0,TB1 Rainfall 5 Minute Total F,mm
2017-04-25,2017-04-25T11:20:00+08:00,2017-04-25T11:37:55+08:00,S100,Woodlands Road,S100,103.74855,1.4172,2017-04-25T11:37:55+08:00,0.0,TB1 Rainfall 5 Minute Total F,mm
2017-04-25,2017-04-25T11:20:00+08:00,2017-04-25T11:37:55+08:00,S101,Corporation Road,S101,103.7134,1.35053,2017-04-25T11:37:55+08:00,0.0,TB1 Rainfall 5 Minute Total F,mm
2017-04-25,2017-04-25T11:20:00+08:00,2017-04-25T11:37:55+08:00,S102,Semakau Landfill,S102,103.768,1.189,2017-04-25T11:37:55+08:00,0.0,TB1 Rainfall 5 Minute Total F,mm
2017-04-25,2017-04-25T11:20:00+08:00,2017-04-25T11:37:55+08:00,S104,Woodlands Avenue 9,S104,103.78538,1.44387,2017-04-25T11:37:55+08:00,0.0,TB1 Rainfall 5 Minute Total F,mm
2017-04-25,2017-04-25T11:20:00+08:00,2017-04-25T11:37:55+08:00,S106,Pulau Ubin,S106,103.9673,1.4168,2017-04-25T11:37:55+08:00,0.0,TB1 Rainfall 5 Minute Total F,mm
2017-04-25,2017-04-25T11:20:00+08:00,2017-04-25T11:37:55+08:00,S108,Marina Gardens Drive,S108,103.8703,1.2799,2017-04-25T11:37:55+08:00,0.0,TB1 Rainfall 5 Minute Total F,mm
2017-04-25,2017-04-25T11:20:00+08:00,2017-04-25T11:37:55+08:00,S109,Ang Mo Kio Avenue 5,S109,103.8492,1.3764,2017-04-25T11:37:55+08:00,0.0,TB1 Rainfall 5 Minute Total F,mm
2017-04-25,2017-04-25T11:20:00+08:00,2017-04-25T11:37:55+08:00,S11,Choa Chu Kang Road,S11,103.6938,1.3746,2017-04-25T11:37:55+08:00,0.0,TB1 Rainfall 5 Minute Total F,mm
2017-04-25,2017-04-25T11:20:00+08:00,2017-04-25T11:37:55+08:00,S112,Lim Chu Kang Road,S112,103.70131,1.43854,2017-04-25T11:37:55+08:00,0.0,TB1 Rainfall 5 Minute Total F,mm
2017-04-25,2017-04-25T11:20:00+08:00,2017-04-25T11:37:55+08:00,S113,Marine Parade Road,S113,103.9104,1.30648,2017-04-25T11:37:55+08:00,0.0,TB1 Rainfall 5 Minute Total F,mm
2017-04-25,2017-04-25T11:20:00+08:00,2017-04-25T11:37:55+08:00,S114,Choa Chu Kang Avenue 4,S114,103.73,1.38,2017-04-25T11:37:55+08:00,0.0,TB1 Rainfall 5 Minute Total F,mm
2017-04-25,2017-04-25T11:20:00+08:00,2017-04-25T11:37:55+08:00,S115,Tuas South Avenue 3,S115,103.61843,1.29377,2017-04-25T11:37:55+08:00,0.0,TB1 Rainfall 5 Minute Total F,mm
2017-04-25,2017-04-25T11:20:00+08:00,2017-04-25T11:37:55+08:00,S116,West Coast Highway,S116,103.754,1.281,2017-04-25T11:37:55+08:00,0.0,TB1 Rainfall 5 Minute Total F,mm
2017-04-25,2017-04-25T11:20:00+08:00,2017-04-25T11:37:55+08:00,S117,Banyan Road,S117,103.679,1.256,2017-04-25T11:37:55+08:00,0.0,TB1 Rainfall 5 Minute Total F,mm
2017-04-25,2017-04-25T11:20:00+08:00,2017-04-25T11:37:55+08:00,S119,Nicoll Highway,S119,103.8666,1.30105,2017-04-25T11:37:55+08:00,0.2,TB1 Rainfall 5 Minute Total F,mm
2017-04-25,2017-04-25T11:20:00+08:00,2017-04-25T11:37:55+08:00,S120,Holland Road,S120,103.818,1.30874,2017-04-25T11:37:55+08:00,0.0,TB1 Rainfall 5 Minute Total F,mm
2017-04-25,2017-04-25T11:20:00+08:00,2017-04-25T11:37:55+08:00,S122,Sembawang Road,S122,103.8249,1.41731,2017-04-25T11:37:55+08:00,0.0,TB1 Rainfall 5 Minute Total F,mm
2017-04-25,2017-04-25T11:20:00+08:00,2017-04-25T11:37:55+08:00,S123,Towner Road,S123,103.8577,1.3214,2017-04-25T11:37:55+08:00,0.0,TB1 Rainfall 5 Minute Total F,mm
2017-04-25,2017-04-25T11:20:00+08:00,2017-04-25T11:37:55+08:00,S24,Upper Changi Road North,S24,103.9826,1.3678,2017-04-25T11:37:55+08:00,0.0,TB1 Rainfall 5 Minute Total F,mm
2017-04-25,2017-04-25T11:20:00+08:00,2017-04-25T11:37:55+08:00,S29,Pasir Ris Drive 12,S29,103.935,1.387,2017-04-25T11:37:55+08:00,0.0,TB1 Rainfall 5 Minute Total F,mm
2017-04-25,2017-04-25T11:20:00+08:00,2017-04-25T11:37:55+08:00,S33,Jurong Pier Road,S33,103.71,1.3081,2017-04-25T11:37:55+08:00,0.0,TB1 Rainfall 5 Minute Total F,mm
2017-04-25,2017-04-25T11:20:00+08:00,2017-04-25T11:37:55+08:00,S35,Old Toh Tuck Road,S35,103.7556,1.3329,2017-04-25T11:37:55+08:00,0.0,TB1 Rainfall 5 Minute Total F,mm
2017-04-25,2017-04-25T11:20:00+08:00,2017-04-25T11:37:55+08:00,S43,Kim Chuan Road,S43,103.8878,1.3399,2017-04-25T11:37:55+08:00,0.0,TB1 Rainfall 5 Minute Total F,mm
2017-04-25,2017-04-25T11:20:00+08:00,2017-04-25T11:37:55+08:00,S46,Sime Road,S46,103.8106,1.3416,2017-04-25T11:37:55+08:00,0.0,TB1 Rainfall 5 Minute Total F,mm
2017-04-25,2017-04-25T11:20:00+08:00,2017-04-25T11:37:55+08:00,S50,Clementi Road,S50,103.7768,1.3337,2017-04-25T11:37:55+08:00,0.0,TB1 Rainfall 5 Minute Total F,mm
2017-04-25,2017-04-25T11:20:00+08:00,2017-04-25T11:37:55+08:00,S55,Buangkok Green,S55,103.886,1.3837,2017-04-25T11:37:55+08:00,0.0,TB1 Rainfall 5 Minute Total F,mm
2017-04-25,2017-04-25T11:20:00+08:00,2017-04-25T11:37:55+08:00,S61,Chai Chee Street,S61,103.9217,1.323,2017-04-25T11:37:55+08:00,0.0,TB1 Rainfall 5 Minute Total F,mm
2017-04-25,2017-04-25T11:20:00+08:00,2017-04-25T11:37:55+08:00,S63,International Road,S63,103.7042,1.3275,2017-04-25T11:37:55+08:00,0.0,TB1 Rainfall 5 Minute Total F,mm
2017-04-25,2017-04-25T11:20:00+08:00,2017-04-25T11:37:55+08:00,S64,Bukit Panjang Road,S64,103.7603,1.3824,2017-04-25T11:37:55+08:00,0.0,TB1 Rainfall 5 Minute Total F,mm
2017-04-25,2017-04-25T11:20:00+08:00,2017-04-25T11:37:55+08:00,S66,Kranji Way,S66,103.7363,1.4387,2017-04-25T11:37:55+08:00,0.0,TB1 Rainfall 5 Minute Total F,mm
2017-04-25,2017-04-25T11:20:00+08:00,2017-04-25T11:37:55+08:00,S71,Kent Ridge Road,S71,103.7815,1.2923,2017-04-25T11:37:55+08:00,0.0,TB1 Rainfall 5 Minute Total F,mm
2017-04-25,2017-04-25T11:20:00+08:00,2017-04-25T11:37:55+08:00,S77,Alexandra Road,S77,103.8125,1.2937,2017-04-25T11:37:55+08:00,0.0,TB1 Rainfall 5 Minute Total F,mm
2017-04-25,2017-04-25T11:20:00+08:00,2017-04-25T11:37:55+08:00,S78,Poole Road,S78,103.89067,1.30703,2017-04-25T11:37:55+08:00,0.0,TB1 Rainfall 5 Minute Total F,mm
2017-04-25,2017-04-25T11:20:00+08:00,2017-04-25T11:37:55+08:00,S79,Somerset Road,S79,103.8372,1.3004,2017-04-25T11:37:55+08:00,0.0,TB1 Rainfall 5 Minute Total F,mm
2017-04-25,2017-04-25T11:20:00+08:00,2017-04-25T11:37:55+08:00,S81,Punggol Central,S81,103.9092,1.4029,2017-04-25T11:37:55+08:00,0.0,TB1 Rainfall 5 Minute Total F,mm
2017-04-25,2017-04-25T11:20:00+08:00,2017-04-25T11:37:55+08:00,S84,Simei Avenue,S84,103.9444,1.3437,2017-04-25T11:37:55+08:00,0.0,TB1 Rainfall 5 Minute Total F,mm
2017-04-25,2017-04-25T11:20:00+08:00,2017-04-25T11:37:55+08:00,S88,Toa Payoh North,S88,103.8482,1.3427,2017-04-25T11:37:55+08:00,0.0,TB1 Rainfall 5 Minute Total F,mm
2017-04-25,2017-04-25T11:20:00+08:00,2017-04-25T11:37:55+08:00,S89,Tuas Road,S89,103.66162,1.31985,2017-04-25T11:37:55+08:00,0.0,TB1 Rainfall 5 Minute Total F,mm
2017-04-25,2017-04-25T11:20:00+08:00,2017-04-25T11:37:55+08:00,S900,Seletar Aerospace View,S900,103.86922,1.41284,2017-04-25T11:37:55+08:00,0.0,TB1 Rainfall 5 Minute Total F,mm
2017-04-25,2017-04-25T11:20:00+08:00,2017-04-25T11:37:55+08:00,S92,South Buona Vista Road,S92,103.7886,1.2841,2017-04-25T11:37:55+08:00,0.0,TB1 Rainfall 5 Minute Total F,mm
2017-04-25,2017-04-25T11:20:00+08:00,2017-04-25T11:37:55+08:00,S94,Pasir Ris Street 51,S94,103.9528,1.3662,2017-04-25T11:37:55+08:00,0.0,TB1 Rainfall 5 Minute Total F,mm
2017-04-25,2017-04-25T11:24:59+08:00,2017-04-25T11:32:38+08:00,S07,Lornie Road,S07,103.8334,1.3415,2017-04-25T11:32:38+08:00,0.0,TB1 Rainfall 5 Minute Total F,mm
2017-04-25,2017-04-25T11:24:59+08:00,2017-04-25T11:32:38+08:00,S08,Upper Thomson Road,S08,103.8271,1.3701,2017-04-25T11:32:38+08:00,0.0,TB1 Rainfall 5 Minute Total F,mm
2017-04-25,2017-04-25T11:24:59+08:00,2017-04-25T11:32:38+08:00,S100,Woodlands Road,S100,103.74855,1.4172,2017-04-25T11:32:38+08:00,0.0,TB1 Rainfall 5 Minute Total F,mm
2017-04-25,2017-04-25T11:24:59+08:00,2017-04-25T11:32:38+08:00,S101,Corporation Road,S101,103.7134,1.35053,2017-04-25T11:32:38+08:00,0.0,TB1 Rainfall 5 Minute Total F,mm
2017-04-25,2017-04-25T11:24:59+08:00,2017-04-25T11:32:38+08:00,S102,Semakau Landfill,S102,103.768,1.189,2017-04-25T11:32:38+08:00,0.0,TB1 Rainfall 5 Minute Total F,mm
2017-04-25,2017-04-25T11:24:59+08:00,2017-04-25T11:32:38+08:00,S104,Woodlands Avenue 9,S104,103.78538,1.44387,2017-04-25T11:32:38+08:00,0.0,TB1 Rainfall 5 Minute Total F,mm
2017-04-25,2017-04-25T11:24:59+08:00,2017-04-25T11:32:38+08:00,S106,Pulau Ubin,S106,103.9673,1.4168,2017-04-25T11:32:38+08:00,0.0,TB1 Rainfall 5 Minute Total F,mm
2017-04-25,2017-04-25T11:24:59+08:00,2017-04-25T11:32:38+08:00,S108,Marina Gardens Drive,S108,103.8703,1.2799,2017-04-25T11:32:38+08:00,0.0,TB1 Rainfall 5 Minute Total F,mm
2017-04-25,2017-04-25T11:24:59+08:00,2017-04-25T11:32:38+08:00,S109,Ang Mo Kio Avenue 5,S109,103.8492,1.3764,2017-04-25T11:32:38+08:00,0.0,TB1 Rainfall 5 Minute Total F,mm
2017-04-25,2017-04-25T11:24:59+08:00,2017-04-25T11:32:38+08:00,S11,Choa Chu Kang Road,S11,103.6938,1.3746,2017-04-25T11:32:38+08:00,0.0,TB1 Rainfall 5 Minute Total F,mm
2017-04-25,2017-04-25T11:24:59+08:00,2017-04-25T11:32:38+08:00,S112,Lim Chu Kang Road,S112,103.70131,1.43854,2017-04-25T11:32:38+08:00,0.0,TB1 Rainfall 5 Minute Total F,mm
2017-04-25,2017-04-25T11:24:59+08:00,2017-04-25T11:32:38+08:00,S113,Marine Parade Road,S113,103.91074,1.30655,2017-04-25T11:32:38+08:00,0.0,TB1 Rainfall 5 Minute Total F,mm
2017-04-25,2017-04-25T11:24:59+08:00,2017-04-25T11:32:38+08:00,S114,Choa Chu Kang Avenue 4,S114,103.73,1.38,2017-04-25T11:32:38+08:00,0.0,TB1 Rainfall 5 Minute Total F,mm
2017-04-25,2017-04-25T11:24:59+08:00,2017-04-25T11:32:38+08:00,S115,Tuas South Avenue 3,S115,103.61843,1.29377,2017-04-25T11:32:38+08:00,0.0,TB1 Rainfall 5 Minute Total F,mm
2017-04-25,2017-04-25T11:24:59+08:00,2017-04-25T11:32:38+08:00,S116,West Coast Highway,S116,103.754,1.281,2017-04-25T11:32:38+08:00,0.0,TB1 Rainfall 5 Minute Total F,mm
2017-04-25,2017-04-25T11:24:59+08:00,2017-04-25T11:32:38+08:00,S117,Banyan Road,S117,103.679,1.256,2017-04-25T11:32:38+08:00,0.0,TB1 Rainfall 5 Minute Total F,mm
2017-04-25,2017-04-25T11:24:59+08:00,2017-04-25T11:32:38+08:00,S119,Nicoll Highway,S119,103.8666,1.30105,2017-04-25T11:32:38+08:00,0.2,TB1 Rainfall 5 Minute Total F,mm
2017-04-25,2017-04-25T11:24:59+08:00,2017-04-25T11:32:38+08:00,S120,Holland Road,S120,103.818,1.30874,2017-04-25T11:32:38+08:00,0.0,TB1 Rainfall 5 Minute Total F,mm
2017-04-25,2017-04-25T11:24:59+08:00,2017-04-25T11:32:38+08:00,S122,Sembawang Road,S122,103.8249,1.41731,2017-04-25T11:32:38+08:00,0.0,TB1 Rainfall 5 Minute Total F,mm
2017-04-25,2017-04-25T11:24:59+08:00,2017-04-25T11:32:38+08:00,S123,Towner Road,S123,103.8577,1.3214,2017-04-25T11:32:38+08:00,0.0,TB1 Rainfall 5 Minute Total F,mm
2017-04-25,2017-04-25T11:24:59+08:00,2017-04-25T11:32:38+08:00,S24,Upper Changi Road North,S24,103.9826,1.3678,2017-04-25T11:32:38+08:00,0.0,TB1 Rainfall 5 Minute Total F,mm
2017-04-25,2017-04-25T11:24:59+08:00,2017-04-25T11:32:38+08:00,S29,Pasir Ris Drive 12,S29,103.935,1.387,2017-04-25T11:32:38+08:00,0.0,TB1 Rainfall 5 Minute Total F,mm
2017-04-25,2017-04-25T11:24:59+08:00,2017-04-25T11:32:38+08:00,S33,Jurong Pier Road,S33,103.71,1.3081,2017-04-25T11:32:38+08:00,1.4,TB1 Rainfall 5 Minute Total F,mm
2017-04-25,2017-04-25T11:24:59+08:00,2017-04-25T11:32:38+08:00,S35,Old Toh Tuck Road,S35,103.7556,1.3329,2017-04-25T11:32:38+08:00,0.0,TB1 Rainfall 5 Minute Total F,mm
2017-04-25,2017-04-25T11:24:59+08:00,2017-04-25T11:32:38+08:00,S43,Kim Chuan Road,S43,103.8878,1.3399,2017-04-25T11:32:38+08:00,0.0,TB1 Rainfall 5 Minute Total F,mm
2017-04-25,2017-04-25T11:24:59+08:00,2017-04-25T11:32:38+08:00,S46,Sime Road,S46,103.8106,1.3416,2017-04-25T11:32:38+08:00,0.0,TB1 Rainfall 5 Minute Total F,mm
2017-04-25,2017-04-25T11:24:59+08:00,2017-04-25T11:32:38+08:00,S50,Clementi Road,S50,103.7768,1.3337,2017-04-25T11:32:38+08:00,0.0,TB1 Rainfall 5 Minute Total F,mm
2017-04-25,2017-04-25T11:24:59+08:00,2017-04-25T11:32:38+08:00,S55,Buangkok Green,S55,103.886,1.3837,2017-04-25T11:32:38+08:00,0.0,TB1 Rainfall 5 Minute Total F,mm
2017-04-25,2017-04-25T11:24:59+08:00,2017-04-25T11:32:38+08:00,S61,Chai Chee Street,S61,103.9217,1.323,2017-04-25T11:32:38+08:00,0.0,TB1 Rainfall 5 Minute Total F,mm
2017-04-25,2017-04-25T11:24:59+08:00,2017-04-25T11:32:38+08:00,S63,International Road,S63,103.7042,1.3275,2017-04-25T11:32:38+08:00,0.0,TB1 Rainfall 5 Minute Total F,mm
2017-04-25,2017-04-25T11:24:59+08:00,2017-04-25T11:32:38+08:00,S64,Bukit Panjang Road,S64,103.7603,1.3824,2017-04-25T11:32:38+08:00,0.0,TB1 Rainfall 5 Minute Total F,mm
2017-04-25,2017-04-25T11:24:59+08:00,2017-04-25T11:32:38+08:00,S66,Kranji Way,S66,103.7363,1.4387,2017-04-25T11:32:38+08:00,0.0,TB1 Rainfall 5 Minute Total F,mm
2017-04-25,2017-04-25T11:24:59+08:00,2017-04-25T11:32:38+08:00,S71,Kent Ridge Road,S71,103.7815,1.2923,2017-04-25T11:32:38+08:00,0.0,TB1 Rainfall 5 Minute Total F,mm
2017-04-25,2017-04-25T11:24:59+08:00,2017-04-25T11:32:38+08:00,S77,Alexandra Road,S77,103.8125,1.2937,2017-04-25T11:32:38+08:00,0.0,TB1 Rainfall 5 Minute Total F,mm
2017-04-25,2017-04-25T11:24:59+08:00,2017-04-25T11:32:38+08:00,S78,Poole Road,S78,103.89067,1.30703,2017-04-25T11:32:38+08:00,0.0,TB1 Rainfall 5 Minute Total F,mm
2017-04-25,2017-04-25T11:24:59+08:00,2017-04-25T11:32:38+08:00,S79,Somerset Road,S79,103.8372,1.3004,2017-04-25T11:32:38+08:00,0.0,TB1 Rainfall 5 Minute Total F,mm
2017-04-25,2017-04-25T11:24:59+08:00,2017-04-25T11:32:38+08:00,S81,Punggol Central,S81,103.9092,1.4029,2017-04-25T11:32:38+08:00,0.0,TB1 Rainfall 5 Minute Total F,mm
2017-04-25,2017-04-25T11:24:59+08:00,2017-04-25T11:32:38+08:00,S84,Simei Avenue,S84,103.9444,1.3437,2017-04-25T11:32:38+08:00,0.0,TB1 Rainfall 5 Minute Total F,mm
2017-04-25,2017-04-25T11:24:59+08:00,2017-04-25T11:32:38+08:00,S88,Toa Payoh North,S88,103.8482,1.3427,2017-04-25T11:32:38+08:00,0.0,TB1 Rainfall 5 Minute Total F,mm
2017-04-25,2017-04-25T11:24:59+08:00,2017-04-25T11:32:38+08:00,S89,Tuas Road,S89,103.66162,1.31985,2017-04-25T11:32:38+08:00,0.0,TB1 Rainfall 5 Minute Total F,mm
2017-04-25,2017-04-25T11:24:59+08:00,2017-04-25T11:32:38+08:00,S900,Seletar Aerospace View,S900,103.86922,1.41284,2017-04-25T11:32:38+08:00,0.0,TB1 Rainfall 5 Minute Total F,mm
2017-04-25,2017-04-25T11:24:59+08:00,2017-04-25T11:32:38+08:00,S92,South Buona Vista Road,S92,103.7886,1.2841,2017-04-25T11:32:38+08:00,0.0,TB1 Rainfall 5 Minute Total F,mm
2017-04-25,2017-04-25T11:24:59+08:00,2017-04-25T11:32:38+08:00,S94,Pasir Ris Street 51,S94,103.9528,1.3662,2017-04-25T11:32:38+08:00,0.0,TB1 Rainfall 5 Minute Total F,mm
2017-04-25,2017-04-25T11:25:00+08:00,2017-04-25T11:37:55+08:00,S07,Lornie Road,S07,103.8334,1.3415,2017-04-25T11:37:55+08:00,0.0,TB1 Rainfall 5 Minute Total F,mm
2017-04-25,2017-04-25T11:25:00+08:00,2017-04-25T11:37:55+08:00,S08,Upper Thomson Road,S08,103.8271,1.3701,2017-04-25T11:37:55+08:00,0.0,TB1 Rainfall 5 Minute Total F,mm
2017-04-25,2017-04-25T11:25:00+08:00,2017-04-25T11:37:55+08:00,S100,Woodlands Road,S100,103.74855,1.4172,2017-04-25T11:37:55+08:00,0.0,TB1 Rainfall 5 Minute Total F,mm
2017-04-25,2017-04-25T11:25:00+08:00,2017-04-25T11:37:55+08:00,S101,Corporation Road,S101,103.7134,1.35053,2017-04-25T11:37:55+08:00,0.0,TB1 Rainfall 5 Minute Total F,mm
2017-04-25,2017-04-25T11:25:00+08:00,2017-04-25T11:37:55+08:00,S102,Semakau Landfill,S102,103.768,1.189,2017-04-25T11:37:55+08:00,0.0,TB1 Rainfall 5 Minute Total F,mm
2017-04-25,2017-04-25T11:25:00+08:00,2017-04-25T11:37:55+08:00,S104,Woodlands Avenue 9,S104,103.78538,1.44387,2017-04-25T11:37:55+08:00,0.0,TB1 Rainfall 5 Minute Total F,mm
2017-04-25,2017-04-25T11:25:00+08:00,2017-04-25T11:37:55+08:00,S106,Pulau Ubin,S106,103.9673,1.4168,2017-04-25T11:37:55+08:00,0.0,TB1 Rainfall 5 Minute Total F,mm
2017-04-25,2017-04-25T11:25:00+08:00,2017-04-25T11:37:55+08:00,S108,Marina Gardens Drive,S108,103.8703,1.2799,2017-04-25T11:37:55+08:00,0.0,TB1 Rainfall 5 Minute Total F,mm
2017-04-25,2017-04-25T11:25:00+08:00,2017-04-25T11:37:55+08:00,S109,Ang Mo Kio Avenue 5,S109,103.8492,1.3764,2017-04-25T11:37:55+08:00,0.0,TB1 Rainfall 5 Minute Total F,mm
2017-04-25,2017-04-25T11:25:00+08:00,2017-04-25T11:37:55+08:00,S11,Choa Chu Kang Road,S11,103.6938,1.3746,2017-04-25T11:37:55+08:00,0.0,TB1 Rainfall 5 Minute Total F,mm
2017-04-25,2017-04-25T11:25:00+08:00,2017-04-25T11:37:55+08:00,S112,Lim Chu Kang Road,S112,103.70131,1.43854,2017-04-25T11:37:55+08:00,0.0,TB1 Rainfall 5 Minute Total F,mm
2017-04-25,2017-04-25T11:25:00+08:00,2017-04-25T11:37:55+08:00,S113,Marine Parade Road,S113,103.9104,1.30648,2017-04-25T11:37:55+08:00,0.0,TB1 Rainfall 5 Minute Total F,mm
2017-04-25,2017-04-25T11:25:00+08:00,2017-04-25T11:37:55+08:00,S114,Choa Chu Kang Avenue 4,S114,103.73,1.38,2017-04-25T11:37:55+08:00,0.0,TB1 Rainfall 5 Minute Total F,mm
2017-04-25,2017-04-25T11:25:00+08:00,2017-04-25T11:37:55+08:00,S115,Tuas South Avenue 3,S115,103.61843,1.29377,2017-04-25T11:37:55+08:00,0.0,TB1 Rainfall 5 Minute Total F,mm
2017-04-25,2017-04-25T11:25:00+08:00,2017-04-25T11:37:55+08:00,S116,West Coast Highway,S116,103.754,1.281,2017-04-25T11:37:55+08:00,0.0,TB1 Rainfall 5 Minute Total F,mm
2017-04-25,2017-04-25T11:25:00+08:00,2017-04-25T11:37:55+08:00,S117,Banyan Road,S117,103.679,1.256,2017-04-25T11:37:55+08:00,0.0,TB1 Rainfall 5 Minute Total F,mm
2017-04-25,2017-04-25T11:25:00+08:00,2017-04-25T11:37:55+08:00,S119,Nicoll Highway,S119,103.8666,1.30105,2017-04-25T11:37:55+08:00,0.2,TB1 Rainfall 5 Minute Total F,mm
2017-04-25,2017-04-25T11:25:00+08:00,2017-04-25T11:37:55+08:00,S120,Holland Road,S120,103.818,1.30874,2017-04-25T11:37:55+08:00,0.0,TB1 Rainfall 5 Minute Total F,mm
2017-04-25,2017-04-25T11:25:00+08:00,2017-04-25T11:37:55+08:00,S122,Sembawang Road,S122,103.8249,1.41731,2017-04-25T11:37:55+08:00,0.0,TB1 Rainfall 5 Minute Total F,mm
2017-04-25,2017-04-25T11:25:00+08:00,2017-04-25T11:37:55+08:00,S123,Towner Road,S123,103.8577,1.3214,2017-04-25T11:37:55+08:00,0.0,TB1 Rainfall 5 Minute Total F,mm
2017-04-25,2017-04-25T11:25:00+08:00,2017-04-25T11:37:55+08:00,S24,Upper Changi Road North,S24,103.9826,1.3678,2017-04-25T11:37:55+08:00,0.0,TB1 Rainfall 5 Minute Total F,mm
2017-04-25,2017-04-25T11:25:00+08:00,2017-04-25T11:37:55+08:00,S29,Pasir Ris Drive 12,S29,103.935,1.387,2017-04-25T11:37:55+08:00,0.0,TB1 Rainfall 5 Minute Total F,mm
2017-04-25,2017-04-25T11:25:00+08:00,2017-04-25T11:37:55+08:00,S33,Jurong Pier Road,S33,103.71,1.3081,2017-04-25T11:37:55+08:00,1.4,TB1 Rainfall 5 Minute Total F,mm
2017-04-25,2017-04-25T11:25:00+08:00,2017-04-25T11:37:55+08:00,S35,Old Toh Tuck Road,S35,103.7556,1.3329,2017-04-25T11:37:55+08:00,0.0,TB1 Rainfall 5 Minute Total F,mm
2017-04-25,2017-04-25T11:25:00+08:00,2017-04-25T11:37:55+08:00,S43,Kim Chuan Road,S43,103.8878,1.3399,2017-04-25T11:37:55+08:00,0.0,TB1 Rainfall 5 Minute Total F,mm
2017-04-25,2017-04-25T11:25:00+08:00,2017-04-25T11:37:55+08:00,S46,Sime Road,S46,103.8106,1.3416,2017-04-25T11:37:55+08:00,0.0,TB1 Rainfall 5 Minute Total F,mm
2017-04-25,2017-04-25T11:25:00+08:00,2017-04-25T11:37:55+08:00,S50,Clementi Road,S50,103.7768,1.3337,2017-04-25T11:37:55+08:00,0.0,TB1 Rainfall 5 Minute Total F,mm
2017-04-25,2017-04-25T11:25:00+08:00,2017-04-25T11:37:55+08:00,S55,Buangkok Green,S55,103.886,1.3837,2017-04-25T11:37:55+08:00,0.0,TB1 Rainfall 5 Minute Total F,mm
2017-04-25,2017-04-25T11:25:00+08:00,2017-04-25T11:37:55+08:00,S61,Chai Chee Street,S61,103.9217,1.323,2017-04-25T11:37:55+08:00,0.0,TB1 Rainfall 5 Minute Total F,mm
2017-04-25,2017-04-25T11:25:00+08:00,2017-04-25T11:37:55+08:00,S63,International Road,S63,103.7042,1.3275,2017-04-25T11:37:55+08:00,0.0,TB1 Rainfall 5 Minute Total F,mm
2017-04-25,2017-04-25T11:25:00+08:00,2017-04-25T11:37:55+08:00,S64,Bukit Panjang Road,S64,103.7603,1.3824,2017-04-25T11:37:55+08:00,0.0,TB1 Rainfall 5 Minute Total F,mm
2017-04-25,2017-04-25T11:25:00+08:00,2017-04-25T11:37:55+08:00,S66,Kranji Way,S66,103.7363,1.4387,2017-04-25T11:37:55+08:00,0.0,TB1 Rainfall 5 Minute Total F,mm
2017-04-25,2017-04-25T11:25:00+08:00,2017-04-25T11:37:55+08:00,S71,Kent Ridge Road,S71,103.7815,1.2923,2017-04-25T11:37:55+08:00,0.0,TB1 Rainfall 5 Minute Total F,mm
2017-04-25,2017-04-25T11:25:00+08:00,2017-04-25T11:37:55+08:00,S77,Alexandra Road,S77,103.8125,1.2937,2017-04-25T11:37:55+08:00,0.0,TB1 Rainfall 5 Minute Total F,mm
2017-04-25,2017-04-25T11:25:00+08:00,2017-04-25T11:37:55+08:00,S78,Poole Road,S78,103.89067,1.30703,2017-04-25T11:37:55+08:00,0.0,TB1 Rainfall 5 Minute Total F,mm
2017-04-25,2017-04-25T11:25:00+08:00,2017-04-25T11:37:55+08:00,S79,Somerset Road,S79,103.8372,1.3004,2017-04-25T11:37:55+08:00,0.0,TB1 Rainfall 5 Minute Total F,mm
2017-04-25,2017-04-25T11:25:00+08:00,2017-04-25T11:37:55+08:00,S81,Punggol Central,S81,103.9092,1.4029,2017-04-25T11:37:55+08:00,0.0,TB1 Rainfall 5 Minute Total F,mm
2017-04-25,2017-04-25T11:25:00+08:00,2017-04-25T11:37:55+08:00,S84,Simei Avenue,S84,103.9444,1.3437,2017-04-25T11:37:55+08:00,0.0,TB1 Rainfall 5 Minute Total F,mm
2017-04-25,2017-04-25T11:25:00+08:00,2017-04-25T11:37:55+08:00,S88,Toa Payoh North,S88,103.8482,1.3427,2017-04-25T11:37:55+08:00,0.0,TB1 Rainfall 5 Minute Total F,mm
2017-04-25,2017-04-25T11:25:00+08:00,2017-04-25T11:37:55+08:00,S89,Tuas Road,S89,103.66162,1.31985,2017-04-25T11:37:55+08:00,0.0,TB1 Rainfall 5 Minute Total F,mm
2017-04-25,2017-04-25T11:25:00+08:00,2017-04-25T11:37:55+08:00,S900,Seletar Aerospace View,S900,103.86922,1.41284,2017-04-25T11:37:55+08:00,0.0,TB1 Rainfall 5 Minute Total F,mm
2017-04-25,2017-04-25T11:25:00+08:00,2017-04-25T11:37:55+08:00,S92,South Buona Vista Road,S92,103.7886,1.2841,2017-04-25T11:37:55+08:00,0.0,TB1 Rainfall 5 Minute Total F,mm
2017-04-25,2017-04-25T11:25:00+08:00,2017-04-25T11:37:55+08:00,S94,Pasir Ris Street 51,S94,103.9528,1.3662,2017-04-25T11:37:55+08:00,0.0,TB1 Rainfall 5 Minute Total F,mm
2017-04-25,2017-04-25T11:30:00+08:00,2017-04-25T11:37:55+08:00,S07,Lornie Road,S07,103.8334,1.3415,2017-04-25T11:37:55+08:00,0.0,TB1 Rainfall 5 Minute Total F,mm
2017-04-25,2017-04-25T11:30:00+08:00,2017-04-25T11:37:55+08:00,S08,Upper Thomson Road,S08,103.8271,1.3701,2017-04-25T11:37:55+08:00,0.0,TB1 Rainfall 5 Minute Total F,mm
2017-04-25,2017-04-25T11:30:00+08:00,2017-04-25T11:37:55+08:00,S100,Woodlands Road,S100,103.74855,1.4172,2017-04-25T11:37:55+08:00,0.0,TB1 Rainfall 5 Minute Total F,mm
2017-04-25,2017-04-25T11:30:00+08:00,2017-04-25T11:37:55+08:00,S101,Corporation Road,S101,103.7134,1.35053,2017-04-25T11:37:55+08:00,0.0,TB1 Rainfall 5 Minute Total F,mm
2017-04-25,2017-04-25T11:30:00+08:00,2017-04-25T11:37:55+08:00,S102,Semakau Landfill,S102,103.768,1.189,2017-04-25T11:37:55+08:00,0.0,TB1 Rainfall 5 Minute Total F,mm
2017-04-25,2017-04-25T11:30:00+08:00,2017-04-25T11:37:55+08:00,S104,Woodlands Avenue 9,S104,103.78538,1.44387,2017-04-25T11:37:55+08:00,0.0,TB1 Rainfall 5 Minute Total F,mm
2017-04-25,2017-04-25T11:30:00+08:00,2017-04-25T11:37:55+08:00,S106,Pulau Ubin,S106,103.9673,1.4168,2017-04-25T11:37:55+08:00,0.0,TB1 Rainfall 5 Minute Total F,mm
2017-04-25,2017-04-25T11:30:00+08:00,2017-04-25T11:37:55+08:00,S108,Marina Gardens Drive,S108,103.8703,1.2799,2017-04-25T11:37:55+08:00,0.0,TB1 Rainfall 5 Minute Total F,mm
2017-04-25,2017-04-25T11:30:00+08:00,2017-04-25T11:37:55+08:00,S109,Ang Mo Kio Avenue 5,S109,103.8492,1.3764,2017-04-25T11:37:55+08:00,0.0,TB1 Rainfall 5 Minute Total F,mm
2017-04-25,2017-04-25T11:30:00+08:00,2017-04-25T11:37:55+08:00,S11,Choa Chu Kang Road,S11,103.6938,1.3746,2017-04-25T11:37:55+08:00,0.0,TB1 Rainfall 5 Minute Total F,mm
2017-04-25,2017-04-25T11:30:00+08:00,2017-04-25T11:37:55+08:00,S112,Lim Chu Kang Road,S112,103.70131,1.43854,2017-04-25T11:37:55+08:00,0.0,TB1 Rainfall 5 Minute Total F,mm
2017-04-25,2017-04-25T11:30:00+08:00,2017-04-25T11:37:55+08:00,S113,Marine Parade Road,S113,103.9104,1.30648,2017-04-25T11:37:55+08:00,0.0,TB1 Rainfall 5 Minute Total F,mm
2017-04-25,2017-04-25T11:30:00+08:00,2017-04-25T11:37:55+08:00,S114,Choa Chu Kang Avenue 4,S114,103.73,1.38,2017-04-25T11:37:55+08:00,0.0,TB1 Rainfall 5 Minute Total F,mm
2017-04-25,2017-04-25T11:30:00+08:00,2017-04-25T11:37:55+08:00,S115,Tuas South Avenue 3,S115,103.61843,1.29377,2017-04-25T11:37:55+08:00,0.0,TB1 Rainfall 5 Minute Total F,mm
2017-04-25,2017-04-25T11:30:00+08:00,2017-04-25T11:37:55+08:00,S116,West Coast Highway,S116,103.754,1.281,2017-04-25T11:37:55+08:00,0.0,TB1 Rainfall 5 Minute Total F,mm
2017-04-25,2017-04-25T11:30:00+08:00,2017-04-25T11:37:55+08:00,S117,Banyan Road,S117,103.679,1.256,2017-04-25T11:37:55+08:00,0.0,TB1 Rainfall 5 Minute Total F,mm
2017-04-25,2017-04-25T11:30:00+08:00,2017-04-25T11:37:55+08:00,S119,Nicoll Highway,S119,103.8666,1.30105,2017-04-25T11:37:55+08:00,0.0,TB1 Rainfall 5 Minute Total F,mm
2017-04-25,2017-04-25T11:30:00+08:00,2017-04-25T11:37:55+08:00,S120,Holland Road,S120,103.818,1.30874,2017-04-25T11:37:55+08:00,0.0,TB1 Rainfall 5 Minute Total F,mm
2017-04-25,2017-04-25T11:30:00+08:00,2017-04-25T11:37:55+08:00,S122,Sembawang Road,S122,103.8249,1.41731,2017-04-25T11:37:55+08:00,0.0,TB1 Rainfall 5 Minute Total F,mm
2017-04-25,2017-04-25T11:30:00+08:00,2017-04-25T11:37:55+08:00,S123,Towner Road,S123,103.8577,1.3214,2017-04-25T11:37:55+08:00,0.0,TB1 Rainfall 5 Minute Total F,mm
2017-04-25,2017-04-25T11:30:00+08:00,2017-04-25T11:37:55+08:00,S24,Upper Changi Road North,S24,103.9826,1.3678,2017-04-25T11:37:55+08:00,0.0,TB1 Rainfall 5 Minute Total F,mm
2017-04-25,2017-04-25T11:30:00+08:00,2017-04-25T11:37:55+08:00,S29,Pasir Ris Drive 12,S29,103.935,1.387,2017-04-25T11:37:55+08:00,0.0,TB1 Rainfall 5 Minute Total F,mm
2017-04-25,2017-04-25T11:30:00+08:00,2017-04-25T11:37:55+08:00,S33,Jurong Pier Road,S33,103.71,1.3081,2017-04-25T11:37:55+08:00,3.8,TB1 Rainfall 5 Minute Total F,mm
2017-04-25,2017-04-25T11:30:00+08:00,2017-04-25T11:37:55+08:00,S35,Old Toh Tuck Road,S35,103.7556,1.3329,2017-04-25T11:37:55+08:00,0.0,TB1 Rainfall 5 Minute Total F,mm
2017-04-25,2017-04-25T11:30:00+08:00,2017-04-25T11:37:55+08:00,S43,Kim Chuan Road,S43,103.8878,1.3399,2017-04-25T11:37:55+08:00,0.0,TB1 Rainfall 5 Minute Total F,mm
2017-04-25,2017-04-25T11:30:00+08:00,2017-04-25T11:37:55+08:00,S46,Sime Road,S46,103.8106,1.3416,2017-04-25T11:37:55+08:00,0.0,TB1 Rainfall 5 Minute Total F,mm
2017-04-25,2017-04-25T11:30:00+08:00,2017-04-25T11:37:55+08:00,S50,Clementi Road,S50,103.7768,1.3337,2017-04-25T11:37:55+08:00,0.0,TB1 Rainfall 5 Minute Total F,mm
2017-04-25,2017-04-25T11:30:00+08:00,2017-04-25T11:37:55+08:00,S55,Buangkok Green,S55,103.886,1.3837,2017-04-25T11:37:55+08:00,0.0,TB1 Rainfall 5 Minute Total F,mm
2017-04-25,2017-04-25T11:30:00+08:00,2017-04-25T11:37:55+08:00,S61,Chai Chee Street,S61,103.9217,1.323,2017-04-25T11:37:55+08:00,0.0,TB1 Rainfall 5 Minute Total F,mm
2017-04-25,2017-04-25T11:30:00+08:00,2017-04-25T11:37:55+08:00,S63,International Road,S63,103.7042,1.3275,2017-04-25T11:37:55+08:00,0.0,TB1 Rainfall 5 Minute Total F,mm
2017-04-25,2017-04-25T11:30:00+08:00,2017-04-25T11:37:55+08:00,S64,Bukit Panjang Road,S64,103.7603,1.3824,2017-04-25T11:37:55+08:00,0.0,TB1 Rainfall 5 Minute Total F,mm
2017-04-25,2017-04-25T11:30:00+08:00,2017-04-25T11:37:55+08:00,S66,Kranji Way,S66,103.7363,1.4387,2017-04-25T11:37:55+08:00,0.0,TB1 Rainfall 5 Minute Total F,mm
2017-04-25,2017-04-25T11:30:00+08:00,2017-04-25T11:37:55+08:00,S71,Kent Ridge Road,S71,103.7815,1.2923,2017-04-25T11:37:55+08:00,0.0,TB1 Rainfall 5 Minute Total F,mm
2017-04-25,2017-04-25T11:30:00+08:00,2017-04-25T11:37:55+08:00,S77,Alexandra Road,S77,103.8125,1.2937,2017-04-25T11:37:55+08:00,0.0,TB1 Rainfall 5 Minute Total F,mm
2017-04-25,2017-04-25T11:30:00+08:00,2017-04-25T11:37:55+08:00,S78,Poole Road,S78,103.89067,1.30703,2017-04-25T11:37:55+08:00,0.0,TB1 Rainfall 5 Minute Total F,mm
2017-04-25,2017-04-25T11:30:00+08:00,2017-04-25T11:37:55+08:00,S79,Somerset Road,S79,103.8372,1.3004,2017-04-25T11:37:55+08:00,0.0,TB1 Rainfall 5 Minute Total F,mm
2017-04-25,2017-04-25T11:30:00+08:00,2017-04-25T11:37:55+08:00,S81,Punggol Central,S81,103.9092,1.4029,2017-04-25T11:37:55+08:00,0.0,TB1 Rainfall 5 Minute Total F,mm
2017-04-25,2017-04-25T11:30:00+08:00,2017-04-25T11:37:55+08:00,S84,Simei Avenue,S84,103.9444,1.3437,2017-04-25T11:37:55+08:00,0.0,TB1 Rainfall 5 Minute Total F,mm
2017-04-25,2017-04-25T11:30:00+08:00,2017-04-25T11:37:55+08:00,S88,Toa Payoh North,S88,103.8482,1.3427,2017-04-25T11:37:55+08:00,0.0,TB1 Rainfall 5 Minute Total F,mm
2017-04-25,2017-04-25T11:30:00+08:00,2017-04-25T11:37:55+08:00,S89,Tuas Road,S89,103.66162,1.31985,2017-04-25T11:37:55+08:00,0.0,TB1 Rainfall 5 Minute Total F,mm
2017-04-25,2017-04-25T11:30:00+08:00,2017-04-25T11:37:55+08:00,S900,Seletar Aerospace View,S900,103.86922,1.41284,2017-04-25T11:37:55+08:00,0.0,TB1 Rainfall 5 Minute Total F,mm
2017-04-25,2017-04-25T11:30:00+08:00,2017-04-25T11:37:55+08:00,S92,South Buona Vista Road,S92,103.7886,1.2841,2017-04-25T11:37:55+08:00,0.0,TB1 Rainfall 5 Minute Total F,mm
2017-04-25,2017-04-25T11:30:00+08:00,2017-04-25T11:37:55+08:00,S94,Pasir Ris Street 51,S94,103.9528,1.3662,2017-04-25T11:37:55+08:00,0.0,TB1 Rainfall 5 Minute Total F,mm
2017-04-25,2017-04-25T11:35:00+08:00,2017-04-25T11:42:47+08:00,S07,Lornie Road,S07,103.8334,1.3415,2017-04-25T11:42:47+08:00,0.0,TB1 Rainfall 5 Minute Total F,mm
2017-04-25,2017-04-25T11:35:00+08:00,2017-04-25T11:42:47+08:00,S08,Upper Thomson Road,S08,103.8271,1.3701,2017-04-25T11:42:47+08:00,0.0,TB1 Rainfall 5 Minute Total F,mm
2017-04-25,2017-04-25T11:35:00+08:00,2017-04-25T11:42:47+08:00,S100,Woodlands Road,S100,103.74855,1.4172,2017-04-25T11:42:47+08:00,0.0,TB1 Rainfall 5 Minute Total F,mm
2017-04-25,2017-04-25T11:35:00+08:00,2017-04-25T11:42:47+08:00,S101,Corporation Road,S101,103.7134,1.35053,2017-04-25T11:42:47+08:00,0.0,TB1 Rainfall 5 Minute Total F,mm
2017-04-25,2017-04-25T11:35:00+08:00,2017-04-25T11:42:47+08:00,S102,Semakau Landfill,S102,103.768,1.189,2017-04-25T11:42:47+08:00,0.0,TB1 Rainfall 5 Minute Total F,mm
2017-04-25,2017-04-25T11:35:00+08:00,2017-04-25T11:42:47+08:00,S104,Woodlands Avenue 9,S104,103.78538,1.44387,2017-04-25T11:42:47+08:00,0.0,TB1 Rainfall 5 Minute Total F,mm
2017-04-25,2017-04-25T11:35:00+08:00,2017-04-25T11:42:47+08:00,S106,Pulau Ubin,S106,103.9673,1.4168,2017-04-25T11:42:47+08:00,0.0,TB1 Rainfall 5 Minute Total F,mm
2017-04-25,2017-04-25T11:35:00+08:00,2017-04-25T11:42:47+08:00,S108,Marina Gardens Drive,S108,103.8703,1.2799,2017-04-25T11:42:47+08:00,0.0,TB1 Rainfall 5 Minute Total F,mm
2017-04-25,2017-04-25T11:35:00+08:00,2017-04-25T11:42:47+08:00,S109,Ang Mo Kio Avenue 5,S109,103.8492,1.3764,2017-04-25T11:42:47+08:00,0.0,TB1 Rainfall 5 Minute Total F,mm
2017-04-25,2017-04-25T11:35:00+08:00,2017-04-25T11:42:47+08:00,S11,Choa Chu Kang Road,S11,103.6938,1.3746,2017-04-25T11:42:47+08:00,0.0,TB1 Rainfall 5 Minute Total F,mm
2017-04-25,2017-04-25T11:35:00+08:00,2017-04-25T11:42:47+08:00,S112,Lim Chu Kang Road,S112,103.70131,1.43854,2017-04-25T11:42:47+08:00,0.0,TB1 Rainfall 5 Minute Total F,mm
2017-04-25,2017-04-25T11:35:00+08:00,2017-04-25T11:42:47+08:00,S113,Marine Parade Road,S113,103.9104,1.30648,2017-04-25T11:42:47+08:00,0.0,TB1 Rainfall 5 Minute Total F,mm
2017-04-25,2017-04-25T11:35:00+08:00,2017-04-25T11:42:47+08:00,S114,Choa Chu Kang Avenue 4,S114,103.73,1.38,2017-04-25T11:42:47+08:00,0.0,TB1 Rainfall 5 Minute Total F,mm
2017-04-25,2017-04-25T11:35:00+08:00,2017-04-25T11:42:47+08:00,S115,Tuas South Avenue 3,S115,103.61843,1.29377,2017-04-25T11:42:47+08:00,0.0,TB1 Rainfall 5 Minute Total F,mm
2017-04-25,2017-04-25T11:35:00+08:00,2017-04-25T11:42:47+08:00,S116,West Coast Highway,S116,103.754,1.281,2017-04-25T11:42:47+08:00,0.8,TB1 Rainfall 5 Minute Total F,mm
2017-04-25,2017-04-25T11:35:00+08:00,2017-04-25T11:42:47+08:00,S117,Banyan Road,S117,103.679,1.256,2017-04-25T11:42:47+08:00,0.0,TB1 Rainfall 5 Minute Total F,mm
2017-04-25,2017-04-25T11:35:00+08:00,2017-04-25T11:42:47+08:00,S119,Nicoll Highway,S119,103.8666,1.30105,2017-04-25T11:42:47+08:00,0.0,TB1 Rainfall 5 Minute Total F,mm
2017-04-25,2017-04-25T11:35:00+08:00,2017-04-25T11:42:47+08:00,S120,Holland Road,S120,103.818,1.30874,2017-04-25T11:42:47+08:00,0.0,TB1 Rainfall 5 Minute Total F,mm
2017-04-25,2017-04-25T11:35:00+08:00,2017-04-25T11:42:47+08:00,S122,Sembawang Road,S122,103.8249,1.41731,2017-04-25T11:42:47+08:00,0.0,TB1 Rainfall 5 Minute Total F,mm
2017-04-25,2017-04-25T11:35:00+08:00,2017-04-25T11:42:47+08:00,S123,Towner Road,S123,103.8577,1.3214,2017-04-25T11:42:47+08:00,0.0,TB1 Rainfall 5 Minute Total F,mm
2017-04-25,2017-04-25T11:35:00+08:00,2017-04-25T11:42:47+08:00,S24,Upper Changi Road North,S24,103.9826,1.3678,2017-04-25T11:42:47+08:00,0.0,TB1 Rainfall 5 Minute Total F,mm
2017-04-25,2017-04-25T11:35:00+08:00,2017-04-25T11:42:47+08:00,S29,Pasir Ris Drive 12,S29,103.935,1.387,2017-04-25T11:42:47+08:00,0.0,TB1 Rainfall 5 Minute Total F,mm
2017-04-25,2017-04-25T11:35:00+08:00,2017-04-25T11:42:47+08:00,S33,Jurong Pier Road,S33,103.71,1.3081,2017-04-25T11:42:47+08:00,3.8,TB1 Rainfall 5 Minute Total F,mm
2017-04-25,2017-04-25T11:35:00+08:00,2017-04-25T11:42:47+08:00,S35,Old Toh Tuck Road,S35,103.7556,1.3329,2017-04-25T11:42:47+08:00,0.0,TB1 Rainfall 5 Minute Total F,mm
2017-04-25,2017-04-25T11:35:00+08:00,2017-04-25T11:42:47+08:00,S43,Kim Chuan Road,S43,103.8878,1.3399,2017-04-25T11:42:47+08:00,0.0,TB1 Rainfall 5 Minute Total F,mm
2017-04-25,2017-04-25T11:35:00+08:00,2017-04-25T11:42:47+08:00,S46,Sime Road,S46,103.8106,1.3416,2017-04-25T11:42:47+08:00,0.0,TB1 Rainfall 5 Minute Total F,mm
2017-04-25,2017-04-25T11:35:00+08:00,2017-04-25T11:42:47+08:00,S50,Clementi Road,S50,103.7768,1.3337,2017-04-25T11:42:47+08:00,0.0,TB1 Rainfall 5 Minute Total F,mm
2017-04-25,2017-04-25T11:35:00+08:00,2017-04-25T11:42:47+08:00,S55,Buangkok Green,S55,103.886,1.3837,2017-04-25T11:42:47+08:00,0.0,TB1 Rainfall 5 Minute Total F,mm
2017-04-25,2017-04-25T11:35:00+08:00,2017-04-25T11:42:47+08:00,S61,Chai Chee Street,S61,103.9217,1.323,2017-04-25T11:42:47+08:00,0.0,TB1 Rainfall 5 Minute Total F,mm
2017-04-25,2017-04-25T11:35:00+08:00,2017-04-25T11:42:47+08:00,S63,International Road,S63,103.7042,1.3275,2017-04-25T11:42:47+08:00,0.0,TB1 Rainfall 5 Minute Total F,mm
2017-04-25,2017-04-25T11:35:00+08:00,2017-04-25T11:42:47+08:00,S64,Bukit Panjang Road,S64,103.7603,1.3824,2017-04-25T11:42:47+08:00,0.0,TB1 Rainfall 5 Minute Total F,mm
2017-04-25,2017-04-25T11:35:00+08:00,2017-04-25T11:42:47+08:00,S66,Kranji Way,S66,103.7363,1.4387,2017-04-25T11:42:47+08:00,0.0,TB1 Rainfall 5 Minute Total F,mm
2017-04-25,2017-04-25T11:35:00+08:00,2017-04-25T11:42:47+08:00,S71,Kent Ridge Road,S71,103.7815,1.2923,2017-04-25T11:42:47+08:00,0.4,TB1 Rainfall 5 Minute Total F,mm
2017-04-25,2017-04-25T11:35:00+08:00,2017-04-25T11:42:47+08:00,S77,Alexandra Road,S77,103.8125,1.2937,2017-04-25T11:42:47+08:00,0.0,TB1 Rainfall 5 Minute Total F,mm
2017-04-25,2017-04-25T11:35:00+08:00,2017-04-25T11:42:47+08:00,S78,Poole Road,S78,103.89067,1.30703,2017-04-25T11:42:47+08:00,0.0,TB1 Rainfall 5 Minute Total F,mm
2017-04-25,2017-04-25T11:35:00+08:00,2017-04-25T11:42:47+08:00,S79,Somerset Road,S79,103.8372,1.3004,2017-04-25T11:42:47+08:00,0.0,TB1 Rainfall 5 Minute Total F,mm
2017-04-25,2017-04-25T11:35:00+08:00,2017-04-25T11:42:47+08:00,S81,Punggol Central,S81,103.9092,1.4029,2017-04-25T11:42:47+08:00,0.0,TB1 Rainfall 5 Minute Total F,mm
2017-04-25,2017-04-25T11:35:00+08:00,2017-04-25T11:42:47+08:00,S84,Simei Avenue,S84,103.9444,1.3437,2017-04-25T11:42:47+08:00,0.0,TB1 Rainfall 5 Minute Total F,mm
2017-04-25,2017-04-25T11:35:00+08:00,2017-04-25T11:42:47+08:00,S88,Toa Payoh North,S88,103.8482,1.3427,2017-04-25T11:42:47+08:00,0.0,TB1 Rainfall 5 Minute Total F,mm
2017-04-25,2017-04-25T11:35:00+08:00,2017-04-25T11:42:47+08:00,S89,Tuas Road,S89,103.66162,1.31985,2017-04-25T11:42:47+08:00,0.0,TB1 Rainfall 5 Minute Total F,mm
2017-04-25,2017-04-25T11:35:00+08:00,2017-04-25T11:42:47+08:00,S900,Seletar Aerospace View,S900,103.86922,1.41284,2017-04-25T11:42:47+08:00,0.0,TB1 Rainfall 5 Minute Total F,mm
2017-04-25,2017-04-25T11:35:00+08:00,2017-04-25T11:42:47+08:00,S92,South Buona Vista Road,S92,103.7886,1.2841,2017-04-25T11:42:47+08:00,0.0,TB1 Rainfall 5 Minute Total F,mm
2017-04-25,2017-04-25T11:35:00+08:00,2017-04-25T11:42:47+08:00,S94,Pasir Ris Street 51,S94,103.9528,1.3662,2017-04-25T11:42:47+08:00,0.0,TB1 Rainfall 5 Minute Total F,mm
2017-04-25,2017-04-25T11:40:00+08:00,2017-04-25T11:52:56+08:00,S07,Lornie Road,S07,103.8334,1.3415,2017-04-25T11:47:39+08:00,0.0,TB1 Rainfall 5 Minute Total F,mm
2017-04-25,2017-04-25T11:40:00+08:00,2017-04-25T11:52:56+08:00,S08,Upper Thomson Road,S08,103.8271,1.3701,2017-04-25T11:47:39+08:00,0.0,TB1 Rainfall 5 Minute Total F,mm
2017-04-25,2017-04-25T11:40:00+08:00,2017-04-25T11:52:56+08:00,S100,Woodlands Road,S100,103.74855,1.4172,2017-04-25T11:47:39+08:00,0.0,TB1 Rainfall 5 Minute Total F,mm
2017-04-25,2017-04-25T11:40:00+08:00,2017-04-25T11:52:56+08:00,S101,Corporation Road,S101,103.7134,1.35053,2017-04-25T11:47:39+08:00,0.0,TB1 Rainfall 5 Minute Total F,mm
2017-04-25,2017-04-25T11:40:00+08:00,2017-04-25T11:52:56+08:00,S102,Semakau Landfill,S102,103.768,1.189,2017-04-25T11:47:39+08:00,0.0,TB1 Rainfall 5 Minute Total F,mm
2017-04-25,2017-04-25T11:40:00+08:00,2017-04-25T11:52:56+08:00,S104,Woodlands Avenue 9,S104,103.78538,1.44387,2017-04-25T11:47:39+08:00,0.0,TB1 Rainfall 5 Minute Total F,mm
2017-04-25,2017-04-25T11:40:00+08:00,2017-04-25T11:52:56+08:00,S106,Pulau Ubin,S106,103.9673,1.4168,2017-04-25T11:47:39+08:00,0.0,TB1 Rainfall 5 Minute Total F,mm
2017-04-25,2017-04-25T11:40:00+08:00,2017-04-25T11:52:56+08:00,S108,Marina Gardens Drive,S108,103.8703,1.2799,2017-04-25T11:47:39+08:00,0.0,TB1 Rainfall 5 Minute Total F,mm
2017-04-25,2017-04-25T11:40:00+08:00,2017-04-25T11:52:56+08:00,S109,Ang Mo Kio Avenue 5,S109,103.8492,1.3764,2017-04-25T11:47:39+08:00,0.0,TB1 Rainfall 5 Minute Total F,mm
2017-04-25,2017-04-25T11:40:00+08:00,2017-04-25T11:52:56+08:00,S11,Choa Chu Kang Road,S11,103.6938,1.3746,2017-04-25T11:47:39+08:00,0.0,TB1 Rainfall 5 Minute Total F,mm
2017-04-25,2017-04-25T11:40:00+08:00,2017-04-25T11:52:56+08:00,S112,Lim Chu Kang Road,S112,103.70131,1.43854,2017-04-25T11:47:39+08:00,0.0,TB1 Rainfall 5 Minute Total F,mm
2017-04-25,2017-04-25T11:40:00+08:00,2017-04-25T11:52:56+08:00,S113,Marine Parade Road,S113,103.9104,1.30648,2017-04-25T11:47:39+08:00,0.0,TB1 Rainfall 5 Minute Total F,mm
2017-04-25,2017-04-25T11:40:00+08:00,2017-04-25T11:52:56+08:00,S114,Choa Chu Kang Avenue 4,S114,103.73,1.38,2017-04-25T11:47:39+08:00,0.0,TB1 Rainfall 5 Minute Total F,mm
2017-04-25,2017-04-25T11:40:00+08:00,2017-04-25T11:52:56+08:00,S115,Tuas South Avenue 3,S115,103.61843,1.29377,2017-04-25T11:47:39+08:00,0.0,TB1 Rainfall 5 Minute Total F,mm
2017-04-25,2017-04-25T11:40:00+08:00,2017-04-25T11:52:56+08:00,S116,West Coast Highway,S116,103.754,1.281,2017-04-25T11:47:39+08:00,1.6,TB1 Rainfall 5 Minute Total F,mm
2017-04-25,2017-04-25T11:40:00+08:00,2017-04-25T11:52:56+08:00,S117,Banyan Road,S117,103.679,1.256,2017-04-25T11:47:39+08:00,0.0,TB1 Rainfall 5 Minute Total F,mm
2017-04-25,2017-04-25T11:40:00+08:00,2017-04-25T11:52:56+08:00,S119,Nicoll Highway,S119,103.8666,1.30105,2017-04-25T11:47:39+08:00,0.0,TB1 Rainfall 5 Minute Total F,mm
2017-04-25,2017-04-25T11:40:00+08:00,2017-04-25T11:52:56+08:00,S120,Holland Road,S120,103.818,1.30874,2017-04-25T11:47:39+08:00,0.0,TB1 Rainfall 5 Minute Total F,mm
2017-04-25,2017-04-25T11:40:00+08:00,2017-04-25T11:52:56+08:00,S122,Sembawang Road,S122,103.8249,1.41731,2017-04-25T11:47:39+08:00,0.0,TB1 Rainfall 5 Minute Total F,mm
2017-04-25,2017-04-25T11:40:00+08:00,2017-04-25T11:52:56+08:00,S123,Towner Road,S123,103.8577,1.3214,2017-04-25T11:47:39+08:00,0.0,TB1 Rainfall 5 Minute Total F,mm
2017-04-25,2017-04-25T11:40:00+08:00,2017-04-25T11:52:56+08:00,S24,Upper Changi Road North,S24,103.9826,1.3678,2017-04-25T11:47:39+08:00,0.0,TB1 Rainfall 5 Minute Total F,mm
2017-04-25,2017-04-25T11:40:00+08:00,2017-04-25T11:52:56+08:00,S29,Pasir Ris Drive 12,S29,103.935,1.387,2017-04-25T11:47:39+08:00,0.0,TB1 Rainfall 5 Minute Total F,mm
2017-04-25,2017-04-25T11:40:00+08:00,2017-04-25T11:52:56+08:00,S33,Jurong Pier Road,S33,103.71,1.3081,2017-04-25T11:47:39+08:00,2.4,TB1 Rainfall 5 Minute Total F,mm
2017-04-25,2017-04-25T11:40:00+08:00,2017-04-25T11:52:56+08:00,S35,Old Toh Tuck Road,S35,103.7556,1.3329,2017-04-25T11:47:39+08:00,0.0,TB1 Rainfall 5 Minute Total F,mm
2017-04-25,2017-04-25T11:40:00+08:00,2017-04-25T11:52:56+08:00,S43,Kim Chuan Road,S43,103.8878,1.3399,2017-04-25T11:47:39+08:00,0.0,TB1 Rainfall 5 Minute Total F,mm
2017-04-25,2017-04-25T11:40:00+08:00,2017-04-25T11:52:56+08:00,S46,Sime Road,S46,103.8106,1.3416,2017-04-25T11:47:39+08:00,0.0,TB1 Rainfall 5 Minute Total F,mm
2017-04-25,2017-04-25T11:40:00+08:00,2017-04-25T11:52:56+08:00,S50,Clementi Road,S50,103.7768,1.3337,2017-04-25T11:47:39+08:00,0.0,TB1 Rainfall 5 Minute Total F,mm
2017-04-25,2017-04-25T11:40:00+08:00,2017-04-25T11:52:56+08:00,S55,Buangkok Green,S55,103.886,1.3837,2017-04-25T11:47:39+08:00,0.0,TB1 Rainfall 5 Minute Total F,mm
2017-04-25,2017-04-25T11:40:00+08:00,2017-04-25T11:52:56+08:00,S61,Chai Chee Street,S61,103.9217,1.323,2017-04-25T11:47:39+08:00,0.0,TB1 Rainfall 5 Minute Total F,mm
2017-04-25,2017-04-25T11:40:00+08:00,2017-04-25T11:52:56+08:00,S63,International Road,S63,103.7042,1.3275,2017-04-25T11:47:39+08:00,0.0,TB1 Rainfall 5 Minute Total F,mm
2017-04-25,2017-04-25T11:40:00+08:00,2017-04-25T11:52:56+08:00,S64,Bukit Panjang Road,S64,103.7603,1.3824,2017-04-25T11:47:39+08:00,0.0,TB1 Rainfall 5 Minute Total F,mm
2017-04-25,2017-04-25T11:40:00+08:00,2017-04-25T11:52:56+08:00,S66,Kranji Way,S66,103.7363,1.4387,2017-04-25T11:47:39+08:00,0.0,TB1 Rainfall 5 Minute Total F,mm
2017-04-25,2017-04-25T11:40:00+08:00,2017-04-25T11:52:56+08:00,S71,Kent Ridge Road,S71,103.7815,1.2923,2017-04-25T11:47:39+08:00,2.0,TB1 Rainfall 5 Minute Total F,mm
2017-04-25,2017-04-25T11:40:00+08:00,2017-04-25T11:52:56+08:00,S77,Alexandra Road,S77,103.8125,1.2937,2017-04-25T11:47:39+08:00,0.0,TB1 Rainfall 5 Minute Total F,mm
2017-04-25,2017-04-25T11:40:00+08:00,2017-04-25T11:52:56+08:00,S78,Poole Road,S78,103.89067,1.30703,2017-04-25T11:47:39+08:00,0.0,TB1 Rainfall 5 Minute Total F,mm
2017-04-25,2017-04-25T11:40:00+08:00,2017-04-25T11:52:56+08:00,S79,Somerset Road,S79,103.8372,1.3004,2017-04-25T11:47:39+08:00,0.0,TB1 Rainfall 5 Minute Total F,mm
2017-04-25,2017-04-25T11:40:00+08:00,2017-04-25T11:52:56+08:00,S81,Punggol Central,S81,103.9092,1.4029,2017-04-25T11:47:39+08:00,0.0,TB1 Rainfall 5 Minute Total F,mm
2017-04-25,2017-04-25T11:40:00+08:00,2017-04-25T11:52:56+08:00,S84,Simei Avenue,S84,103.9444,1.3437,2017-04-25T11:47:39+08:00,0.0,TB1 Rainfall 5 Minute Total F,mm
2017-04-25,2017-04-25T11:40:00+08:00,2017-04-25T11:52:56+08:00,S88,Toa Payoh North,S88,103.8482,1.3427,2017-04-25T11:47:39+08:00,0.0,TB1 Rainfall 5 Minute Total F,mm
2017-04-25,2017-04-25T11:40:00+08:00,2017-04-25T11:52:56+08:00,S89,Tuas Road,S89,103.66162,1.31985,2017-04-25T11:47:39+08:00,0.0,TB1 Rainfall 5 Minute Total F,mm
2017-04-25,2017-04-25T11:40:00+08:00,2017-04-25T11:52:56+08:00,S900,Seletar Aerospace View,S900,103.86922,1.41284,2017-04-25T11:47:39+08:00,0.0,TB1 Rainfall 5 Minute Total F,mm
2017-04-25,2017-04-25T11:40:00+08:00,2017-04-25T11:52:56+08:00,S92,South Buona Vista Road,S92,103.7886,1.2841,2017-04-25T11:47:39+08:00,0.0,TB1 Rainfall 5 Minute Total F,mm
2017-04-25,2017-04-25T11:40:00+08:00,2017-04-25T11:52:56+08:00,S94,Pasir Ris Street 51,S94,103.9528,1.3662,2017-04-25T11:47:39+08:00,0.0,TB1 Rainfall 5 Minute Total F,mm
2017-04-25,2017-04-25T11:45:00+08:00,2017-04-25T11:52:56+08:00,S07,Lornie Road,S07,103.8334,1.3415,2017-04-25T11:52:56+08:00,0.0,TB1 Rainfall 5 Minute Total F,mm
2017-04-25,2017-04-25T11:45:00+08:00,2017-04-25T11:52:56+08:00,S08,Upper Thomson Road,S08,103.8271,1.3701,2017-04-25T11:52:56+08:00,0.0,TB1 Rainfall 5 Minute Total F,mm
2017-04-25,2017-04-25T11:45:00+08:00,2017-04-25T11:52:56+08:00,S100,Woodlands Road,S100,103.74855,1.4172,2017-04-25T11:52:56+08:00,0.0,TB1 Rainfall 5 Minute Total F,mm
2017-04-25,2017-04-25T11:45:00+08:00,2017-04-25T11:52:56+08:00,S101,Corporation Road,S101,103.7134,1.35053,2017-04-25T11:52:56+08:00,0.0,TB1 Rainfall 5 Minute Total F,mm
2017-04-25,2017-04-25T11:45:00+08:00,2017-04-25T11:52:56+08:00,S102,Semakau Landfill,S102,103.768,1.189,2017-04-25T11:52:56+08:00,0.0,TB1 Rainfall 5 Minute Total F,mm
2017-04-25,2017-04-25T11:45:00+08:00,2017-04-25T11:52:56+08:00,S104,Woodlands Avenue 9,S104,103.78538,1.44387,2017-04-25T11:52:56+08:00,0.0,TB1 Rainfall 5 Minute Total F,mm
2017-04-25,2017-04-25T11:45:00+08:00,2017-04-25T11:52:56+08:00,S106,Pulau Ubin,S106,103.9673,1.4168,2017-04-25T11:52:56+08:00,0.0,TB1 Rainfall 5 Minute Total F,mm
2017-04-25,2017-04-25T11:45:00+08:00,2017-04-25T11:52:56+08:00,S108,Marina Gardens Drive,S108,103.8703,1.2799,2017-04-25T11:52:56+08:00,0.0,TB1 Rainfall 5 Minute Total F,mm
2017-04-25,2017-04-25T11:45:00+08:00,2017-04-25T11:52:56+08:00,S109,Ang Mo Kio Avenue 5,S109,103.8492,1.3764,2017-04-25T11:52:56+08:00,0.0,TB1 Rainfall 5 Minute Total F,mm
2017-04-25,2017-04-25T11:45:00+08:00,2017-04-25T11:52:56+08:00,S11,Choa Chu Kang Road,S11,103.6938,1.3746,2017-04-25T11:52:56+08:00,0.0,TB1 Rainfall 5 Minute Total F,mm
2017-04-25,2017-04-25T11:45:00+08:00,2017-04-25T11:52:56+08:00,S112,Lim Chu Kang Road,S112,103.70131,1.43854,2017-04-25T11:52:56+08:00,0.0,TB1 Rainfall 5 Minute Total F,mm
2017-04-25,2017-04-25T11:45:00+08:00,2017-04-25T11:52:56+08:00,S113,Marine Parade Road,S113,103.9104,1.30648,2017-04-25T11:52:56+08:00,0.0,TB1 Rainfall 5 Minute Total F,mm
2017-04-25,2017-04-25T11:45:00+08:00,2017-04-25T11:52:56+08:00,S114,Choa Chu Kang Avenue 4,S114,103.73,1.38,2017-04-25T11:52:56+08:00,0.0,TB1 Rainfall 5 Minute Total F,mm
2017-04-25,2017-04-25T11:45:00+08:00,2017-04-25T11:52:56+08:00,S115,Tuas South Avenue 3,S115,103.61843,1.29377,2017-04-25T11:52:56+08:00,0.0,TB1 Rainfall 5 Minute Total F,mm
2017-04-25,2017-04-25T11:45:00+08:00,2017-04-25T11:52:56+08:00,S116,West Coast Highway,S116,103.754,1.281,2017-04-25T11:52:56+08:00,0.6,TB1 Rainfall 5 Minute Total F,mm
2017-04-25,2017-04-25T11:45:00+08:00,2017-04-25T11:52:56+08:00,S117,Banyan Road,S117,103.679,1.256,2017-04-25T11:52:56+08:00,0.0,TB1 Rainfall 5 Minute Total F,mm
2017-04-25,2017-04-25T11:45:00+08:00,2017-04-25T11:52:56+08:00,S119,Nicoll Highway,S119,103.8666,1.30105,2017-04-25T11:52:56+08:00,0.0,TB1 Rainfall 5 Minute Total F,mm
2017-04-25,2017-04-25T11:45:00+08:00,2017-04-25T11:52:56+08:00,S120,Holland Road,S120,103.818,1.30874,2017-04-25T11:52:56+08:00,0.0,TB1 Rainfall 5 Minute Total F,mm
2017-04-25,2017-04-25T11:45:00+08:00,2017-04-25T11:52:56+08:00,S122,Sembawang Road,S122,103.8249,1.41731,2017-04-25T11:52:56+08:00,0.0,TB1 Rainfall 5 Minute Total F,mm
2017-04-25,2017-04-25T11:45:00+08:00,2017-04-25T11:52:56+08:00,S123,Towner Road,S123,103.8577,1.3214,2017-04-25T11:52:56+08:00,0.0,TB1 Rainfall 5 Minute Total F,mm
2017-04-25,2017-04-25T11:45:00+08:00,2017-04-25T11:52:56+08:00,S24,Upper Changi Road North,S24,103.9826,1.3678,2017-04-25T11:52:56+08:00,0.0,TB1 Rainfall 5 Minute Total F,mm
2017-04-25,2017-04-25T11:45:00+08:00,2017-04-25T11:52:56+08:00,S29,Pasir Ris Drive 12,S29,103.935,1.387,2017-04-25T11:52:56+08:00,0.0,TB1 Rainfall 5 Minute Total F,mm
2017-04-25,2017-04-25T11:45:00+08:00,2017-04-25T11:52:56+08:00,S33,Jurong Pier Road,S33,103.71,1.3081,2017-04-25T11:52:56+08:00,0.2,TB1 Rainfall 5 Minute Total F,mm
2017-04-25,2017-04-25T11:45:00+08:00,2017-04-25T11:52:56+08:00,S35,Old Toh Tuck Road,S35,103.7556,1.3329,2017-04-25T11:52:56+08:00,0.8,TB1 Rainfall 5 Minute Total F,mm
2017-04-25,2017-04-25T11:45:00+08:00,2017-04-25T11:52:56+08:00,S43,Kim Chuan Road,S43,103.8878,1.3399,2017-04-25T11:52:56+08:00,0.0,TB1 Rainfall 5 Minute Total F,mm
2017-04-25,2017-04-25T11:45:00+08:00,2017-04-25T11:52:56+08:00,S46,Sime Road,S46,103.8106,1.3416,2017-04-25T11:52:56+08:00,0.0,TB1 Rainfall 5 Minute Total F,mm
2017-04-25,2017-04-25T11:45:00+08:00,2017-04-25T11:52:56+08:00,S50,Clementi Road,S50,103.7768,1.3337,2017-04-25T11:52:56+08:00,0.2,TB1 Rainfall 5 Minute Total F,mm
2017-04-25,2017-04-25T11:45:00+08:00,2017-04-25T11:52:56+08:00,S55,Buangkok Green,S55,103.886,1.3837,2017-04-25T11:52:56+08:00,0.0,TB1 Rainfall 5 Minute Total F,mm
2017-04-25,2017-04-25T11:45:00+08:00,2017-04-25T11:52:56+08:00,S61,Chai Chee Street,S61,103.9217,1.323,2017-04-25T11:52:56+08:00,0.0,TB1 Rainfall 5 Minute Total F,mm
2017-04-25,2017-04-25T11:45:00+08:00,2017-04-25T11:52:56+08:00,S63,International Road,S63,103.7042,1.3275,2017-04-25T11:52:56+08:00,0.0,TB1 Rainfall 5 Minute Total F,mm
2017-04-25,2017-04-25T11:45:00+08:00,2017-04-25T11:52:56+08:00,S64,Bukit Panjang Road,S64,103.7603,1.3824,2017-04-25T11:52:56+08:00,0.0,TB1 Rainfall 5 Minute Total F,mm
2017-04-25,2017-04-25T11:45:00+08:00,2017-04-25T11:52:56+08:00,S66,Kranji Way,S66,103.7363,1.4387,2017-04-25T11:52:56+08:00,0.0,TB1 Rainfall 5 Minute Total F,mm
2017-04-25,2017-04-25T11:45:00+08:00,2017-04-25T11:52:56+08:00,S71,Kent Ridge Road,S71,103.7815,1.2923,2017-04-25T11:52:56+08:00,1.2,TB1 Rainfall 5 Minute Total F,mm
2017-04-25,2017-04-25T11:45:00+08:00,2017-04-25T11:52:56+08:00,S77,Alexandra Road,S77,103.8125,1.2937,2017-04-25T11:52:56+08:00,0.0,TB1 Rainfall 5 Minute Total F,mm
2017-04-25,2017-04-25T11:45:00+08:00,2017-04-25T11:52:56+08:00,S78,Poole Road,S78,103.89067,1.30703,2017-04-25T11:52:56+08:00,0.0,TB1 Rainfall 5 Minute Total F,mm
2017-04-25,2017-04-25T11:45:00+08:00,2017-04-25T11:52:56+08:00,S79,Somerset Road,S79,103.8372,1.3004,2017-04-25T11:52:56+08:00,0.0,TB1 Rainfall 5 Minute Total F,mm
2017-04-25,2017-04-25T11:45:00+08:00,2017-04-25T11:52:56+08:00,S81,Punggol Central,S81,103.9092,1.4029,2017-04-25T11:52:56+08:00,0.0,TB1 Rainfall 5 Minute Total F,mm
2017-04-25,2017-04-25T11:45:00+08:00,2017-04-25T11:52:56+08:00,S84,Simei Avenue,S84,103.9444,1.3437,2017-04-25T11:52:56+08:00,0.0,TB1 Rainfall 5 Minute Total F,mm
2017-04-25,2017-04-25T11:45:00+08:00,2017-04-25T11:52:56+08:00,S88,Toa Payoh North,S88,103.8482,1.3427,2017-04-25T11:52:56+08:00,0.0,TB1 Rainfall 5 Minute Total F,mm
2017-04-25,2017-04-25T11:45:00+08:00,2017-04-25T11:52:56+08:00,S89,Tuas Road,S89,103.66162,1.31985,2017-04-25T11:52:56+08:00,0.0,TB1 Rainfall 5 Minute Total F,mm
2017-04-25,2017-04-25T11:45:00+08:00,2017-04-25T11:52:56+08:00,S900,Seletar Aerospace View,S900,103.86922,1.41284,2017-04-25T11:52:56+08:00,0.0,TB1 Rainfall 5 Minute Total F,mm
2017-04-25,2017-04-25T11:45:00+08:00,2017-04-25T11:52:56+08:00,S92,South Buona Vista Road,S92,103.7886,1.2841,2017-04-25T11:52:56+08:00,0.0,TB1 Rainfall 5 Minute Total F,mm
2017-04-25,2017-04-25T11:45:00+08:00,2017-04-25T11:52:56+08:00,S94,Pasir Ris Street 51,S94,103.9528,1.3662,2017-04-25T11:52:56+08:00,0.0,TB1 Rainfall 5 Minute Total F,mm
2017-04-25,2017-04-25T11:50:00+08:00,2017-04-25T11:57:48+08:00,S07,Lornie Road,S07,103.8334,1.3415,2017-04-25T11:57:48+08:00,0.0,TB1 Rainfall 5 Minute Total F,mm
2017-04-25,2017-04-25T11:50:00+08:00,2017-04-25T11:57:48+08:00,S08,Upper Thomson Road,S08,103.8271,1.3701,2017-04-25T11:57:48+08:00,0.0,TB1 Rainfall 5 Minute Total F,mm
2017-04-25,2017-04-25T11:50:00+08:00,2017-04-25T11:57:48+08:00,S100,Woodlands Road,S100,103.74855,1.4172,2017-04-25T11:57:48+08:00,0.0,TB1 Rainfall 5 Minute Total F,mm
2017-04-25,2017-04-25T11:50:00+08:00,2017-04-25T11:57:48+08:00,S101,Corporation Road,S101,103.7134,1.35053,2017-04-25T11:57:48+08:00,0.0,TB1 Rainfall 5 Minute Total F,mm
2017-04-25,2017-04-25T11:50:00+08:00,2017-04-25T11:57:48+08:00,S102,Semakau Landfill,S102,103.768,1.189,2017-04-25T11:57:48+08:00,0.0,TB1 Rainfall 5 Minute Total F,mm
2017-04-25,2017-04-25T11:50:00+08:00,2017-04-25T11:57:48+08:00,S104,Woodlands Avenue 9,S104,103.78538,1.44387,2017-04-25T11:57:48+08:00,0.0,TB1 Rainfall 5 Minute Total F,mm
2017-04-25,2017-04-25T11:50:00+08:00,2017-04-25T11:57:48+08:00,S106,Pulau Ubin,S106,103.9673,1.4168,2017-04-25T11:57:48+08:00,0.0,TB1 Rainfall 5 Minute Total F,mm
2017-04-25,2017-04-25T11:50:00+08:00,2017-04-25T11:57:48+08:00,S108,Marina Gardens Drive,S108,103.8703,1.2799,2017-04-25T11:57:48+08:00,0.0,TB1 Rainfall 5 Minute Total F,mm
2017-04-25,2017-04-25T11:50:00+08:00,2017-04-25T11:57:48+08:00,S109,Ang Mo Kio Avenue 5,S109,103.8492,1.3764,2017-04-25T11:57:48+08:00,0.0,TB1 Rainfall 5 Minute Total F,mm
2017-04-25,2017-04-25T11:50:00+08:00,2017-04-25T11:57:48+08:00,S11,Choa Chu Kang Road,S11,103.6938,1.3746,2017-04-25T11:57:48+08:00,0.0,TB1 Rainfall 5 Minute Total F,mm
2017-04-25,2017-04-25T11:50:00+08:00,2017-04-25T11:57:48+08:00,S112,Lim Chu Kang Road,S112,103.70131,1.43854,2017-04-25T11:57:48+08:00,0.0,TB1 Rainfall 5 Minute Total F,mm
2017-04-25,2017-04-25T11:50:00+08:00,2017-04-25T11:57:48+08:00,S113,Marine Parade Road,S113,103.9104,1.30648,2017-04-25T11:57:48+08:00,0.0,TB1 Rainfall 5 Minute Total F,mm
2017-04-25,2017-04-25T11:50:00+08:00,2017-04-25T11:57:48+08:00,S114,Choa Chu Kang Avenue 4,S114,103.73,1.38,2017-04-25T11:57:48+08:00,0.0,TB1 Rainfall 5 Minute Total F,mm
2017-04-25,2017-04-25T11:50:00+08:00,2017-04-25T11:57:48+08:00,S115,Tuas South Avenue 3,S115,103.61843,1.29377,2017-04-25T11:57:48+08:00,0.0,TB1 Rainfall 5 Minute Total F,mm
2017-04-25,2017-04-25T11:50:00+08:00,2017-04-25T11:57:48+08:00,S116,West Coast Highway,S116,103.754,1.281,2017-04-25T11:57:48+08:00,1.2,TB1 Rainfall 5 Minute Total F,mm
2017-04-25,2017-04-25T11:50:00+08:00,2017-04-25T11:57:48+08:00,S117,Banyan Road,S117,103.679,1.256,2017-04-25T11:57:48+08:00,0.0,TB1 Rainfall 5 Minute Total F,mm
2017-04-25,2017-04-25T11:50:00+08:00,2017-04-25T11:57:48+08:00,S119,Nicoll Highway,S119,103.8666,1.30105,2017-04-25T11:57:48+08:00,0.0,TB1 Rainfall 5 Minute Total F,mm
2017-04-25,2017-04-25T11:50:00+08:00,2017-04-25T11:57:48+08:00,S120,Holland Road,S120,103.818,1.30874,2017-04-25T11:57:48+08:00,0.4,TB1 Rainfall 5 Minute Total F,mm
2017-04-25,2017-04-25T11:50:00+08:00,2017-04-25T11:57:48+08:00,S122,Sembawang Road,S122,103.8249,1.41731,2017-04-25T11:57:48+08:00,0.0,TB1 Rainfall 5 Minute Total F,mm
2017-04-25,2017-04-25T11:50:00+08:00,2017-04-25T11:57:48+08:00,S123,Towner Road,S123,103.8577,1.3214,2017-04-25T11:57:48+08:00,0.0,TB1 Rainfall 5 Minute Total F,mm
2017-04-25,2017-04-25T11:50:00+08:00,2017-04-25T11:57:48+08:00,S24,Upper Changi Road North,S24,103.9826,1.3678,2017-04-25T11:57:48+08:00,0.0,TB1 Rainfall 5 Minute Total F,mm
2017-04-25,2017-04-25T11:50:00+08:00,2017-04-25T11:57:48+08:00,S29,Pasir Ris Drive 12,S29,103.935,1.387,2017-04-25T11:57:48+08:00,0.0,TB1 Rainfall 5 Minute Total F,mm
2017-04-25,2017-04-25T11:50:00+08:00,2017-04-25T11:57:48+08:00,S33,Jurong Pier Road,S33,103.71,1.3081,2017-04-25T11:57:48+08:00,0.2,TB1 Rainfall 5 Minute Total F,mm
2017-04-25,2017-04-25T11:50:00+08:00,2017-04-25T11:57:48+08:00,S35,Old Toh Tuck Road,S35,103.7556,1.3329,2017-04-25T11:57:48+08:00,0.8,TB1 Rainfall 5 Minute Total F,mm
2017-04-25,2017-04-25T11:50:00+08:00,2017-04-25T11:57:48+08:00,S43,Kim Chuan Road,S43,103.8878,1.3399,2017-04-25T11:57:48+08:00,0.0,TB1 Rainfall 5 Minute Total F,mm
2017-04-25,2017-04-25T11:50:00+08:00,2017-04-25T11:57:48+08:00,S46,Sime Road,S46,103.8106,1.3416,2017-04-25T11:57:48+08:00,0.0,TB1 Rainfall 5 Minute Total F,mm
2017-04-25,2017-04-25T11:50:00+08:00,2017-04-25T11:57:48+08:00,S50,Clementi Road,S50,103.7768,1.3337,2017-04-25T11:57:48+08:00,3.0,TB1 Rainfall 5 Minute Total F,mm
2017-04-25,2017-04-25T11:50:00+08:00,2017-04-25T11:57:48+08:00,S55,Buangkok Green,S55,103.886,1.3837,2017-04-25T11:57:48+08:00,0.0,TB1 Rainfall 5 Minute Total F,mm
2017-04-25,2017-04-25T11:50:00+08:00,2017-04-25T11:57:48+08:00,S61,Chai Chee Street,S61,103.9217,1.323,2017-04-25T11:57:48+08:00,0.0,TB1 Rainfall 5 Minute Total F,mm
2017-04-25,2017-04-25T11:50:00+08:00,2017-04-25T11:57:48+08:00,S63,International Road,S63,103.7042,1.3275,2017-04-25T11:57:48+08:00,0.0,TB1 Rainfall 5 Minute Total F,mm
2017-04-25,2017-04-25T11:50:00+08:00,2017-04-25T11:57:48+08:00,S64,Bukit Panjang Road,S64,103.7603,1.3824,2017-04-25T11:57:48+08:00,0.0,TB1 Rainfall 5 Minute Total F,mm
2017-04-25,2017-04-25T11:50:00+08:00,2017-04-25T11:57:48+08:00,S66,Kranji Way,S66,103.7363,1.4387,2017-04-25T11:57:48+08:00,0.0,TB1 Rainfall 5 Minute Total F,mm
2017-04-25,2017-04-25T11:50:00+08:00,2017-04-25T11:57:48+08:00,S71,Kent Ridge Road,S71,103.7815,1.2923,2017-04-25T11:57:48+08:00,0.6,TB1 Rainfall 5 Minute Total F,mm
2017-04-25,2017-04-25T11:50:00+08:00,2017-04-25T11:57:48+08:00,S77,Alexandra Road,S77,103.8125,1.2937,2017-04-25T11:57:48+08:00,0.0,TB1 Rainfall 5 Minute Total F,mm
2017-04-25,2017-04-25T11:50:00+08:00,2017-04-25T11:57:48+08:00,S78,Poole Road,S78,103.89067,1.30703,2017-04-25T11:57:48+08:00,0.0,TB1 Rainfall 5 Minute Total F,mm
2017-04-25,2017-04-25T11:50:00+08:00,2017-04-25T11:57:48+08:00,S79,Somerset Road,S79,103.8372,1.3004,2017-04-25T11:57:48+08:00,0.0,TB1 Rainfall 5 Minute Total F,mm
2017-04-25,2017-04-25T11:50:00+08:00,2017-04-25T11:57:48+08:00,S81,Punggol Central,S81,103.9092,1.4029,2017-04-25T11:57:48+08:00,0.0,TB1 Rainfall 5 Minute Total F,mm
2017-04-25,2017-04-25T11:50:00+08:00,2017-04-25T11:57:48+08:00,S84,Simei Avenue,S84,103.9444,1.3437,2017-04-25T11:57:48+08:00,0.0,TB1 Rainfall 5 Minute Total F,mm
2017-04-25,2017-04-25T11:50:00+08:00,2017-04-25T11:57:48+08:00,S88,Toa Payoh North,S88,103.8482,1.3427,2017-04-25T11:57:48+08:00,0.0,TB1 Rainfall 5 Minute Total F,mm
2017-04-25,2017-04-25T11:50:00+08:00,2017-04-25T11:57:48+08:00,S89,Tuas Road,S89,103.66162,1.31985,2017-04-25T11:57:48+08:00,0.0,TB1 Rainfall 5 Minute Total F,mm
2017-04-25,2017-04-25T11:50:00+08:00,2017-04-25T11:57:48+08:00,S900,Seletar Aerospace View,S900,103.86922,1.41284,2017-04-25T11:57:48+08:00,0.0,TB1 Rainfall 5 Minute Total F,mm
2017-04-25,2017-04-25T11:50:00+08:00,2017-04-25T11:57:48+08:00,S92,South Buona Vista Road,S92,103.7886,1.2841,2017-04-25T11:57:48+08:00,0.2,TB1 Rainfall 5 Minute Total F,mm
2017-04-25,2017-04-25T11:50:00+08:00,2017-04-25T11:57:48+08:00,S94,Pasir Ris Street 51,S94,103.9528,1.3662,2017-04-25T11:57:48+08:00,0.0,TB1 Rainfall 5 Minute Total F,mm
2017-04-25,2017-04-25T11:55:00+08:00,2017-04-25T12:03:30+08:00,S07,Lornie Road,S07,103.8334,1.3415,2017-04-25T12:03:30+08:00,0.0,TB1 Rainfall 5 Minute Total F,mm
2017-04-25,2017-04-25T11:55:00+08:00,2017-04-25T12:03:30+08:00,S08,Upper Thomson Road,S08,103.8271,1.3701,2017-04-25T12:03:30+08:00,0.0,TB1 Rainfall 5 Minute Total F,mm
2017-04-25,2017-04-25T11:55:00+08:00,2017-04-25T12:03:30+08:00,S100,Woodlands Road,S100,103.74855,1.4172,2017-04-25T12:03:30+08:00,0.0,TB1 Rainfall 5 Minute Total F,mm
2017-04-25,2017-04-25T11:55:00+08:00,2017-04-25T12:03:30+08:00,S101,Corporation Road,S101,103.7134,1.35053,2017-04-25T12:03:30+08:00,0.0,TB1 Rainfall 5 Minute Total F,mm
2017-04-25,2017-04-25T11:55:00+08:00,2017-04-25T12:03:30+08:00,S102,Semakau Landfill,S102,103.768,1.189,2017-04-25T12:03:30+08:00,0.0,TB1 Rainfall 5 Minute Total F,mm
2017-04-25,2017-04-25T11:55:00+08:00,2017-04-25T12:03:30+08:00,S104,Woodlands Avenue 9,S104,103.78538,1.44387,2017-04-25T12:03:30+08:00,0.0,TB1 Rainfall 5 Minute Total F,mm
2017-04-25,2017-04-25T11:55:00+08:00,2017-04-25T12:03:30+08:00,S106,Pulau Ubin,S106,103.9673,1.4168,2017-04-25T12:03:30+08:00,0.0,TB1 Rainfall 5 Minute Total F,mm
2017-04-25,2017-04-25T11:55:00+08:00,2017-04-25T12:03:30+08:00,S108,Marina Gardens Drive,S108,103.8703,1.2799,2017-04-25T12:03:30+08:00,0.0,TB1 Rainfall 5 Minute Total F,mm
2017-04-25,2017-04-25T11:55:00+08:00,2017-04-25T12:03:30+08:00,S109,Ang Mo Kio Avenue 5,S109,103.8492,1.3764,2017-04-25T12:03:30+08:00,0.0,TB1 Rainfall 5 Minute Total F,mm
2017-04-25,2017-04-25T11:55:00+08:00,2017-04-25T12:03:30+08:00,S11,Choa Chu Kang Road,S11,103.6938,1.3746,2017-04-25T12:03:30+08:00,0.0,TB1 Rainfall 5 Minute Total F,mm
2017-04-25,2017-04-25T11:55:00+08:00,2017-04-25T12:03:30+08:00,S112,Lim Chu Kang Road,S112,103.70131,1.43854,2017-04-25T12:03:30+08:00,0.0,TB1 Rainfall 5 Minute Total F,mm
2017-04-25,2017-04-25T11:55:00+08:00,2017-04-25T12:03:30+08:00,S113,Marine Parade Road,S113,103.9104,1.30648,2017-04-25T12:03:30+08:00,0.2,TB1 Rainfall 5 Minute Total F,mm
2017-04-25,2017-04-25T11:55:00+08:00,2017-04-25T12:03:30+08:00,S114,Choa Chu Kang Avenue 4,S114,103.73,1.38,2017-04-25T12:03:30+08:00,0.0,TB1 Rainfall 5 Minute Total F,mm
2017-04-25,2017-04-25T11:55:00+08:00,2017-04-25T12:03:30+08:00,S115,Tuas South Avenue 3,S115,103.61843,1.29377,2017-04-25T12:03:30+08:00,0.0,TB1 Rainfall 5 Minute Total F,mm
2017-04-25,2017-04-25T11:55:00+08:00,2017-04-25T12:03:30+08:00,S116,West Coast Highway,S116,103.754,1.281,2017-04-25T12:03:30+08:00,3.0,TB1 Rainfall 5 Minute Total F,mm
2017-04-25,2017-04-25T11:55:00+08:00,2017-04-25T12:03:30+08:00,S117,Banyan Road,S117,103.679,1.256,2017-04-25T12:03:30+08:00,0.0,TB1 Rainfall 5 Minute Total F,mm
2017-04-25,2017-04-25T11:55:00+08:00,2017-04-25T12:03:30+08:00,S119,Nicoll Highway,S119,103.8666,1.30105,2017-04-25T12:03:30+08:00,0.0,TB1 Rainfall 5 Minute Total F,mm
2017-04-25,2017-04-25T11:55:00+08:00,2017-04-25T12:03:30+08:00,S120,Holland Road,S120,103.818,1.30874,2017-04-25T12:03:30+08:00,0.8,TB1 Rainfall 5 Minute Total F,mm
2017-04-25,2017-04-25T11:55:00+08:00,2017-04-25T12:03:30+08:00,S122,Sembawang Road,S122,103.8249,1.41731,2017-04-25T12:03:30+08:00,0.0,TB1 Rainfall 5 Minute Total F,mm
2017-04-25,2017-04-25T11:55:00+08:00,2017-04-25T12:03:30+08:00,S123,Towner Road,S123,103.8577,1.3214,2017-04-25T12:03:30+08:00,0.0,TB1 Rainfall 5 Minute Total F,mm
2017-04-25,2017-04-25T11:55:00+08:00,2017-04-25T12:03:30+08:00,S24,Upper Changi Road North,S24,103.9826,1.3678,2017-04-25T12:03:30+08:00,0.0,TB1 Rainfall 5 Minute Total F,mm
2017-04-25,2017-04-25T11:55:00+08:00,2017-04-25T12:03:30+08:00,S29,Pasir Ris Drive 12,S29,103.935,1.387,2017-04-25T12:03:30+08:00,0.0,TB1 Rainfall 5 Minute Total F,mm
2017-04-25,2017-04-25T11:55:00+08:00,2017-04-25T12:03:30+08:00,S33,Jurong Pier Road,S33,103.71,1.3081,2017-04-25T12:03:30+08:00,0.2,TB1 Rainfall 5 Minute Total F,mm
2017-04-25,2017-04-25T11:55:00+08:00,2017-04-25T12:03:30+08:00,S35,Old Toh Tuck Road,S35,103.7556,1.3329,2017-04-25T12:03:30+08:00,0.0,TB1 Rainfall 5 Minute Total F,mm
2017-04-25,2017-04-25T11:55:00+08:00,2017-04-25T12:03:30+08:00,S43,Kim Chuan Road,S43,103.8878,1.3399,2017-04-25T12:03:30+08:00,0.0,TB1 Rainfall 5 Minute Total F,mm
2017-04-25,2017-04-25T11:55:00+08:00,2017-04-25T12:03:30+08:00,S46,Sime Road,S46,103.8106,1.3416,2017-04-25T12:03:30+08:00,0.0,TB1 Rainfall 5 Minute Total F,mm
2017-04-25,2017-04-25T11:55:00+08:00,2017-04-25T12:03:30+08:00,S50,Clementi Road,S50,103.7768,1.3337,2017-04-25T12:03:30+08:00,5.8,TB1 Rainfall 5 Minute Total F,mm
2017-04-25,2017-04-25T11:55:00+08:00,2017-04-25T12:03:30+08:00,S55,Buangkok Green,S55,103.886,1.3837,2017-04-25T12:03:30+08:00,0.0,TB1 Rainfall 5 Minute Total F,mm
2017-04-25,2017-04-25T11:55:00+08:00,2017-04-25T12:03:30+08:00,S61,Chai Chee Street,S61,103.9217,1.323,2017-04-25T12:03:30+08:00,0.0,TB1 Rainfall 5 Minute Total F,mm
2017-04-25,2017-04-25T11:55:00+08:00,2017-04-25T12:03:30+08:00,S63,International Road,S63,103.7042,1.3275,2017-04-25T12:03:30+08:00,0.0,TB1 Rainfall 5 Minute Total F,mm
2017-04-25,2017-04-25T11:55:00+08:00,2017-04-25T12:03:30+08:00,S64,Bukit Panjang Road,S64,103.7603,1.3824,2017-04-25T12:03:30+08:00,0.0,TB1 Rainfall 5 Minute Total F,mm
2017-04-25,2017-04-25T11:55:00+08:00,2017-04-25T12:03:30+08:00,S66,Kranji Way,S66,103.7363,1.4387,2017-04-25T12:03:30+08:00,0.0,TB1 Rainfall 5 Minute Total F,mm
2017-04-25,2017-04-25T11:55:00+08:00,2017-04-25T12:03:30+08:00,S71,Kent Ridge Road,S71,103.7815,1.2923,2017-04-25T12:03:30+08:00,0.8,TB1 Rainfall 5 Minute Total F,mm
2017-04-25,2017-04-25T11:55:00+08:00,2017-04-25T12:03:30+08:00,S77,Alexandra Road,S77,103.8125,1.2937,2017-04-25T12:03:30+08:00,1.0,TB1 Rainfall 5 Minute Total F,mm
2017-04-25,2017-04-25T11:55:00+08:00,2017-04-25T12:03:30+08:00,S78,Poole Road,S78,103.89067,1.30703,2017-04-25T12:03:30+08:00,0.4,TB1 Rainfall 5 Minute Total F,mm
2017-04-25,2017-04-25T11:55:00+08:00,2017-04-25T12:03:30+08:00,S79,Somerset Road,S79,103.8372,1.3004,2017-04-25T12:03:30+08:00,0.0,TB1 Rainfall 5 Minute Total F,mm
2017-04-25,2017-04-25T11:55:00+08:00,2017-04-25T12:03:30+08:00,S81,Punggol Central,S81,103.9092,1.4029,2017-04-25T12:03:30+08:00,0.0,TB1 Rainfall 5 Minute Total F,mm
2017-04-25,2017-04-25T11:55:00+08:00,2017-04-25T12:03:30+08:00,S84,Simei Avenue,S84,103.9444,1.3437,2017-04-25T12:03:30+08:00,0.0,TB1 Rainfall 5 Minute Total F,mm
2017-04-25,2017-04-25T11:55:00+08:00,2017-04-25T12:03:30+08:00,S88,Toa Payoh North,S88,103.8482,1.3427,2017-04-25T12:03:30+08:00,0.0,TB1 Rainfall 5 Minute Total F,mm
2017-04-25,2017-04-25T11:55:00+08:00,2017-04-25T12:03:30+08:00,S89,Tuas Road,S89,103.66162,1.31985,2017-04-25T12:03:30+08:00,0.0,TB1 Rainfall 5 Minute Total F,mm
2017-04-25,2017-04-25T11:55:00+08:00,2017-04-25T12:03:30+08:00,S900,Seletar Aerospace View,S900,103.86922,1.41284,2017-04-25T12:03:30+08:00,0.0,TB1 Rainfall 5 Minute Total F,mm
2017-04-25,2017-04-25T11:55:00+08:00,2017-04-25T12:03:30+08:00,S92,South Buona Vista Road,S92,103.7886,1.2841,2017-04-25T12:03:30+08:00,0.2,TB1 Rainfall 5 Minute Total F,mm
2017-04-25,2017-04-25T11:55:00+08:00,2017-04-25T12:03:30+08:00,S94,Pasir Ris Street 51,S94,103.9528,1.3662,2017-04-25T12:03:30+08:00,0.0,TB1 Rainfall 5 Minute Total F,mm
2017-12-31,2017-12-31T22:35:00+08:00,2017-12-31T22:41:26+08:00,S07,Lornie Road,S07,103.8334,1.3415,2017-12-31T22:41:26+08:00,0.0,TB1 Rainfall 5 Minute Total F,mm
2017-12-31,2017-12-31T22:40:00+08:00,2017-12-31T22:46:28+08:00,S07,Lornie Road,S07,103.8334,1.3415,2017-12-31T22:46:28+08:00,0.0,TB1 Rainfall 5 Minute Total F,mm
2017-12-31,2017-12-31T22:45:00+08:00,2017-12-31T23:01:46+08:00,S07,Lornie Road,S07,103.8334,1.3415,2017-12-31T22:51:30+08:00,0.0,TB1 Rainfall 5 Minute Total F,mm
2017-12-31,2017-12-31T22:50:00+08:00,2017-12-31T22:56:28+08:00,S07,Lornie Road,S07,103.8334,1.3415,2017-12-31T22:56:28+08:00,0.0,TB1 Rainfall 5 Minute Total F,mm
2017-12-31,2017-12-31T22:55:00+08:00,2017-12-31T23:01:46+08:00,S07,Lornie Road,S07,103.8334,1.3415,2017-12-31T23:01:46+08:00,0.2,TB1 Rainfall 5 Minute Total F,mm
2017-12-31,2017-12-31T23:00:00+08:00,2017-12-31T23:06:40+08:00,S07,Lornie Road,S07,103.8334,1.3415,2017-12-31T23:06:40+08:00,0.4,TB1 Rainfall 5 Minute Total F,mm
2017-12-31,2017-12-31T23:05:00+08:00,2017-12-31T23:11:33+08:00,S07,Lornie Road,S07,103.8334,1.3415,2017-12-31T23:11:33+08:00,1.4,TB1 Rainfall 5 Minute Total F,mm
2017-12-31,2017-12-31T23:10:00+08:00,2017-12-31T23:16:29+08:00,S07,Lornie Road,S07,103.8334,1.3415,2017-12-31T23:16:29+08:00,0.8,TB1 Rainfall 5 Minute Total F,mm
2017-12-31,2017-12-31T23:15:00+08:00,2017-12-31T23:21:29+08:00,S07,Lornie Road,S07,103.8334,1.3415,2017-12-31T23:21:29+08:00,0.8,TB1 Rainfall 5 Minute Total F,mm
2017-12-31,2017-12-31T23:20:00+08:00,2017-12-31T23:26:30+08:00,S07,Lornie Road,S07,103.8334,1.3415,2017-12-31T23:26:30+08:00,0.2,TB1 Rainfall 5 Minute Total F,mm
2017-12-31,2017-12-31T23:25:00+08:00,2017-12-31T23:31:33+08:00,S07,Lornie Road,S07,103.8334,1.3415,2017-12-31T23:31:33+08:00,0.0,TB1 Rainfall 5 Minute Total F,mm
2017-12-31,2017-12-31T23:30:00+08:00,2017-12-31T23:41:24+08:00,S07,Lornie Road,S07,103.8334,1.3415,2017-12-31T23:36:31+08:00,0.4,TB1 Rainfall 5 Minute Total F,mm
2017-12-31,2017-12-31T23:35:00+08:00,2017-12-31T23:41:24+08:00,S07,Lornie Road,S07,103.8334,1.3415,2017-12-31T23:41:24+08:00,0.4,TB1 Rainfall 5 Minute Total F,mm
2017-12-31,2017-12-31T23:40:00+08:00,2017-12-31T23:46:41+08:00,S07,Lornie Road,S07,103.8334,1.3415,2017-12-31T23:46:41+08:00,0.6,TB1 Rainfall 5 Minute Total F,mm
2017-12-31,2017-12-31T23:45:00+08:00,2017-12-31T23:51:40+08:00,S07,Lornie Road,S07,103.8334,1.3415,2017-12-31T23:51:40+08:00,0.4,TB1 Rainfall 5 Minute Total F,mm
2017-12-31,2017-12-31T23:50:00+08:00,2017-12-31T23:56:32+08:00,S07,Lornie Road,S07,103.8334,1.3415,2017-12-31T23:56:32+08:00,0.8,TB1 Rainfall 5 Minute Total F,mm
2017-12-31,2017-12-31T23:55:00+08:00,2018-01-01T00:01:57+08:00,S07,Lornie Road,S07,103.8334,1.3415,2018-01-01T00:01:57+08:00,1.2,TB1 Rainfall 5 Minute Total F,mm
