year,station_id,month,anchors,future_valid,history_valid,base_model_eligible
2017,S06,1,8820,8814,8798,8792
2017,S06,2,8063,8057,8052,8046
2017,S06,3,7624,7618,7624,7618
2017,S07,1,8831,8831,8820,8820
2017,S07,2,8061,8043,8028,8010
2017,S07,3,8927,8921,8916,8910
2017,S07,4,7417,7160,7018,6878
2017,S07,5,8464,7788,7427,7125
2017,S07,6,8429,8247,8138,8026
2017,S07,7,8436,8230,8095,7939
2017,S07,8,8622,8329,8138,7900
2017,S07,9,8431,8172,7992,7776
2017,S07,10,8591,8249,8021,7749
2017,S07,11,4331,3888,3644,3393
2017,S07,12,8747,8449,8249,8009
2017,S08,1,8830,8824,8808,8802
2017,S08,2,8063,8057,8052,8046
2017,S08,3,8928,8928,8928,8928
2017,S08,4,4236,4146,4114,4089
2017,S08,5,8681,8359,8219,8102
2017,S08,6,2875,2694,2629,2556
2017,S08,7,4389,3893,3567,3236
2017,S08,8,8652,7964,7505,7006
2017,S08,9,8400,7916,7596,7269
2017,S08,10,8673,8366,8157,7915
2017,S08,11,8417,7957,7637,7280
2017,S08,12,8733,8359,8099,7794
2017,S100,1,8815,8719,8628,8532
2017,S100,2,8052,7980,7920,7848
2017,S100,3,8907,8781,8676,8550
2017,S100,4,8197,7781,7535,7320
2017,S100,5,7388,5163,4347,3895
2017,S100,6,8318,7743,7486,7345
2017,S100,7,8741,8512,8357,8183
2017,S100,8,8718,8432,8247,8014
2017,S100,9,8407,8147,7967,7751
2017,S100,10,8479,8176,7961,7714
2017,S100,11,7686,7408,7218,6995
2017,S100,12,8705,8399,8194,7948
2017,S101,1,8829,8817,8796,8784
2017,S101,2,8062,8050,8040,8028
2017,S101,3,8927,8921,8916,8910
2017,S101,4,8085,8049,8019,7988
2017,S101,5,8678,8327,8153,8029
2017,S101,6,8341,7857,7597,7390
2017,S101,7,8760,8568,8443,8299
2017,S101,8,8496,7896,7543,7163
2017,S101,9,8427,8159,7978,7763
2017,S101,10,8645,8343,8134,7892
2017,S101,11,8176,7895,7700,7471
2017,S101,12,1287,1233,1204,1162
2017,S102,1,7920,7398,7055,6693
2017,S102,2,7497,7192,6980,6739
2017,S102,3,8580,8251,8003,7715
2017,S102,4,5290,4227,4077,3916
2017,S102,5,7834,6306,5471,4820
2017,S102,6,8427,7860,7483,7127
2017,S102,7,8748,8541,8401,8239
2017,S102,8,8605,8142,7836,7487
2017,S102,9,8161,7248,6726,6232
2017,S102,10,8628,8324,8109,7862
2017,S102,11,8169,7724,7412,7071
2017,S102,12,3571,3461,3392,3296
2017,S103,3,45,0,0,0
2017,S104,1,8828,8810,8784,8766
2017,S104,2,8059,8029,8004,7974
2017,S104,3,8921,8885,8855,8819
2017,S104,4,7994,7894,7814,7733
2017,S104,5,6514,5467,4899,4437
2017,S104,6,6813,6270,5943,5627
2017,S104,7,5461,5314,5230,5122
2017,S104,8,6047,5853,5717,5556
2017,S104,9,8413,8148,7967,7752
2017,S104,10,8625,8322,8108,7860
2017,S104,11,5512,5317,5193,5036
2017,S106,1,7170,4372,3460,2808
2017,S106,2,7878,7252,6904,6586
2017,S106,3,8421,7236,6644,6145
2017,S106,4,7240,6906,6671,6408
2017,S106,5,7332,7110,6932,6763
2017,S106,6,3499,2765,2454,2233
2017,S106,7,7593,6417,5707,5048
2017,S106,8,8083,6261,5317,4451
2017,S106,9,8018,6572,5776,5023
2017,S106,10,6859,5328,4600,3965
2017,S106,11,7849,6735,6103,5487
2017,S106,12,7841,5867,4880,4005
2017,S107,1,8827,8803,8772,8748
2017,S107,2,8063,8057,8052,8046
2017,S107,3,8928,8928,8928,8928
2017,S107,4,8049,7799,7640,7493
2017,S107,5,5680,3116,2341,1879
2017,S107,6,7641,6506,6023,5690
2017,S107,7,8611,8277,8047,7785
2017,S107,8,8693,8269,7984,7659
2017,S107,9,8389,8019,7758,7447
2017,S107,10,8626,8241,7968,7654
2017,S107,11,8429,8099,7869,7602
2017,S107,12,8705,8378,8158,7900
2017,S108,1,8803,8642,8501,8345
2017,S108,2,7779,7471,7255,7004
2017,S108,3,8774,7908,7252,6536
2017,S108,4,7131,6750,6501,6244
2017,S108,5,4637,3430,2923,2572
2017,S108,6,4073,3183,2783,2461
2017,S108,7,7059,6879,6749,6611
2017,S108,8,8271,7966,7771,7526
2017,S108,9,8072,7771,7560,7314
2017,S108,10,8501,8165,7932,7651
2017,S108,11,6239,5922,5690,5441
2017,S108,12,8135,7799,7580,7310
2017,S109,1,8822,8768,8712,8658
2017,S109,2,8055,8001,7956,7902
2017,S109,3,8925,8907,8892,8874
2017,S109,4,8182,7813,7602,7412
2017,S109,5,6652,3254,1982,1150
2017,S109,6,7593,5562,4602,3868
2017,S109,7,6794,6306,6058,5859
2017,S109,8,7673,7405,7235,7020
2017,S109,9,7369,7132,6972,6780
2017,S109,10,8631,8321,8106,7859
2017,S109,11,8431,8147,7947,7712
2017,S109,12,8713,8394,8179,7927
2017,S11,1,8831,8831,8820,8820
2017,S11,2,8064,8064,8064,8064
2017,S11,3,8914,8875,8858,8840
2017,S11,4,8289,8182,8135,8091
2017,S11,5,8549,8038,7797,7620
2017,S11,6,8423,8126,7999,7882
2017,S11,7,8761,8560,8430,8280
2017,S11,8,8732,8444,8259,8026
2017,S11,9,8436,8173,7992,7777
2017,S11,10,8665,8366,8157,7915
2017,S11,11,8458,8182,7987,7757
2017,S11,12,8748,8448,8248,8008
2017,S110,1,8822,8773,8722,8674
2017,S110,2,8062,8050,8040,8028
2017,S110,3,8927,8921,8916,8910
2017,S110,4,1762,1738,1729,1705
2017,S111,8,167,162,156,151
2017,S111,9,7485,7242,7076,6879
2017,S111,10,8629,8317,8098,7844
2017,S111,11,6580,6348,6188,6001
2017,S111,12,8684,8357,8137,7879
2017,S112,1,8520,6957,5929,4955
2017,S112,2,7842,6722,6012,5291
2017,S112,3,8740,7756,7144,6559
2017,S112,4,8114,8035,7970,7897
2017,S112,5,8823,8671,8576,8473
2017,S112,6,8452,8262,8135,8017
2017,S112,7,7540,7256,7083,6882
2017,S112,8,8613,8325,8139,7918
2017,S112,9,8415,8147,7966,7751
2017,S112,10,8227,7941,7737,7501
2017,S112,11,8438,8154,7954,7719
2017,S112,12,8728,8426,8226,7986
2017,S113,1,8830,8824,8808,8802
2017,S113,2,8062,8056,8051,8045
2017,S113,3,8291,8236,8191,8137
2017,S113,4,8291,8102,7952,7779
2017,S113,5,8876,8840,8815,8796
2017,S113,6,8632,8596,8566,8530
2017,S113,7,8762,8570,8445,8301
2017,S113,8,8721,8428,8243,8010
2017,S113,9,6670,6457,6312,6138
2017,S113,10,8645,8348,8138,7897
2017,S113,11,8436,8157,7962,7733
2017,S113,12,8715,8411,8206,7960
2017,S114,1,8830,8824,8808,8802
2017,S114,2,8062,8050,8040,8028
2017,S114,3,8927,8921,8916,8910
2017,S114,4,7250,7208,7173,7132
2017,S114,5,8497,8118,7977,7874
2017,S114,6,8393,8129,8008,7913
2017,S114,7,8760,8562,8432,8282
2017,S114,8,8717,8429,8244,8011
2017,S114,9,8414,8149,7968,7753
2017,S114,10,8568,8264,8050,7802
2017,S114,11,7902,7582,7352,7092
2017,S114,12,8720,8415,8210,7964
2017,S115,1,8554,7959,7637,7346
2017,S115,2,7944,7637,7444,7279
2017,S115,3,8926,8914,8904,8892
2017,S115,4,8268,8042,7867,7676
2017,S115,5,8123,7648,7347,7028
2017,S115,6,7030,6698,6469,6246
2017,S115,7,7859,7523,7287,7022
2017,S115,8,8223,7826,7567,7252
2017,S115,9,8358,8011,7767,7491
2017,S115,10,8527,8107,7808,7465
2017,S115,11,8326,7880,7574,7217
2017,S115,12,8550,7957,7573,7152
2017,S116,1,8814,8712,8616,8514
2017,S116,2,8051,7973,7908,7830
2017,S116,3,8914,8830,8760,8676
2017,S116,4,8305,8177,8074,7957
2017,S116,5,8826,8783,8746,8706
2017,S116,6,8584,8560,8540,8516
2017,S116,7,8698,8512,8386,8242
2017,S116,8,8689,8367,8157,7894
2017,S116,9,8372,8079,7879,7639
2017,S116,10,8542,8214,7979,7708
2017,S116,11,8375,8067,7852,7600
2017,S116,12,8558,8155,7889,7581
2017,S117,1,8811,8691,8580,8460
2017,S117,2,8048,7952,7872,7776
2017,S117,3,8897,8726,8601,8460
2017,S117,4,8287,8124,7989,7837
2017,S117,5,8891,8876,8866,8854
2017,S117,6,8639,8633,8628,8622
2017,S117,7,8477,8276,8141,7985
2017,S117,8,8716,8413,8223,7984
2017,S117,9,8406,8130,7940,7717
2017,S117,10,8631,8330,8115,7868
2017,S117,11,5795,5588,5443,5270
2017,S117,12,8710,8408,8208,7968
2017,S118,1,7385,7241,7110,6966
2017,S118,2,8062,8050,8040,8028
2017,S118,3,8801,8334,8124,7964
2017,S118,4,6992,6815,6683,6540
2017,S118,5,5946,3603,2505,1696
2017,S118,6,7316,6696,6314,5962
2017,S118,7,8592,8395,8265,8115
2017,S118,8,8617,8316,8121,7876
2017,S118,9,8417,8146,7966,7750
2017,S118,10,8321,8005,7780,7521
2017,S118,11,8034,7753,7558,7329
2017,S118,12,8283,7990,7795,7561
2017,S119,1,8829,8817,8796,8784
2017,S119,2,8063,8057,8052,8046
2017,S119,3,8927,8921,8916,8910
2017,S119,4,8230,8164,8109,8053
2017,S119,5,8015,7930,7865,7787
2017,S119,6,8149,8074,8017,7951
2017,S119,7,7815,7336,6991,6619
2017,S119,8,8685,8364,8153,7891
2017,S119,9,8367,8040,7817,7553
2017,S119,10,8486,8021,7675,7280
2017,S119,11,8355,7992,7736,7440
2017,S119,12,8663,8321,8089,7813
2017,S120,1,8828,8810,8784,8772
2017,S120,2,8062,8050,8040,8028
2017,S120,3,8927,8921,8916,8910
2017,S120,4,7353,7323,7298,7273
2017,S120,5,8738,8379,8164,7964
2017,S120,6,8593,8476,8418,8375
2017,S120,7,8760,8546,8406,8244
2017,S120,8,8711,8419,8234,8001
2017,S120,9,8417,8149,7968,7753
2017,S120,10,8640,8339,8130,7888
2017,S120,11,8442,8158,7963,7734
2017,S120,12,8711,8411,8211,7971
2017,S121,1,8821,8764,8708,8654
2017,S121,2,8054,7997,7952,7898
2017,S121,3,8917,8851,8796,8730
2017,S121,4,3310,3250,3211,3151
2017,S121,5,4266,3147,2544,2017
2017,S121,6,5314,3474,2520,1829
2017,S121,7,7906,7589,7354,7099
2017,S121,8,8689,8299,8034,7705
2017,S121,9,8388,8027,7767,7455
2017,S121,10,8614,8222,7944,7625
2017,S121,11,8415,8083,7853,7582
2017,S121,12,8701,8398,8198,7958
2017,S122,1,8816,8726,8640,8550
2017,S122,2,8038,7882,7752,7598
2017,S122,3,8901,8745,8615,8459
2017,S122,4,8291,8099,7942,7761
2017,S122,5,7807,6197,5320,4624
2017,S122,6,8290,7613,7236,6937
2017,S122,7,8469,8271,8136,7980
2017,S122,8,7503,7238,7068,6853
2017,S122,9,8408,8143,7963,7747
2017,S122,10,8615,8302,8082,7829
2017,S122,11,3327,3186,3097,2982
2017,S122,12,6013,5787,5621,5435
2017,S123,1,8831,8831,8820,8820
2017,S123,2,8064,8064,8064,8064
2017,S123,3,8920,8889,8864,8834
2017,S123,4,8307,8247,8197,8142
2017,S123,5,8771,8586,8511,8452
2017,S123,6,8610,8524,8464,8415
2017,S123,7,8756,8569,8449,8311
2017,S123,8,8702,8406,8216,7977
2017,S123,9,8399,8128,7937,7710
2017,S123,10,8642,8339,8130,7888
2017,S123,11,8440,8160,7965,7736
2017,S123,12,8715,8409,8204,7964
2017,S24,1,8450,8246,8065,7864
2017,S24,2,8004,7746,7531,7273
2017,S24,3,8882,8666,8486,8270
2017,S24,4,8293,8107,7952,7771
2017,S24,5,7310,4539,3403,2712
2017,S24,6,7900,6154,5333,4834
2017,S24,7,8748,8543,8408,8252
2017,S24,8,8660,8361,8173,7940
2017,S24,9,8409,8144,7963,7748
2017,S24,10,8644,8338,8124,7876
2017,S24,11,8426,8124,7917,7676
2017,S24,12,8641,8333,8128,7882
2017,S24B,1,8756,8442,8180,7897
2017,S24B,2,8003,7643,7364,7041
2017,S24B,3,8864,8527,8255,7942
2017,S24B,4,7025,6983,6959,6917
2017,S29,1,8830,8824,8808,8802
2017,S29,2,8060,8038,8023,8006
2017,S29,3,8928,8928,8928,8928
2017,S29,4,7634,7610,7590,7571
2017,S29,5,8313,7843,7588,7362
2017,S29,6,7470,6904,6737,6645
2017,S29,7,8426,8219,8084,7928
2017,S29,8,8726,8437,8251,8019
2017,S29,9,8434,8166,7987,7770
2017,S29,10,8592,8286,8071,7824
2017,S29,11,7885,7508,7272,6996
2017,S29,12,8572,8276,8076,7836
2017,S33,1,8829,8817,8801,8795
2017,S33,2,8062,8056,8051,8045
2017,S33,3,8928,8928,8928,8928
2017,S33,4,8147,7999,7884,7759
2017,S33,5,7596,6745,6336,5983
2017,S33,6,8418,8358,8318,8270
2017,S33,7,8575,8375,8240,8084
2017,S33,8,6145,5901,5745,5549
2017,S33,9,8435,8170,7986,7770
2017,S33,10,8225,7877,7652,7392
2017,S33,11,8020,7705,7480,7214
2017,S33,12,8749,8453,8253,8019
2017,S35,1,8831,8831,8820,8820
2017,S35,2,8063,8057,8052,8046
2017,S35,3,8928,8928,8928,8928
2017,S35,4,8273,8145,8050,7952
2017,S35,5,8868,8793,8735,8680
2017,S35,6,8630,8578,8542,8500
2017,S35,7,8765,8573,8448,8310
2017,S35,8,8727,8438,8253,8020
2017,S35,9,8424,8166,7985,7770
2017,S35,10,8664,8367,8158,7916
2017,S35,11,7303,7050,6870,6658
2017,S35,12,8749,8446,8251,8006
2017,S36,1,8530,8339,8203,8070
2017,S36,2,8061,8049,8039,8027
2017,S36,3,8928,8928,8928,8928
2017,S36,4,1963,1884,1839,1785
2017,S36,5,2590,2013,1724,1489
2017,S36,6,3023,2342,2077,1862
2017,S36,7,3068,2911,2784,2657
2017,S36,8,8726,8439,8253,8021
2017,S36,9,7947,7688,7508,7292
2017,S36,10,8428,8106,7877,7611
2017,S36,11,7350,7045,6825,6571
2017,S36,12,7824,7519,7314,7079
2017,S40,1,8830,8824,8808,8802
2017,S40,2,8062,8050,8040,8028
2017,S40,3,8926,8920,8915,8909
2017,S40,4,8166,8116,8076,8028
2017,S40,5,7978,7835,7725,7608
2017,S40,6,7383,7106,6963,6845
2017,S40,7,8377,8201,8086,7954
2017,S40,8,8730,8438,8252,8020
2017,S40,9,8434,8174,7994,7778
2017,S40,10,8656,8355,8146,7904
2017,S40,11,8202,7920,7728,7505
2017,S40,12,8748,8459,8264,8030
2017,S43,1,8830,8824,8808,8802
2017,S43,2,8064,8064,8064,8064
2017,S43,3,8919,8865,8820,8766
2017,S43,4,8205,7752,7421,7094
2017,S43,5,7458,5424,4692,4175
2017,S43,6,7204,6388,6045,5840
2017,S43,7,8747,8531,8386,8218
2017,S43,8,8714,8423,8238,8005
2017,S43,9,8421,8156,7976,7760
2017,S43,10,8208,7905,7695,7455
2017,S43,11,8452,8167,7972,7742
2017,S43,12,8732,8424,8219,7979
2017,S44,1,8829,8817,8796,8784
2017,S44,2,8053,8035,8020,8002
2017,S44,3,8925,8907,8892,8874
2017,S44,4,7056,6659,6513,6390
2017,S44,5,4372,1627,973,674
2017,S44,6,3361,1650,1128,843
2017,S44,7,6723,6273,5991,5706
2017,S44,8,8076,7795,7616,7388
2017,S44,9,7136,6915,6758,6574
2017,S44,10,8634,8301,8070,7814
2017,S44,11,6992,6676,6497,6284
2017,S44,12,4287,4124,4013,3893
2017,S46,1,8830,8824,8808,8802
2017,S46,2,8060,8036,8016,7992
2017,S46,3,8927,8921,8916,8910
2017,S46,4,8322,8292,8267,8242
2017,S46,5,8530,8204,8044,7905
2017,S46,6,7950,7570,7438,7336
2017,S46,7,8238,7999,7859,7697
2017,S46,8,8011,7619,7358,7041
2017,S46,9,6909,6538,6276,5971
2017,S46,10,8657,8356,8147,7905
2017,S46,11,8454,8177,7982,7753
2017,S46,12,8747,8443,8238,7998
2017,S50,1,8828,8810,8784,8766
2017,S50,2,8058,8022,7992,7961
2017,S50,3,8915,8897,8882,8864
2017,S50,4,7994,7850,7740,7626
2017,S50,5,6704,5674,5057,4454
2017,S50,6,3895,2625,2131,1809
2017,S50,7,7050,6851,6716,6560
2017,S50,8,8374,7982,7717,7414
2017,S50,9,7877,7433,7141,6824
2017,S50,10,7129,6778,6544,6284
2017,S50,11,7684,7176,6869,6533
2017,S50,12,7504,6998,6697,6364
2017,S55,1,8830,8824,8808,8802
2017,S55,2,8062,8050,8040,8028
2017,S55,3,8927,8921,8916,8910
2017,S55,4,8279,8179,8103,8022
2017,S55,5,8805,8592,8468,8360
2017,S55,6,8624,8555,8500,8434
2017,S55,7,8770,8608,8503,8383
2017,S55,8,8739,8449,8264,8031
2017,S55,9,8446,8180,7999,7784
2017,S55,10,8661,8358,8149,7907
2017,S55,11,8438,8086,7852,7585
2017,S55,12,8745,8431,8221,7969
2017,S60,1,5104,4809,4557,4290
2017,S60,2,5118,4875,4682,4477
2017,S60,3,3396,3269,3175,3049
2017,S60,8,167,162,156,151
2017,S60,9,8424,8103,7877,7608
2017,S60,10,8627,8246,7977,7663
2017,S60,11,4290,4124,4009,3876
2017,S60,12,8251,7918,7699,7429
2017,S61,1,8831,8831,8820,8820
2017,S61,2,8063,8057,8052,8046
2017,S61,3,8925,8913,8903,8891
2017,S61,4,8301,8265,8235,8204
2017,S61,5,8832,8670,8562,8456
2017,S61,6,8572,8437,8370,8299
2017,S61,7,8766,8587,8472,8340
2017,S61,8,8717,8381,8156,7875
2017,S61,9,8413,8103,7896,7651
2017,S61,10,8646,8301,8067,7795
2017,S61,11,8431,8038,7759,7441
2017,S61,12,8712,8289,7999,7657
2017,S63,1,8830,8824,8808,8802
2017,S63,2,8063,8057,8052,8046
2017,S63,3,8837,8819,8815,8797
2017,S63,4,5805,5676,5562,5450
2017,S63,5,7513,7029,6772,6529
2017,S63,6,7554,7195,7012,6841
2017,S63,7,8069,7847,7691,7523
2017,S63,8,8726,8432,8246,8014
2017,S63,9,8373,8088,7903,7680
2017,S63,10,8480,8168,7948,7695
2017,S63,11,8461,8181,7986,7757
2017,S63,12,5177,4982,4858,4702
2017,S64,1,8830,8824,8808,8802
2017,S64,2,8062,8050,8040,8028
2017,S64,3,8927,8921,8916,8910
2017,S64,4,8315,8273,8238,8201
2017,S64,5,8891,8876,8866,8854
2017,S64,6,8634,8622,8612,8600
2017,S64,7,8760,8562,8432,8282
2017,S64,8,8712,8416,8225,7987
2017,S64,9,8428,8161,7982,7765
2017,S64,10,8664,8358,8143,7896
2017,S64,11,8447,8158,7958,7723
2017,S64,12,8745,8451,8256,8022
2017,S66,1,8828,8810,8784,8766
2017,S66,2,8059,8026,8004,7971
2017,S66,3,8870,8741,8666,8591
2017,S66,4,8288,8164,8069,7976
2017,S66,5,8712,8470,8312,8150
2017,S66,6,8095,8035,7985,7925
2017,S66,7,8535,8326,8186,8024
2017,S66,8,8339,7999,7784,7517
2017,S66,9,5817,5502,5292,5055
2017,S66,10,8421,8096,7876,7622
2017,S66,11,7932,7606,7371,7094
2017,S66,12,8744,8445,8245,8011
2017,S69,1,8410,7736,7366,6997
2017,S69,2,7912,7596,7401,7199
2017,S69,3,8778,8565,8459,8350
2017,S69,4,2367,2337,2323,2293
2017,S69,5,8040,7821,7696,7595
2017,S69,6,8637,8625,8615,8603
2017,S69,7,8777,8626,8531,8423
2017,S69,8,8735,8444,8258,8026
2017,S69,9,8427,8143,7953,7725
2017,S69,10,8662,8364,8155,7913
2017,S69,11,8441,8135,7916,7663
2017,S69,12,8743,8451,8256,8022
2017,S71,1,8788,8612,8458,8294
2017,S71,2,8015,7793,7630,7438
2017,S71,3,8713,8116,7715,7261
2017,S71,4,6165,5962,5829,5698
2017,S71,5,5368,4629,4218,3819
2017,S71,6,8000,7852,7767,7696
2017,S71,7,8766,8571,8441,8291
2017,S71,8,8563,8235,8020,7756
2017,S71,9,8426,8159,7979,7763
2017,S71,10,8643,8338,8123,7876
2017,S71,11,7240,6897,6652,6367
2017,S71,12,8732,8418,8203,7945
2017,S72,2,17,0,0,0
2017,S72,3,16,0,0,0
2017,S77,1,8831,8831,8820,8820
2017,S77,2,8063,8057,8052,8046
2017,S77,3,8926,8914,8904,8892
2017,S77,4,8312,8282,8257,8232
2017,S77,5,8622,8012,7677,7391
2017,S77,6,8635,8617,8591,8573
2017,S77,7,8767,8591,8476,8344
2017,S77,8,8714,8415,8224,7986
2017,S77,9,8431,8157,7977,7761
2017,S77,10,8644,8346,8137,7895
2017,S77,11,8455,8172,7977,7748
2017,S77,12,8749,8451,8251,8011
2017,S78,1,8829,8817,8796,8784
2017,S78,2,8063,8057,8052,8046
2017,S78,3,8316,8304,8294,8282
2017,S78,4,8312,8282,8257,8232
2017,S78,5,8772,8477,8306,8153
2017,S78,6,8553,8344,8252,8179
2017,S78,7,8764,8585,8470,8338
2017,S78,8,8722,8436,8250,8018
2017,S78,9,8424,8154,7975,7758
2017,S78,10,8652,8354,8144,7903
2017,S78,11,8448,8165,7970,7741
2017,S78,12,8742,8443,8243,8003
2017,S79,1,8815,8744,8683,8627
2017,S79,2,8057,8039,8024,8006
2017,S79,3,8917,8911,8906,8900
2017,S79,4,8225,8177,8137,8094
2017,S79,5,8842,8697,8584,8465
2017,S79,6,8564,8429,8365,8312
2017,S79,7,8756,8574,8455,8323
2017,S79,8,8734,8443,8257,8025
2017,S79,9,8381,8102,7912,7684
2017,S79,10,8640,8302,8064,7793
2017,S79,11,8443,8167,7972,7743
2017,S79,12,7403,7052,6882,6678
2017,S81,1,8831,8831,8820,8820
2017,S81,2,8063,8057,8052,8046
2017,S81,3,8927,8921,8916,8910
2017,S81,4,7599,7509,7434,7353
2017,S81,5,8752,8462,8304,8158
2017,S81,6,8478,8254,8137,8044
2017,S81,7,8764,8585,8470,8338
2017,S81,8,8725,8436,8251,8018
2017,S81,9,8428,8162,7981,7766
2017,S81,10,8645,8344,8130,7882
2017,S81,11,8446,8165,7970,7741
2017,S81,12,8738,8435,8230,7990
2017,S82,11,6095,5900,5754,5592
2017,S82,12,8723,8419,8214,7968
2017,S84,1,8828,8810,8784,8766
2017,S84,2,8063,8057,8052,8046
2017,S84,3,8928,8928,8928,8928
2017,S84,4,7399,7370,7355,7342
2017,S84,5,8623,8248,8088,7943
2017,S84,6,5810,5454,5291,5160
2017,S84,7,5832,5669,5558,5444
2017,S84,8,8725,8436,8251,8018
2017,S84,9,8421,8162,7981,7766
2017,S84,10,8646,8347,8138,7896
2017,S84,11,8446,8166,7971,7742
2017,S84,12,8723,8417,8212,7966
2017,S88,1,8820,8808,8787,8775
2017,S88,2,8060,8042,8027,8009
2017,S88,3,8928,8928,8928,8928
2017,S88,4,6479,6390,6320,6250
2017,S88,5,8800,8627,8520,8438
2017,S88,6,8588,8455,8370,8305
2017,S88,7,8760,8568,8443,8299
2017,S88,8,8723,8422,8227,7983
2017,S88,9,8425,8158,7977,7762
2017,S88,10,8642,8340,8131,7889
2017,S88,11,8447,8155,7957,7728
2017,S88,12,8728,8420,8215,7975
2017,S89,1,6895,5387,4998,4675
2017,S89,2,4990,2478,1907,1494
2017,S89,3,6851,4836,4353,4034
2017,S89,4,8322,8292,8267,8242
2017,S89,5,8585,8140,7956,7803
2017,S89,6,8194,7655,7442,7292
2017,S89,7,8759,8570,8445,8301
2017,S89,8,8732,8441,8256,8023
2017,S89,9,8425,8157,7976,7761
2017,S89,10,8646,8347,8138,7896
2017,S89,11,8181,7906,7711,7482
2017,S89,12,8731,8430,8230,7990
2017,S90,1,8831,8831,8820,8820
2017,S90,2,8060,8041,8026,8008
2017,S90,3,8928,8928,8928,8928
2017,S90,4,4913,4883,4869,4839
2017,S90,5,7835,7515,7358,7235
2017,S90,6,8450,8236,8156,8094
2017,S90,7,8760,8567,8437,8287
2017,S90,8,8732,8440,8255,8022
2017,S90,9,8369,8023,7779,7503
2017,S90,10,8608,8246,7990,7704
2017,S90,11,8445,8168,7973,7744
2017,S90,12,8729,8422,8217,7977
2017,S900,1,8831,8831,8820,8820
2017,S900,2,8062,8050,8040,8028
2017,S900,3,8928,8928,8928,8928
2017,S900,4,8291,8188,8110,8025
2017,S900,5,7285,6222,5692,5275
2017,S900,6,7415,6530,6055,5651
2017,S900,7,8614,8427,8307,8169
2017,S900,8,8578,8271,8076,7831
2017,S900,9,8080,7817,7631,7410
2017,S900,10,8634,8321,8102,7848
2017,S900,11,8420,8122,7918,7683
2017,S900,12,8601,8304,8104,7864
2017,S91,1,8831,8831,8820,8820
2017,S91,2,8064,8064,8064,8064
2017,S91,3,8928,8928,8928,8928
2017,S91,4,2226,2015,2001,1971
2017,S91,5,4319,4182,4072,3944
2017,S91,6,6965,6953,6932,6920
2017,S91,7,8746,8547,8416,8266
2017,S91,8,8736,8448,8262,8030
2017,S91,9,8435,8165,7986,7769
2017,S91,10,8656,8345,8125,7872
2017,S91,11,8442,8143,7933,7686
2017,S91,12,8729,8422,8217,7971
2017,S92,1,8830,8824,8808,8802
2017,S92,2,8063,8057,8052,8046
2017,S92,3,8927,8921,8916,8910
2017,S92,4,6493,6457,6427,6396
2017,S92,5,8789,8592,8486,8388
2017,S92,6,8042,7717,7518,7335
2017,S92,7,7731,7569,7477,7365
2017,S92,8,8524,8224,8018,7773
2017,S92,9,8419,8146,7961,7739
2017,S92,10,8645,8344,8134,7893
2017,S92,11,7457,7151,6931,6673
2017,S92,12,8729,8429,8229,7989
2017,S94,1,8831,8831,8820,8820
2017,S94,2,8064,8064,8064,8064
2017,S94,3,8919,8882,8855,8825
2017,S94,4,8303,8184,8094,8008
2017,S94,5,8721,8382,8224,8094
2017,S94,6,8567,8494,8436,8376
2017,S94,7,8730,8544,8424,8286
2017,S94,8,8692,8307,8046,7724
2017,S94,9,8429,8135,7936,7695
2017,S94,10,8649,8332,8107,7848
2017,S94,11,8421,8121,7911,7664
2017,S94,12,8694,8373,8158,7906
2017,S96,1,8806,8776,8740,8710
2017,S96,2,8043,8016,8001,7983
2017,S96,3,8910,8860,8828,8792
2017,S96,4,4874,4808,4779,4731
2017,S97,1,6,0,0,0
2018,S07,1,7722,7432,7247,7031
2018,S07,2,4965,4273,4154,4011
2018,S07,3,6476,202,10,3
2018,S07,4,6088,4153,4102,4062
2018,S07,5,8194,8164,8139,8109
2018,S07,6,7801,7753,7724,7676
2018,S07,7,8782,8722,8661,8601
2018,S07,8,672,666,672,666
2018,S07,9,8389,8365,8334,8311
2018,S07,10,8922,8904,8889,8871
2018,S07,11,8624,8614,8609,8603
2018,S07,12,8924,8906,8891,8873
2018,S08,1,8017,7588,7313,7000
2018,S08,2,4643,3805,3593,3373
2018,S08,3,6150,174,10,3
2018,S08,4,5389,4091,4018,3952
2018,S08,5,8882,8688,8538,8367
2018,S08,6,8566,8161,7866,7561
2018,S08,7,8888,8742,8633,8507
2018,S08,8,663,609,584,548
2018,S08,9,8541,8523,8497,8479
2018,S08,10,8903,8777,8684,8582
2018,S08,11,8614,8544,8489,8423
2018,S08,12,8918,8863,8818,8764
2018,S100,1,6329,6082,5928,5741
2018,S100,2,4802,4111,3981,3838
2018,S100,3,4148,84,10,3
2018,S100,4,5859,3925,3874,3834
2018,S100,5,8713,8670,8635,8593
2018,S100,6,8539,8467,8407,8335
2018,S100,7,8902,8830,8770,8698
2018,S100,8,672,666,672,666
2018,S100,9,8403,8355,8304,8256
2018,S100,10,8912,8882,8857,8827
2018,S100,11,7830,7806,7786,7762
2018,S100,12,8912,8870,8835,8793
2018,S101,1,3762,3621,3520,3412
2018,S101,2,4022,3476,3377,3258
2018,S101,3,6467,202,10,3
2018,S101,4,6081,4143,4093,4056
2018,S101,5,8896,8872,8852,8828
2018,S101,6,8633,8591,8556,8514
2018,S101,7,8906,8858,8818,8770
2018,S101,8,672,666,672,666
2018,S101,9,8415,8379,8338,8302
2018,S101,10,8921,8897,8877,8853
2018,S101,11,8623,8607,8597,8585
2018,S101,12,1846,1840,1846,1840
2018,S102,1,3991,3758,3582,3391
2018,S102,2,4942,4205,4051,3872
2018,S102,3,6223,173,0,0
2018,S102,4,5992,3870,3680,3490
2018,S102,5,8745,8427,8200,7971
2018,S102,6,8443,7985,7753,7519
2018,S102,7,8477,7744,7334,6937
2018,S102,8,658,613,589,547
2018,S102,9,2920,2807,2726,2630
2018,S104,1,7687,7404,7208,6992
2018,S104,2,4981,4283,4164,4020
2018,S104,3,6553,223,16,3
2018,S104,4,5675,4155,4110,4079
2018,S104,5,8905,8893,8883,8871
2018,S104,6,8639,8633,8628,8622
2018,S104,7,8911,8893,8878,8860
2018,S104,8,672,666,672,666
2018,S104,9,8416,8392,8361,8337
2018,S104,10,8924,8918,8913,8907
2018,S104,11,5071,5053,5038,5020
2018,S104,12,2801,2783,2779,2761
2018,S105,12,5760,5754,5738,5732
2018,S106,1,7232,6284,5816,5400
2018,S106,2,4847,3813,3474,3121
2018,S106,3,6428,196,10,3
2018,S106,4,6054,4095,4024,3960
2018,S106,5,8377,8213,8082,7929
2018,S106,6,8500,8257,8075,7866
2018,S106,7,8567,7474,6781,6112
2018,S106,8,648,541,481,408
2018,S106,9,8429,7861,7415,6948
2018,S106,10,7661,7106,6767,6388
2018,S106,11,2179,2115,2069,2015
2018,S106,12,8151,7949,7787,7613
2018,S107,1,8711,8332,8067,7756
2018,S107,2,4953,4236,4102,3941
2018,S107,3,6411,175,6,0
2018,S107,4,6075,4146,4095,4059
2018,S107,5,8911,8899,8889,8877
2018,S107,6,7756,7695,7645,7585
2018,S107,7,8905,8851,8806,8752
2018,S107,8,672,666,672,666
2018,S107,9,8541,8523,8497,8479
2018,S107,10,8788,8732,8687,8633
2018,S107,11,7444,7403,7373,7337
2018,S107,12,8921,8891,8866,8836
2018,S108,1,6597,6278,6047,5803
2018,S108,2,4662,3981,3857,3702
2018,S108,3,5826,193,10,3
2018,S108,4,3298,1672,1621,1581
2018,S108,5,4226,4124,4039,3937
2018,S108,6,6880,6778,6693,6591
2018,S108,7,7549,7453,7384,7288
2018,S108,8,530,524,519,513
2018,S108,9,5600,5558,5523,5481
2018,S108,10,8280,7971,7735,7482
2018,S108,11,7239,6819,6523,6201
2018,S108,12,7036,6856,6721,6567
2018,S109,1,8729,8421,8216,7976
2018,S109,2,3726,3106,3022,2915
2018,S109,3,6482,198,10,3
2018,S109,4,6089,4160,4114,4080
2018,S109,5,8904,8886,8871,8853
2018,S109,6,7383,7335,7295,7247
2018,S109,7,8906,8858,8818,8770
2018,S109,8,672,666,672,666
2018,S109,9,8407,8377,8341,8311
2018,S109,10,6129,6093,6063,6027
2018,S109,11,7537,7515,7511,7493
2018,S109,12,6848,6812,6782,6746
2018,S11,1,8752,8447,8242,8002
2018,S11,2,4967,4274,4155,4012
2018,S11,3,6459,198,10,3
2018,S11,4,6088,4150,4100,4063
2018,S11,5,8916,8904,8894,8882
2018,S11,6,8632,8584,8544,8496
2018,S11,7,8907,8865,8830,8788
2018,S11,8,672,666,672,666
2018,S11,9,7928,7904,7873,7849
2018,S11,10,8831,8771,8721,8661
2018,S11,11,8145,8027,7932,7818
2018,S11,12,6471,6236,6043,5817
2018,S111,1,7577,7273,7068,6822
2018,S111,2,4939,4235,4109,3960
2018,S111,3,6434,193,10,3
2018,S111,4,6088,4158,4113,4080
2018,S111,5,8904,8886,8871,8853
2018,S111,6,8093,7791,7714,7626
2018,S111,7,8904,8844,8794,8734
2018,S111,8,672,666,672,666
2018,S111,9,8417,8399,8373,8355
2018,S111,10,8920,8890,8865,8835
2018,S111,11,8623,8607,8597,8585
2018,S111,12,8910,8862,8822,8778
2018,S112,1,8024,7729,7534,7306
2018,S112,2,4960,4268,4149,4006
2018,S112,3,6408,197,10,3
2018,S112,4,5191,3523,3472,3432
2018,S112,5,8096,8065,8040,8010
2018,S112,6,7397,7331,7276,7210
2018,S112,7,8520,8466,8421,8367
2018,S112,8,672,666,672,666
2018,S112,9,8419,8413,8397,8391
2018,S112,10,8921,8897,8877,8853
2018,S112,11,8622,8600,8585,8567
2018,S112,12,8050,7977,7917,7845
2018,S113,1,8717,8398,8183,7931
2018,S113,2,4960,4268,4149,4006
2018,S113,3,6485,202,10,3
2018,S113,4,6091,4161,4115,4081
2018,S113,5,8899,8887,8877,8865
2018,S113,6,8633,8591,8556,8514
2018,S113,7,7666,7612,7567,7513
2018,S113,8,672,666,672,666
2018,S113,9,8415,8386,8355,8331
2018,S113,10,8923,8911,8901,8889
2018,S113,11,8623,8607,8597,8585
2018,S113,12,8921,8891,8866,8836
2018,S114,1,8392,8076,7872,7638
2018,S114,2,4961,4268,4149,4006
2018,S114,3,6484,202,10,3
2018,S114,4,6089,4157,4112,4081
2018,S114,5,8910,8898,8888,8876
2018,S114,6,8634,8598,8568,8532
2018,S114,7,8907,8865,8830,8788
2018,S114,8,672,666,672,666
2018,S114,9,8417,8399,8373,8355
2018,S114,10,8922,8904,8889,8871
2018,S114,11,8618,8572,8537,8495
2018,S114,12,8922,8892,8867,8837
2018,S115,1,8430,7811,7416,7000
2018,S115,2,4895,4179,4040,3873
2018,S115,3,6408,200,10,3
2018,S115,4,6020,4063,3973,3894
2018,S115,5,7825,7586,7399,7241
2018,S115,6,7685,7606,7542,7468
2018,S115,7,8839,8756,8685,8602
2018,S115,8,672,666,672,666
2018,S115,9,7682,6717,6168,5670
2018,S115,10,8712,8329,8059,7763
2018,S115,11,8458,8219,8043,7856
2018,S115,12,8743,8428,8191,7930
2018,S116,1,8572,8084,7759,7401
2018,S116,2,4952,4246,4117,3962
2018,S116,3,6355,193,9,3
2018,S116,4,6052,4111,4055,4009
2018,S116,5,8835,8793,8758,8716
2018,S116,6,8568,8478,8403,8313
2018,S116,7,8842,8758,8688,8604
2018,S116,8,671,659,660,648
2018,S116,9,8376,8316,8255,8195
2018,S116,10,8880,8820,8770,8710
2018,S116,11,8572,8526,8491,8449
2018,S116,12,8860,8801,8761,8702
2018,S117,1,8274,7981,7797,7569
2018,S117,2,4488,3805,3680,3543
2018,S117,3,6482,198,10,3
2018,S117,4,4889,2959,2913,2879
2018,S117,5,8904,8886,8871,8853
2018,S117,6,8636,8612,8592,8568
2018,S117,7,8906,8858,8818,8770
2018,S117,8,672,666,672,666
2018,S117,9,6482,6464,6438,6420
2018,S117,10,7353,7335,7320,7302
2018,S117,11,8624,8614,8609,8603
2018,S117,12,6453,6411,6387,6345
2018,S118,1,8157,7822,7611,7371
2018,S118,2,4959,4261,4137,3988
2018,S118,3,6474,202,10,3
2018,S118,4,6087,4157,4112,4081
2018,S118,5,8898,8880,8865,8847
2018,S118,6,8633,8591,8556,8514
2018,S118,7,8906,8858,8818,8770
2018,S118,8,672,666,672,666
2018,S118,9,8413,8377,8336,8300
2018,S118,10,8921,8897,8877,8853
2018,S118,11,8153,8119,8094,8064
2018,S118,12,7548,7524,7504,7480
2018,S119,1,8396,8004,7740,7434
2018,S119,2,4935,4220,4087,3933
2018,S119,3,6327,176,10,3
2018,S119,4,5907,4004,3921,3854
2018,S119,5,8735,8570,8438,8286
2018,S119,6,8523,8355,8225,8072
2018,S119,7,8744,8519,8350,8165
2018,S119,8,669,657,658,646
2018,S119,9,8276,8204,8133,8061
2018,S119,10,8328,7738,7423,7150
2018,S119,11,6545,6232,5999,5751
2018,S119,12,8815,8590,8427,8246
2018,S120,1,8729,8418,8213,7973
2018,S120,2,4960,4268,4149,4006
2018,S120,3,6468,202,10,3
2018,S120,4,5594,3658,3607,3567
2018,S120,5,8911,8893,8878,8860
2018,S120,6,8635,8605,8580,8550
2018,S120,7,8907,8865,8830,8788
2018,S120,8,672,666,672,666
2018,S120,9,8416,8398,8372,8354
2018,S120,10,8921,8897,8877,8853
2018,S120,11,8623,8607,8597,8585
2018,S120,12,8923,8898,8878,8854
2018,S121,1,8066,7752,7542,7296
2018,S121,2,4948,4226,4082,3909
2018,S121,3,6461,185,9,3
2018,S121,4,6086,4143,4087,4041
2018,S121,5,8896,8806,8731,8641
2018,S121,6,8629,8563,8508,8442
2018,S121,7,8896,8788,8698,8590
2018,S121,8,672,666,672,666
2018,S121,9,8530,8446,8365,8281
2018,S121,10,8912,8834,8769,8691
2018,S121,11,8613,8543,8488,8422
2018,S121,12,8917,8863,8818,8764
2018,S122,1,8708,8401,8196,7956
2018,S122,2,4973,4276,4157,4013
2018,S122,3,6332,205,9,3
2018,S122,4,5040,3285,3234,3197
2018,S122,5,8229,8211,8196,8178
2018,S122,6,8640,8640,8640,8640
2018,S122,7,8911,8893,8878,8860
2018,S122,8,672,666,672,666
2018,S122,9,8415,8391,8360,8336
2018,S122,10,8904,8826,8767,8701
2018,S122,11,5967,5955,5948,5942
2018,S122,12,8924,8900,8884,8866
2018,S123,1,8732,8419,8214,7974
2018,S123,2,4960,4268,4149,4006
2018,S123,3,6483,198,10,3
2018,S123,4,6091,4161,4115,4081
2018,S123,5,8882,8852,8827,8797
2018,S123,6,8634,8598,8568,8532
2018,S123,7,8906,8858,8818,8770
2018,S123,8,664,652,653,641
2018,S123,9,8415,8397,8371,8353
2018,S123,10,8921,8897,8877,8853
2018,S123,11,8615,8593,8578,8560
2018,S123,12,8913,8883,8858,8828
2018,S215,4,4091,4079,4058,4046
2018,S215,5,8923,8917,8912,8906
2018,S215,6,8640,8640,8640,8640
2018,S215,7,8912,8900,8890,8878
2018,S215,8,672,666,672,666
2018,S215,9,8539,8533,8517,8511
2018,S215,10,8773,8755,8740,8722
2018,S215,11,8623,8607,8597,8585
2018,S215,12,8926,8914,8904,8892
2018,S24,1,8725,8389,8164,7900
2018,S24,2,4956,4258,4134,3985
2018,S24,3,6475,197,10,3
2018,S24,4,6084,4144,4088,4039
2018,S24,5,8896,8866,8841,8811
2018,S24,6,8630,8570,8520,8460
2018,S24,7,8839,8761,8696,8618
2018,S24,8,672,666,672,666
2018,S24,9,8432,8408,8377,8353
2018,S24,10,8921,8897,8877,8853
2018,S24,11,8604,8588,8578,8566
2018,S24,12,8911,8875,8845,8809
2018,S29,1,6517,6251,6071,5867
2018,S29,2,4967,4274,4155,4012
2018,S29,3,6483,202,10,3
2018,S29,4,6089,4161,4115,4081
2018,S29,5,8904,8886,8871,8853
2018,S29,6,7999,7945,7900,7846
2018,S29,7,8904,8844,8794,8734
2018,S29,8,672,666,672,666
2018,S29,9,6575,6545,6509,6479
2018,S29,10,8920,8890,8865,8835
2018,S29,11,8620,8586,8561,8531
2018,S29,12,8921,8891,8866,8836
2018,S33,1,7460,7139,6919,6657
2018,S33,2,4964,4260,4131,3976
2018,S33,3,6442,189,10,3
2018,S33,4,6000,4060,4004,3958
2018,S33,5,8585,8537,8497,8449
2018,S33,6,8145,8061,7991,7907
2018,S33,7,8675,8579,8499,8403
2018,S33,8,672,666,672,666
2018,S33,9,8415,8391,8360,8336
2018,S33,10,8924,8918,8913,8907
2018,S33,11,8613,8591,8576,8558
2018,S33,12,8907,8833,8779,8723
2018,S35,1,7205,6829,6574,6285
2018,S35,2,4921,4222,4098,3949
2018,S35,3,6270,193,10,3
2018,S35,4,5620,3625,3524,3424
2018,S35,5,6690,6660,6635,6605
2018,S35,6,8632,8584,8544,8496
2018,S35,7,8811,8751,8701,8641
2018,S35,8,672,666,672,666
2018,S35,9,8414,8390,8359,8335
2018,S35,10,8920,8890,8865,8835
2018,S35,11,8621,8593,8573,8549
2018,S35,12,8906,8864,8829,8787
2018,S36,1,6556,6291,6116,5906
2018,S36,2,4448,3777,3663,3520
2018,S36,3,5852,195,10,3
2018,S36,4,5089,3787,3736,3693
2018,S36,5,6436,6370,6315,6249
2018,S36,6,7151,7025,6920,6794
2018,S36,7,7697,7595,7521,7419
2018,S36,8,499,493,488,482
2018,S36,9,7281,7173,7072,6964
2018,S36,10,5943,5867,5807,5735
2018,S36,11,5576,5444,5348,5222
2018,S36,12,4822,4702,4596,4488
2018,S40,1,8754,8447,8242,8002
2018,S40,2,4965,4272,4153,4010
2018,S40,3,6475,202,10,3
2018,S40,4,6088,4161,4115,4081
2018,S40,5,8900,8876,8856,8832
2018,S40,6,8632,8584,8544,8496
2018,S40,7,8906,8858,8818,8770
2018,S40,8,672,666,672,666
2018,S40,9,8414,8390,8359,8335
2018,S40,10,8921,8897,8877,8853
2018,S40,11,8623,8607,8597,8585
2018,S40,12,8921,8891,8866,8836
2018,S43,1,8586,8287,8087,7853
2018,S43,2,4959,4267,4148,4005
2018,S43,3,5736,202,10,3
2018,S43,4,5786,4077,4026,3986
2018,S43,5,8906,8888,8873,8855
2018,S43,6,8629,8563,8508,8442
2018,S43,7,8904,8844,8794,8734
2018,S43,8,672,666,672,666
2018,S43,9,8414,8390,8359,8335
2018,S43,10,8496,8448,8408,8360
2018,S43,11,8109,8069,8039,8003
2018,S43,12,8913,8877,8847,8811
2018,S44,1,8737,8424,8214,7974
2018,S44,2,4959,4267,4148,4005
2018,S44,3,6481,198,10,3
2018,S44,4,5523,4119,4083,4058
2018,S44,5,8907,8889,8874,8856
2018,S44,6,8630,8570,8520,8460
2018,S44,7,8906,8858,8818,8770
2018,S44,8,672,666,672,666
2018,S44,9,8413,8383,8347,8317
2018,S44,10,8918,8888,8863,8833
2018,S44,11,8623,8607,8597,8585
2018,S44,12,8913,8883,8858,8828
2018,S46,1,6620,6254,6023,5759
2018,S46,2,4591,4048,3926,3771
2018,S46,3,6233,193,10,3
2018,S46,4,5976,4016,3940,3870
2018,S46,5,8110,7960,7835,7690
2018,S46,6,6719,6653,6609,6543
2018,S46,7,8791,8731,8670,8610
2018,S46,8,522,510,511,499
2018,S46,9,8414,8390,8359,8335
2018,S46,10,8559,8529,8504,8474
2018,S46,11,8243,8167,8107,8035
2018,S46,12,7795,7663,7559,7439
2018,S50,1,6958,6465,6177,5874
2018,S50,2,4661,4017,3884,3728
2018,S50,3,6141,202,10,3
2018,S50,4,4634,2731,2654,2590
2018,S50,5,7162,6984,6867,6741
2018,S50,6,8589,8342,8176,7984
2018,S50,7,8893,8773,8679,8584
2018,S50,8,672,666,672,666
2018,S50,9,8524,8425,8344,8266
2018,S50,10,8918,8876,8841,8799
2018,S50,11,8614,8544,8489,8423
2018,S50,12,8915,8857,8812,8758
2018,S55,1,8749,8442,8237,7997
2018,S55,2,4960,4268,4149,4006
2018,S55,3,6477,202,10,3
2018,S55,4,6089,4161,4115,4081
2018,S55,5,8914,8902,8892,8880
2018,S55,6,8634,8598,8568,8532
2018,S55,7,8903,8837,8782,8716
2018,S55,8,672,666,672,666
2018,S55,9,8407,8371,8330,8294
2018,S55,10,8922,8904,8889,8871
2018,S55,11,8622,8600,8585,8567
2018,S55,12,8924,8900,8880,8856
2018,S60,1,7685,7369,7153,6913
2018,S60,2,3710,3055,2956,2837
2018,S60,3,6461,182,9,3
2018,S60,4,6077,4097,4011,3929
2018,S60,5,8891,8783,8693,8585
2018,S60,6,7332,7178,7053,6903
2018,S60,7,8466,8107,7817,7483
2018,S60,8,671,659,660,648
2018,S60,9,8153,8105,8054,8006
2018,S60,10,8911,8827,8757,8678
2018,S60,11,7973,7897,7837,7765
2018,S60,12,8410,8332,8278,8200
2018,S61,1,8754,8449,8244,8004
2018,S61,2,4963,4270,4151,4008
2018,S61,3,6469,202,10,3
2018,S61,4,6035,4101,4050,4010
2018,S61,5,8911,8893,8878,8860
2018,S61,6,8176,8128,8088,8040
2018,S61,7,8905,8851,8806,8752
2018,S61,8,672,666,672,666
2018,S61,9,8414,8390,8359,8335
2018,S61,10,8921,8897,8877,8853
2018,S61,11,8621,8593,8573,8549
2018,S61,12,8922,8891,8866,8836
2018,S64,1,8750,8446,8241,8001
2018,S64,2,4960,4268,4149,4006
2018,S64,3,6481,202,10,3
2018,S64,4,6089,4161,4115,4081
2018,S64,5,8907,8883,8863,8839
2018,S64,6,8629,8563,8508,8442
2018,S64,7,8903,8837,8782,8716
2018,S64,8,669,657,658,646
2018,S64,9,8413,8383,8347,8317
2018,S64,10,8920,8890,8865,8835
2018,S64,11,8622,8600,8585,8567
2018,S64,12,8922,8886,8856,8820
2018,S66,1,8233,7919,7714,7474
2018,S66,2,4959,4255,4126,3971
2018,S66,3,6469,201,10,3
2018,S66,4,6084,4161,4115,4081
2018,S66,5,8390,8354,8324,8288
2018,S66,6,8160,8085,8025,7953
2018,S66,7,8528,8451,8391,8319
2018,S66,8,672,666,672,666
2018,S66,9,8413,8389,8358,8334
2018,S66,10,8741,8687,8642,8588
2018,S66,11,8616,8558,8513,8459
2018,S66,12,3460,3406,3377,3329
2018,S69,1,7776,7441,7216,6952
2018,S69,2,4961,4269,4150,4007
2018,S69,3,6371,189,10,3
2018,S69,4,4514,2551,2501,2449
2018,S69,5,7658,7640,7614,7596
2018,S69,6,7695,7629,7574,7508
2018,S69,7,8370,8298,8242,8176
2018,S69,8,672,666,672,666
2018,S69,9,7131,7091,7050,7014
2018,S69,10,8922,8904,8889,8871
2018,S69,11,8621,8593,8573,8549
2018,S69,12,8924,8900,8880,8856
2018,S71,1,7304,7006,6806,6572
2018,S71,2,4947,4254,4135,3992
2018,S71,3,6455,202,10,3
2018,S71,4,6055,4097,4022,3955
2018,S71,5,8876,8840,8810,8774
2018,S71,6,8591,8525,8470,8404
2018,S71,7,8746,8674,8614,8542
2018,S71,8,672,666,672,666
2018,S71,9,8334,8268,8202,8136
2018,S71,10,8884,8818,8763,8697
2018,S71,11,8074,8028,7993,7951
2018,S71,12,3906,3876,3862,3832
2018,S77,1,8744,8438,8233,7993
2018,S77,2,4961,4268,4149,4006
2018,S77,3,6474,202,10,3
2018,S77,4,6089,4161,4115,4081
2018,S77,5,8910,8892,8877,8859
2018,S77,6,8632,8584,8544,8496
2018,S77,7,8904,8844,8794,8734
2018,S77,8,672,666,672,666
2018,S77,9,8413,8389,8358,8334
2018,S77,10,8916,8863,8823,8775
2018,S77,11,8613,8579,8554,8524
2018,S77,12,8906,8858,8818,8770
2018,S78,1,8740,8429,8224,7984
2018,S78,2,4960,4268,4149,4006
2018,S78,3,6468,202,10,3
2018,S78,4,5885,4147,4101,4067
2018,S78,5,8829,8805,8785,8761
2018,S78,6,8631,8577,8532,8478
2018,S78,7,8904,8844,8794,8734
2018,S78,8,672,666,672,666
2018,S78,9,8412,8382,8346,8316
2018,S78,10,8923,8911,8901,8889
2018,S78,11,8623,8607,8597,8585
2018,S78,12,8922,8892,8867,8837
2018,S79,1,8727,8406,8191,7939
2018,S79,2,4961,4268,4149,4006
2018,S79,3,5600,170,1,0
2018,S79,4,5657,4150,4100,4063
2018,S79,5,8901,8877,8857,8833
2018,S79,6,8634,8598,8568,8532
2018,S79,7,8887,8815,8755,8683
2018,S79,8,672,666,672,666
2018,S79,9,8414,8396,8370,8352
2018,S79,10,8923,8911,8901,8889
2018,S79,11,8623,8607,8597,8585
2018,S79,12,8923,8893,8868,8838
2018,S81,1,8743,8435,8230,7990
2018,S81,2,4961,4269,4150,4007
2018,S81,3,6468,202,10,3
2018,S81,4,6089,4161,4115,4081
2018,S81,5,8902,8884,8869,8851
2018,S81,6,8634,8598,8568,8532
2018,S81,7,8905,8851,8806,8752
2018,S81,8,672,666,672,666
2018,S81,9,8407,8383,8352,8328
2018,S81,10,8924,8918,8913,8907
2018,S81,11,8622,8600,8585,8567
2018,S81,12,8921,8891,8866,8836
2018,S82,1,8742,8435,8230,7990
2018,S82,2,4849,4217,4078,3905
2018,S82,3,6391,187,9,3
2018,S82,4,6090,4161,4115,4081
2018,S82,5,8760,8730,8705,8675
2018,S82,6,8596,8536,8486,8426
2018,S82,7,8844,8754,8679,8589
2018,S82,8,651,639,640,628
2018,S82,9,8343,8289,8233,8179
2018,S82,10,8874,8814,8764,8704
2018,S82,11,8576,8467,8382,8288
2018,S82,12,8898,8832,8777,8711
2018,S84,1,8663,8330,8105,7841
2018,S84,2,4951,4256,4137,3994
2018,S84,3,6468,202,10,3
2018,S84,4,6090,4161,4115,4081
2018,S84,5,8905,8887,8872,8854
2018,S84,6,8630,8570,8520,8460
2018,S84,7,8905,8851,8806,8752
2018,S84,8,672,666,672,666
2018,S84,9,8086,7972,7866,7752
2018,S84,10,8342,8246,8166,8070
2018,S84,11,8623,8607,8597,8585
2018,S84,12,5992,5955,5936,5900
2018,S88,1,8745,8437,8232,7992
2018,S88,2,4961,4268,4149,4006
2018,S88,3,6468,202,10,3
2018,S88,4,6090,4165,4119,4082
2018,S88,5,8901,8883,8868,8850
2018,S88,6,8634,8598,8568,8532
2018,S88,7,8905,8851,8806,8752
2018,S88,8,672,666,672,666
2018,S88,9,8413,8395,8369,8351
2018,S88,10,8923,8911,8901,8889
2018,S88,11,8623,8607,8597,8585
2018,S88,12,8915,8885,8860,8830
2018,S89,1,8742,8433,8228,7988
2018,S89,2,4960,4268,4149,4006
2018,S89,3,6485,202,10,3
2018,S89,4,6088,4157,4112,4081
2018,S89,5,8907,8895,8885,8873
2018,S89,6,8634,8598,8568,8532
2018,S89,7,8906,8858,8818,8770
2018,S89,8,672,666,672,666
2018,S89,9,8411,8381,8345,8315
2018,S89,10,8924,8918,8913,8907
2018,S89,11,8623,8607,8597,8585
2018,S89,12,8921,8885,8855,8819
2018,S90,1,8743,8433,8228,7988
2018,S90,2,4961,4268,4149,4006
2018,S90,3,6467,202,10,3
2018,S90,4,6088,4157,4112,4081
2018,S90,5,8912,8900,8890,8878
2018,S90,6,8634,8598,8568,8532
2018,S90,7,8906,8858,8818,8770
2018,S90,8,672,666,672,666
2018,S90,9,8415,8409,8393,8387
2018,S90,10,8924,8918,8913,8907
2018,S90,11,8617,8565,8525,8477
2018,S90,12,8922,8891,8866,8836
2018,S900,1,8599,8287,8082,7842
2018,S900,2,4959,4267,4148,4005
2018,S900,3,6435,202,10,3
2018,S900,4,6089,4160,4114,4080
2018,S900,5,8555,8537,8522,8504
2018,S900,6,8633,8591,8556,8514
2018,S900,7,8907,8865,8830,8788
2018,S900,8,672,666,672,666
2018,S900,9,8440,8416,8385,8361
2018,S900,10,8676,8646,8632,8602
2018,S900,11,8452,8418,8382,8352
2018,S900,12,8657,8621,8591,8555
2018,S91,1,8741,8434,8229,7989
2018,S91,2,4961,4262,4138,3989
2018,S91,3,6485,202,10,3
2018,S91,4,6089,4161,4115,4081
2018,S91,5,8914,8890,8870,8846
2018,S91,6,8634,8598,8568,8532
2018,S91,7,8900,8833,8778,8712
2018,S91,8,672,666,672,666
2018,S91,9,8542,8530,8509,8497
2018,S91,10,8863,8832,8807,8777
2018,S91,11,8620,8590,8570,8546
2018,S91,12,3289,3253,3234,3198
2018,S92,1,7419,7145,6965,6749
2018,S92,2,4962,4269,4150,4007
2018,S92,3,6468,202,10,3
2018,S92,4,5844,3910,3859,3819
2018,S92,5,8907,8889,8874,8856
2018,S92,6,8631,8577,8532,8478
2018,S92,7,8905,8851,8806,8752
2018,S92,8,672,666,672,666
2018,S92,9,8412,8388,8357,8333
2018,S92,10,8921,8897,8877,8853
2018,S92,11,8622,8600,8585,8567
2018,S92,12,8214,8190,8170,8146
2018,S94,1,8733,8424,8219,7979
2018,S94,2,4961,4269,4150,4007
2018,S94,3,6484,200,10,3
2018,S94,4,6089,4161,4115,4081
2018,S94,5,8903,8879,8859,8835
2018,S94,6,8631,8577,8532,8478
2018,S94,7,8904,8844,8794,8734
2018,S94,8,671,659,660,648
2018,S94,9,8410,8374,8333,8297
2018,S94,10,8921,8897,8877,8853
2018,S94,11,8621,8593,8573,8549
2018,S94,12,8922,8886,8856,8820
2019,S07,1,8924,8906,8891,8873
2019,S07,2,8060,8048,8042,8036
2019,S07,3,8924,8912,8902,8890
2019,S07,4,7877,7859,7844,7826
2019,S07,5,8314,8290,8270,8246
2019,S07,6,7612,7594,7579,7561
2019,S07,7,6879,6827,6791,6749
2019,S07,8,8914,8868,8833,8791
2019,S07,9,8637,8619,8604,8586
2019,S07,10,8925,8907,8892,8874
2019,S07,11,6896,6890,6885,6879
2019,S07,12,8611,8593,8578,8560
2019,S08,1,8905,8773,8663,8532
2019,S08,2,8035,7880,7759,7621
2019,S08,3,8840,8341,7956,7538
2019,S08,4,7817,7462,7209,6920
2019,S08,5,8878,8605,8412,8214
2019,S08,6,8527,7943,7535,7102
2019,S08,7,7530,7442,7383,7317
2019,S08,8,8911,8865,8830,8788
2019,S08,9,8637,8619,8604,8586
2019,S08,10,8927,8921,8916,8910
2019,S08,11,6896,6890,6885,6879
2019,S08,12,8921,8909,8899,8887
2019,S100,1,8906,8876,8855,8837
2019,S100,2,7307,7271,7245,7215
2019,S100,3,8915,8891,8871,8847
2019,S100,4,7874,7838,7808,7772
2019,S100,5,7608,7578,7553,7523
2019,S100,6,8638,8626,8616,8604
2019,S100,7,7465,7080,6809,6552
2019,S100,8,8904,8800,8720,8624
2019,S100,9,8609,8429,8297,8155
2019,S100,10,8923,8893,8868,8838
2019,S100,11,6891,6855,6825,6789
2019,S100,12,8902,8797,8719,8629
2019,S104,1,8169,8151,8125,8107
2019,S104,2,8060,8048,8042,8036
2019,S104,3,8926,8920,8915,8909
2019,S104,4,7877,7859,7844,7826
2019,S104,5,8928,8928,8928,8928
2019,S104,6,8638,8626,8616,8604
2019,S104,7,7539,7500,7474,7444
2019,S104,8,8919,8896,8881,8863
2019,S104,9,8640,8640,8640,8640
2019,S104,10,8927,8921,8916,8910
2019,S104,11,6891,6868,6853,6835
2019,S104,12,8919,8901,8886,8868
2019,S105,1,8924,8906,8891,8873
2019,S105,2,8055,8037,8026,8014
2019,S105,3,8926,8920,8915,8909
2019,S105,4,7878,7866,7856,7844
2019,S105,5,8928,8928,8928,8928
2019,S105,6,8622,8607,8597,8585
2019,S105,7,7531,7486,7455,7419
2019,S105,8,8917,8882,8857,8827
2019,S105,9,8639,8633,8628,8622
2019,S105,10,8927,8921,8916,8910
2019,S105,11,6896,6890,6885,6879
2019,S105,12,8872,8769,8723,8696
2019,S106,1,8872,8648,8481,8296
2019,S106,2,8040,7914,7813,7701
2019,S106,3,8923,8899,8879,8855
2019,S106,4,5565,5505,5466,5409
2019,S106,5,7055,7007,6956,6908
2019,S106,6,8107,8029,7969,7897
2019,S106,7,7159,7072,7006,6928
2019,S106,8,8917,8881,8851,8815
2019,S106,9,8628,8556,8496,8424
2019,S106,10,8893,8694,8539,8359
2019,S106,11,6887,6830,6790,6748
2019,S106,12,8260,8193,8138,8072
2019,S107,1,8925,8913,8903,8891
2019,S107,2,8059,8041,8030,8018
2019,S107,3,8323,8305,8290,8272
2019,S107,4,7856,7815,7785,7749
2019,S107,5,8924,8900,8880,8856
2019,S107,6,7935,7917,7902,7884
2019,S107,7,7442,7393,7362,7326
2019,S107,8,8909,8860,8825,8783
2019,S107,9,8589,8559,8534,8504
2019,S107,10,8927,8921,8916,8910
2019,S107,11,6896,6890,6885,6879
2019,S107,12,8927,8918,8916,8907
2019,S108,1,4846,4798,4758,4710
2019,S108,2,7603,7457,7341,7204
2019,S108,3,7951,7841,7762,7654
2019,S108,4,5404,5326,5252,5180
2019,S108,5,6713,6449,6234,5990
2019,S108,6,4925,4502,4255,3999
2019,S108,7,5434,5278,5178,5051
2019,S108,8,7420,7312,7211,7103
2019,S108,9,7394,7328,7273,7207
2019,S108,10,6903,6855,6826,6778
2019,S108,11,5515,5478,5437,5401
2019,S108,12,6634,6584,6544,6496
2019,S109,1,2708,2696,2686,2674
2019,S109,2,2608,2590,2568,2556
2019,S109,3,8926,8920,8915,8909
2019,S109,4,4836,4799,4769,4733
2019,S109,5,8257,8221,8191,8155
2019,S109,6,6943,6907,6877,6841
2019,S109,7,7505,7454,7418,7376
2019,S109,8,8901,8824,8782,8740
2019,S109,9,8635,8605,8580,8552
2019,S109,10,8752,8692,8642,8582
2019,S109,11,6229,6217,6218,6206
2019,S109,12,7864,7852,7831,7819
2019,S11,1,6587,6390,6241,6049
2019,S11,2,4188,4158,4126,4102
2019,S11,3,8922,8898,8878,8854
2019,S11,4,7876,7852,7832,7808
2019,S11,5,8924,8900,8880,8856
2019,S11,6,8638,8626,8616,8604
2019,S11,7,7539,7500,7474,7444
2019,S11,8,8914,8868,8833,8791
2019,S11,9,8637,8619,8604,8586
2019,S11,10,8927,8921,8916,8910
2019,S11,11,6896,6890,6885,6879
2019,S11,12,8918,8888,8863,8833
2019,S111,1,8924,8906,8891,8873
2019,S111,2,8059,8041,8030,8018
2019,S111,3,8923,8905,8890,8872
2019,S111,4,7878,7866,7856,7844
2019,S111,5,8915,8882,8857,8827
2019,S111,6,8637,8619,8604,8586
2019,S111,7,7538,7493,7462,7426
2019,S111,8,8915,8875,8845,8809
2019,S111,9,8636,8612,8592,8568
2019,S111,10,8900,8746,8627,8501
2019,S111,11,6894,6876,6861,6843
2019,S111,12,8482,8452,8427,8397
2019,S112,1,8558,8534,8514,8490
2019,S112,2,7967,7949,7938,7926
2019,S112,3,8414,8365,8325,8277
2019,S112,4,7503,7467,7437,7401
2019,S112,5,7866,7800,7756,7690
2019,S112,6,7566,7518,7467,7419
2019,S112,7,7138,7087,7051,7009
2019,S112,8,8833,8785,8745,8697
2019,S112,9,7969,7951,7936,7918
2019,S112,10,7918,7894,7874,7850
2019,S112,11,5840,5822,5807,5789
2019,S112,12,6206,6078,5985,5877
2019,S113,1,8924,8906,8891,8873
2019,S113,2,8059,8041,8030,8018
2019,S113,3,8923,8905,8890,8872
2019,S113,4,7876,7852,7832,7808
2019,S113,5,8926,8914,8904,8892
2019,S113,6,8631,8607,8587,8563
2019,S113,7,7539,7500,7474,7444
2019,S113,8,8917,8889,8869,8845
2019,S113,9,8635,8605,8580,8550
2019,S113,10,8927,8921,8916,8910
2019,S113,11,6896,6890,6885,6879
2019,S113,12,8921,8909,8899,8887
2019,S114,1,8924,8906,8891,8873
2019,S114,2,8051,8027,8012,7994
2019,S114,3,8919,8890,8870,8846
2019,S114,4,7877,7859,7844,7826
2019,S114,5,4487,4464,4460,4442
2019,S114,6,4729,4611,4525,4454
2019,S114,7,7520,7407,7337,7264
2019,S114,8,8813,8634,8499,8342
2019,S114,9,8589,8332,8147,7936
2019,S114,10,8927,8921,8916,8910
2019,S114,11,6608,6590,6575,6557
2019,S114,12,8308,8247,8204,8144
2019,S115,1,8784,8557,8393,8211
2019,S115,2,7983,7806,7676,7535
2019,S115,3,8731,8315,8027,7703
2019,S115,4,4586,4200,3930,3642
2019,S115,5,6227,5898,5656,5424
2019,S115,6,6788,6204,5816,5409
2019,S115,7,6435,5635,5079,4518
2019,S115,8,8526,7958,7614,7282
2019,S115,9,8588,8552,8522,8486
2019,S115,10,8912,8843,8788,8722
2019,S115,11,6887,6827,6777,6717
2019,S115,12,6689,6611,6556,6490
2019,S116,1,8099,8049,7999,7950
2019,S116,2,6742,6502,6320,6115
2019,S116,3,8705,8512,8366,8203
2019,S116,4,7761,7677,7607,7523
2019,S116,5,8875,8815,8765,8705
2019,S116,6,8397,8349,8311,8273
2019,S116,7,7511,7454,7413,7365
2019,S116,8,8912,8854,8809,8755
2019,S116,9,8634,8598,8568,8532
2019,S116,10,8927,8921,8916,8910
2019,S116,11,6895,6883,6873,6861
2019,S116,12,8921,8909,8899,8887
2019,S117,1,7917,7897,7871,7853
2019,S117,2,8058,8034,8018,8000
2019,S117,3,7955,7931,7911,7887
2019,S117,4,7874,7838,7808,7772
2019,S117,5,8882,8852,8827,8797
2019,S117,6,8636,8612,8592,8568
2019,S117,7,7540,7507,7486,7462
2019,S117,8,6896,6854,6819,6777
2019,S117,9,8589,8559,8534,8504
2019,S117,10,8927,8921,8916,8910
2019,S117,11,6895,6883,6873,6861
2019,S117,12,8927,8921,8916,8910
2019,S118,1,8802,8778,8758,8734
2019,S118,2,7944,7848,7772,7682
2019,S118,3,8917,8860,8815,8761
2019,S118,4,7868,7838,7813,7783
2019,S118,5,8924,8900,8880,8856
2019,S118,6,8451,8433,8418,8400
2019,S118,7,7539,7500,7474,7444
2019,S118,8,8917,8889,8869,8845
2019,S118,9,8636,8612,8592,8568
2019,S118,10,8927,8921,8916,8910
2019,S118,11,6473,6461,6451,6439
2019,S118,12,6798,6750,6710,6662
2019,S119,1,8847,8717,8614,8502
2019,S119,2,7841,7617,7470,7311
2019,S119,3,8716,8480,8323,8151
2019,S119,4,7795,7708,7638,7554
2019,S119,5,8765,8614,8491,8360
2019,S119,6,8224,7630,7251,6890
2019,S119,7,7515,7420,7353,7275
2019,S119,8,8911,8847,8802,8748
2019,S119,9,8624,8584,8559,8529
2019,S119,10,8886,8719,8627,8555
2019,S119,11,6869,6747,6689,6640
2019,S119,12,8763,8705,8665,8617
2019,S120,1,8925,8913,8903,8891
2019,S120,2,8060,8048,8042,8036
2019,S120,3,8924,8906,8891,8873
2019,S120,4,7875,7845,7820,7790
2019,S120,5,8925,8907,8892,8874
2019,S120,6,8637,8619,8604,8586
2019,S120,7,7540,7507,7486,7462
2019,S120,8,8913,8861,8821,8773
2019,S120,9,8634,8598,8568,8532
2019,S120,10,8927,8921,8916,8910
2019,S120,11,6896,6890,6885,6879
2019,S120,12,8921,8909,8899,8887
2019,S121,1,8920,8878,8843,8801
2019,S121,2,5641,5623,5612,5600
2019,S121,3,8868,8576,8375,8171
2019,S121,4,7873,7831,7796,7754
2019,S121,5,8920,8872,8832,8784
2019,S121,6,8634,8598,8568,8532
2019,S121,7,7537,7486,7450,7408
2019,S121,8,8909,8825,8755,8671
2019,S121,9,8589,8559,8534,8504
2019,S121,10,8925,8907,8892,8874
2019,S121,11,6895,6883,6873,6861
2019,S121,12,8927,8921,8916,8910
2019,S122,1,8066,8048,8033,8015
2019,S122,2,5025,5001,4996,4978
2019,S122,3,5505,5420,5362,5309
2019,S122,4,6798,6784,6774,6762
2019,S122,5,8639,8591,8551,8503
2019,S122,6,8124,8080,8051,8021
2019,S122,7,7178,7143,7123,7099
2019,S122,8,7948,7823,7771,7720
2019,S122,9,8589,8559,8534,8504
2019,S122,10,8917,8856,8806,8746
2019,S122,11,6895,6883,6873,6861
2019,S122,12,8917,8870,8835,8793
2019,S123,1,8924,8906,8891,8873
2019,S123,2,8058,8040,8029,8017
2019,S123,3,8926,8920,8915,8909
2019,S123,4,7875,7845,7820,7790
2019,S123,5,8927,8921,8916,8910
2019,S123,6,8638,8626,8616,8604
2019,S123,7,7538,7493,7462,7426
2019,S123,8,8912,8854,8809,8755
2019,S123,9,8639,8633,8628,8622
2019,S123,10,8927,8921,8916,8910
2019,S123,11,6895,6883,6873,6861
2019,S123,12,4590,4578,4579,4567
2019,S215,1,8400,8388,8378,8366
2019,S215,2,8060,8048,8042,8036
2019,S215,3,8926,8920,8915,8909
2019,S215,4,7878,7866,7856,7844
2019,S215,5,8928,8928,8928,8928
2019,S215,6,8640,8640,8640,8640
2019,S215,7,7542,7521,7510,7498
2019,S215,8,8922,8916,8911,8905
2019,S215,9,8640,8640,8640,8640
2019,S215,10,8927,8921,8916,8910
2019,S215,11,6896,6890,6885,6879
2019,S215,12,8925,8913,8903,8891
2019,S24,1,8925,8913,8903,8891
2019,S24,2,8060,8048,8042,8036
2019,S24,3,8895,8877,8862,8844
2019,S24,4,7874,7838,7808,7772
2019,S24,5,8923,8893,8868,8838
2019,S24,6,8574,8550,8530,8506
2019,S24,7,7538,7493,7462,7426
2019,S24,8,8915,8867,8827,8779
2019,S24,9,8633,8591,8556,8514
2019,S24,10,8794,8740,8695,8641
2019,S24,11,6895,6883,6873,6861
2019,S24,12,8919,8901,8886,8868
2019,S29,1,8923,8899,8879,8855
2019,S29,2,8060,8048,8042,8036
2019,S29,3,8925,8913,8903,8891
2019,S29,4,7877,7859,7844,7826
2019,S29,5,8924,8900,8880,8856
2019,S29,6,8588,8570,8555,8537
2019,S29,7,7539,7500,7474,7444
2019,S29,8,8917,8889,8869,8845
2019,S29,9,8636,8612,8592,8568
2019,S29,10,8927,8921,8916,8910
2019,S29,11,6896,6890,6885,6879
2019,S29,12,8686,8644,8609,8567
2019,S33,1,8926,8920,8915,8909
2019,S33,2,8052,8034,8023,8011
2019,S33,3,8920,8896,8876,8852
2019,S33,4,7874,7838,7808,7772
2019,S33,5,8924,8900,8880,8856
2019,S33,6,8121,8079,8044,8002
2019,S33,7,7540,7507,7486,7462
2019,S33,8,8919,8901,8886,8868
2019,S33,9,8590,8560,8535,8505
2019,S33,10,8923,8893,8868,8838
2019,S33,11,6894,6876,6861,6843
2019,S33,12,8927,8921,8916,8910
2019,S35,1,8924,8907,8897,8885
2019,S35,2,8052,8034,8023,8011
2019,S35,3,8914,8890,8870,8846
2019,S35,4,7874,7838,7808,7772
2019,S35,5,8924,8900,8880,8856
2019,S35,6,8549,8523,8503,8479
2019,S35,7,7541,7514,7498,7480
2019,S35,8,8920,8902,8887,8869
2019,S35,9,8636,8612,8592,8568
2019,S35,10,8926,8914,8904,8892
2019,S35,11,6896,6890,6885,6879
2019,S35,12,8432,8402,8377,8347
2019,S36,1,5395,5317,5252,5180
2019,S36,2,3922,3760,3629,3473
2019,S36,3,3680,3548,3449,3317
2019,S36,4,3717,3609,3508,3400
2019,S36,5,4372,4194,4052,3896
2019,S36,6,2426,2231,2108,1953
2019,S36,7,3311,3159,3054,2935
2019,S36,8,3890,3565,3338,3104
2019,S36,9,4106,3932,3804,3649
2019,S36,10,5073,4881,4743,4589
2019,S36,11,2928,2760,2630,2483
2019,S36,12,2547,2246,2092,1941
2019,S40,1,8924,8906,8891,8873
2019,S40,2,8059,8041,8030,8018
2019,S40,3,8923,8905,8890,8872
2019,S40,4,7876,7852,7832,7808
2019,S40,5,8925,8907,8892,8874
2019,S40,6,7676,7658,7643,7625
2019,S40,7,7539,7500,7474,7444
2019,S40,8,8912,8854,8809,8755
2019,S40,9,8637,8619,8604,8586
2019,S40,10,8927,8921,8916,8910
2019,S40,11,6893,6869,6849,6825
2019,S40,12,8754,8724,8699,8669
2019,S43,1,8926,8920,8915,8909
2019,S43,2,8052,8034,8023,8011
2019,S43,3,8926,8920,8915,8909
2019,S43,4,7875,7845,7820,7790
2019,S43,5,8924,8900,8880,8856
2019,S43,6,8637,8619,8604,8586
2019,S43,7,7015,6931,6881,6827
2019,S43,8,8679,8585,8510,8420
2019,S43,9,8343,8235,8164,8089
2019,S43,10,8570,8381,8231,8076
2019,S43,11,6896,6890,6885,6879
2019,S43,12,8920,8902,8887,8869
2019,S44,1,8924,8906,8891,8873
2019,S44,2,6138,6132,6127,6121
2019,S44,3,8925,8913,8903,8891
2019,S44,4,7877,7859,7844,7826
2019,S44,5,8925,8907,8892,8874
2019,S44,6,8637,8619,8604,8586
2019,S44,7,7539,7500,7474,7444
2019,S44,8,8912,8876,8846,8810
2019,S44,9,8629,8567,8517,8457
2019,S44,10,8927,8921,8916,8910
2019,S44,11,6896,6890,6885,6879
2019,S44,12,8921,8909,8899,8887
2019,S46,1,7435,7225,7064,6880
2019,S46,2,6871,6859,6838,6826
2019,S46,3,8678,8660,8656,8638
2019,S46,4,5313,5247,5181,5115
2019,S46,5,7102,7060,7025,6983
2019,S46,6,5109,5073,5043,5007
2019,S46,7,5705,5562,5461,5349
2019,S46,8,6457,6418,6388,6352
2019,S46,9,5973,5949,5929,5905
2019,S46,10,7538,7507,7482,7452
2019,S46,11,6896,6890,6885,6879
2019,S46,12,8920,8908,8898,8886
2019,S50,1,6544,6353,6238,6126
2019,S50,2,8059,8041,8030,8018
2019,S50,3,8923,8899,8879,8855
2019,S50,4,7876,7852,7832,7808
2019,S50,5,8922,8886,8856,8820
2019,S50,6,8577,8235,7979,7706
2019,S50,7,7533,7458,7406,7350
2019,S50,8,8912,8854,8809,8755
2019,S50,9,7555,7525,7500,7470
2019,S50,10,8927,8921,8916,8910
2019,S50,11,6896,6890,6885,6879
2019,S50,12,8919,8895,8875,8851
2019,S55,1,8924,8906,8891,8873
2019,S55,2,5892,5868,5863,5845
2019,S60,1,7194,7158,7117,7081
2019,S60,2,8058,8034,8018,8000
2019,S60,3,8915,8855,8805,8745
2019,S60,4,7871,7817,7772,7718
2019,S60,5,8917,8851,8796,8730
2019,S60,6,8283,8167,8072,7958
2019,S60,7,7529,7430,7359,7275
2019,S60,8,8911,8839,8779,8707
2019,S60,9,8584,8524,8474,8414
2019,S60,10,8927,8921,8916,8910
2019,S60,11,6559,6317,6151,5993
2019,S60,12,6525,6427,6349,6251
2019,S61,1,8925,8913,8903,8891
2019,S61,2,8060,8048,8042,8036
2019,S61,3,8923,8905,8890,8872
2019,S61,4,7875,7845,7820,7790
2019,S61,5,8921,8879,8844,8802
2019,S61,6,8637,8619,8604,8586
2019,S61,7,7542,7521,7510,7498
2019,S61,8,8917,8887,8862,8832
2019,S61,9,8594,8582,8572,8560
2019,S61,10,8927,8921,8916,8910
2019,S61,11,6896,6890,6885,6879
2019,S61,12,8927,8921,8916,8910
2019,S64,1,8908,8854,8809,8755
2019,S64,2,8059,8041,8030,8018
2019,S64,3,8925,8913,8903,8891
2019,S64,4,7876,7852,7832,7808
2019,S64,5,8925,8907,8892,8874
2019,S64,6,8636,8612,8592,8568
2019,S64,7,7538,7493,7462,7426
2019,S64,8,8914,8868,8833,8791
2019,S64,9,8637,8619,8604,8586
2019,S64,10,8926,8914,8904,8892
2019,S64,11,6896,6890,6885,6879
2019,S64,12,8921,8909,8899,8887
2019,S66,1,8426,8384,8338,8296
2019,S66,2,8058,8034,8018,8000
2019,S66,3,8925,8913,8903,8891
2019,S66,4,7209,7113,7033,6937
2019,S66,5,8810,8780,8755,8725
2019,S66,6,8469,8433,8403,8367
2019,S66,7,7163,7118,7087,7051
2019,S66,8,8915,8875,8845,8809
2019,S66,9,8634,8598,8568,8532
2019,S66,10,8927,8921,8916,8910
2019,S66,11,6896,6890,6885,6879
2019,S66,12,8742,8712,8687,8657
2019,S69,1,8924,8906,8891,8873
2019,S69,2,8054,8036,8025,8013
2019,S69,3,4206,4141,4107,4059
2019,S69,4,688,646,611,574
2019,S69,5,705,668,650,634
2019,S69,6,4951,4443,4055,3643
2019,S69,7,7362,6280,5541,4787
2019,S69,8,8890,8703,8554,8402
2019,S69,9,8591,8561,8536,8506
2019,S69,10,8927,8921,8916,8910
2019,S69,11,6895,6883,6873,6861
2019,S69,12,8523,8487,8457,8421
2019,S71,1,2412,2388,2368,2349
2019,S71,2,1085,1079,1074,1068
2019,S71,3,1179,1173,1168,1162
2019,S71,5,2458,2452,2436,2430
2019,S71,6,8637,8619,8604,8586
2019,S71,7,7540,7507,7486,7462
2019,S71,8,8914,8868,8833,8791
2019,S71,9,8637,8619,8604,8586
2019,S71,10,8926,8914,8904,8892
2019,S71,11,6896,6890,6885,6879
2019,S71,12,8138,8096,8061,8019
2019,S77,1,8925,8913,8903,8891
2019,S77,2,8060,8048,8042,8036
2019,S77,3,8922,8898,8878,8854
2019,S77,4,7877,7859,7844,7826
2019,S77,5,8926,8914,8904,8892
2019,S77,6,8638,8626,8616,8604
2019,S77,7,7538,7493,7462,7426
2019,S77,8,8914,8868,8833,8791
2019,S77,9,8636,8612,8592,8568
2019,S77,10,8927,8921,8916,8910
2019,S77,11,6896,6890,6885,6879
2019,S77,12,8920,8902,8887,8869
2019,S78,1,8925,8913,8903,8891
2019,S78,2,7912,7787,7722,7657
2019,S78,3,8910,8880,8855,8825
2019,S78,4,7839,7779,7736,7688
2019,S78,5,8924,8900,8880,8856
2019,S78,6,8636,8612,8592,8568
2019,S78,7,7540,7507,7486,7462
2019,S78,8,8915,8875,8845,8809
2019,S78,9,8635,8605,8580,8550
2019,S78,10,8926,8914,8904,8892
2019,S78,11,6895,6883,6873,6861
2019,S78,12,8920,8908,8898,8886
2019,S79,1,8925,8913,8903,8891
2019,S79,2,8051,8027,8011,7993
2019,S79,3,8923,8905,8890,8872
2019,S79,4,7870,7846,7826,7802
2019,S79,5,8894,8864,8839,8809
2019,S79,6,8636,8612,8592,8568
2019,S79,7,7494,7431,7385,7331
2019,S79,8,8917,8887,8862,8832
2019,S79,9,8311,8287,8267,8243
2019,S79,10,8925,8907,8892,8874
2019,S79,11,6896,6890,6885,6879
2019,S79,12,8910,8811,8731,8640
2019,S81,1,8923,8899,8879,8855
2019,S81,2,8060,8048,8042,8036
2019,S81,3,8925,8913,8903,8891
2019,S81,4,7877,7859,7844,7826
2019,S81,5,8923,8893,8868,8838
2019,S81,6,8637,8619,8604,8586
2019,S81,7,7538,7493,7462,7426
2019,S81,8,8913,8861,8821,8773
2019,S81,9,8635,8605,8580,8550
2019,S81,10,8927,8921,8916,8910
2019,S81,11,6896,6890,6885,6879
2019,S81,12,8922,8910,8900,8888
2019,S82,1,8853,8793,8743,8683
2019,S82,2,8047,8005,7974,7938
2019,S82,3,8712,8480,8295,8086
2019,S82,4,7635,7306,7064,6797
2019,S82,5,8778,8538,8371,8193
2019,S82,6,8620,8582,8554,8524
2019,S82,7,7538,7493,7462,7426
2019,S82,8,8914,8868,8833,8791
2019,S82,9,8633,8591,8556,8514
2019,S82,10,8927,8921,8916,8910
2019,S82,11,6892,6862,6837,6807
2019,S82,12,8921,8909,8899,8887
2019,S84,1,6042,5940,5857,5780
2019,S84,2,3731,3655,3620,3578
2019,S84,3,1187,1169,1165,1147
2019,S84,4,2938,2932,2927,2921
2019,S84,5,7310,7286,7255,7231
2019,S84,6,8637,8619,8604,8586
2019,S84,7,7540,7507,7486,7462
2019,S84,8,8914,8868,8833,8791
2019,S84,9,8636,8612,8592,8568
2019,S84,10,8921,8879,8844,8802
2019,S84,11,6887,6854,6829,6805
2019,S84,12,7706,7259,6981,6703
2019,S88,1,8923,8899,8879,8855
2019,S88,2,8059,8041,8030,8018
2019,S88,3,8923,8905,8890,8872
2019,S88,4,7865,7811,7770,7722
2019,S88,5,8923,8893,8868,8838
2019,S88,6,8637,8619,8604,8586
2019,S88,7,7538,7493,7462,7426
2019,S88,8,8920,8903,8893,8881
2019,S88,9,8640,8640,8640,8640
2019,S88,10,8927,8921,8916,8910
2019,S88,11,6895,6883,6873,6861
2019,S88,12,8921,8903,8888,8870
2019,S89,1,8923,8899,8879,8855
2019,S89,2,8059,8041,8030,8018
2019,S89,3,8915,8891,8871,8847
2019,S89,4,7876,7852,7832,7808
2019,S89,5,8923,8893,8868,8838
2019,S89,6,8636,8612,8592,8568
2019,S89,7,7539,7500,7474,7444
2019,S89,8,8915,8875,8845,8809
2019,S89,9,8635,8605,8580,8550
2019,S89,10,8927,8921,8916,8910
2019,S89,11,6896,6890,6885,6879
2019,S89,12,8920,8908,8898,8886
2019,S90,1,8925,8913,8903,8891
2019,S90,2,8059,8041,8030,8018
2019,S90,3,8924,8906,8891,8873
2019,S90,4,7875,7845,7820,7790
2019,S90,5,8924,8900,8880,8856
2019,S90,6,8636,8612,8592,8568
2019,S90,7,7538,7493,7462,7426
2019,S90,8,8913,8861,8821,8773
2019,S90,9,8637,8619,8604,8586
2019,S90,10,8927,8921,8916,8910
2019,S90,11,6896,6890,6885,6879
2019,S90,12,8921,8909,8899,8887
2019,S900,1,8926,8920,8915,8909
2019,S900,2,8060,8048,8042,8036
2019,S900,3,8901,8883,8868,8850
2019,S900,4,7863,7833,7808,7778
2019,S900,5,8908,8890,8875,8857
2019,S900,6,8626,8546,8489,8429
2019,S900,7,7373,7334,7308,7278
2019,S900,8,8910,8841,8791,8731
2019,S900,9,8585,8543,8508,8472
2019,S900,10,8926,8914,8904,8892
2019,S900,11,6859,6835,6815,6791
2019,S900,12,8759,8729,8704,8674
2019,S91,1,2686,2667,2652,2634
2019,S91,7,7239,6354,5698,5008
2019,S91,8,8790,8035,7468,6843
2019,S91,9,8636,8612,8592,8568
2019,S91,10,8927,8921,8916,8910
2019,S91,11,6896,6890,6885,6879
2019,S91,12,8918,8900,8885,8867
2019,S92,1,8925,8913,8903,8891
2019,S92,2,8060,8048,8042,8036
2019,S92,3,8926,8920,8915,8909
2019,S92,4,7876,7852,7832,7808
2019,S92,5,8924,8900,8880,8856
2019,S92,6,8637,8619,8604,8586
2019,S92,7,7538,7493,7462,7426
2019,S92,8,8916,8882,8857,8827
2019,S92,9,8635,8605,8580,8550
2019,S92,10,8927,8921,8916,8910
2019,S92,11,6896,6890,6885,6879
2019,S92,12,8241,8223,8208,8190
2019,S94,1,8908,8854,8809,8755
2019,S94,2,8058,8034,8018,8000
2019,S94,3,8919,8889,8864,8834
2019,S94,4,7873,7831,7796,7754
2019,S94,5,8925,8907,8892,8874
2019,S94,6,8637,8619,8604,8586
2019,S94,7,7537,7486,7450,7408
2019,S94,8,8916,8875,8845,8809
2019,S94,9,8638,8626,8616,8604
2019,S94,10,8926,8914,8904,8892
2019,S94,11,6896,6890,6885,6879
2019,S94,12,8921,8909,8899,8887
2020,S07,1,8907,8893,8883,8871
2020,S07,2,8352,8352,8352,8352
2020,S07,3,8918,8880,8855,8825
2020,S07,4,8640,8640,8640,8640
2020,S07,5,8925,8907,8892,8874
2020,S07,6,7552,7522,7497,7467
2020,S07,7,7841,7789,7765,7723
2020,S07,8,7035,6952,6905,6864
2020,S07,9,8634,8610,8590,8566
2020,S07,10,8914,8830,8760,8676
2020,S07,11,7684,7600,7535,7457
2020,S07,12,8689,8641,8601,8553
2020,S08,1,8909,8903,8898,8892
2020,S08,2,8352,8352,8352,8352
2020,S08,3,8928,8928,8928,8928
2020,S08,4,8640,8640,8640,8640
2020,S08,5,8928,8928,8928,8928
2020,S08,6,7705,7687,7672,7654
2020,S08,7,7842,7796,7777,7741
2020,S08,8,7029,6961,6924,6900
2020,S08,9,8632,8602,8577,8547
2020,S08,10,8924,8900,8880,8856
2020,S08,11,8637,8619,8604,8586
2020,S08,12,8925,8909,8899,8887
2020,S100,1,8895,8808,8738,8654
2020,S100,2,7764,7752,7753,7741
2020,S100,3,8484,8477,8461,8455
2020,S100,4,8640,8640,8640,8640
2020,S100,5,8927,8921,8916,8910
2020,S100,6,7706,7694,7684,7672
2020,S100,7,7839,7775,7741,7687
2020,S100,8,7030,6968,6936,6912
2020,S100,9,8633,8603,8578,8548
2020,S100,10,8924,8900,8880,8856
2020,S100,11,8635,8605,8580,8550
2020,S100,12,8914,8848,8793,8727
2020,S104,1,8909,8903,8898,8892
2020,S104,2,8352,8352,8352,8352
2020,S104,3,8928,8928,8928,8928
2020,S104,4,8640,8640,8640,8640
2020,S104,5,8927,8921,8916,8910
2020,S104,6,7707,7701,7696,7690
2020,S104,7,7838,7768,7729,7669
2020,S104,8,7027,6947,6900,6864
2020,S104,9,8636,8630,8625,8619
2020,S104,10,8926,8914,8904,8892
2020,S104,11,8628,8556,8496,8424
2020,S104,12,8820,8796,8776,8752
2020,S105,1,2134,2128,2134,2128
2020,S106,1,8906,8882,8862,8838
2020,S106,2,8346,8310,8280,8244
2020,S106,3,8907,8822,8764,8704
2020,S106,4,8636,8612,8592,8568
2020,S106,5,6602,6478,6389,6269
2020,S106,6,5914,5826,5745,5661
2020,S106,7,7818,7653,7539,7400
2020,S106,8,7014,6871,6774,6672
2020,S106,9,8604,8431,8297,8148
2020,S106,10,8232,8121,8032,7930
2020,S106,11,8388,8274,8190,8076
2020,S106,12,5857,5734,5650,5572
2020,S107,1,8907,8892,8874,8859
2020,S107,2,8352,8352,8352,8352
2020,S107,3,8928,8928,8928,8928
2020,S107,4,7525,7519,7525,7519
2020,S107,5,7329,7224,7133,7041
2020,S107,6,7700,7652,7612,7564
2020,S107,7,7837,7785,7761,7719
2020,S107,8,7026,6940,6888,6846
2020,S107,9,8629,8575,8530,8476
2020,S107,10,8919,8865,8820,8766
2020,S107,11,8630,8570,8520,8460
2020,S107,12,8926,8914,8904,8892
2020,S108,1,7577,7446,7341,7215
2020,S108,2,7470,7294,7161,7011
2020,S108,3,7483,7344,7229,7091
2020,S108,4,7351,6879,6560,6216
2020,S108,5,6425,6258,6122,5972
2020,S108,6,3725,3665,3618,3564
2020,S108,7,5852,5750,5697,5625
2020,S108,8,7026,6940,6888,6846
2020,S108,9,8611,8533,8468,8390
2020,S108,10,7121,6995,6895,6780
2020,S108,11,8629,8563,8508,8442
2020,S108,12,8920,8872,8832,8784
2020,S109,1,8908,8896,8886,8874
2020,S109,2,8339,8321,8306,8288
2020,S109,3,6426,6420,6415,6409
2020,S109,4,8640,8640,8640,8640
2020,S109,5,8928,8928,8928,8928
2020,S109,6,7701,7659,7624,7582
2020,S109,7,7839,7775,7741,7687
2020,S109,8,7025,6933,6876,6828
2020,S109,9,8625,8571,8526,8472
2020,S109,10,8914,8830,8760,8676
2020,S109,11,7278,7218,7179,7119
2020,S109,12,6406,6388,6362,6344
2020,S11,1,8909,8903,8898,8892
2020,S11,2,8350,8344,8339,8333
2020,S11,3,8928,8928,8928,8928
2020,S11,4,8640,8640,8640,8640
2020,S11,5,8927,8921,8916,8910
2020,S11,6,7707,7701,7696,7690
2020,S11,7,7845,7817,7813,7795
2020,S11,8,7033,6938,6881,6828
2020,S11,9,8627,8561,8506,8445
2020,S11,10,8916,8844,8784,8712
2020,S11,11,8635,8605,8580,8550
2020,S11,12,8926,8914,8904,8892
2020,S111,1,8909,8903,8898,8892
2020,S111,2,8352,8352,8352,8352
2020,S111,3,8927,8921,8916,8910
2020,S111,4,8289,8283,8278,8272
2020,S111,5,8526,8502,8482,8458
2020,S111,6,7587,7542,7512,7476
2020,S111,7,7822,7713,7649,7560
2020,S111,8,6597,6487,6415,6355
2020,S111,9,8347,8235,8150,8048
2020,S111,10,8918,8858,8808,8748
2020,S111,11,8630,8570,8520,8460
2020,S111,12,8924,8900,8880,8856
2020,S112,1,8108,8090,8075,8057
2020,S112,2,7276,7185,7122,7056
2020,S112,3,8091,8067,8047,8023
2020,S112,4,8639,8633,8628,8622
2020,S112,5,8320,8272,8232,8184
2020,S112,6,6238,6184,6139,6085
2020,S112,7,6501,6348,6277,6186
2020,S112,8,6704,6594,6522,6456
2020,S112,9,7781,7660,7573,7482
2020,S112,10,8926,8914,8904,8892
2020,S112,11,8637,8619,8604,8586
2020,S112,12,8916,8898,8883,8865
2020,S113,1,8909,8903,8898,8892
2020,S113,2,8352,8352,8352,8352
2020,S113,3,8927,8921,8916,8910
2020,S113,4,8640,8640,8640,8640
2020,S113,5,8920,8872,8832,8784
2020,S113,6,7707,7701,7696,7690
2020,S113,7,7845,7817,7813,7795
2020,S113,8,7025,6933,6876,6828
2020,S113,9,8625,8547,8482,8404
2020,S113,10,8915,8843,8783,8711
2020,S113,11,8627,8549,8484,8406
2020,S113,12,8924,8900,8880,8856
2020,S114,1,8611,8553,8501,8447
2020,S114,2,8293,8191,8113,8032
2020,S114,3,8895,8768,8673,8559
2020,S114,4,8459,8144,7901,7659
2020,S114,5,8610,7976,7521,7019
2020,S114,6,7623,7391,7250,7104
2020,S114,7,7843,7803,7789,7759
2020,S114,8,7025,6933,6876,6828
2020,S114,9,8337,8247,8172,8082
2020,S114,10,8919,8865,8820,8766
2020,S114,11,8593,8506,8452,8392
2020,S114,12,8794,8524,8363,8217
2020,S115,1,8909,8903,8898,8892
2020,S115,2,8352,8352,8352,8352
2020,S115,3,8927,8921,8916,8910
2020,S115,4,7161,7155,7150,7144
2020,S115,5,8444,8293,8178,8042
2020,S115,6,7688,7586,7516,7447
2020,S115,7,7840,7782,7753,7705
2020,S115,8,7023,6919,6852,6792
2020,S115,9,8628,8568,8518,8458
2020,S115,10,8839,8773,8718,8652
2020,S115,11,8629,8563,8508,8442
2020,S115,12,6832,6766,6711,6645
2020,S116,1,8909,8903,8898,8892
2020,S116,2,8352,8352,8352,8352
2020,S116,3,8928,8928,8928,8928
2020,S116,4,8639,8633,8628,8622
2020,S116,5,6914,6902,6892,6880
2020,S116,6,7704,7680,7660,7636
2020,S116,7,7839,7775,7741,7687
2020,S116,8,4070,3996,3954,3924
2020,S116,9,8617,8497,8397,8277
2020,S116,10,8919,8865,8820,8766
2020,S116,11,8636,8612,8592,8568
2020,S116,12,8928,8928,8928,8928
2020,S117,1,8909,8903,8898,8892
2020,S117,2,8347,8341,8336,8330
2020,S117,3,8639,8633,8628,8622
2020,S117,4,8640,8640,8640,8640
2020,S117,5,8924,8900,8880,8856
2020,S117,6,7701,7659,7624,7582
2020,S117,7,7839,7775,7741,7687
2020,S117,8,7025,6933,6876,6828
2020,S117,9,8634,8610,8590,8566
2020,S117,10,8915,8837,8772,8694
2020,S117,11,8632,8584,8544,8496
2020,S117,12,4416,4410,4416,4410
2020,S118,1,8351,8314,8284,8248
2020,S118,2,8352,8352,8352,8352
2020,S118,3,8928,8928,8928,8928
2020,S118,4,8640,8640,8640,8640
2020,S118,5,8849,8795,8750,8696
2020,S118,6,6956,6908,6868,6820
2020,S118,7,7841,7789,7765,7723
2020,S118,8,7029,6961,6924,6900
2020,S118,9,8634,8610,8590,8566
2020,S118,10,8509,8467,8432,8390
2020,S118,11,7968,7824,7704,7560
2020,S118,12,8924,8900,8880,8856
2020,S119,1,8909,8903,8898,8892
2020,S119,2,8341,8277,8227,8174
2020,S119,3,8869,8604,8426,8254
2020,S119,4,8640,8640,8640,8640
2020,S119,5,8926,8920,8915,8909
2020,S119,6,7172,7061,6976,6874
2020,S119,7,7104,6999,6940,6856
2020,S119,8,7026,6940,6888,6840
2020,S119,9,8539,8351,8223,8083
2020,S119,10,8900,8774,8681,8590
2020,S119,11,8579,8467,8383,8296
2020,S119,12,8656,8297,8117,7936
2020,S120,1,8909,8903,8898,8892
2020,S120,2,8352,8352,8352,8352
2020,S120,3,8928,8928,8928,8928
2020,S120,4,8640,8640,8640,8640
2020,S120,5,8928,8928,8928,8928
2020,S120,6,7707,7701,7696,7690
2020,S120,7,7844,7810,7801,7777
2020,S120,8,7031,6975,6948,6930
2020,S120,9,8636,8624,8614,8602
2020,S120,10,8924,8900,8880,8856
2020,S120,11,8630,8570,8520,8460
2020,S120,12,8920,8872,8832,8784
2020,S121,1,8909,8903,8898,8892
2020,S121,2,8352,8352,8352,8352
2020,S121,3,8928,8928,8928,8928
2020,S121,4,8639,8633,8628,8622
2020,S121,5,8919,8865,8820,8766
2020,S121,6,7699,7645,7600,7546
2020,S121,7,7840,7782,7753,7705
2020,S121,8,7017,6886,6804,6726
2020,S121,9,8606,8465,8378,8286
2020,S121,10,8918,8863,8827,8785
2020,S121,11,8627,8550,8490,8418
2020,S121,12,8924,8900,8880,8856
2020,S122,1,8908,8896,8886,8874
2020,S122,2,3472,3466,3472,3466
2020,S122,3,7347,7347,7336,7336
2020,S122,4,5962,5938,5929,5905
2020,S122,5,7933,7903,7867,7837
2020,S122,6,7707,7701,7696,7690
2020,S122,7,7842,7796,7777,7741
2020,S122,8,7026,6940,6888,6846
2020,S122,9,6453,6411,6388,6352
2020,S122,12,3752,3740,3730,3718
2020,S123,1,6991,6985,6969,6963
2020,S123,2,8352,8352,8352,8352
2020,S123,3,8928,8928,8928,8928
2020,S123,4,8640,8640,8640,8640
2020,S123,5,8922,8886,8856,8820
2020,S123,6,7707,7701,7696,7690
2020,S123,7,7846,7824,7825,7813
2020,S123,8,7033,6989,6972,6966
2020,S123,9,8637,8631,8626,8620
2020,S123,10,8928,8928,8928,8928
2020,S123,11,8636,8612,8592,8568
2020,S123,12,8924,8906,8891,8873
2020,S201,6,4454,4454,4443,4443
2020,S201,7,7846,7824,7825,7813
2020,S201,8,7033,6989,6972,6966
2020,S201,9,8637,8631,8626,8620
2020,S201,10,8928,8928,8928,8928
2020,S201,11,8640,8640,8640,8640
2020,S201,12,8928,8928,8928,8928
2020,S202,6,4454,4454,4443,4443
2020,S202,7,7846,7824,7825,7813
2020,S202,8,7033,6989,6972,6966
2020,S202,9,8637,8631,8626,8620
2020,S202,10,8928,8928,8928,8928
2020,S202,11,8640,8640,8640,8640
2020,S202,12,8928,8928,8928,8928
2020,S203,6,4454,4454,4443,4443
2020,S203,7,7846,7824,7825,7813
2020,S203,8,7033,6989,6972,6966
2020,S203,9,8637,8631,8626,8620
2020,S203,10,4202,3523,3286,3057
2020,S203,11,8198,8198,8187,8187
2020,S203,12,8928,8928,8928,8928
2020,S204,6,4454,4454,4443,4443
2020,S204,7,7846,7824,7825,7813
2020,S204,8,7033,6989,6972,6966
2020,S204,9,8637,8631,8626,8620
2020,S204,10,8928,8928,8928,8928
2020,S204,11,8640,8640,8640,8640
2020,S204,12,8928,8928,8928,8928
2020,S205,6,48,4,0,0
2020,S205,10,7322,7322,7311,7311
2020,S205,11,8640,8640,8640,8640
2020,S205,12,8928,8928,8928,8928
2020,S207,6,3948,3729,3646,3597
2020,S207,7,6633,6465,6407,6348
2020,S207,8,7033,6989,6972,6966
2020,S207,9,8637,8631,8626,8620
2020,S207,10,8928,8928,8928,8928
2020,S207,11,8640,8640,8640,8640
2020,S207,12,8927,8921,8916,8910
2020,S208,6,4454,4454,4443,4443
2020,S208,7,7846,7824,7825,7813
2020,S208,8,7033,6989,6972,6966
2020,S208,9,8637,8631,8626,8620
2020,S208,10,8928,8928,8928,8928
2020,S208,11,8640,8640,8640,8640
2020,S208,12,8928,8928,8928,8928
2020,S209,6,4454,4454,4443,4443
2020,S209,7,7846,7824,7825,7813
2020,S209,8,7033,6989,6972,6966
2020,S209,9,7192,7115,7066,6996
2020,S209,10,7571,7571,7560,7560
2020,S209,11,8640,8640,8640,8640
2020,S209,12,8923,8917,8912,8906
2020,S210,6,4124,3978,3910,3850
2020,S210,7,5885,5768,5724,5688
2020,S210,8,7033,6989,6972,6966
2020,S210,9,8637,8631,8626,8620
2020,S210,10,8928,8928,8928,8928
2020,S210,11,8640,8640,8640,8640
2020,S210,12,8928,8928,8928,8928
2020,S211,6,4454,4454,4443,4443
2020,S211,7,7846,7824,7825,7813
2020,S211,8,4337,3945,3870,3811
2020,S211,9,8189,8170,8159,8159
2020,S211,10,8928,8928,8928,8928
2020,S211,11,8640,8640,8640,8640
2020,S211,12,8928,8928,8928,8928
2020,S212,6,4454,4454,4443,4443
2020,S212,7,7846,7824,7825,7813
2020,S212,8,7033,6989,6972,6966
2020,S212,9,8637,8631,8626,8620
2020,S212,10,8928,8928,8928,8928
2020,S212,11,8640,8640,8640,8640
2020,S212,12,8928,8928,8928,8928
2020,S213,6,4454,4454,4443,4443
2020,S213,7,7846,7824,7825,7813
2020,S213,8,7033,6989,6972,6966
2020,S213,9,8637,8631,8626,8620
2020,S213,10,8928,8928,8928,8928
2020,S213,11,8640,8640,8640,8640
2020,S213,12,8928,8928,8928,8928
2020,S214,6,4454,4454,4443,4443
2020,S214,7,7846,7824,7825,7813
2020,S214,8,5022,4960,4928,4904
2020,S214,9,8635,8617,8602,8584
2020,S214,10,8069,8063,8058,8052
2020,S214,11,8640,8640,8640,8640
2020,S214,12,8928,8928,8928,8928
2020,S215,1,8909,8903,8898,8892
2020,S215,2,8352,8352,8352,8352
2020,S215,3,8928,8928,8928,8928
2020,S215,4,8640,8640,8640,8640
2020,S215,5,8928,8928,8928,8928
2020,S215,6,6592,6586,6581,6575
2020,S215,7,7846,7824,7825,7813
2020,S215,8,7033,6989,6972,6966
2020,S215,9,7939,7768,7671,7590
2020,S215,10,8899,8872,8861,8849
2020,S215,11,8640,8640,8640,8640
2020,S215,12,8928,8928,8928,8928
2020,S216,6,4454,4454,4443,4443
2020,S216,7,7846,7824,7825,7813
2020,S216,8,7033,6989,6972,6966
2020,S216,9,8637,8631,8626,8620
2020,S216,10,8928,8928,8928,8928
2020,S216,11,6868,6701,6625,6562
2020,S216,12,8928,8928,8928,8928
2020,S217,6,4454,4454,4443,4443
2020,S217,7,7846,7824,7825,7813
2020,S217,8,7033,6989,6972,6966
2020,S217,9,8637,8631,8626,8620
2020,S217,10,8928,8928,8928,8928
2020,S217,11,8640,8640,8640,8640
2020,S217,12,8928,8928,8928,8928
2020,S218,6,4454,4454,4443,4443
2020,S218,7,7846,7824,7825,7813
2020,S218,8,7033,6989,6972,6966
2020,S218,9,8637,8631,8626,8620
2020,S218,10,8927,8921,8916,8910
2020,S218,11,8640,8640,8640,8640
2020,S218,12,8928,8928,8928,8928
2020,S219,6,4454,4454,4443,4443
2020,S219,7,7846,7824,7825,7813
2020,S219,8,7033,6989,6972,6966
2020,S219,9,8567,8555,8545,8533
2020,S219,10,8928,8928,8928,8928
2020,S219,11,8640,8640,8640,8640
2020,S219,12,8924,8912,8902,8890
2020,S220,6,4454,4454,4443,4443
2020,S220,7,7846,7824,7825,7813
2020,S220,8,7033,6989,6972,6966
2020,S220,9,8637,8631,8626,8620
2020,S220,10,8928,8928,8928,8928
2020,S220,11,8640,8640,8640,8640
2020,S220,12,8928,8928,8928,8928
2020,S221,6,4454,4454,4443,4443
2020,S221,7,7846,7824,7825,7813
2020,S221,8,7032,6982,6960,6948
2020,S221,9,8637,8631,8626,8620
2020,S221,10,8928,8928,8928,8928
2020,S221,11,8640,8640,8640,8640
2020,S221,12,8927,8921,8916,8910
2020,S222,6,4454,4454,4443,4443
2020,S222,7,7846,7824,7825,7813
2020,S222,8,7033,6989,6972,6966
2020,S222,9,8637,8631,8626,8620
2020,S222,10,8928,8928,8928,8928
2020,S222,11,8640,8640,8640,8640
2020,S222,12,8928,8928,8928,8928
2020,S223,6,4454,4454,4443,4443
2020,S223,7,7846,7824,7825,7813
2020,S223,8,6754,6223,5973,5765
2020,S223,9,8637,8631,8626,8620
2020,S223,10,8928,8928,8928,8928
2020,S223,11,8640,8640,8640,8640
2020,S223,12,8928,8928,8928,8928
2020,S224,6,4454,4454,4443,4443
2020,S224,7,7846,7824,7825,7813
2020,S224,8,5883,5851,5839,5839
2020,S224,9,8637,8631,8626,8620
2020,S224,10,8928,8928,8928,8928
2020,S224,11,8640,8640,8640,8640
2020,S224,12,8619,8561,8552,8528
2020,S226,6,4454,4454,4443,4443
2020,S226,7,7846,7824,7825,7813
2020,S226,8,7033,6989,6972,6966
2020,S226,9,8637,8631,8626,8620
2020,S226,10,8928,8928,8928,8928
2020,S226,11,8640,8640,8640,8640
2020,S226,12,8928,8928,8928,8928
2020,S227,6,4454,4454,4443,4443
2020,S227,7,7842,7808,7799,7775
2020,S227,8,6987,6865,6799,6751
2020,S227,9,8452,8179,7991,7785
2020,S227,10,8164,8092,8032,7960
2020,S227,11,8640,8640,8640,8640
2020,S227,12,8928,8928,8928,8928
2020,S228,6,4454,4454,4443,4443
2020,S228,7,5867,5746,5677,5584
2020,S228,8,7033,6989,6972,6966
2020,S228,9,8637,8631,8626,8620
2020,S228,10,8928,8928,8928,8928
2020,S228,11,8640,8640,8640,8640
2020,S228,12,8903,8891,8881,8869
2020,S229,6,4454,4454,4443,4443
2020,S229,7,7846,7824,7825,7813
2020,S229,8,7033,6989,6972,6966
2020,S229,9,8637,8631,8626,8620
2020,S229,10,8928,8928,8928,8928
2020,S229,11,8640,8640,8640,8640
2020,S229,12,8910,8892,8877,8865
2020,S230,6,4454,4454,4443,4443
2020,S230,7,7846,7824,7825,7813
2020,S230,8,7033,6989,6972,6966
2020,S230,9,8637,8631,8626,8620
2020,S230,10,8928,8928,8928,8928
2020,S230,11,8072,8030,8006,7964
2020,S230,12,8343,8315,8284,8260
2020,S24,1,8906,8894,8884,8872
2020,S24,2,8352,8352,8352,8352
2020,S24,3,8923,8905,8890,8872
2020,S24,4,8638,8632,8627,8621
2020,S24,5,8906,8833,8773,8701
2020,S24,6,7703,7673,7648,7618
2020,S24,7,7840,7782,7753,7705
2020,S24,8,7025,6933,6876,6828
2020,S24,9,8630,8588,8553,8511
2020,S24,10,8871,8787,8717,8633
2020,S24,11,8626,8542,8472,8391
2020,S24,12,8925,8907,8892,8874
2020,S29,1,8909,8903,8898,8892
2020,S29,2,8352,8352,8352,8352
2020,S29,3,8928,8928,8928,8928
2020,S29,4,8640,8640,8640,8640
2020,S29,5,7880,7838,7803,7761
2020,S29,6,4867,4711,4581,4431
2020,S29,7,4895,4714,4575,4395
2020,S29,8,4506,4347,4206,4050
2020,S29,9,5994,5818,5673,5514
2020,S29,10,5166,4861,4650,4403
2020,S29,11,4198,3969,3812,3626
2020,S29,12,6239,6075,5939,5789
2020,S33,1,8908,8896,8886,8874
2020,S33,2,8352,8352,8352,8352
2020,S33,3,8928,8928,8928,8928
2020,S33,4,8640,8640,8640,8640
2020,S33,5,8920,8872,8832,8784
2020,S33,6,7370,7286,7220,7142
2020,S33,7,7842,7796,7777,7741
2020,S33,8,7035,6952,6905,6863
2020,S33,9,8552,8528,8508,8484
2020,S33,10,8927,8921,8916,8910
2020,S33,11,8640,8640,8640,8640
2020,S33,12,8927,8921,8916,8910
2020,S35,1,8908,8896,8886,8874
2020,S35,2,8352,8352,8352,8352
2020,S35,3,8928,8928,8928,8928
2020,S35,4,8636,8612,8592,8568
2020,S35,5,6527,6439,6376,6304
2020,S35,6,6781,6733,6693,6645
2020,S35,7,7787,7611,7519,7416
2020,S35,8,6841,6715,6648,6588
2020,S35,9,7847,7738,7683,7621
2020,S35,10,8915,8837,8772,8694
2020,S35,11,8561,8477,8407,8323
2020,S35,12,8639,8621,8606,8588
2020,S36,1,2203,2077,1972,1846
2020,S36,2,2164,1848,1686,1502
2020,S36,3,1320,1197,1109,1013
2020,S36,4,1338,1075,945,820
2020,S36,5,1389,940,873,828
2020,S36,6,1920,1854,1810,1750
2020,S36,7,1305,1269,1239,1203
2020,S36,8,1606,1511,1425,1335
2020,S36,9,2214,2113,2046,1959
2020,S36,10,1199,1130,1078,1009
2020,S36,11,1688,1518,1426,1332
2020,S36,12,1725,1584,1505,1429
2020,S40,1,8909,8903,8898,8892
2020,S40,2,8352,8352,8352,8352
2020,S40,3,8928,8928,8928,8928
2020,S40,4,8565,8465,8406,8347
2020,S40,5,8897,8817,8767,8727
2020,S40,6,7216,7175,7145,7109
2020,S40,7,7699,7322,7112,6907
2020,S40,8,6966,6628,6405,6166
2020,S40,9,8615,8483,8389,8288
2020,S40,10,8717,8297,8069,7828
2020,S40,11,8629,8563,8508,8442
2020,S40,12,8917,8857,8807,8753
2020,S43,1,8909,8903,8898,8892
2020,S43,2,8352,8352,8352,8352
2020,S43,3,8928,8928,8928,8928
2020,S43,4,8639,8633,8628,8622
2020,S43,5,8920,8872,8832,8784
2020,S43,6,7700,7652,7612,7564
2020,S43,7,7840,7782,7753,7705
2020,S43,8,7023,6919,6852,6792
2020,S43,9,8631,8595,8565,8532
2020,S43,10,8730,8675,8633,8585
2020,S43,11,8586,8495,8423,8345
2020,S43,12,8923,8893,8868,8838
2020,S44,1,8909,8903,8898,8892
2020,S44,2,8352,8352,8352,8352
2020,S44,3,8641,8635,8630,8624
2020,S44,4,8638,8626,8616,8604
2020,S44,5,8927,8921,8916,8910
2020,S44,6,7707,7701,7696,7690
2020,S44,7,7839,7775,7741,7687
2020,S44,8,7033,6938,6881,6827
2020,S44,9,8632,8602,8577,8547
2020,S44,10,8923,8893,8868,8838
2020,S44,11,8628,8556,8496,8424
2020,S44,12,8921,8879,8844,8802
2020,S46,1,8909,8903,8898,8892
2020,S46,2,8352,8352,8352,8352
2020,S46,3,8928,8928,8928,8928
2020,S46,4,8640,8640,8640,8640
2020,S46,5,8926,8914,8904,8892
2020,S46,6,7707,7701,7696,7690
2020,S46,7,7846,7824,7825,7813
2020,S46,8,7033,6989,6972,6966
2020,S46,9,8637,8631,8626,8620
2020,S46,10,8928,8928,8928,8928
2020,S46,11,8637,8619,8604,8586
2020,S46,12,1070,1058,1059,1047
2020,S50,1,8909,8903,8898,8892
2020,S50,2,8350,8338,8328,8316
2020,S50,3,8928,8928,8928,8928
2020,S50,4,8640,8640,8640,8640
2020,S50,5,8928,8928,8928,8928
2020,S50,6,7707,7701,7696,7690
2020,S50,7,7844,7810,7801,7777
2020,S50,8,7032,6931,6869,6810
2020,S50,9,8629,8575,8530,8476
2020,S50,10,8923,8893,8868,8838
2020,S50,11,8636,8612,8592,8568
2020,S50,12,8917,8888,8868,8844
2020,S60,1,8051,7981,7919,7849
2020,S60,2,8352,8352,8352,8352
2020,S60,3,8928,8928,8928,8928
2020,S60,4,4682,4676,4682,4676
2020,S60,6,5383,5365,5343,5331
2020,S60,7,7450,7380,7341,7281
2020,S60,8,7023,6975,6949,6931
2020,S60,9,8630,8588,8553,8511
2020,S60,10,8925,8907,8892,8874
2020,S60,11,8635,8605,8580,8550
2020,S60,12,8912,8864,8824,8776
2020,S61,1,8909,8903,8898,8892
2020,S61,2,8352,8352,8352,8352
2020,S61,3,8928,8928,8928,8928
2020,S61,4,8640,8640,8640,8640
2020,S61,5,8928,8928,8928,8928
2020,S61,6,7707,7701,7696,7690
2020,S61,7,7843,7803,7789,7759
2020,S61,8,7028,6954,6912,6876
2020,S61,9,8628,8570,8525,8471
2020,S61,10,8800,8764,8734,8698
2020,S61,11,8630,8570,8520,8460
2020,S61,12,8922,8886,8856,8820
2020,S64,1,6096,5827,5699,5589
2020,S66,1,8909,8903,8898,8892
2020,S66,2,8352,8352,8352,8352
2020,S66,3,8928,8928,8928,8928
2020,S66,4,8640,8640,8640,8640
2020,S66,5,8927,8921,8916,8910
2020,S66,6,7474,7450,7430,7406
2020,S66,7,7846,7824,7825,7813
2020,S66,8,7041,6994,6977,6971
2020,S66,9,8349,8331,8316,8298
2020,S66,10,8927,8921,8916,8910
2020,S66,11,8627,8549,8484,8406
2020,S66,12,8921,8879,8844,8802
2020,S69,1,8909,8903,8898,8892
2020,S69,2,8352,8352,8352,8352
2020,S69,3,8927,8921,8916,8910
2020,S69,4,8640,8640,8640,8640
2020,S69,5,8921,8879,8844,8802
2020,S69,6,7366,7300,7245,7179
2020,S69,7,5872,5824,5795,5747
2020,S69,8,4169,4163,4147,4141
2020,S69,9,8630,8582,8542,8494
2020,S69,10,8919,8865,8820,8766
2020,S69,11,8637,8619,8604,8586
2020,S69,12,8923,8893,8868,8838
2020,S71,1,8896,8857,8832,8807
2020,S71,2,8352,8352,8352,8352
2020,S71,3,8928,8928,8928,8928
2020,S71,4,8634,8598,8568,8538
2020,S71,5,8918,8858,8808,8748
2020,S71,6,6929,6857,6797,6726
2020,S71,7,7825,7712,7643,7547
2020,S71,8,6178,6059,5982,5905
2020,S71,9,8631,8589,8554,8512
2020,S71,10,8924,8900,8880,8856
2020,S71,11,8636,8612,8592,8568
2020,S71,12,8928,8928,8928,8928
2020,S77,1,8909,8903,8898,8892
2020,S77,2,8352,8352,8352,8352
2020,S77,3,8928,8928,8928,8928
2020,S77,4,8640,8640,8640,8640
2020,S77,5,8916,8844,8784,8712
2020,S77,6,7699,7645,7600,7546
2020,S77,7,7842,7796,7777,7741
2020,S77,8,7036,6959,6917,6882
2020,S77,9,8634,8610,8590,8566
2020,S77,10,8907,8800,8720,8624
2020,S77,11,8576,8224,7977,7700
2020,S77,12,8877,8626,8448,8262
2020,S78,1,8909,8903,8898,8892
2020,S78,2,8352,8352,8352,8352
2020,S78,3,8928,8928,8928,8928
2020,S78,4,8638,8626,8616,8604
2020,S78,5,8927,8921,8916,8910
2020,S78,6,7707,7701,7696,7690
2020,S78,7,7845,7817,7813,7795
2020,S78,8,7025,6933,6876,6828
2020,S78,9,8624,8540,8470,8386
2020,S78,10,8919,8865,8820,8766
2020,S78,11,8633,8591,8556,8514
2020,S78,12,8920,8876,8845,8809
2020,S79,1,8849,8505,8248,7972
2020,S79,2,8314,8102,7940,7753
2020,S79,3,8827,8262,7841,7367
2020,S79,4,8570,8207,7955,7688
2020,S79,5,8919,8865,8820,8766
2020,S79,6,7703,7673,7648,7618
2020,S79,7,7835,7747,7693,7615
2020,S79,8,7015,6844,6728,6611
2020,S79,9,8627,8565,8520,8466
2020,S79,10,8887,8664,8484,8270
2020,S79,11,8528,7926,7530,7117
2020,S79,12,8835,8379,8040,7686
2020,S81,1,8909,8903,8898,8892
2020,S81,2,8350,8338,8328,8316
2020,S81,3,8928,8928,8928,8928
2020,S81,4,8640,8640,8640,8640
2020,S81,5,8928,8928,8928,8928
2020,S81,6,7707,7701,7696,7690
2020,S81,7,7844,7810,7801,7777
2020,S81,8,7027,6947,6900,6864
2020,S81,9,8626,8554,8494,8422
2020,S81,10,8919,8865,8820,8766
2020,S81,11,8629,8563,8508,8442
2020,S81,12,8920,8872,8832,8784
2020,S82,1,8908,8896,8886,8874
2020,S82,2,8352,8352,8352,8352
2020,S82,3,8927,8921,8916,8910
2020,S82,4,8640,8640,8640,8640
2020,S82,5,8927,8921,8916,8910
2020,S82,6,7707,7701,7696,7690
2020,S82,7,7843,7803,7789,7759
2020,S82,8,7039,6980,6953,6935
2020,S82,9,8632,8596,8567,8537
2020,S82,10,8916,8844,8784,8712
2020,S82,11,5053,5017,4998,4962
2020,S82,12,7917,7863,7807,7753
2020,S84,1,4344,3747,3427,3119
2020,S84,2,7729,7607,7507,7390
2020,S84,3,8537,7790,7314,6845
2020,S84,4,8230,7415,6826,6230
2020,S84,5,8583,7724,7207,6689
2020,S84,6,7083,6612,6324,6036
2020,S84,7,7742,7393,7166,6900
2020,S84,8,6868,6358,6020,5697
2020,S84,9,8513,8132,7864,7587
2020,S84,10,8920,8878,8844,8808
2020,S84,11,8608,8493,8411,8315
2020,S84,12,8912,8822,8747,8659
2020,S88,1,8909,8903,8898,8892
2020,S88,2,8352,8352,8352,8352
2020,S88,3,8927,8921,8916,8910
2020,S88,4,8640,8640,8640,8640
2020,S88,5,8927,8921,8916,8910
2020,S88,6,7706,7694,7684,7672
2020,S88,7,7845,7817,7813,7795
2020,S88,8,7031,6975,6948,6930
2020,S88,9,8635,8625,8620,8614
2020,S88,10,8928,8928,8928,8928
2020,S88,11,8640,8640,8640,8640
2020,S88,12,8925,8913,8903,8891
2020,S89,1,8909,8903,8898,8892
2020,S89,2,8352,8352,8352,8352
2020,S89,3,8928,8928,8928,8928
2020,S89,4,8640,8640,8640,8640
2020,S89,5,8921,8879,8844,8802
2020,S89,6,7700,7652,7612,7564
2020,S89,7,7844,7810,7801,7777
2020,S89,8,7040,6987,6965,6954
2020,S89,9,8627,8613,8603,8591
2020,S89,10,8925,8913,8903,8891
2020,S89,11,8629,8563,8508,8442
2020,S89,12,8922,8886,8856,8820
2020,S90,1,8909,8903,8898,8892
2020,S90,2,8352,8352,8352,8352
2020,S90,3,8149,8143,8138,8132
2020,S90,4,8640,8640,8640,8640
2020,S90,5,8919,8865,8820,8766
2020,S90,6,7702,7666,7636,7600
2020,S90,7,7767,7727,7713,7683
2020,S90,8,7033,6989,6972,6966
2020,S90,9,8637,8631,8626,8620
2020,S90,10,8928,8928,8928,8928
2020,S90,11,8639,8633,8628,8622
2020,S90,12,8926,8914,8904,8892
2020,S900,1,8907,8889,8874,8856
2020,S900,2,8336,8285,8249,8208
2020,S900,3,8894,8812,8763,8709
2020,S900,4,8639,8633,8628,8622
2020,S900,5,8855,8801,8756,8702
2020,S900,6,7705,7687,7672,7654
2020,S900,7,7751,7711,7697,7667
2020,S900,8,6666,6562,6497,6437
2020,S900,9,8357,8309,8280,8232
2020,S900,10,8467,8425,8379,8337
2020,S900,11,8628,8556,8496,8424
2020,S900,12,8926,8914,8904,8892
2020,S91,1,8909,8903,8898,8892
2020,S91,2,8352,8352,8352,8352
2020,S91,3,8921,8915,8910,8904
2020,S91,4,8635,8629,8624,8618
2020,S91,5,8922,8916,8911,8905
2020,S91,6,7193,7175,7160,7142
2020,S91,7,7839,7775,7741,7687
2020,S91,8,7030,6917,6845,6773
2020,S91,9,8627,8603,8583,8559
2020,S91,10,8912,8816,8736,8640
2020,S91,11,8621,8531,8456,8366
2020,S91,12,8926,8914,8904,8892
2020,S92,1,8907,8895,8885,8873
2020,S92,2,8352,8352,8352,8352
2020,S92,3,8857,8566,8426,8285
2020,S92,4,8609,8452,8338,8218
2020,S92,5,8925,8907,8892,8874
2020,S92,6,7707,7701,7696,7690
2020,S92,7,7846,7824,7825,7813
2020,S92,8,7033,6989,6972,6966
2020,S92,9,8559,8547,8537,8525
2020,S92,10,8928,8928,8928,8928
2020,S92,11,7783,7708,7659,7587
2020,S92,12,8007,7929,7853,7775
2020,S94,1,8908,8896,8886,8874
2020,S94,2,8350,8338,8328,8316
2020,S94,3,8928,8928,8928,8928
2020,S94,4,8640,8640,8640,8640
2020,S94,5,8919,8865,8820,8766
2020,S94,6,7701,7659,7624,7582
2020,S94,7,7845,7817,7813,7795
2020,S94,8,7041,6994,6977,6971
2020,S94,9,8637,8631,8626,8620
2020,S94,10,8921,8897,8882,8864
2020,S94,11,8628,8556,8496,8424
2020,S94,12,8925,8907,8892,8874
2021,S07,1,32,26,32,26
2021,S08,1,7620,7578,7543,7501
2021,S08,2,8036,7988,7948,7906
2021,S08,3,8927,8921,8916,8910
2021,S08,4,8640,8640,8640,8640
2021,S08,5,8151,8139,8129,8117
2021,S08,6,8640,8640,8640,8640
2021,S08,7,8918,8906,8896,8884
2021,S08,8,8928,8928,8928,8928
2021,S08,9,8635,8609,8589,8571
2021,S08,10,8928,8928,8928,8928
2021,S08,11,8640,8640,8640,8640
2021,S08,12,8928,8928,8928,8928
2021,S100,1,7618,7564,7519,7465
2021,S100,2,8039,8009,7984,7954
2021,S100,3,8928,8928,8928,8928
2021,S100,4,6444,6438,6433,6427
2021,S100,5,8928,8928,8928,8928
2021,S100,6,8636,8630,8625,8619
2021,S100,7,8918,8912,8907,8901
2021,S100,8,8928,8928,8928,8928
2021,S100,9,8639,8633,8628,8622
2021,S100,10,8734,8661,8608,8548
2021,S100,11,8638,8632,8627,8621
2021,S100,12,8616,8600,8590,8578
2021,S104,1,7621,7585,7555,7519
2021,S104,2,8035,7981,7936,7882
2021,S104,3,6959,6953,6948,6942
2021,S104,4,8638,8626,8616,8604
2021,S104,5,6226,6220,6226,6220
2021,S104,6,7602,7602,7591,7591
2021,S104,7,8918,8912,8907,8901
2021,S104,8,8922,8892,8868,8844
2021,S104,9,6213,6089,6006,5919
2021,S104,10,8890,8720,8587,8462
2021,S104,11,8442,8300,8210,8120
2021,S104,12,8260,7487,7127,6823
2021,S106,1,7305,7111,6987,6854
2021,S106,2,2954,2930,2921,2897
2021,S106,3,7636,7630,7614,7608
2021,S106,4,8638,8626,8616,8604
2021,S106,5,8837,8825,8815,8803
2021,S106,6,8020,7959,7909,7849
2021,S106,7,8812,8800,8790,8778
2021,S106,8,8889,8798,8734,8673
2021,S106,9,8638,8626,8616,8604
2021,S106,10,8925,8919,8914,8908
2021,S106,11,8496,8476,8466,8454
2021,S106,12,8879,8853,8849,8831
2021,S107,1,7623,7599,7579,7555
2021,S107,2,7775,7745,7720,7690
2021,S107,3,8922,8886,8856,8820
2021,S107,4,8621,8507,8412,8298
2021,S107,5,8923,8902,8887,8869
2021,S107,6,8610,8470,8387,8304
2021,S107,7,8927,8921,8916,8910
2021,S107,8,8928,8928,8928,8928
2021,S107,9,8638,8632,8627,8621
2021,S107,10,8735,8729,8724,8718
2021,S107,11,8353,8347,8342,8336
2021,S107,12,8927,8921,8916,8910
2021,S108,1,7621,7585,7555,7519
2021,S108,2,8038,8002,7972,7936
2021,S108,3,8928,8928,8928,8928
2021,S108,4,8640,8640,8640,8640
2021,S108,5,8928,8928,8928,8928
2021,S108,6,8640,8640,8640,8640
2021,S108,7,8919,8913,8908,8902
2021,S108,8,8928,8928,8928,8928
2021,S108,9,8640,8640,8640,8640
2021,S108,10,8928,8928,8928,8928
2021,S108,11,8636,8630,8625,8619
2021,S108,12,8928,8928,8928,8928
2021,S109,1,7623,7599,7579,7555
2021,S109,2,8043,8037,8032,8026
2021,S109,3,8927,8921,8916,8910
2021,S109,4,8640,8640,8640,8640
2021,S109,5,8928,8928,8928,8928
2021,S109,6,8640,8640,8640,8640
2021,S109,7,8327,8315,8316,8304
2021,S109,8,7355,7343,7322,7310
2021,S109,9,8640,8640,8640,8640
2021,S109,10,8928,8928,8928,8928
2021,S109,11,8640,8640,8640,8640
2021,S109,12,8065,8059,8054,8048
2021,S11,1,7623,7599,7579,7555
2021,S11,2,8040,8016,7996,7972
2021,S11,3,8127,8082,8053,8029
2021,S11,4,8640,8640,8640,8640
2021,S11,5,8928,8928,8928,8928
2021,S11,6,8639,8633,8628,8622
2021,S11,7,8919,8913,8908,8902
2021,S11,8,8927,8921,8916,8910
2021,S11,9,8370,8364,8359,8353
2021,S11,10,8928,8928,8928,8928
2021,S11,11,3003,2997,3003,2997
2021,S111,1,7621,7585,7555,7519
2021,S111,2,8040,8016,7996,7972
2021,S111,3,8918,8858,8808,8753
2021,S111,4,8510,8468,8433,8391
2021,S111,5,8923,8893,8868,8838
2021,S111,6,8636,8612,8592,8568
2021,S111,7,7854,7836,7821,7803
2021,S111,8,8625,8607,8592,8574
2021,S111,9,8638,8629,8627,8618
2021,S111,10,8728,8707,8684,8663
2021,S111,11,8640,8640,8640,8640
2021,S111,12,8744,8720,8711,8691
2021,S112,1,7626,7620,7615,7609
2021,S112,2,8043,8037,8032,8026
2021,S112,3,8928,8928,8928,8928
2021,S112,4,8640,8640,8640,8640
2021,S112,5,8753,8728,8708,8684
2021,S112,6,8518,8490,8480,8468
2021,S112,7,8928,8928,8928,8928
2021,S112,8,8928,8928,8928,8928
2021,S112,9,8640,8640,8640,8640
2021,S112,10,8928,8928,8928,8928
2021,S112,11,8640,8640,8640,8640
2021,S112,12,8928,8928,8928,8928
2021,S113,1,7621,7585,7555,7519
2021,S113,2,8040,8016,7996,7972
2021,S113,3,8926,8914,8904,8892
2021,S113,4,8638,8632,8627,8621
2021,S113,5,8928,8928,8928,8928
2021,S113,6,8634,8628,8623,8617
2021,S113,7,8917,8905,8895,8883
2021,S113,8,8928,8928,8928,8928
2021,S113,9,8640,8640,8640,8640
2021,S113,10,8892,8880,8870,8858
2021,S113,11,8640,8640,8640,8640
2021,S113,12,8927,8921,8916,8910
2021,S114,1,7619,7571,7531,7483
2021,S114,2,8036,7988,7948,7900
2021,S114,3,8641,8635,8630,8624
2021,S114,4,8639,8633,8628,8622
2021,S114,5,8927,8921,8916,8910
2021,S114,6,8317,8311,8306,8300
2021,S114,7,7881,7833,7793,7745
2021,S114,8,8928,8928,8928,8928
2021,S114,9,8640,8640,8640,8640
2021,S114,10,7500,7452,7412,7364
2021,S114,11,7556,7496,7446,7386
2021,S114,12,7314,7272,7237,7195
2021,S115,1,7619,7571,7531,7483
2021,S115,2,8041,8023,8008,7990
2021,S115,3,8927,8921,8916,8910
2021,S115,4,8585,8573,8574,8562
2021,S115,5,7231,7167,7114,7071
2021,S115,6,7799,7681,7622,7566
2021,S115,7,8928,8928,8928,8928
2021,S115,8,8927,8921,8916,8910
2021,S115,9,8635,8605,8580,8550
2021,S115,10,8894,8858,8838,8814
2021,S115,11,8638,8626,8616,8604
2021,S115,12,8636,8066,7732,7394
2021,S116,1,7625,7613,7603,7591
2021,S116,2,8043,8037,8032,8026
2021,S116,3,8926,8914,8904,8892
2021,S116,4,8640,8640,8640,8640
2021,S116,5,8928,8928,8928,8928
2021,S116,6,8640,8640,8640,8640
2021,S116,7,8918,8906,8896,8884
2021,S116,8,8928,8928,8928,8928
2021,S116,9,8639,8633,8628,8622
2021,S116,10,8928,8928,8928,8928
2021,S116,11,8640,8640,8640,8640
2021,S116,12,8928,8928,8928,8928
2021,S118,1,7153,7105,7065,7017
2021,S118,2,8038,8002,7972,7936
2021,S118,3,8927,8921,8916,8910
2021,S118,4,8454,8394,8373,8349
2021,S118,5,8928,8928,8928,8928
2021,S118,6,8640,8640,8640,8640
2021,S118,7,8919,8907,8897,8885
2021,S118,8,8928,8928,8928,8928
2021,S118,9,8640,8640,8640,8640
2021,S118,10,8928,8928,8928,8928
2021,S118,11,8605,8587,8572,8554
2021,S118,12,8928,8928,8928,8928
2021,S119,1,6787,6197,6019,5871
2021,S119,2,8037,7995,7960,7918
2021,S119,3,8896,8853,8818,8790
2021,S119,4,7238,6948,6817,6686
2021,S119,5,8547,8298,8183,8074
2021,S119,6,8053,7488,7240,7005
2021,S119,7,8556,7925,7588,7245
2021,S119,8,7035,4882,4077,3472
2021,S119,9,8278,7273,6739,6266
2021,S119,10,8849,8448,8188,7939
2021,S119,11,8606,8434,8302,8146
2021,S119,12,8922,8892,8867,8837
2021,S120,1,7621,7585,7555,7519
2021,S120,2,8038,8002,7972,7936
2021,S120,3,8928,8928,8928,8928
2021,S120,4,8639,8633,8628,8622
2021,S120,5,8928,8928,8928,8928
2021,S120,6,8640,8640,8640,8640
2021,S120,7,8919,8907,8897,8885
2021,S120,8,8928,8928,8928,8928
2021,S120,9,8640,8640,8640,8640
2021,S120,10,8915,8909,8904,8898
2021,S120,11,8639,8633,8628,8622
2021,S120,12,8928,8928,8928,8928
2021,S121,1,7620,7578,7543,7501
2021,S121,2,8040,8016,7996,7972
2021,S121,3,8838,8817,8802,8784
2021,S121,4,8640,8640,8640,8640
2021,S121,5,8927,8921,8916,8910
2021,S121,6,8640,8640,8640,8640
2021,S121,7,8207,8195,8196,8184
2021,S121,8,8517,8499,8478,8466
2021,S121,9,8636,8612,8592,8568
2021,S121,10,8926,8914,8904,8896
2021,S121,11,8639,8633,8628,8622
2021,S121,12,8928,8928,8928,8928
2021,S122,1,1838,1808,1772,1742
2021,S122,2,8040,8016,7996,7972
2021,S122,3,8403,8352,8316,8274
2021,S122,4,4327,4297,4283,4253
2021,S122,5,327,309,294,276
2021,S122,6,8462,8450,8434,8428
2021,S122,7,6546,6510,6480,6444
2021,S122,8,8922,8890,8870,8846
2021,S122,9,2184,2076,2013,1939
2021,S123,1,7622,7592,7567,7537
2021,S123,2,8040,8016,7996,7972
2021,S123,3,6009,6003,5998,5992
2021,S123,4,8558,8540,8530,8518
2021,S123,5,8928,8928,8928,8928
2021,S123,6,8640,8640,8640,8640
2021,S123,7,8920,8914,8909,8903
2021,S123,8,8928,8928,8928,8928
2021,S123,9,8640,8640,8640,8640
2021,S123,10,8928,8928,8928,8928
2021,S123,11,8640,8640,8640,8640
2021,S123,12,8928,8928,8928,8928
2021,S201,1,7626,7620,7615,7609
2021,S201,2,8043,8037,8032,8026
2021,S201,3,8928,8928,8928,8928
2021,S201,4,8640,8640,8640,8640
2021,S201,5,8928,8928,8928,8928
2021,S201,6,8640,8640,8640,8640
2021,S201,7,8928,8928,8928,8928
2021,S201,8,8928,8928,8928,8928
2021,S201,9,8640,8640,8640,8640
2021,S201,10,8928,8928,8928,8928
2021,S201,11,8640,8640,8640,8640
2021,S201,12,8928,8928,8928,8928
2021,S202,1,7626,7620,7615,7609
2021,S202,2,8043,8037,8032,8026
2021,S202,3,8928,8928,8928,8928
2021,S202,4,8480,8468,8469,8457
2021,S202,5,7884,7881,7870,7870
2021,S202,6,8640,8640,8640,8640
2021,S202,7,8928,8928,8928,8928
2021,S202,8,8928,8928,8928,8928
2021,S202,9,8640,8640,8640,8640
2021,S202,10,8928,8928,8928,8928
2021,S202,11,8640,8640,8640,8640
2021,S202,12,8928,8928,8928,8928
2021,S203,1,7626,7620,7615,7609
2021,S203,2,8043,8037,8032,8026
2021,S203,3,8928,8928,8928,8928
2021,S203,4,8640,8640,8640,8640
2021,S203,5,8928,8928,8928,8928
2021,S203,6,8640,8640,8640,8640
2021,S203,7,8928,8928,8928,8928
2021,S203,8,8928,8928,8928,8928
2021,S203,9,8640,8640,8640,8640
2021,S203,10,8928,8928,8928,8928
2021,S203,11,8640,8640,8640,8640
2021,S203,12,8928,8928,8928,8928
2021,S204,1,7626,7620,7615,7609
2021,S204,2,8043,8037,8032,8026
2021,S204,3,8928,8928,8928,8928
2021,S204,4,8169,8094,8049,7995
2021,S204,5,8928,8928,8928,8928
2021,S204,6,8640,8640,8640,8640
2021,S204,7,8928,8928,8928,8928
2021,S204,8,8928,8928,8928,8928
2021,S204,9,8640,8640,8640,8640
2021,S204,10,8928,8928,8928,8928
2021,S204,11,8640,8640,8640,8640
2021,S204,12,8928,8928,8928,8928
2021,S205,1,7626,7620,7615,7609
2021,S205,2,8043,8037,8032,8026
2021,S205,3,8928,8928,8928,8928
2021,S205,4,8640,8640,8640,8640
2021,S205,5,8928,8928,8928,8928
2021,S205,6,8640,8640,8640,8640
2021,S205,7,8928,8928,8928,8928
2021,S205,8,8928,8928,8928,8928
2021,S205,9,8640,8640,8640,8640
2021,S205,10,8928,8928,8928,8928
2021,S205,11,8640,8640,8640,8640
2021,S205,12,8928,8928,8928,8928
2021,S207,1,7626,7620,7615,7609
2021,S207,2,8043,8037,8032,8026
2021,S207,3,8928,8928,8928,8928
2021,S207,4,8640,8640,8640,8640
2021,S207,5,8928,8928,8928,8928
2021,S207,6,8640,8640,8640,8640
2021,S207,7,8928,8928,8928,8928
2021,S207,8,8928,8928,8928,8928
2021,S207,9,8640,8640,8640,8640
2021,S207,10,8928,8928,8928,8928
2021,S207,11,8640,8640,8640,8640
2021,S207,12,8928,8928,8928,8928
2021,S208,1,7626,7620,7615,7609
2021,S208,2,8043,8037,8032,8026
2021,S208,3,8928,8928,8928,8928
2021,S208,4,8640,8640,8640,8640
2021,S208,5,8928,8928,8928,8928
2021,S208,6,8635,8629,8624,8618
2021,S208,7,8928,8928,8928,8928
2021,S208,8,8928,8928,8928,8928
2021,S208,9,8639,8633,8628,8622
2021,S208,10,8928,8928,8928,8928
2021,S208,11,8640,8640,8640,8640
2021,S208,12,8928,8928,8928,8928
2021,S209,1,7626,7620,7615,7609
2021,S209,2,8043,8037,8032,8026
2021,S209,3,8819,8807,8797,8785
2021,S209,4,8640,8640,8640,8640
2021,S209,5,8928,8928,8928,8928
2021,S209,6,8204,8198,8193,8187
2021,S209,7,8928,8928,8928,8928
2021,S209,8,8928,8928,8928,8928
2021,S209,9,8640,8640,8640,8640
2021,S209,10,8928,8928,8928,8928
2021,S209,11,8640,8640,8640,8640
2021,S209,12,8928,8928,8928,8928
2021,S210,1,7626,7620,7615,7609
2021,S210,2,8043,8037,8032,8026
2021,S210,3,8928,8928,8928,8928
2021,S210,4,8640,8640,8640,8640
2021,S210,5,8928,8928,8928,8928
2021,S210,6,8640,8640,8640,8640
2021,S210,7,8928,8928,8928,8928
2021,S210,8,8928,8928,8928,8928
2021,S210,9,8640,8640,8640,8640
2021,S210,10,8928,8928,8928,8928
2021,S210,11,8640,8640,8640,8640
2021,S210,12,8928,8928,8928,8928
2021,S211,1,7626,7620,7615,7609
2021,S211,2,8043,8037,8032,8026
2021,S211,3,8928,8928,8928,8928
2021,S211,4,8640,8640,8640,8640
2021,S211,5,8928,8928,8928,8928
2021,S211,6,8640,8640,8640,8640
2021,S211,7,8928,8928,8928,8928
2021,S211,8,8928,8928,8928,8928
2021,S211,9,8640,8640,8640,8640
2021,S211,10,8928,8928,8928,8928
2021,S211,11,8640,8640,8640,8640
2021,S211,12,8928,8928,8928,8928
2021,S212,1,7626,7620,7615,7609
2021,S212,2,8043,8037,8032,8026
2021,S212,3,8928,8928,8928,8928
2021,S212,4,8640,8640,8640,8640
2021,S212,5,8928,8928,8928,8928
2021,S212,6,8640,8640,8640,8640
2021,S212,7,8638,8614,8594,8570
2021,S212,8,8928,8928,8928,8928
2021,S212,9,8640,8640,8640,8640
2021,S212,10,8928,8928,8928,8928
2021,S212,11,8640,8640,8640,8640
2021,S212,12,8880,8874,8869,8863
2021,S213,1,7626,7620,7615,7609
2021,S213,2,8043,8037,8032,8026
2021,S213,3,8910,8904,8899,8893
2021,S213,4,8640,8640,8640,8640
2021,S213,5,7902,7833,7784,7740
2021,S213,6,8640,8640,8640,8640
2021,S213,7,8927,8921,8916,8910
2021,S213,8,8928,8928,8928,8928
2021,S213,9,8640,8640,8640,8640
2021,S213,10,8928,8928,8928,8928
2021,S213,11,8640,8640,8640,8640
2021,S213,12,8928,8928,8928,8928
2021,S214,1,6912,6880,6865,6847
2021,S214,2,8043,8037,8032,8026
2021,S214,3,8927,8921,8916,8910
2021,S214,4,8640,8640,8640,8640
2021,S214,5,8928,8928,8928,8928
2021,S214,6,8640,8640,8640,8640
2021,S214,7,8928,8928,8928,8928
2021,S214,8,8928,8928,8928,8928
2021,S214,9,8638,8632,8627,8621
2021,S214,10,8928,8928,8928,8928
2021,S214,11,8640,8640,8640,8640
2021,S214,12,8928,8928,8928,8928
2021,S215,1,7626,7620,7615,7609
2021,S215,2,8043,8037,8032,8026
2021,S215,3,8924,8912,8903,8897
2021,S215,4,8640,8640,8640,8640
2021,S215,5,8928,8928,8928,8928
2021,S215,6,8640,8640,8640,8640
2021,S215,7,8928,8928,8928,8928
2021,S215,8,8928,8928,8928,8928
2021,S215,9,8640,8640,8640,8640
2021,S215,10,8928,8928,8928,8928
2021,S215,11,8640,8640,8640,8640
2021,S215,12,8928,8928,8928,8928
2021,S216,1,7626,7620,7615,7609
2021,S216,2,8043,8037,8032,8026
2021,S216,3,8917,8878,8848,8817
2021,S216,4,8637,8631,8626,8620
2021,S216,5,8928,8928,8928,8928
2021,S216,6,8640,8640,8640,8640
2021,S216,7,8928,8928,8928,8928
2021,S216,8,8928,8928,8928,8928
2021,S216,9,8640,8640,8640,8640
2021,S216,10,8928,8928,8928,8928
2021,S216,11,8640,8640,8640,8640
2021,S216,12,8928,8928,8928,8928
2021,S217,1,7626,7620,7615,7609
2021,S217,2,8043,8037,8032,8026
2021,S217,3,8928,8928,8928,8928
2021,S217,4,8640,8640,8640,8640
2021,S217,5,8412,8322,8274,8226
2021,S217,6,8640,8640,8640,8640
2021,S217,7,8928,8928,8928,8928
2021,S217,8,8928,8928,8928,8928
2021,S217,9,8640,8640,8640,8640
2021,S217,10,8928,8928,8928,8928
2021,S217,11,8640,8640,8640,8640
2021,S217,12,8928,8928,8928,8928
2021,S218,1,7565,7549,7539,7527
2021,S218,2,8043,8037,8032,8026
2021,S218,3,8925,8919,8914,8908
2021,S218,4,8640,8640,8640,8640
2021,S218,5,8928,8928,8928,8928
2021,S218,6,8640,8640,8640,8640
2021,S218,7,8928,8928,8928,8928
2021,S218,8,8928,8928,8928,8928
2021,S218,9,8640,8640,8640,8640
2021,S218,10,8927,8921,8916,8910
2021,S218,11,8640,8640,8640,8640
2021,S218,12,8928,8928,8928,8928
2021,S219,1,7626,7620,7615,7609
2021,S219,2,8043,8037,8032,8026
2021,S219,3,8920,8914,8909,8903
2021,S219,4,8640,8640,8640,8640
2021,S219,5,8928,8928,8928,8928
2021,S219,6,8640,8640,8640,8640
2021,S219,7,8928,8928,8928,8928
2021,S219,8,8928,8928,8928,8928
2021,S219,9,8640,8640,8640,8640
2021,S219,10,8928,8928,8928,8928
2021,S219,11,8640,8640,8640,8640
2021,S219,12,8928,8928,8928,8928
2021,S220,1,7626,7620,7615,7609
2021,S220,2,8043,8037,8032,8026
2021,S220,3,8928,8928,8928,8928
2021,S220,4,8640,8640,8640,8640
2021,S220,5,8928,8928,8928,8928
2021,S220,6,8640,8640,8640,8640
2021,S220,7,8928,8928,8928,8928
2021,S220,8,8928,8928,8928,8928
2021,S220,9,8640,8640,8640,8640
2021,S220,10,8928,8928,8928,8928
2021,S220,11,8640,8640,8640,8640
2021,S220,12,8928,8928,8928,8928
2021,S221,1,7626,7620,7615,7609
2021,S221,2,8043,8037,8032,8026
2021,S221,3,8928,8928,8928,8928
2021,S221,4,8640,8640,8640,8640
2021,S221,5,8928,8928,8928,8928
2021,S221,6,8640,8640,8640,8640
2021,S221,7,8928,8928,8928,8928
2021,S221,8,8928,8928,8928,8928
2021,S221,9,8640,8640,8640,8640
2021,S221,10,8928,8928,8928,8928
2021,S221,11,8640,8640,8640,8640
2021,S221,12,8928,8928,8928,8928
2021,S222,1,7626,7620,7615,7609
2021,S222,2,8043,8037,8032,8026
2021,S222,3,8928,8928,8928,8928
2021,S222,4,8640,8640,8640,8640
2021,S222,5,8928,8928,8928,8928
2021,S222,6,8640,8640,8640,8640
2021,S222,7,8928,8928,8928,8928
2021,S222,8,8928,8928,8928,8928
2021,S222,9,8640,8640,8640,8640
2021,S222,10,8928,8928,8928,8928
2021,S222,11,8640,8640,8640,8640
2021,S222,12,8928,8928,8928,8928
2021,S223,1,7626,7620,7615,7609
2021,S223,2,8043,8037,8032,8026
2021,S223,3,8928,8928,8928,8928
2021,S223,4,8640,8640,8640,8640
2021,S223,5,8928,8928,8928,8928
2021,S223,6,8640,8640,8640,8640
2021,S223,7,8928,8928,8928,8928
2021,S223,8,8928,8928,8928,8928
2021,S223,9,8640,8640,8640,8640
2021,S223,10,8928,8928,8928,8928
2021,S223,11,8640,8640,8640,8640
2021,S223,12,8928,8928,8928,8928
2021,S224,1,7530,7530,7519,7519
2021,S224,2,8043,8037,8032,8026
2021,S224,3,8928,8928,8928,8928
2021,S224,4,8640,8640,8640,8640
2021,S224,5,8928,8928,8928,8928
2021,S224,6,8640,8640,8640,8640
2021,S224,7,8928,8928,8928,8928
2021,S224,8,8928,8928,8928,8928
2021,S224,9,8640,8640,8640,8640
2021,S224,10,8928,8928,8928,8928
2021,S224,11,8640,8640,8640,8640
2021,S224,12,8928,8928,8928,8928
2021,S226,1,7626,7620,7615,7609
2021,S226,2,8043,8037,8032,8026
2021,S226,3,8928,8928,8928,8928
2021,S226,4,8640,8640,8640,8640
2021,S226,5,8928,8928,8928,8928
2021,S226,6,8640,8640,8640,8640
2021,S226,7,8928,8928,8928,8928
2021,S226,8,8928,8928,8928,8928
2021,S226,9,6813,6807,6802,6796
2021,S226,10,8928,8928,8928,8928
2021,S226,11,8640,8640,8640,8640
2021,S226,12,8928,8928,8928,8928
2021,S227,1,7626,7620,7615,7609
2021,S227,2,8043,8037,8032,8026
2021,S227,3,8928,8928,8928,8928
2021,S227,4,8640,8640,8640,8640
2021,S227,5,8928,8928,8928,8928
2021,S227,6,8640,8640,8640,8640
2021,S227,7,8928,8928,8928,8928
2021,S227,8,8928,8928,8928,8928
2021,S227,9,8640,8640,8640,8640
2021,S227,10,8928,8928,8928,8928
2021,S227,11,8640,8640,8640,8640
2021,S227,12,8928,8928,8928,8928
2021,S228,1,7626,7620,7615,7609
2021,S228,2,8041,8029,8019,8007
2021,S228,3,8787,8680,8617,8552
2021,S228,4,8436,8319,8265,8210
2021,S228,5,8928,8928,8928,8928
2021,S228,6,8640,8640,8640,8640
2021,S228,7,8928,8928,8928,8928
2021,S228,8,8928,8928,8928,8928
2021,S228,9,8640,8640,8640,8640
2021,S228,10,8928,8928,8928,8928
2021,S228,11,8640,8640,8640,8640
2021,S228,12,8928,8928,8928,8928
2021,S229,1,7436,7020,6745,6458
2021,S229,2,7975,7813,7700,7583
2021,S229,3,8928,8928,8928,8928
2021,S229,4,8640,8640,8640,8640
2021,S229,5,8927,8921,8916,8910
2021,S229,6,8640,8640,8640,8640
2021,S229,7,8927,8921,8916,8910
2021,S229,8,8928,8928,8928,8928
2021,S229,9,8640,8640,8640,8640
2021,S229,10,8928,8928,8928,8928
2021,S229,11,8640,8640,8640,8640
2021,S229,12,8928,8928,8928,8928
2021,S230,1,7626,7620,7615,7609
2021,S230,2,8043,8037,8032,8026
2021,S230,3,8928,8928,8928,8928
2021,S230,4,8640,8640,8640,8640
2021,S230,5,8928,8928,8928,8928
2021,S230,6,8640,8640,8640,8640
2021,S230,7,8928,8928,8928,8928
2021,S230,8,8928,8928,8928,8928
2021,S230,9,8640,8640,8640,8640
2021,S230,10,8928,8928,8928,8928
2021,S230,11,8640,8640,8640,8640
2021,S230,12,8928,8928,8928,8928
2021,S24,1,7615,7554,7504,7444
2021,S24,2,7959,7911,7871,7823
2021,S24,3,8928,8928,8928,8928
2021,S24,4,8640,8640,8640,8640
2021,S24,5,8925,8913,8907,8901
2021,S24,6,8640,8640,8640,8640
2021,S24,7,8918,8912,8907,8901
2021,S24,8,8928,8928,8928,8928
2021,S24,9,8636,8630,8625,8619
2021,S24,10,8928,8928,8928,8928
2021,S24,11,8636,8624,8614,8602
2021,S24,12,8928,8928,8928,8928
2021,S29,1,96,90,96,90
2021,S33,1,7358,7308,7286,7262
2021,S33,2,8034,7974,7924,7864
2021,S33,3,8926,8914,8904,8892
2021,S33,4,8287,8237,8202,8160
2021,S33,5,8000,7943,7898,7844
2021,S33,6,8639,8633,8628,8622
2021,S33,7,8925,8907,8892,8874
2021,S33,8,8926,8914,8908,8902
2021,S33,9,8639,8633,8628,8622
2021,S33,10,8928,8928,8928,8928
2021,S33,11,8639,8633,8628,8622
2021,S33,12,8928,8928,8928,8928
2021,S35,1,7282,7234,7194,7146
2021,S35,2,4524,2420,1519,968
2021,S35,3,6006,3805,2867,2127
2021,S35,4,8538,8484,8443,8408
2021,S35,5,8733,8694,8664,8628
2021,S35,6,8360,8335,8320,8302
2021,S35,7,8685,8659,8639,8615
2021,S35,8,4383,3387,2999,2734
2021,S35,9,7418,6651,6195,5774
2021,S35,10,8876,8768,8700,8622
2021,S35,11,8193,8163,8148,8130
2021,S35,12,8292,8229,8202,8160
2021,S36,1,844,800,770,734
2021,S36,2,1283,1283,1272,1272
2021,S36,3,1632,1608,1588,1564
2021,S36,4,1953,1552,1475,1393
2021,S36,5,1021,979,944,902
2021,S36,6,1541,1437,1395,1352
2021,S36,7,1403,1361,1326,1284
2021,S36,8,1158,1122,1081,1045
2021,S36,9,1936,1888,1859,1811
2021,S36,10,1363,1345,1330,1312
2021,S36,11,888,782,733,682
2021,S36,12,567,441,417,399
2021,S40,1,7619,7571,7531,7483
2021,S40,2,8039,8009,7984,7954
2021,S40,3,8927,8921,8916,8910
2021,S40,4,8640,8640,8640,8640
2021,S40,5,8928,8928,8928,8928
2021,S40,6,8640,8640,8640,8640
2021,S40,7,8919,8913,8908,8902
2021,S40,8,8928,8928,8928,8928
2021,S40,9,8640,8640,8640,8640
2021,S40,10,8928,8928,8928,8928
2021,S40,11,8640,8640,8640,8640
2021,S40,12,8928,8928,8928,8928
2021,S43,1,7620,7578,7543,7501
2021,S43,2,8040,8016,7996,7972
2021,S43,3,8927,8921,8916,8910
2021,S43,4,8640,8640,8640,8640
2021,S43,5,8928,8928,8928,8928
2021,S43,6,8640,8640,8640,8640
2021,S43,7,8918,8912,8907,8901
2021,S43,8,8925,8907,8892,8874
2021,S43,9,8640,8640,8640,8640
2021,S43,10,8926,8920,8915,8909
2021,S43,11,8640,8640,8640,8640
2021,S43,12,8924,8913,8908,8902
2021,S44,1,7621,7585,7555,7519
2021,S44,2,8040,8016,7996,7972
2021,S44,3,8927,8921,8916,8910
2021,S44,4,8640,8640,8640,8640
2021,S44,5,8928,8928,8928,8928
2021,S44,6,8640,8640,8640,8640
2021,S44,7,8268,8256,8246,8234
2021,S44,8,8928,8928,8928,8928
2021,S44,9,8640,8640,8640,8640
2021,S44,10,8927,8921,8916,8910
2021,S44,11,8640,8640,8640,8640
2021,S44,12,8928,8928,8928,8928
2021,S50,1,7621,7585,7555,7519
2021,S50,2,8038,8002,7972,7936
2021,S50,3,8925,8913,8903,8891
2021,S50,4,6392,6385,6380,6374
2021,S50,5,8928,8928,8928,8928
2021,S50,6,8640,8640,8640,8640
2021,S50,7,8919,8913,8908,8902
2021,S50,8,8370,8364,8359,8353
2021,S50,9,8640,8640,8640,8640
2021,S50,10,8914,8855,8812,8772
2021,S50,11,8640,8640,8640,8640
2021,S50,12,8928,8928,8928,8928
2021,S60,1,96,90,96,90
2021,S61,1,96,90,96,90
2021,S66,1,7049,6989,6939,6879
2021,S66,2,8037,7995,7960,7918
2021,S66,3,8926,8914,8904,8892
2021,S66,4,8640,8640,8640,8640
2021,S66,5,8928,8928,8928,8928
2021,S66,6,8638,8626,8616,8604
2021,S66,7,8739,8715,8695,8671
2021,S66,8,8727,8721,8727,8721
2021,S66,9,7712,7655,7614,7584
2021,S66,10,8928,8928,8928,8928
2021,S66,11,8506,8476,8451,8424
2021,S66,12,7863,7851,7841,7829
2021,S69,1,7456,7402,7357,7303
2021,S69,2,7752,7710,7675,7633
2021,S69,3,8928,8928,8928,8928
2021,S69,4,8640,8640,8640,8640
2021,S69,5,8928,8928,8928,8928
2021,S69,6,8581,8569,8559,8547
2021,S69,7,8880,8868,8858,8846
2021,S69,8,7664,7377,7257,7128
2021,S69,9,8399,8375,8355,8331
2021,S69,10,8927,8921,8916,8910
2021,S69,11,8029,7876,7809,7731
2021,S69,12,8906,8900,8906,8900
2021,S71,1,7620,7578,7543,7501
2021,S71,2,8035,7981,7936,7882
2021,S71,3,8927,8921,8916,8910
2021,S71,4,8640,8640,8640,8640
2021,S71,5,8928,8928,8928,8928
2021,S71,6,8452,8415,8388,8358
2021,S71,7,8598,8574,8554,8530
2021,S71,8,8927,8921,8916,8910
2021,S71,9,8640,8640,8640,8640
2021,S71,10,8928,8928,8928,8928
2021,S71,11,8640,8640,8640,8640
2021,S71,12,8928,8928,8928,8928
2021,S77,1,7552,7144,6846,6498
2021,S77,2,7967,7553,7244,6899
2021,S77,3,8841,8381,8046,7682
2021,S77,4,8574,8218,7995,7745
2021,S77,5,8832,8322,7955,7578
2021,S77,6,8562,8156,7870,7556
2021,S77,7,8868,8590,8394,8185
2021,S77,8,8928,8928,8928,8928
2021,S77,9,8640,8640,8640,8640
2021,S77,10,8926,8914,8907,8901
2021,S77,11,8639,8633,8628,8622
2021,S77,12,8912,8825,8755,8671
2021,S78,1,7623,7599,7579,7555
2021,S78,2,8033,7967,7912,7846
2021,S78,3,8912,8816,8736,8640
2021,S78,4,8638,8626,8616,8604
2021,S78,5,8928,8928,8928,8928
2021,S78,6,8639,8633,8628,8622
2021,S78,7,8917,8893,8873,8849
2021,S78,8,8925,8907,8892,8874
2021,S78,9,8640,8640,8640,8640
2021,S78,10,8927,8921,8916,8910
2021,S78,11,8639,8633,8628,8622
2021,S78,12,8928,8928,8928,8928
2021,S79,1,7543,7091,6796,6488
2021,S79,2,8025,7911,7827,7731
2021,S79,3,8923,8898,8878,8854
2021,S79,4,8639,8633,8628,8622
2021,S79,5,8927,8921,8916,8910
2021,S79,6,8634,8598,8568,8532
2021,S79,7,8894,8696,8542,8371
2021,S79,8,8894,8692,8541,8379
2021,S79,9,8622,8516,8431,8334
2021,S79,10,8794,8121,7705,7278
2021,S79,11,8556,8091,7756,7403
2021,S79,12,8807,8202,7792,7389
2021,S81,1,7616,7550,7495,7429
2021,S81,2,8040,8016,7996,7972
2021,S81,3,8927,8921,8916,8910
2021,S81,4,8640,8640,8640,8640
2021,S81,5,8928,8928,8928,8928
2021,S81,6,8640,8640,8640,8640
2021,S81,7,8918,8912,8907,8901
2021,S81,8,8928,8928,8928,8928
2021,S81,9,8640,8640,8640,8640
2021,S81,10,8928,8928,8928,8928
2021,S81,11,8639,8633,8628,8622
2021,S81,12,8928,8928,8928,8928
2021,S82,1,7618,7564,7519,7465
2021,S82,2,8040,8016,7996,7972
2021,S82,3,8617,8605,8595,8583
2021,S82,4,8640,8640,8640,8640
2021,S82,5,7664,7652,7642,7630
2021,S82,6,8640,8640,8640,8640
2021,S82,7,8632,8620,8610,8598
2021,S82,8,8928,8928,8928,8928
2021,S82,9,8580,8574,8569,8563
2021,S82,10,8833,8821,8811,8799
2021,S82,11,8640,8640,8640,8640
2021,S82,12,8928,8928,8928,8928
2021,S84,1,7589,7492,7436,7382
2021,S84,2,8042,8030,8020,8008
2021,S84,3,8917,8887,8862,8832
2021,S84,4,8639,8633,8628,8622
2021,S84,5,8927,8921,8916,8910
2021,S84,6,8638,8626,8616,8604
2021,S84,7,8907,8885,8870,8852
2021,S84,8,8894,8753,8659,8561
2021,S84,9,8597,8389,8250,8096
2021,S84,10,8727,8182,7939,7691
2021,S84,11,8460,8100,7905,7732
2021,S84,12,8928,8928,8928,8928
2021,S88,1,7618,7564,7519,7465
2021,S88,2,8040,8016,7996,7972
2021,S88,3,8927,8921,8916,8910
2021,S88,4,8638,8626,8616,8604
2021,S88,5,8926,8914,8904,8892
2021,S88,6,8632,8614,8599,8581
2021,S88,7,8912,8858,8813,8759
2021,S88,8,8923,8911,8901,8889
2021,S88,9,8638,8626,8616,8604
2021,S88,10,8927,8921,8916,8910
2021,S88,11,8638,8626,8616,8604
2021,S88,12,8926,8914,8904,8892
2021,S89,1,7618,7564,7519,7465
2021,S89,2,8035,7981,7936,7882
2021,S89,3,8928,8928,8928,8928
2021,S89,4,8640,8640,8640,8640
2021,S89,5,8928,8928,8928,8928
2021,S89,6,8636,8612,8592,8568
2021,S89,7,8919,8913,8908,8902
2021,S89,8,8928,8928,8928,8928
2021,S89,9,8640,8640,8640,8640
2021,S89,10,8928,8928,8928,8928
2021,S89,11,8639,8633,8628,8622
2021,S89,12,8928,8928,8928,8928
2021,S90,1,7619,7571,7531,7483
2021,S90,2,8035,7981,7936,7882
2021,S90,3,8928,8928,8928,8928
2021,S90,4,8640,8640,8640,8640
2021,S90,5,8928,8928,8928,8928
2021,S90,6,8640,8640,8640,8640
2021,S90,7,8919,8913,8908,8902
2021,S90,8,8928,8928,8928,8928
2021,S90,9,8640,8640,8640,8640
2021,S90,10,8928,8928,8928,8928
2021,S90,11,8640,8640,8640,8640
2021,S90,12,8928,8928,8928,8928
2021,S900,1,7624,7606,7591,7573
2021,S900,2,8040,8016,7996,7972
2021,S900,3,8927,8921,8916,8910
2021,S900,4,8640,8640,8640,8640
2021,S900,5,8928,8928,8928,8928
2021,S900,6,8640,8640,8640,8640
2021,S900,7,8919,8913,8908,8902
2021,S900,8,8928,8928,8928,8928
2021,S900,9,8393,8387,8382,8376
2021,S900,10,8926,8914,8904,8892
2021,S900,11,8638,8628,8623,8617
2021,S900,12,8928,8928,8928,8928
2021,S91,1,7342,7276,7221,7157
2021,S91,2,7922,7886,7856,7820
2021,S91,3,4437,4425,4426,4414
2021,S92,1,1419,1401,1397,1379
2021,S94,1,7620,7578,7543,7501
2021,S94,2,8041,8023,8008,7990
2021,S94,3,8927,8921,8916,8910
2021,S94,4,8640,8640,8640,8640
2021,S94,5,8928,8928,8928,8928
2021,S94,6,8635,8623,8613,8601
2021,S94,7,8920,8914,8909,8903
2021,S94,8,8927,8921,8916,8910
2021,S94,9,8637,8619,8604,8586
2021,S94,10,8928,8928,8928,8928
2021,S94,11,8640,8640,8640,8640
2021,S94,12,8928,8928,8928,8928
2022,S08,1,8875,8854,8839,8821
2022,S08,2,7940,7899,7875,7851
2022,S08,3,8922,8916,8911,8905
2022,S08,4,8637,8619,8604,8586
2022,S08,5,8924,8900,8880,8856
2022,S08,6,8638,8626,8616,8604
2022,S08,7,8924,8900,8880,8856
2022,S08,8,8924,8912,8902,8890
2022,S08,9,8608,8557,8523,8487
2022,S08,10,8925,8907,8892,8874
2022,S08,11,8638,8626,8616,8604
2022,S08,12,8902,8890,8880,8868
2022,S100,1,8876,8861,8851,8839
2022,S100,2,7774,7732,7700,7664
2022,S100,3,8927,8921,8916,8910
2022,S100,4,8351,8333,8318,8300
2022,S100,5,8928,8928,8928,8928
2022,S100,6,8632,8626,8621,8615
2022,S100,7,8928,8928,8928,8928
2022,S100,8,8925,8919,8914,8908
2022,S100,9,8616,8582,8557,8527
2022,S100,10,8924,8902,8887,8870
2022,S100,11,8629,8599,8574,8544
2022,S100,12,8899,8881,8866,8848
2022,S102,9,2075,2035,2015,1991
2022,S102,10,2001,1967,1936,1913
2022,S102,11,8301,8118,8005,7884
2022,S102,12,8082,7372,6902,6417
2022,S104,1,8875,8854,8839,8821
2022,S104,2,8015,7997,7985,7973
2022,S104,3,8928,8928,8928,8928
2022,S104,4,8640,8640,8640,8640
2022,S104,5,8926,8914,8904,8892
2022,S104,6,8636,8612,8592,8568
2022,S104,7,8928,8928,8928,8928
2022,S104,8,7153,7140,7130,7118
2022,S104,9,8619,8600,8585,8567
2022,S104,10,8926,8914,8904,8892
2022,S104,11,8639,8633,8628,8622
2022,S104,12,8901,8883,8868,8850
2022,S106,1,8229,8187,8154,8133
2022,S106,2,8016,8004,7997,7991
2022,S106,3,8928,8928,8928,8928
2022,S106,4,8639,8633,8628,8622
2022,S106,5,8767,8337,8061,7799
2022,S106,6,8615,8536,8479,8419
2022,S106,7,8853,8687,8600,8504
2022,S106,8,8910,8850,8800,8744
2022,S106,9,8616,8578,8548,8512
2022,S106,10,8881,8757,8677,8581
2022,S106,11,8544,8436,8387,8319
2022,S106,12,8372,8164,8005,7831
2022,S107,1,8693,8650,8622,8598
2022,S107,2,8016,8004,7997,7991
2022,S107,3,8924,8918,8913,8907
2022,S107,4,8640,8640,8640,8640
2022,S107,5,8923,8893,8868,8838
2022,S107,6,8637,8625,8615,8603
2022,S107,7,8926,8914,8904,8892
2022,S107,8,8899,8866,8841,8811
2022,S107,9,8619,8601,8586,8568
2022,S107,10,8926,8914,8904,8892
2022,S107,11,8639,8633,8628,8622
2022,S107,12,8902,8890,8880,8868
2022,S108,1,8876,8861,8851,8839
2022,S108,2,8016,8004,7997,7991
2022,S108,3,8927,8921,8916,8910
2022,S108,4,8639,8633,8628,8622
2022,S108,5,8926,8914,8904,8892
2022,S108,6,8636,8612,8597,8579
2022,S108,7,8926,8914,8904,8892
2022,S108,8,8925,8919,8914,8908
2022,S108,9,8617,8599,8584,8566
2022,S108,10,6842,6820,6805,6788
2022,S108,11,6480,6266,6129,5991
2022,S108,12,7845,7798,7773,7749
2022,S109,1,8876,8861,8851,8839
2022,S109,2,8016,8004,7997,7991
2022,S109,3,7826,7820,7815,7809
2022,S109,4,8639,8633,8628,8622
2022,S109,5,8924,8900,8880,8856
2022,S109,6,7754,7736,7721,7703
2022,S109,7,8919,8865,8820,8766
2022,S109,8,6184,6043,5934,5814
2022,S109,9,8602,8494,8404,8299
2022,S109,10,8926,8914,8904,8892
2022,S109,11,8638,8626,8616,8609
2022,S109,12,8895,8849,8814,8772
2022,S111,1,8474,8441,8405,8375
2022,S111,2,7932,7902,7880,7856
2022,S111,3,7758,7698,7648,7588
2022,S111,4,8625,8552,8496,8430
2022,S111,5,8922,8886,8856,8820
2022,S111,6,8632,8587,8552,8510
2022,S111,7,8914,8836,8771,8693
2022,S111,8,8907,8799,8709,8601
2022,S111,9,8555,8491,8446,8392
2022,S111,10,8640,8499,8414,8313
2022,S111,11,8635,8617,8602,8584
2022,S111,12,8902,8890,8880,8868
2022,S112,1,8851,8818,8797,8776
2022,S112,2,8016,8004,7997,7991
2022,S112,3,8928,8928,8928,8928
2022,S112,4,8640,8640,8640,8640
2022,S112,5,8928,8928,8928,8928
2022,S112,6,8638,8626,8616,8604
2022,S112,7,8867,8855,8845,8833
2022,S112,8,8924,8912,8902,8890
2022,S112,9,8622,8610,8600,8588
2022,S112,10,8925,8907,8892,8874
2022,S112,11,8638,8626,8616,8604
2022,S112,12,8902,8890,8880,8868
2022,S113,1,8876,8861,8851,8839
2022,S113,2,8016,8004,7997,7991
2022,S113,3,8928,8928,8928,8928
2022,S113,4,8640,8640,8640,8640
2022,S113,5,8923,8893,8868,8838
2022,S113,6,8627,8609,8594,8576
2022,S113,7,8925,8907,8892,8874
2022,S113,8,8924,8912,8902,8890
2022,S113,9,8618,8588,8563,8533
2022,S113,10,8925,8909,8899,8888
2022,S113,11,8637,8619,8604,8586
2022,S113,12,8852,8834,8819,8801
2022,S114,1,8874,8847,8827,8803
2022,S114,2,8016,8004,7997,7991
2022,S114,3,8928,8928,8928,8928
2022,S114,4,8640,8640,8640,8640
2022,S114,5,8927,8921,8916,8910
2022,S114,6,8639,8633,8628,8622
2022,S114,7,8927,8921,8916,8910
2022,S114,8,8925,8919,8914,8908
2022,S114,9,8619,8607,8597,8585
2022,S114,10,8925,8909,8899,8888
2022,S114,11,8639,8633,8628,8622
2022,S114,12,8902,8890,8880,8868
2022,S115,1,8787,8693,8628,8560
2022,S115,2,8013,7983,7961,7937
2022,S115,3,8918,8866,8828,8786
2022,S115,4,8612,8514,8439,8349
2022,S115,5,7918,7578,7345,7124
2022,S115,6,7546,7361,7240,7126
2022,S115,7,8902,8765,8657,8544
2022,S115,8,8910,8820,8755,8682
2022,S115,9,8611,8556,8511,8457
2022,S115,10,8867,8803,8753,8694
2022,S115,11,8636,8612,8592,8568
2022,S115,12,8758,8681,8641,8593
2022,S116,1,8870,8845,8830,8812
2022,S116,2,6673,6655,6654,6642
2022,S116,3,8542,8491,8440,8392
2022,S116,4,8615,8465,8347,8197
2022,S116,5,8898,8732,8594,8446
2022,S116,6,7211,7049,6919,6771
2022,S116,7,8878,8605,8393,8154
2022,S116,8,8883,8652,8479,8297
2022,S116,9,8615,8579,8549,8513
2022,S116,10,8913,8875,8845,8810
2022,S116,11,8630,8607,8592,8574
2022,S116,12,8901,8883,8868,8850
2022,S118,1,8726,8687,8657,8621
2022,S118,2,8016,8004,7997,7991
2022,S118,3,8927,8921,8916,8910
2022,S118,4,8640,8640,8640,8640
2022,S118,5,8928,8928,8928,8928
2022,S118,6,8640,8640,8640,8640
2022,S118,7,8926,8914,8904,8892
2022,S118,8,8923,8905,8890,8872
2022,S118,9,8615,8579,8550,8520
2022,S118,10,8924,8902,8887,8870
2022,S118,11,8638,8626,8616,8604
2022,S118,12,8521,8474,8439,8397
2022,S119,1,8742,8705,8680,8650
2022,S119,2,7856,7767,7723,7675
2022,S119,3,8910,8842,8798,8756
2022,S119,4,8637,8619,8604,8586
2022,S119,5,8925,8907,8892,8874
2022,S119,6,8640,8640,8640,8640
2022,S119,7,8926,8914,8904,8892
2022,S119,8,8923,8905,8890,8872
2022,S119,9,8356,8281,8226,8166
2022,S119,10,8852,8812,8782,8747
2022,S119,11,7354,7245,7175,7091
2022,S119,12,8896,8850,8815,8773
2022,S120,1,8876,8861,8851,8839
2022,S120,2,8016,8004,7997,7991
2022,S120,3,8928,8928,8928,8928
2022,S120,4,8640,8640,8640,8640
2022,S120,5,8928,8928,8928,8928
2022,S120,6,8639,8633,8628,8622
2022,S120,7,8925,8907,8892,8874
2022,S120,8,8924,8912,8902,8890
2022,S120,9,8615,8585,8560,8530
2022,S120,10,7642,7620,7605,7588
2022,S120,11,8639,8633,8628,8622
2022,S120,12,8902,8890,8880,8868
2022,S121,1,7592,7545,7528,7498
2022,S121,2,5824,5812,5794,5788
2022,S121,3,8928,8928,8928,8928
2022,S121,4,8639,8633,8628,8622
2022,S121,5,8924,8907,8897,8885
2022,S121,6,8636,8612,8592,8568
2022,S121,7,8924,8900,8880,8856
2022,S121,8,8883,8700,8614,8543
2022,S121,9,8606,8518,8448,8366
2022,S121,10,8919,8885,8860,8831
2022,S121,11,7034,7009,6989,6965
2022,S121,12,8899,8869,8844,8814
2022,S123,1,8876,8861,8851,8839
2022,S123,2,8016,8004,7997,7991
2022,S123,3,8317,8311,8306,8300
2022,S123,4,8639,8633,8628,8622
2022,S123,5,8927,8921,8916,8910
2022,S123,6,8640,8640,8640,8640
2022,S123,7,8928,8928,8928,8928
2022,S123,8,8925,8919,8914,8908
2022,S123,9,8620,8608,8598,8586
2022,S123,10,8924,8900,8880,8856
2022,S123,11,8635,8605,8580,8550
2022,S123,12,8891,8861,8836,8812
2022,S201,1,8875,8854,8839,8821
2022,S201,2,8016,8004,7997,7991
2022,S201,3,8928,8928,8928,8928
2022,S201,4,8638,8632,8627,8621
2022,S201,5,8928,8928,8928,8928
2022,S201,6,8639,8633,8628,8622
2022,S201,7,8928,8928,8928,8928
2022,S201,8,8925,8919,8914,8908
2022,S201,9,8622,8610,8600,8588
2022,S201,10,8908,8899,8894,8888
2022,S201,11,8640,8640,8640,8640
2022,S201,12,8904,8892,8882,8870
2022,S202,1,8876,8861,8851,8839
2022,S202,2,8016,8004,7997,7991
2022,S202,3,8928,8928,8928,8928
2022,S202,4,8638,8632,8627,8621
2022,S202,5,8928,8928,8928,8928
2022,S202,6,8638,8627,8622,8616
2022,S202,7,8928,8928,8928,8928
2022,S202,8,8925,8919,8914,8908
2022,S202,9,8623,8611,8601,8589
2022,S202,10,8908,8899,8894,8888
2022,S202,11,8640,8640,8640,8640
2022,S202,12,8904,8892,8882,8870
2022,S203,1,8876,8861,8851,8839
2022,S203,2,8016,8004,7997,7991
2022,S203,3,8928,8928,8928,8928
2022,S203,4,8637,8631,8626,8620
2022,S203,5,8928,8928,8928,8928
2022,S203,6,8639,8633,8628,8622
2022,S203,7,8928,8928,8928,8928
2022,S203,8,8925,8919,8914,8908
2022,S203,9,8622,8610,8600,8588
2022,S203,10,8908,8899,8894,8888
2022,S203,11,8640,8640,8640,8640
2022,S203,12,8904,8892,8882,8870
2022,S204,1,8876,8861,8851,8839
2022,S204,2,8016,8004,7997,7991
2022,S204,3,8928,8928,8928,8928
2022,S204,4,8638,8632,8627,8621
2022,S204,5,8928,8928,8928,8928
2022,S204,6,8639,8633,8628,8622
2022,S204,7,8928,8928,8928,8928
2022,S204,8,8925,8919,8914,8908
2022,S204,9,8622,8610,8600,8588
2022,S204,10,8908,8899,8894,8888
2022,S204,11,8640,8640,8640,8640
2022,S204,12,8904,8892,8882,8870
2022,S205,1,8876,8861,8851,8839
2022,S205,2,8016,8004,7997,7991
2022,S205,3,8928,8928,8928,8928
2022,S205,4,8638,8632,8627,8621
2022,S205,5,8928,8928,8928,8928
2022,S205,6,8638,8632,8627,8621
2022,S205,7,8928,8928,8928,8928
2022,S205,8,8925,8919,8914,8908
2022,S205,9,8623,8611,8601,8589
2022,S205,10,8908,8899,8894,8888
2022,S205,11,8640,8640,8640,8640
2022,S205,12,8904,8892,8882,8870
2022,S207,1,8876,8861,8851,8839
2022,S207,2,8016,8004,7997,7991
2022,S207,3,8928,8928,8928,8928
2022,S207,4,8638,8632,8627,8621
2022,S207,5,8928,8928,8928,8928
2022,S207,6,8639,8633,8628,8622
2022,S207,7,8928,8928,8928,8928
2022,S207,8,8925,8919,8914,8908
2022,S207,9,8622,8610,8600,8588
2022,S207,10,8908,8899,8894,8888
2022,S207,11,8640,8640,8640,8640
2022,S207,12,8904,8892,8882,8870
2022,S208,1,8876,8861,8851,8839
2022,S208,2,8016,8004,7997,7991
2022,S208,3,8927,8921,8916,8910
2022,S208,4,8635,8629,8624,8618
2022,S208,5,8928,8928,8928,8928
2022,S208,6,8637,8631,8626,8620
2022,S208,7,8928,8928,8928,8928
2022,S208,8,8924,8912,8902,8890
2022,S208,9,8623,8611,8601,8589
2022,S208,10,8908,8899,8894,8888
2022,S208,11,8640,8640,8640,8640
2022,S208,12,8904,8892,8882,8870
2022,S209,1,8876,8861,8851,8839
2022,S209,2,8016,8004,7997,7991
2022,S209,3,8927,8921,8916,8910
2022,S209,4,8636,8630,8625,8619
2022,S209,5,8928,8928,8928,8928
2022,S209,6,8639,8633,8628,8622
2022,S209,7,8928,8928,8928,8928
2022,S209,8,8925,8919,8914,8908
2022,S209,9,8622,8610,8600,8588
2022,S209,10,8908,8899,8894,8888
2022,S209,11,8640,8640,8640,8640
2022,S209,12,8904,8892,8882,8870
2022,S210,1,8876,8861,8851,8839
2022,S210,2,8016,8004,7997,7991
2022,S210,3,8928,8928,8928,8928
2022,S210,4,8638,8632,8627,8621
2022,S210,5,8928,8928,8928,8928
2022,S210,6,8639,8633,8628,8622
2022,S210,7,8921,8909,8899,8887
2022,S210,8,8729,8711,8707,8689
2022,S210,9,7011,6999,6978,6966
2022,S210,10,8908,8899,8894,8888
2022,S210,11,8640,8640,8640,8640
2022,S210,12,8904,8892,8882,8870
2022,S211,1,8876,8861,8851,8839
2022,S211,2,8016,8004,7997,7991
2022,S211,3,8928,8928,8928,8928
2022,S211,4,8638,8626,8616,8604
2022,S211,5,8928,8928,8928,8928
2022,S211,6,8636,8618,8608,8596
2022,S211,7,8927,8921,8916,8910
2022,S211,8,8925,8919,8914,8908
2022,S211,9,8622,8610,8600,8588
2022,S211,10,8884,8816,8771,8724
2022,S211,11,8634,8622,8612,8600
2022,S211,12,8785,8632,8526,8415
2022,S212,1,8857,8836,8821,8803
2022,S212,2,8016,8004,7997,7991
2022,S212,3,8928,8928,8928,8928
2022,S212,4,8627,8615,8605,8593
2022,S212,5,8466,8424,8389,8352
2022,S212,6,8639,8633,8628,8622
2022,S212,7,8928,8928,8928,8928
2022,S212,8,8925,8919,8914,8908
2022,S212,9,8623,8611,8601,8589
2022,S212,10,8908,8899,8894,8888
2022,S212,11,8640,8640,8640,8640
2022,S212,12,8904,8892,8882,8870
2022,S213,1,8876,8861,8851,8839
2022,S213,2,8016,8004,7997,7991
2022,S213,3,8927,8921,8916,8910
2022,S213,4,8637,8625,8615,8603
2022,S213,5,8927,8921,8916,8910
2022,S213,6,8639,8633,8628,8622
2022,S213,7,8928,8928,8928,8928
2022,S213,8,8925,8919,8914,8908
2022,S213,9,8620,8602,8587,8569
2022,S213,10,8908,8899,8894,8888
2022,S213,11,8640,8640,8640,8640
2022,S213,12,8904,8892,8882,8870
2022,S214,1,8876,8861,8851,8839
2022,S214,2,8016,8004,7997,7991
2022,S214,3,8928,8928,8928,8928
2022,S214,4,8638,8632,8627,8621
2022,S214,5,8928,8928,8928,8928
2022,S214,6,8638,8627,8622,8616
2022,S214,7,8928,8928,8928,8928
2022,S214,8,8925,8919,8914,8908
2022,S214,9,8622,8610,8600,8588
2022,S214,10,8908,8899,8894,8888
2022,S214,11,8640,8640,8640,8640
2022,S214,12,8903,8891,8881,8869
2022,S215,1,8876,8861,8851,8839
2022,S215,2,8016,8004,7997,7991
2022,S215,3,8928,8928,8928,8928
2022,S215,4,8638,8632,8627,8621
2022,S215,5,8928,8928,8928,8928
2022,S215,6,8639,8633,8628,8622
2022,S215,7,8928,8928,8928,8928
2022,S215,8,8925,8919,8914,8908
2022,S215,9,8623,8611,8601,8589
2022,S215,10,8908,8899,8894,8888
2022,S215,11,8640,8640,8640,8640
2022,S215,12,8904,8892,8882,8870
2022,S216,1,8876,8861,8851,8839
2022,S216,2,8016,8004,7997,7991
2022,S216,3,8927,8921,8916,8910
2022,S216,4,8638,8632,8627,8621
2022,S216,5,8928,8928,8928,8928
2022,S216,6,8639,8633,8628,8622
2022,S216,7,8928,8928,8928,8928
2022,S216,8,8925,8919,8914,8908
2022,S216,9,8621,8609,8599,8587
2022,S216,10,8908,8899,8894,8888
2022,S216,11,8640,8640,8640,8640
2022,S216,12,8904,8892,8882,8870
2022,S217,1,8876,8861,8851,8839
2022,S217,2,8016,8004,7997,7991
2022,S217,3,8927,8921,8916,8910
2022,S217,4,8638,8632,8627,8621
2022,S217,5,8928,8928,8928,8928
2022,S217,6,8639,8633,8628,8622
2022,S217,7,8928,8928,8928,8928
2022,S217,8,8925,8919,8914,8908
2022,S217,9,8622,8610,8600,8588
2022,S217,10,8895,8868,8849,8831
2022,S217,11,8640,8640,8640,8640
2022,S217,12,8904,8892,8882,8870
2022,S218,1,8876,8861,8851,8839
2022,S218,2,8016,8004,7997,7991
2022,S218,3,8927,8921,8916,8910
2022,S218,4,8639,8633,8628,8622
2022,S218,5,8927,8921,8916,8910
2022,S218,6,8637,8626,8621,8615
2022,S218,7,8920,8914,8909,8903
2022,S218,8,8925,8919,8914,8908
2022,S218,9,8621,8609,8599,8587
2022,S218,10,8905,8890,8880,8868
2022,S218,11,8640,8640,8640,8640
2022,S218,12,8898,8880,8865,8847
2022,S219,1,8876,8861,8851,8839
2022,S219,2,8016,8004,7997,7991
2022,S219,3,8928,8928,8928,8928
2022,S219,4,8638,8632,8627,8621
2022,S219,5,8926,8916,8911,8905
2022,S219,6,8639,8633,8628,8622
2022,S219,7,8928,8928,8928,8928
2022,S219,8,8925,8919,8914,8908
2022,S219,9,8323,8209,8177,8141
2022,S219,10,8908,8899,8894,8888
2022,S219,11,8640,8640,8640,8640
2022,S219,12,8904,8892,8882,8870
2022,S220,1,8876,8861,8851,8839
2022,S220,2,8016,8004,7997,7991
2022,S220,3,8928,8928,8928,8928
2022,S220,4,8639,8633,8628,8622
2022,S220,5,8928,8928,8928,8928
2022,S220,6,8632,8609,8594,8576
2022,S220,7,8928,8928,8928,8928
2022,S220,8,8925,8919,8914,8908
2022,S220,9,8622,8610,8600,8588
2022,S220,10,8908,8899,8894,8888
2022,S220,11,8640,8640,8640,8640
2022,S220,12,8904,8892,8882,8870
2022,S221,1,8875,8854,8839,8821
2022,S221,2,8013,7995,7983,7971
2022,S221,3,8926,8914,8904,8892
2022,S221,4,8638,8632,8627,8621
2022,S221,5,8928,8928,8928,8928
2022,S221,6,8639,8633,8628,8622
2022,S221,7,8928,8928,8928,8928
2022,S221,8,8925,8919,8914,8908
2022,S221,9,8623,8611,8601,8589
2022,S221,10,8908,8899,8894,8888
2022,S221,11,8640,8640,8640,8640
2022,S221,12,8904,8892,8882,8870
2022,S222,1,8875,8854,8839,8821
2022,S222,2,8016,8004,7997,7991
2022,S222,3,8928,8928,8928,8928
2022,S222,4,8639,8633,8628,8622
2022,S222,5,8928,8928,8928,8928
2022,S222,6,8639,8633,8628,8622
2022,S222,7,8928,8928,8928,8928
2022,S222,8,8925,8919,8914,8908
2022,S222,9,8621,8609,8599,8587
2022,S222,10,8908,8899,8894,8888
2022,S222,11,8640,8640,8640,8640
2022,S222,12,8904,8892,8882,8870
2022,S223,1,8876,8861,8851,8839
2022,S223,2,8016,8004,7997,7991
2022,S223,3,8927,8921,8916,8910
2022,S223,4,8638,8632,8627,8621
2022,S223,5,8928,8928,8928,8928
2022,S223,6,8628,8611,8601,8589
2022,S223,7,8928,8928,8928,8928
2022,S223,8,8925,8919,8914,8908
2022,S223,9,8620,8608,8598,8586
2022,S223,10,8908,8899,8894,8888
2022,S223,11,8640,8640,8640,8640
2022,S223,12,8902,8890,8880,8868
2022,S224,1,8876,8861,8851,8839
2022,S224,2,8016,8004,7997,7991
2022,S224,3,8926,8920,8915,8909
2022,S224,4,8639,8633,8628,8622
2022,S224,5,8928,8928,8928,8928
2022,S224,6,8638,8627,8622,8616
2022,S224,7,8928,8928,8928,8928
2022,S224,8,8925,8919,8914,8908
2022,S224,9,8623,8611,8601,8589
2022,S224,10,8908,8899,8894,8888
2022,S224,11,8640,8640,8640,8640
2022,S224,12,8904,8892,8882,8870
2022,S226,1,8876,8861,8851,8839
2022,S226,2,8016,8004,7997,7991
2022,S226,3,8928,8928,8928,8928
2022,S226,4,8638,8632,8627,8621
2022,S226,5,8928,8928,8928,8928
2022,S226,6,8638,8632,8627,8621
2022,S226,7,8928,8928,8928,8928
2022,S226,8,8925,8919,8914,8908
2022,S226,9,8621,8609,8599,8587
2022,S226,10,8908,8899,8894,8888
2022,S226,11,8640,8640,8640,8640
2022,S226,12,8904,8892,8882,8870
2022,S227,1,8876,8861,8851,8839
2022,S227,2,8016,8004,7997,7991
2022,S227,3,8921,8915,8910,8904
2022,S227,4,8638,8632,8627,8621
2022,S227,5,8928,8928,8928,8928
2022,S227,6,8639,8633,8628,8622
2022,S227,7,8928,8928,8928,8928
2022,S227,8,8925,8919,8914,8908
2022,S227,9,8623,8611,8601,8589
2022,S227,10,8908,8899,8894,8888
2022,S227,11,8640,8640,8640,8640
2022,S227,12,8904,8892,8882,8870
2022,S228,1,8876,8861,8851,8839
2022,S228,2,8016,8004,7997,7991
2022,S228,3,8928,8928,8928,8928
2022,S228,4,8639,8633,8628,8622
2022,S228,5,8928,8928,8928,8928
2022,S228,6,8639,8633,8628,8622
2022,S228,7,8928,8928,8928,8928
2022,S228,8,8925,8919,8914,8908
2022,S228,9,8621,8609,8599,8587
2022,S228,10,8908,8899,8894,8888
2022,S228,11,8640,8640,8640,8640
2022,S228,12,8904,8892,8882,8870
2022,S229,1,8876,8861,8851,8839
2022,S229,2,8016,8004,7997,7991
2022,S229,3,8928,8928,8928,8928
2022,S229,4,8639,8633,8628,8622
2022,S229,5,8927,8921,8916,8910
2022,S229,6,8639,8633,8628,8622
2022,S229,7,8927,8921,8916,8910
2022,S229,8,8925,8919,8914,8908
2022,S229,9,8620,8602,8587,8569
2022,S229,10,8908,8899,8894,8888
2022,S229,11,8640,8640,8640,8640
2022,S229,12,8904,8892,8882,8870
2022,S230,1,8876,8861,8851,8839
2022,S230,2,8016,8004,7997,7991
2022,S230,3,8928,8928,8928,8928
2022,S230,4,8638,8632,8627,8621
2022,S230,5,8928,8928,8928,8928
2022,S230,6,8639,8633,8628,8622
2022,S230,7,8928,8928,8928,8928
2022,S230,8,8925,8919,8914,8908
2022,S230,9,8622,8610,8600,8588
2022,S230,10,8908,8899,8894,8888
2022,S230,11,8640,8640,8640,8640
2022,S230,12,8904,8892,8882,8870
2022,S24,1,8875,8854,8839,8821
2022,S24,2,8011,7987,7970,7952
2022,S24,3,8928,8928,8928,8928
2022,S24,4,8576,8564,8554,8542
2022,S24,5,8928,8928,8928,8928
2022,S24,6,8608,8596,8586,8574
2022,S24,7,8910,8869,8843,8813
2022,S24,8,8925,8919,8914,8908
2022,S24,9,8619,8589,8569,8545
2022,S24,10,8925,8909,8899,8888
2022,S24,11,8638,8626,8616,8604
2022,S24,12,8899,8878,8863,8845
2022,S33,1,8728,8682,8657,8627
2022,S33,2,8016,8004,7997,7991
2022,S33,3,8928,8928,8928,8928
2022,S33,4,8629,8617,8607,8595
2022,S33,5,8928,8928,8928,8928
2022,S33,6,8639,8633,8628,8622
2022,S33,7,8925,8907,8892,8874
2022,S33,8,8789,8747,8712,8670
2022,S33,9,8386,8283,8218,8140
2022,S33,10,7763,7635,7550,7449
2022,S33,11,8639,8633,8628,8622
2022,S33,12,8902,8890,8880,8868
2022,S35,1,7323,7055,6866,6676
2022,S35,2,5561,5272,5119,4944
2022,S35,3,5435,5135,4967,4757
2022,S35,4,8251,8232,8206,8188
2022,S35,5,8919,8871,8831,8783
2022,S35,6,8638,8626,8616,8604
2022,S35,7,8925,8907,8892,8874
2022,S35,8,8638,8626,8616,8604
2022,S35,9,8614,8566,8527,8491
2022,S35,10,8925,8909,8899,8888
2022,S35,11,8638,8626,8616,8604
2022,S35,12,8902,8890,8880,8868
2022,S36,1,1140,370,259,173
2022,S36,2,1992,1759,1670,1586
2022,S36,3,6040,5852,5743,5605
2022,S36,4,3641,3277,3081,2863
2022,S36,5,2760,2526,2416,2294
2022,S36,6,3657,3384,3225,3051
2022,S36,7,5068,4801,4616,4416
2022,S36,8,2238,1907,1757,1618
2022,S36,9,3633,3128,2917,2724
2022,S36,10,4375,4167,4022,3838
2022,S36,11,2602,2281,2092,1896
2022,S36,12,2459,2165,1985,1788
2022,S40,1,8876,8861,8851,8839
2022,S40,2,8005,7927,7865,7793
2022,S40,3,8766,8386,8184,7993
2022,S40,4,8637,8621,8611,8599
2022,S40,5,8799,8450,8263,8079
2022,S40,6,8639,8633,8628,8622
2022,S40,7,8922,8886,8856,8820
2022,S40,8,8898,8806,8745,8673
2022,S40,9,8605,8525,8467,8401
2022,S40,10,8915,8887,8867,8843
2022,S40,11,8624,8552,8503,8449
2022,S40,12,8540,8420,8343,8268
2022,S43,1,8876,8861,8851,8839
2022,S43,2,7795,7777,7765,7753
2022,S43,3,8846,8840,8835,8829
2022,S43,4,8640,8640,8640,8640
2022,S43,5,8631,8586,8551,8509
2022,S43,6,8630,8594,8564,8528
2022,S43,7,8920,8872,8832,8784
2022,S43,8,8827,8628,8502,8372
2022,S43,9,8620,8602,8587,8569
2022,S43,10,8923,8895,8875,8852
2022,S43,11,8636,8612,8592,8568
2022,S43,12,8901,8883,8868,8850
2022,S44,1,8876,8861,8851,8839
2022,S44,2,8016,8004,7997,7991
2022,S44,3,8928,8928,8928,8928
2022,S44,4,8637,8619,8604,8586
2022,S44,5,8924,8900,8880,8856
2022,S44,6,8639,8633,8628,8622
2022,S44,7,8653,7884,7516,7196
2022,S44,8,8923,8905,8890,8872
2022,S44,9,8620,8608,8598,8586
2022,S44,10,8925,8913,8903,8891
2022,S44,11,8639,8633,8628,8622
2022,S44,12,8902,8890,8880,8868
2022,S50,1,8875,8854,8839,8821
2022,S50,2,8016,8004,7997,7991
2022,S50,3,8928,8928,8928,8928
2022,S50,4,8640,8640,8640,8640
2022,S50,5,8925,8913,8903,8891
2022,S50,6,8460,8436,8416,8392
2022,S50,7,8925,8907,8892,8874
2022,S50,8,8866,8853,8843,8831
2022,S50,9,8617,8593,8573,8549
2022,S50,10,8923,8895,8875,8852
2022,S50,11,8638,8626,8616,8604
2022,S50,12,8902,8890,8880,8868
2022,S60,8,401,401,390,390
2022,S60,9,8310,8273,8243,8207
2022,S60,10,8925,8909,8899,8888
2022,S60,11,7955,7947,7942,7936
2022,S60,12,8902,8890,8880,8868
2022,S61,8,401,401,390,390
2022,S61,9,8617,8581,8551,8515
2022,S61,10,7243,7225,7210,7193
2022,S61,11,8639,8633,8628,8622
2022,S61,12,8902,8890,8880,8868
2022,S64,8,401,401,390,390
2022,S64,9,8619,8607,8597,8585
2022,S64,10,8925,8909,8899,8887
2022,S64,11,8638,8626,8616,8604
2022,S64,12,8902,8890,8880,8868
2022,S66,1,8236,8210,8195,8177
2022,S66,2,7587,7551,7524,7494
2022,S66,3,8920,8883,8858,8828
2022,S66,4,8639,8633,8628,8622
2022,S66,5,8924,8900,8880,8856
2022,S66,6,8634,8601,8576,8546
2022,S66,7,8924,8900,8880,8856
2022,S66,8,8924,8912,8902,8890
2022,S66,9,8620,8596,8576,8552
2022,S66,10,8923,8895,8875,8852
2022,S66,11,8635,8605,8580,8550
2022,S66,12,8902,8890,8880,8868
2022,S69,1,8543,8507,8476,8452
2022,S69,2,7982,7958,7941,7923
2022,S69,3,8927,8921,8916,8910
2022,S69,4,8448,8393,8368,8338
2022,S69,5,8926,8914,8904,8892
2022,S69,6,8574,8556,8541,8523
2022,S69,7,8925,8907,8892,8874
2022,S69,8,8924,8912,8902,8890
2022,S69,9,8618,8588,8563,8533
2022,S69,10,8926,8914,8904,8892
2022,S69,11,8638,8626,8616,8604
2022,S69,12,8902,8890,8880,8868
2022,S71,1,8876,8861,8851,8839
2022,S71,2,8015,7997,7985,7973
2022,S71,3,8911,8867,8837,8801
2022,S71,4,8555,8432,8342,8240
2022,S71,5,8868,8560,8345,8097
2022,S71,6,8560,8517,8482,8444
2022,S71,7,8924,8900,8880,8856
2022,S71,8,8924,8912,8902,8890
2022,S71,9,8616,8586,8561,8531
2022,S71,10,8925,8907,8892,8874
2022,S71,11,8635,8605,8580,8550
2022,S71,12,8901,8883,8868,8850
2022,S77,1,8868,8805,8755,8695
2022,S77,2,8004,7920,7853,7775
2022,S77,3,8921,8885,8855,8819
2022,S77,4,8640,8640,8640,8640
2022,S77,5,8927,8921,8916,8910
2022,S77,6,8639,8633,8628,8622
2022,S77,7,8928,8928,8928,8928
2022,S77,8,8924,8912,8902,8890
2022,S77,9,8620,8596,8576,8552
2022,S77,10,8924,8902,8887,8870
2022,S77,11,8638,8626,8616,8604
2022,S77,12,8902,8890,8880,8868
2022,S78,1,8876,8861,8851,8839
2022,S78,2,8012,7976,7949,7919
2022,S78,3,8923,8893,8868,8838
2022,S78,4,8637,8619,8604,8586
2022,S78,5,8924,8900,8880,8856
2022,S78,6,8637,8619,8604,8586
2022,S78,7,8924,8900,8880,8856
2022,S78,8,8923,8905,8890,8872
2022,S78,9,8618,8594,8574,8550
2022,S78,10,8925,8907,8892,8874
2022,S78,11,8638,8626,8616,8604
2022,S78,12,8901,8883,8868,8850
2022,S79,1,8730,8234,7875,7493
2022,S79,2,7937,7476,7131,6747
2022,S79,3,8314,8246,8206,8158
2022,S79,4,8637,8619,8604,8586
2022,S79,5,8923,8893,8868,8838
2022,S79,6,8638,8626,8616,8604
2022,S79,7,8921,8880,8850,8814
2022,S79,8,8923,8905,8890,8872
2022,S79,9,8619,8594,8574,8550
2022,S79,10,8925,8907,8892,8875
2022,S79,11,8628,8556,8502,8448
2022,S79,12,8899,8869,8844,8814
2022,S81,1,8876,8861,8851,8839
2022,S81,2,8016,8004,7997,7991
2022,S81,3,8928,8928,8928,8928
2022,S81,4,8639,8633,8628,8622
2022,S81,5,8923,8893,8868,8838
2022,S81,6,8638,8626,8616,8604
2022,S81,7,8928,8928,8928,8928
2022,S81,8,8925,8919,8914,8908
2022,S81,9,8619,8601,8586,8568
2022,S81,10,8926,8914,8904,8892
2022,S81,11,8639,8633,8628,8622
2022,S81,12,8902,8890,8880,8868
2022,S82,1,8875,8854,8839,8821
2022,S82,2,8016,8004,7997,7991
2022,S82,3,8928,8928,8928,8928
2022,S82,4,8638,8626,8616,8604
2022,S82,5,8859,8853,8848,8842
2022,S82,6,8640,8640,8640,8640
2022,S82,7,8927,8921,8916,8910
2022,S82,8,8924,8912,8902,8890
2022,S82,9,8615,8573,8538,8496
2022,S82,10,8926,8914,8904,8892
2022,S82,11,5887,5863,5854,5830
2022,S84,1,8876,8861,8851,8839
2022,S84,2,8015,7997,7985,7973
2022,S84,3,8928,8928,8928,8928
2022,S84,4,7972,7942,7920,7896
2022,S84,5,8928,8928,8928,8928
2022,S84,6,8640,8640,8640,8640
2022,S84,7,8925,8907,8892,8874
2022,S84,8,8924,8912,8902,8890
2022,S84,9,8618,8593,8573,8549
2022,S84,10,8925,8909,8899,8888
2022,S84,11,8638,8626,8616,8604
2022,S84,12,8902,8890,8880,8868
2022,S88,1,8872,8833,8803,8767
2022,S88,2,8016,8004,7997,7991
2022,S88,3,8924,8900,8880,8856
2022,S88,4,8636,8612,8592,8568
2022,S88,5,8925,8907,8892,8874
2022,S88,6,8598,8586,8576,8564
2022,S88,7,8923,8893,8868,8838
2022,S88,8,8920,8884,8854,8818
2022,S88,9,8622,8610,8600,8588
2022,S88,10,8926,8914,8904,8892
2022,S88,11,8639,8633,8628,8622
2022,S88,12,8902,8890,8880,8868
2022,S89,1,8876,8861,8851,8839
2022,S89,2,8015,7997,7985,7973
2022,S89,3,8928,8928,8928,8928
2022,S89,4,8640,8640,8640,8640
2022,S89,5,8904,8880,8860,8836
2022,S89,6,8640,8640,8640,8640
2022,S89,7,8925,8907,8892,8874
2022,S89,8,8924,8912,8902,8890
2022,S89,9,8621,8609,8599,8587
2022,S89,10,8926,8914,8904,8892
2022,S89,11,8636,8612,8592,8568
2022,S89,12,8902,8890,8880,8868
2022,S90,1,8876,8861,8851,8839
2022,S90,2,8016,8004,7997,7991
2022,S90,3,8928,8928,8928,8928
2022,S90,4,8640,8640,8640,8640
2022,S90,5,8928,8928,8928,8928
2022,S90,6,8636,8612,8592,8568
2022,S90,7,8892,8880,8870,8858
2022,S90,8,8925,8919,8914,8908
2022,S90,9,8620,8601,8586,8568
2022,S90,10,8925,8909,8899,8888
2022,S90,11,8639,8633,8628,8622
2022,S90,12,8832,8814,8799,8781
2022,S900,1,8876,8861,8851,8839
2022,S900,2,8015,7997,7985,7973
2022,S900,3,8928,8928,8928,8928
2022,S900,4,8640,8640,8640,8640
2022,S900,5,8927,8921,8916,8910
2022,S900,6,8639,8633,8628,8622
2022,S900,7,8923,8893,8868,8838
2022,S900,8,8915,8855,8805,8745
2022,S900,9,8346,8273,8219,8162
2022,S900,10,8922,8888,8863,8834
2022,S900,11,8639,8633,8628,8622
2022,S900,12,8659,8629,8604,8578
2022,S94,1,8876,8861,8851,8839
2022,S94,2,8015,7997,7985,7973
2022,S94,3,8927,8921,8916,8910
2022,S94,4,8639,8633,8628,8622
2022,S94,5,8923,8893,8868,8838
2022,S94,6,8638,8626,8616,8604
2022,S94,7,8926,8914,8904,8892
2022,S94,8,8919,8889,8864,8834
2022,S94,9,8619,8596,8581,8563
2022,S94,10,8925,8907,8892,8874
2022,S94,11,8622,8580,8545,8503
2022,S94,12,8899,8869,8844,8814
2023,S07,4,4860,4848,4832,4826
2023,S07,5,8915,8897,8882,8864
2023,S07,6,8636,8618,8608,8596
2023,S07,7,5293,4882,4663,4436
2023,S07,8,8118,8118,8107,8107
2023,S07,9,8639,8633,8628,8622
2023,S07,10,8678,8660,8645,8627
2023,S07,11,8571,8541,8516,8486
2023,S07,12,8909,8885,8865,8841
2023,S08,1,6118,6094,6074,6050
2023,S08,2,8032,8026,8021,8015
2023,S08,3,8928,8928,8928,8928
2023,S08,4,8552,8540,8535,8529
2023,S08,5,8916,8904,8894,8882
2023,S08,6,8640,8640,8640,8640
2023,S08,7,8918,8900,8885,8867
2023,S08,8,8928,8928,8928,8928
2023,S08,9,8640,8640,8640,8640
2023,S08,10,8678,8660,8645,8627
2023,S08,11,8573,8555,8540,8522
2023,S08,12,8890,8872,8857,8839
2023,S100,1,6261,6231,6217,6187
2023,S100,2,7920,7896,7865,7841
2023,S100,3,8923,8917,8912,8906
2023,S100,4,7520,7473,7443,7408
2023,S100,5,3366,3348,3344,3326
2023,S102,1,5999,5921,5858,5790
2023,S102,2,6741,6663,6609,6531
2023,S102,5,1,0,0,0
2023,S104,1,6296,6284,6274,6262
2023,S104,2,8030,8024,8019,8013
2023,S104,3,8928,8928,8928,8928
2023,S104,4,8551,8533,8523,8511
2023,S104,5,8916,8904,8894,8882
2023,S104,6,8640,8640,8640,8640
2023,S104,7,8920,8908,8898,8886
2023,S104,8,8926,8914,8904,8892
2023,S104,9,8640,8640,8640,8640
2023,S104,10,8583,8553,8528,8498
2023,S104,11,8573,8555,8540,8522
2023,S104,12,8911,8899,8889,8877
2023,S106,1,4741,4544,4410,4271
2023,S106,2,8022,7968,7924,7870
2023,S106,3,8914,8846,8800,8751
2023,S106,4,8551,8533,8523,8511
2023,S106,5,8903,8816,8746,8662
2023,S106,6,8448,7984,7719,7437
2023,S106,7,4760,4376,4129,3877
2023,S107,1,5915,5870,5835,5793
2023,S107,2,8030,8024,8019,8013
2023,S107,3,8928,8928,8928,8928
2023,S107,4,8552,8540,8535,8529
2023,S107,5,8916,8904,8894,8882
2023,S107,6,8636,8624,8614,8602
2023,S107,7,8919,8907,8897,8885
2023,S107,8,8928,8928,8928,8928
2023,S107,9,8639,8633,8628,8622
2023,S107,10,8678,8660,8645,8627
2023,S107,11,8568,8538,8513,8483
2023,S107,12,8911,8899,8889,8877
2023,S108,1,5641,5629,5619,5607
2023,S108,2,8029,8017,8007,7995
2023,S108,3,8928,8928,8928,8928
2023,S108,4,8551,8533,8523,8511
2023,S108,5,2779,2773,2779,2773
2023,S109,1,6288,6228,6179,6125
2023,S109,2,8025,7995,7970,7940
2023,S109,3,1269,1215,1185,1159
2023,S109,4,8552,8540,8535,8529
2023,S109,5,8913,8893,8878,8860
2023,S109,6,7788,7782,7777,7771
2023,S109,7,8916,8886,8861,8831
2023,S109,8,8924,8900,8880,8856
2023,S109,9,8638,8626,8616,8604
2023,S109,10,8677,8653,8633,8609
2023,S109,11,8572,8548,8528,8504
2023,S109,12,8908,8878,8853,8823
2023,S111,1,6109,6091,6076,6058
2023,S111,2,5578,5524,5509,5491
2023,S111,3,8927,8921,8916,8910
2023,S111,4,8552,8540,8535,8529
2023,S111,5,8916,8904,8894,8882
2023,S111,6,8591,8579,8569,8557
2023,S111,7,8916,8886,8861,8831
2023,S111,8,4972,4960,4950,4938
2023,S111,9,8638,8626,8616,8604
2023,S111,10,8665,8569,8489,8394
2023,S111,11,8556,8460,8380,8284
2023,S111,12,8904,8850,8805,8751
2023,S112,1,5534,5467,5432,5378
2023,S112,2,7817,7791,7765,7747
2023,S112,3,8928,8928,8928,8928
2023,S112,4,8552,8540,8535,8529
2023,S112,5,8916,8904,8894,8882
2023,S112,6,8638,8632,8627,8621
2023,S112,7,8920,8908,8898,8886
2023,S112,8,8872,8828,8801,8771
2023,S112,9,8419,8307,8256,8202
2023,S112,10,8678,8660,8645,8627
2023,S112,11,8573,8555,8540,8522
2023,S112,12,8910,8892,8877,8859
2023,S113,1,6296,6284,6274,6262
2023,S113,2,8031,8025,8020,8014
2023,S113,3,8927,8921,8916,8910
2023,S113,4,8546,8528,8518,8506
2023,S113,5,8916,8904,8894,8882
2023,S113,6,8581,8563,8548,8530
2023,S113,7,8920,8908,8898,8886
2023,S113,8,8928,8928,8928,8928
2023,S113,9,8638,8626,8616,8604
2023,S113,10,8677,8653,8633,8609
2023,S113,11,8571,8541,8516,8486
2023,S113,12,8911,8899,8889,8877
2023,S114,1,6296,6284,6274,6262
2023,S114,2,8031,8025,8020,8014
2023,S114,3,8928,8928,8928,8928
2023,S114,4,8552,8540,8535,8529
2023,S114,5,8916,8904,8894,8882
2023,S114,6,8640,8640,8640,8640
2023,S114,7,8920,8908,8898,8886
2023,S114,8,8927,8921,8916,8910
2023,S114,9,8640,8640,8640,8640
2023,S114,10,8678,8660,8645,8627
2023,S114,11,8571,8541,8516,8486
2023,S114,12,8620,8578,8543,8501
2023,S115,1,5058,4929,4847,4751
2023,S115,2,8024,7982,7947,7905
2023,S115,3,7358,7243,7184,7105
2023,S115,4,6663,6629,6598,6574
2023,S115,5,8911,8891,8876,8858
2023,S115,6,8597,8591,8586,8580
2023,S115,7,8919,8907,8897,8885
2023,S115,8,8928,8928,8928,8928
2023,S115,9,8640,8640,8640,8640
2023,S115,10,8677,8653,8633,8609
2023,S115,11,8573,8555,8540,8522
2023,S115,12,8911,8899,8889,8877
2023,S116,1,4243,4218,4198,4174
2023,S116,2,8028,8010,7997,7985
2023,S116,3,8926,8914,8904,8892
2023,S116,4,8550,8533,8523,8511
2023,S116,5,8916,8904,8894,8882
2023,S116,6,8640,8640,8640,8640
2023,S116,7,5303,5291,5292,5280
2023,S116,8,8117,8111,8095,8089
2023,S116,9,8638,8626,8616,8604
2023,S116,10,8676,8646,8623,8599
2023,S116,11,8568,8520,8480,8432
2023,S116,12,8905,8867,8837,8801
2023,S117,2,7265,7259,7243,7237
2023,S117,3,8925,8907,8892,8874
2023,S117,4,8552,8540,8535,8529
2023,S117,5,8907,8876,8856,8837
2023,S117,6,8636,8624,8614,8602
2023,S117,7,8918,8900,8885,8867
2023,S117,8,8923,8893,8868,8838
2023,S117,9,8351,8339,8329,8317
2023,S117,10,8675,8639,8609,8573
2023,S117,11,8572,8548,8528,8504
2023,S117,12,8700,8670,8645,8615
2023,S118,1,5366,5312,5268,5220
2023,S118,2,8030,8018,8008,7996
2023,S118,3,8926,8914,8904,8892
2023,S118,4,8551,8533,8523,8511
2023,S118,5,8916,8904,8894,8882
2023,S118,6,8640,8640,8640,8640
2023,S118,7,8470,8180,8116,8064
2023,S118,8,8928,8928,8928,8928
2023,S118,9,8639,8633,8628,8622
2023,S118,10,8678,8660,8645,8627
2023,S118,11,8572,8548,8528,8504
2023,S118,12,8911,8899,8889,8877
2023,S119,1,6296,6284,6274,6262
2023,S119,2,8025,7983,7953,7920
2023,S119,3,8895,8722,8590,8436
2023,S119,4,8542,8478,8438,8390
2023,S119,5,8909,8863,8828,8786
2023,S119,6,8638,8626,8616,8604
2023,S119,7,8917,8893,8873,8849
2023,S119,8,8928,8928,8928,8928
2023,S119,9,8640,8640,8640,8640
2023,S119,10,8678,8660,8645,8627
2023,S119,11,8571,8535,8516,8480
2023,S119,12,8906,8870,8829,8793
2023,S120,1,6294,6270,6250,6226
2023,S120,2,8026,7993,7968,7938
2023,S120,3,8924,8900,8880,8862
2023,S120,4,8551,8533,8523,8511
2023,S120,5,8909,8861,8826,8784
2023,S120,6,8639,8633,8628,8622
2023,S120,7,8914,8872,8837,8795
2023,S120,8,8927,8921,8916,8910
2023,S120,9,8640,8640,8640,8640
2023,S120,10,8678,8660,8645,8627
2023,S120,11,8571,8541,8516,8486
2023,S120,12,8908,8878,8853,8823
2023,S121,1,6296,6284,6274,6262
2023,S121,2,8030,8024,8019,8013
2023,S121,3,8921,8879,8844,8802
2023,S121,4,6553,6535,6525,6513
2023,S121,5,8916,8904,8894,8882
2023,S121,6,8637,8631,8626,8620
2023,S121,7,8919,8907,8897,8885
2023,S121,8,8926,8914,8904,8892
2023,S121,9,8640,8640,8640,8640
2023,S121,10,8677,8653,8633,8609
2023,S121,11,8571,8541,8516,8486
2023,S121,12,8911,8899,8889,8877
2023,S123,1,6296,6284,6274,6262
2023,S123,2,8030,8018,8008,7996
2023,S123,3,8928,8928,8928,8928
2023,S123,4,8552,8540,8535,8529
2023,S123,5,8915,8897,8882,8864
2023,S123,6,8635,8611,8591,8567
2023,S123,7,8919,8907,8897,8885
2023,S123,8,8820,8683,8595,8498
2023,S123,9,8498,8259,8109,7951
2023,S123,10,8407,8051,7841,7616
2023,S123,11,8415,8069,7814,7533
2023,S123,12,8686,8107,7709,7308
2023,S201,1,6296,6284,6274,6262
2023,S201,2,8032,8026,8021,8015
2023,S201,3,8928,8928,8928,8928
2023,S201,4,8552,8540,8535,8529
2023,S201,5,8913,8885,8865,8843
2023,S201,6,8640,8640,8640,8640
2023,S201,7,8885,8873,8863,8851
2023,S201,8,8928,8928,8928,8928
2023,S201,9,8640,8640,8640,8640
2023,S201,10,8678,8660,8645,8627
2023,S201,11,8573,8555,8540,8522
2023,S201,12,8911,8899,8889,8877
2023,S202,1,6296,6284,6274,6262
2023,S202,2,7857,7845,7846,7834
2023,S203,1,6296,6284,6274,6262
2023,S203,2,8032,8026,8021,8015
2023,S203,3,8928,8928,8928,8928
2023,S203,4,8552,8540,8535,8529
2023,S203,5,8916,8904,8894,8882
2023,S203,6,8640,8640,8640,8640
2023,S203,7,8921,8915,8910,8904
2023,S203,8,8928,8928,8928,8928
2023,S203,9,8640,8640,8640,8640
2023,S203,10,8678,8660,8645,8627
2023,S203,11,8573,8555,8540,8522
2023,S203,12,8911,8899,8889,8877
2023,S204,1,6296,6284,6274,6262
2023,S204,2,8032,8026,8021,8015
2023,S204,3,8928,8928,8928,8928
2023,S204,4,8551,8533,8523,8511
2023,S204,5,8916,8904,8894,8882
2023,S204,6,8638,8632,8627,8621
2023,S204,7,8921,8915,8910,8904
2023,S204,8,8928,8928,8928,8928
2023,S204,9,8640,8640,8640,8640
2023,S204,10,6843,6819,6810,6786
2023,S205,1,6296,6284,6274,6262
2023,S205,2,8032,8026,8021,8015
2023,S205,3,8928,8928,8928,8928
2023,S205,4,8552,8540,8535,8529
2023,S205,5,8916,8904,8894,8882
2023,S205,6,8640,8640,8640,8640
2023,S205,7,8921,8915,8910,8904
2023,S205,8,8928,8928,8928,8928
2023,S205,9,8640,8640,8640,8640
2023,S205,10,6214,6190,6181,6157
2023,S207,1,6295,6277,6262,6244
2023,S207,2,8032,8026,8021,8015
2023,S207,3,8928,8928,8928,8928
2023,S207,4,8552,8540,8535,8529
2023,S207,5,8916,8904,8894,8882
2023,S207,6,8640,8640,8640,8640
2023,S207,7,8921,8915,8910,8904
2023,S207,8,8928,8928,8928,8928
2023,S207,9,8640,8640,8640,8640
2023,S207,10,8678,8660,8645,8627
2023,S207,11,8573,8555,8540,8522
2023,S207,12,8908,8890,8875,8857
2023,S208,1,6296,6284,6274,6262
2023,S208,2,8032,8026,8021,8015
2023,S208,3,8928,8928,8928,8928
2023,S208,4,8552,8540,8535,8529
2023,S208,5,8916,8904,8894,8882
2023,S208,6,8640,8640,8640,8640
2023,S208,7,8921,8915,8910,8904
2023,S208,8,8923,8917,8912,8906
2023,S208,9,8640,8640,8640,8640
2023,S208,10,8678,8660,8645,8627
2023,S208,11,8573,8555,8540,8522
2023,S208,12,8911,8899,8889,8877
2023,S209,1,6296,6284,6274,6262
2023,S209,2,8032,8026,8021,8015
2023,S209,3,8928,8928,8928,8928
2023,S209,4,8552,8540,8535,8529
2023,S209,5,8916,8904,8894,8882
2023,S209,6,8640,8640,8640,8640
2023,S209,7,8009,7994,7989,7983
2023,S209,8,8928,8928,8928,8928
2023,S209,9,8640,8640,8640,8640
2023,S209,10,8678,8660,8645,8627
2023,S209,11,8573,8555,8540,8522
2023,S209,12,8911,8899,8889,8877
2023,S210,1,6295,6277,6262,6244
2023,S210,2,8032,8026,8021,8015
2023,S210,3,8928,8928,8928,8928
2023,S210,4,8552,8540,8535,8529
2023,S210,5,8916,8904,8894,8882
2023,S210,6,8640,8640,8640,8640
2023,S210,7,8921,8915,8910,8904
2023,S210,8,8928,8928,8928,8928
2023,S210,9,8640,8640,8640,8640
2023,S210,10,8678,8660,8645,8627
2023,S210,11,8573,8555,8540,8522
2023,S210,12,8911,8899,8889,8877
2023,S211,1,6296,6284,6274,6262
2023,S211,2,8032,8026,8021,8015
2023,S211,3,8928,8928,8928,8928
2023,S211,4,8552,8540,8535,8529
2023,S211,5,8916,8904,8894,8882
2023,S211,6,8640,8640,8640,8640
2023,S211,7,8921,8915,8910,8904
2023,S211,8,8928,8928,8928,8928
2023,S211,9,8640,8640,8640,8640
2023,S211,10,8678,8660,8645,8627
2023,S211,11,8573,8555,8540,8522
2023,S211,12,8911,8899,8889,8877
2023,S212,1,6296,6284,6274,6262
2023,S212,2,8032,8026,8021,8015
2023,S212,3,8928,8928,8928,8928
2023,S212,4,8552,8540,8535,8529
2023,S212,5,8916,8904,8894,8882
2023,S212,6,8640,8640,8640,8640
2023,S212,7,8921,8915,8910,8904
2023,S212,8,8928,8928,8928,8928
2023,S212,9,8640,8640,8640,8640
2023,S212,10,8678,8660,8645,8627
2023,S212,11,8573,8555,8540,8522
2023,S212,12,8911,8899,8889,8877
2023,S213,1,6296,6284,6274,6262
2023,S213,2,8032,8026,8021,8015
2023,S213,3,8928,8928,8928,8928
2023,S213,4,8552,8540,8535,8529
2023,S213,5,8916,8904,8894,8882
2023,S213,6,8640,8640,8640,8640
2023,S213,7,8921,8915,8910,8904
2023,S213,8,8928,8928,8928,8928
2023,S213,9,8639,8633,8628,8622
2023,S213,10,8678,8660,8645,8627
2023,S213,11,8573,8555,8540,8522
2023,S213,12,8911,8899,8889,8877
2023,S214,1,6296,6284,6274,6262
2023,S214,2,8032,8026,8021,8015
2023,S214,3,8928,8928,8928,8928
2023,S214,4,8552,8540,8535,8529
2023,S214,5,8916,8904,8894,8882
2023,S214,6,8640,8640,8640,8640
2023,S214,7,8921,8915,8910,8904
2023,S214,8,8928,8928,8928,8928
2023,S214,9,8640,8640,8640,8640
2023,S214,10,8678,8660,8645,8627
2023,S214,11,8573,8555,8540,8522
2023,S214,12,8911,8899,8889,8877
2023,S215,1,6296,6284,6274,6262
2023,S215,2,8032,8026,8021,8015
2023,S215,3,8928,8928,8928,8928
2023,S215,4,8230,8128,8053,7963
2023,S215,5,8598,8495,8425,8347
2023,S215,6,8640,8640,8640,8640
2023,S215,7,8921,8915,8910,8904
2023,S215,8,8928,8928,8928,8928
2023,S215,9,8640,8640,8640,8640
2023,S215,10,8678,8660,8645,8627
2023,S215,11,8573,8555,8540,8522
2023,S215,12,8911,8899,8889,8877
2023,S216,1,6296,6284,6274,6262
2023,S216,2,8032,8026,8021,8015
2023,S216,3,8928,8928,8928,8928
2023,S216,4,8552,8540,8535,8529
2023,S216,5,8916,8904,8894,8882
2023,S216,6,8640,8640,8640,8640
2023,S216,7,8921,8915,8910,8904
2023,S216,8,8928,8928,8928,8928
2023,S216,9,8638,8632,8627,8621
2023,S216,10,8678,8660,8645,8627
2023,S216,11,8573,8555,8540,8522
2023,S216,12,8911,8899,8889,8877
2023,S217,1,6296,6284,6274,6262
2023,S217,2,8032,8026,8021,8015
2023,S217,3,8928,8928,8928,8928
2023,S217,4,8550,8532,8522,8510
2023,S217,5,8916,8904,8894,8882
2023,S217,6,8640,8640,8640,8640
2023,S217,7,8921,8915,8910,8904
2023,S217,8,8928,8928,8928,8928
2023,S217,9,8640,8640,8640,8640
2023,S217,10,8678,8660,8645,8627
2023,S217,11,8573,8555,8540,8522
2023,S217,12,8911,8899,8889,8877
2023,S218,1,6276,6233,6213,6195
2023,S218,2,8032,8026,8021,8015
2023,S218,3,8928,8928,8928,8928
2023,S218,4,8551,8533,8523,8511
2023,S218,5,8916,8904,8894,8882
2023,S218,6,8640,8640,8640,8640
2023,S218,7,8918,8906,8896,8884
2023,S218,8,8925,8913,8903,8891
2023,S218,9,8632,8626,8621,8615
2023,S218,10,8677,8653,8633,8609
2023,S218,11,8573,8555,8540,8522
2023,S218,12,8910,8892,8877,8859
2023,S219,1,6296,6284,6274,6262
2023,S219,2,8032,8026,8021,8015
2023,S219,3,8928,8928,8928,8928
2023,S219,4,8552,8540,8535,8529
2023,S219,5,8916,8904,8894,8882
2023,S219,6,8640,8640,8640,8640
2023,S219,7,8921,8915,8910,8904
2023,S219,8,8928,8928,8928,8928
2023,S219,9,8640,8640,8640,8640
2023,S219,10,8675,8645,8620,8590
2023,S219,11,8568,8540,8520,8496
2023,S219,12,8911,8899,8889,8877
2023,S220,1,6296,6284,6274,6262
2023,S220,2,8032,8026,8021,8015
2023,S220,3,8928,8928,8928,8928
2023,S220,4,8552,8540,8535,8529
2023,S220,5,8916,8904,8894,8882
2023,S220,6,8640,8640,8640,8640
2023,S220,7,8921,8915,8910,8904
2023,S220,8,8928,8928,8928,8928
2023,S220,9,8640,8640,8640,8640
2023,S220,10,8678,8660,8645,8627
2023,S220,11,8571,8547,8527,8503
2023,S220,12,8911,8899,8889,8877
2023,S221,1,6296,6284,6274,6262
2023,S221,2,8032,8026,8021,8015
2023,S221,3,8928,8928,8928,8928
2023,S221,4,8550,8526,8511,8493
2023,S221,5,8916,8904,8894,8882
2023,S221,6,8640,8640,8640,8640
2023,S221,7,8918,8894,8874,8850
2023,S221,8,8927,8921,8916,8910
2023,S221,9,8640,8640,8640,8640
2023,S221,10,8678,8660,8645,8627
2023,S221,11,8573,8555,8540,8522
2023,S221,12,8911,8899,8889,8877
2023,S222,1,6296,6284,6274,6262
2023,S222,2,8032,8026,8021,8015
2023,S222,3,8927,8921,8916,8910
2023,S222,4,8552,8540,8535,8529
2023,S222,5,8916,8904,8894,8882
2023,S222,6,8640,8640,8640,8640
2023,S222,7,8921,8915,8910,8904
2023,S222,8,8928,8928,8928,8928
2023,S222,9,8640,8640,8640,8640
2023,S222,10,8678,8660,8645,8627
2023,S222,11,8573,8555,8540,8522
2023,S222,12,8911,8899,8889,8877
2023,S223,1,6296,6284,6274,6262
2023,S223,2,8032,8026,8021,8015
2023,S223,3,8928,8928,8928,8928
2023,S223,4,8552,8540,8535,8529
2023,S223,5,8916,8904,8894,8882
2023,S223,6,8640,8640,8640,8640
2023,S223,7,8921,8915,8910,8904
2023,S223,8,8928,8928,8928,8928
2023,S223,9,8640,8640,8640,8640
2023,S223,10,8678,8660,8645,8627
2023,S223,11,8573,8555,8540,8522
2023,S223,12,8911,8899,8889,8877
2023,S224,1,6296,6284,6274,6262
2023,S224,2,8032,8026,8021,8015
2023,S224,3,8928,8928,8928,8928
2023,S224,4,8552,8540,8535,8529
2023,S224,5,8916,8904,8894,8882
2023,S224,6,8640,8640,8640,8640
2023,S224,7,8921,8915,8910,8904
2023,S224,8,8928,8928,8928,8928
2023,S224,9,8640,8640,8640,8640
2023,S224,10,8678,8660,8645,8627
2023,S224,11,8573,8555,8540,8522
2023,S224,12,8911,8899,8889,8877
2023,S226,1,6296,6284,6274,6262
2023,S226,2,8032,8026,8021,8015
2023,S226,3,8928,8928,8928,8928
2023,S226,4,8552,8540,8535,8529
2023,S226,5,8904,8886,8871,8853
2023,S226,6,8640,8640,8640,8640
2023,S226,7,8921,8915,8910,8904
2023,S226,8,8928,8928,8928,8928
2023,S226,9,8640,8640,8640,8640
2023,S226,10,8678,8660,8645,8627
2023,S226,11,8573,8555,8540,8522
2023,S226,12,8911,8899,8889,8877
2023,S227,1,6296,6284,6274,6262
2023,S227,2,8032,8026,8021,8015
2023,S227,3,8928,8928,8928,8928
2023,S227,4,8552,8540,8535,8529
2023,S227,5,8916,8904,8894,8882
2023,S227,6,8640,8640,8640,8640
2023,S227,7,8921,8915,8910,8904
2023,S227,8,8928,8928,8928,8928
2023,S227,9,8640,8640,8640,8640
2023,S227,10,8678,8660,8645,8627
2023,S227,11,8573,8555,8540,8522
2023,S227,12,8911,8899,8889,8877
2023,S228,1,6296,6284,6274,6262
2023,S228,2,8032,8026,8021,8015
2023,S228,3,8928,8928,8928,8928
2023,S228,4,8552,8540,8535,8529
2023,S228,5,8916,8904,8894,8882
2023,S228,6,8640,8640,8640,8640
2023,S228,7,8921,8915,8910,8904
2023,S228,8,8928,8928,8928,8928
2023,S228,9,8640,8640,8640,8640
2023,S228,10,8678,8660,8645,8627
2023,S228,11,8573,8555,8540,8522
2023,S228,12,8911,8899,8889,8877
2023,S229,1,6296,6284,6274,6262
2023,S229,2,8032,8026,8021,8015
2023,S229,3,8928,8928,8928,8928
2023,S229,4,8552,8540,8535,8529
2023,S229,5,8916,8904,8894,8882
2023,S229,6,8640,8640,8640,8640
2023,S229,7,8921,8915,8910,8904
2023,S229,8,8928,8928,8928,8928
2023,S229,9,8640,8640,8640,8640
2023,S229,10,8678,8660,8645,8627
2023,S229,11,8573,8555,8540,8522
2023,S229,12,8911,8899,8889,8877
2023,S230,1,6296,6284,6274,6262
2023,S230,2,8032,8026,8021,8015
2023,S230,3,8928,8928,8928,8928
2023,S230,4,8552,8540,8535,8529
2023,S230,5,8916,8904,8894,8882
2023,S230,6,8640,8640,8640,8640
2023,S230,7,8921,8915,8910,8904
2023,S230,8,8928,8928,8928,8928
2023,S230,9,8640,8640,8640,8640
2023,S230,10,8678,8660,8645,8627
2023,S230,11,8573,8555,8540,8522
2023,S230,12,8911,8899,8889,8877
2023,S24,1,96,90,96,90
2023,S24,2,7264,7252,7231,7219
2023,S24,3,8928,8928,8928,8928
2023,S24,4,8551,8533,8523,8511
2023,S24,5,8915,8897,8882,8864
2023,S24,6,8572,8565,8560,8554
2023,S24,7,8918,8901,8891,8879
2023,S24,8,8920,8908,8898,8888
2023,S24,9,8640,8640,8640,8640
2023,S24,10,8666,8642,8622,8598
2023,S24,11,8560,8510,8470,8422
2023,S24,12,8910,8892,8877,8859
2023,S33,1,6292,6256,6228,6198
2023,S33,2,7948,7894,7860,7806
2023,S33,4,4858,4834,4810,4798
2023,S33,5,8916,8904,8894,8882
2023,S33,6,8638,8632,8627,8621
2023,S33,7,8919,8907,8897,8885
2023,S33,8,8927,8921,8916,8910
2023,S33,9,8632,8584,8544,8496
2023,S33,10,8677,8653,8633,8609
2023,S33,11,8572,8548,8528,8504
2023,S33,12,8904,8850,8805,8751
2023,S35,1,6233,6215,6200,6182
2023,S35,2,8031,8019,8009,7997
2023,S35,3,8928,8928,8928,8928
2023,S35,4,8552,8540,8535,8529
2023,S35,5,8916,8904,8894,8882
2023,S35,6,8640,8640,8640,8640
2023,S35,7,8789,8758,8733,8703
2023,S35,8,8832,8810,8798,8786
2023,S35,9,8638,8626,8616,8604
2023,S35,10,8678,8660,8645,8627
2023,S35,11,8572,8548,8528,8504
2023,S35,12,8911,8899,8889,8877
2023,S36,1,780,673,617,557
2023,S36,2,1315,781,611,490
2023,S36,3,28,13,3,0
2023,S36,7,1892,1862,1837,1807
2023,S36,8,1060,993,978,960
2023,S36,9,613,583,578,572
2023,S36,11,146,146,135,135
2023,S36,12,383,377,383,377
2023,S40,1,5343,5280,5234,5180
2023,S40,2,7966,7785,7656,7522
2023,S40,3,8564,8501,8463,8421
2023,S40,4,8536,8480,8449,8417
2023,S40,5,8843,8800,8769,8733
2023,S40,6,8636,8619,8609,8603
2023,S40,7,8731,8707,8687,8663
2023,S40,8,8860,8842,8827,8809
2023,S40,9,8640,8640,8640,8640
2023,S40,10,8678,8660,8645,8627
2023,S40,11,8572,8548,8528,8504
2023,S40,12,8576,8480,8405,8315
2023,S43,1,6295,6277,6262,6244
2023,S43,2,8030,8024,8019,8013
2023,S43,3,8926,8914,8904,8892
2023,S43,4,8462,8435,8420,8402
2023,S43,5,8916,8904,8894,8882
2023,S43,6,8640,8640,8640,8640
2023,S43,7,8919,8907,8897,8885
2023,S43,8,8927,8921,8916,8910
2023,S43,9,8277,8259,8244,8226
2023,S43,10,8673,8637,8607,8571
2023,S43,11,8573,8555,8540,8522
2023,S43,12,8911,8899,8889,8877
2023,S44,1,6132,6097,6072,6042
2023,S44,2,7962,7938,7918,7894
2023,S44,3,8835,8829,8824,8818
2023,S44,4,8551,8533,8523,8511
2023,S44,5,8912,8887,8867,8843
2023,S44,6,8639,8633,8628,8622
2023,S44,7,5209,5004,4895,4772
2023,S44,8,3134,3104,3079,3049
2023,S44,9,3216,3216,3205,3205
2023,S44,10,8678,8660,8645,8627
2023,S44,11,8572,8548,8528,8504
2023,S44,12,8909,8891,8876,8858
2023,S50,1,6296,6284,6274,6262
2023,S50,2,8030,8024,8019,8013
2023,S50,3,8928,8928,8928,8928
2023,S50,4,8552,8540,8535,8529
2023,S50,5,8914,8890,8870,8846
2023,S50,6,8640,8640,8640,8640
2023,S50,7,8920,8908,8898,8886
2023,S50,8,8928,8928,8928,8928
2023,S50,9,8640,8640,8640,8640
2023,S50,10,8611,8585,8565,8541
2023,S50,11,8573,8555,8540,8522
2023,S50,12,8909,8891,8876,8858
2023,S60,1,5843,5812,5787,5757
2023,S60,2,8030,8024,8019,8013
2023,S60,3,8928,8928,8928,8928
2023,S60,4,8552,8540,8535,8529
2023,S60,5,8915,8897,8882,8864
2023,S60,6,8638,8632,8627,8621
2023,S60,7,7240,7203,7173,7137
2023,S60,8,8926,8914,8904,8892
2023,S60,9,8638,8626,8616,8604
2023,S60,10,8678,8660,8645,8627
2023,S60,11,8567,8521,8490,8444
2023,S60,12,8534,8504,8475,8449
2023,S61,1,6296,6284,6274,6262
2023,S61,2,8031,8025,8020,8014
2023,S61,3,4413,4407,4413,4407
2023,S64,1,6293,6275,6260,6242
2023,S64,2,8031,8025,8020,8014
2023,S64,3,8928,8928,8928,8928
2023,S64,4,8552,8540,8535,8529
2023,S64,5,8916,8904,8894,8882
2023,S64,6,8640,8640,8640,8640
2023,S64,7,8919,8907,8897,8885
2023,S64,8,8928,8928,8928,8928
2023,S64,9,8640,8640,8640,8640
2023,S64,10,8678,8660,8645,8627
2023,S64,11,8572,8548,8528,8504
2023,S64,12,8908,8883,8863,8839
2023,S66,1,6288,6238,6208,6176
2023,S66,2,7977,7899,7839,7773
2023,S66,3,8597,8143,7914,7723
2023,S66,4,8516,8396,8329,8263
2023,S66,5,8909,8872,8852,8828
2023,S66,6,8634,8603,8590,8578
2023,S66,7,8916,8886,8861,8834
2023,S66,8,8923,8899,8879,8861
2023,S66,9,8640,8640,8640,8640
2023,S66,10,8678,8660,8645,8627
2023,S66,11,8572,8548,8528,8504
2023,S66,12,8909,8891,8876,8858
2023,S69,1,6001,5971,5946,5916
2023,S69,2,8031,8025,8020,8014
2023,S69,3,8887,8881,8876,8870
2023,S69,4,8552,8540,8535,8529
2023,S69,5,8916,8904,8894,8882
2023,S69,6,8637,8631,8626,8620
2023,S69,7,8919,8907,8897,8885
2023,S69,8,8928,8928,8928,8928
2023,S69,9,8640,8640,8640,8640
2023,S69,10,8678,8660,8645,8627
2023,S69,11,8573,8555,8540,8522
2023,S69,12,8911,8899,8889,8877
2023,S71,1,6296,6284,6274,6262
2023,S71,2,8030,8018,8008,7996
2023,S71,3,8927,8921,8916,8910
2023,S71,4,8548,8518,8498,8474
2023,S71,5,8916,8904,8894,8882
2023,S71,6,8639,8633,8628,8622
2023,S71,7,8920,8908,8898,8886
2023,S71,8,8928,8928,8928,8928
2023,S71,9,8640,8640,8640,8640
2023,S71,10,8678,8660,8645,8627
2023,S71,11,8573,8555,8540,8522
2023,S71,12,8911,8899,8889,8877
2023,S77,1,6296,6284,6274,6262
2023,S77,2,8031,8025,8020,8014
2023,S77,3,8928,8928,8928,8928
2023,S77,4,8552,8540,8535,8529
2023,S77,5,8915,8897,8882,8864
2023,S77,6,8640,8640,8640,8640
2023,S77,7,8919,8907,8897,8885
2023,S77,8,8927,8921,8916,8910
2023,S77,9,8640,8640,8640,8640
2023,S77,10,8678,8660,8645,8627
2023,S77,11,8573,8555,8540,8522
2023,S77,12,8911,8899,8889,8877
2023,S78,1,6293,6263,6238,6208
2023,S78,2,7810,7569,7420,7265
2023,S78,3,8927,8921,8916,8910
2023,S78,4,8549,8519,8499,8475
2023,S78,5,8912,8876,8846,8810
2023,S78,6,8639,8633,8628,8622
2023,S78,7,8917,8893,8873,8849
2023,S78,8,8925,8907,8892,8874
2023,S78,9,8638,8626,8616,8604
2023,S78,10,8634,8610,8590,8566
2023,S78,11,8568,8538,8513,8483
2023,S78,12,8908,8878,8858,8834
2023,S79,1,6270,6110,5989,5857
2023,S79,2,7976,7691,7486,7260
2023,S79,3,8691,7434,6605,5775
2023,S79,4,8346,7239,6541,5865
2023,S79,5,8627,8579,8539,8491
2023,S79,6,8636,8624,8614,8602
2023,S79,7,8918,8900,8885,8867
2023,S79,8,8928,8928,8928,8928
2023,S79,9,8640,8640,8640,8640
2023,S79,10,8615,8579,8549,8513
2023,S79,11,8570,8540,8515,8485
2023,S79,12,8911,8899,8889,8877
2023,S81,1,6296,6284,6274,6262
2023,S81,2,8031,8025,8020,8014
2023,S81,3,8928,8928,8928,8928
2023,S81,4,8552,8540,8535,8529
2023,S81,5,8916,8904,8894,8882
2023,S81,6,8640,8640,8640,8640
2023,S81,7,8920,8908,8898,8886
2023,S81,8,8928,8928,8928,8928
2023,S81,9,8640,8640,8640,8640
2023,S81,10,8678,8660,8645,8627
2023,S81,11,8573,8555,8540,8522
2023,S81,12,8905,8887,8872,8854
2023,S84,1,6296,6284,6274,6262
2023,S84,2,8031,8025,8020,8014
2023,S84,3,8924,8906,8891,8873
2023,S84,4,8545,8497,8462,8420
2023,S84,5,8864,8840,8820,8796
2023,S84,6,6423,6277,6163,6049
2023,S84,7,8858,8727,8673,8634
2023,S84,8,8603,8070,7776,7506
2023,S84,9,8608,8440,8312,8186
2023,S84,10,7391,7175,7030,6870
2023,S84,11,8435,7902,7574,7256
2023,S84,12,8616,7795,7383,7002
2023,S88,1,6296,6284,6274,6262
2023,S88,2,8031,8025,8020,8014
2023,S88,3,8928,8928,8928,8928
2023,S88,4,8551,8533,8523,8511
2023,S88,5,8916,8904,8894,8882
2023,S88,6,8633,8591,8556,8514
2023,S88,7,8914,8872,8837,8795
2023,S88,8,8925,8907,8892,8874
2023,S88,9,8630,8570,8520,8460
2023,S88,10,8672,8618,8573,8519
2023,S88,11,8573,8555,8540,8522
2023,S88,12,7832,7227,7165,7121
2023,S89,1,6296,6284,6274,6262
2023,S89,2,8031,8025,8020,8014
2023,S89,3,8928,8928,8928,8928
2023,S89,4,8552,8540,8535,8529
2023,S89,5,8916,8904,8894,8882
2023,S89,6,8615,8597,8582,8564
2023,S89,7,8911,8886,8866,8842
2023,S89,8,8535,8480,8435,8381
2023,S89,9,8428,8398,8373,8343
2023,S89,10,8678,8660,8645,8627
2023,S89,11,8572,8548,8528,8504
2023,S89,12,8908,8890,8875,8857
2023,S90,1,6296,6284,6274,6262
2023,S90,2,8031,8025,8020,8014
2023,S90,3,8928,8928,8928,8928
2023,S90,4,8552,8540,8535,8529
2023,S90,5,8916,8904,8894,8882
2023,S90,6,8639,8633,8628,8622
2023,S90,7,8918,8900,8885,8867
2023,S90,8,8927,8921,8916,8910
2023,S90,9,8640,8640,8640,8640
2023,S90,10,8677,8653,8633,8609
2023,S90,11,8572,8548,8528,8504
2023,S90,12,8911,8899,8889,8877
2023,S900,1,6294,6270,6250,6226
2023,S900,2,8025,7989,7968,7932
2023,S900,3,8922,8886,8849,8819
2023,S900,4,8329,8299,8279,8255
2023,S900,5,8880,8850,8825,8795
2023,S900,6,8638,8626,8616,8604
2023,S900,7,8918,8900,8885,8867
2023,S900,8,8924,8902,8887,8869
2023,S900,9,8640,8640,8640,8640
2023,S900,10,8678,8660,8645,8627
2023,S900,11,8573,8555,8540,8522
2023,S900,12,8874,8856,8841,8823
2023,S91,2,1,0,0,0
2023,S94,1,6296,6284,6274,6262
2023,S94,2,8032,8026,8021,8015
2023,S94,3,8928,8928,8928,8928
2023,S94,4,8550,8526,8511,8493
2023,S94,5,8916,8904,8894,8882
2023,S94,6,8639,8633,8628,8622
2023,S94,7,8918,8894,8874,8850
2023,S94,8,8928,8928,8928,8928
2023,S94,9,8637,8619,8604,8586
2023,S94,10,8677,8653,8633,8609
2023,S94,11,8573,8555,8540,8522
2023,S94,12,8911,8899,8889,8877
2024,S06,11,6719,6713,6697,6691
2024,S06,12,8915,8897,8893,8875
2024,S07,1,8188,8168,8153,8135
2024,S07,2,8348,8342,8337,8331
2024,S07,3,8924,8900,8880,8856
2024,S07,4,8638,8626,8616,8604
2024,S07,5,8723,8711,8701,8689
2024,S07,6,8624,8612,8602,8590
2024,S07,7,8773,8767,8762,8756
2024,S07,8,7553,7517,7487,7451
2024,S07,9,8536,8524,8514,8502
2024,S07,10,8928,8928,8928,8928
2024,S07,11,8389,8374,8364,8352
2024,S07,12,8916,8904,8905,8893
2024,S08,1,8928,8928,8928,8928
2024,S08,2,8348,8342,8337,8331
2024,S08,3,8928,8928,8928,8928
2024,S08,4,8640,8640,8640,8640
2024,S08,5,8723,8711,8701,8689
2024,S08,6,8625,8619,8614,8608
2024,S08,7,8920,8908,8898,8886
2024,S08,8,8508,8490,8475,8457
2024,S08,9,8539,8533,8528,8522
2024,S08,10,5118,5112,5107,5101
2024,S08,11,8390,8381,8376,8370
2024,S08,12,8916,8904,8905,8893
2024,S102,6,1535,1505,1473,1449
2024,S102,7,5034,4964,4929,4878
2024,S104,1,8927,8921,8916,8910
2024,S104,2,8183,8165,8150,8132
2024,S104,3,8924,8917,8912,8906
2024,S104,4,8627,8603,8583,8565
2024,S104,5,8723,8711,8701,8689
2024,S104,6,8625,8619,8614,8608
2024,S104,7,8638,8626,8616,8604
2024,S104,8,7047,6999,6959,6911
2024,S104,9,8189,8139,8099,8051
2024,S104,10,8853,8829,8809,8785
2024,S104,11,8390,8381,8376,8370
2024,S104,12,8916,8904,8905,8893
2024,S106,11,6738,6726,6710,6704
2024,S106,12,8916,8904,8905,8893
2024,S107,1,8435,8374,8339,8297
2024,S107,2,7069,7057,7047,7035
2024,S107,3,8928,8928,8928,8928
2024,S107,4,8458,8429,8409,8389
2024,S107,5,8794,8761,8736,8706
2024,S107,6,8496,8471,8451,8427
2024,S107,7,8174,6752,6619,6589
2024,S107,8,8913,8901,8891,8879
2024,S107,9,8538,8532,8527,8521
2024,S107,10,8928,8928,8928,8928
2024,S107,11,8390,8381,8376,8370
2024,S107,12,8915,8897,8893,8875
2024,S108,5,6764,6746,6720,6707
2024,S108,6,8625,8619,8614,8608
2024,S108,7,8924,8900,8880,8858
2024,S108,8,8757,8739,8724,8706
2024,S108,9,8553,8547,8542,8536
2024,S108,10,8226,8193,8168,8138
2024,S108,11,1414,1396,1392,1374
2024,S109,1,8909,8815,8742,8659
2024,S109,2,8342,8300,8265,8226
2024,S109,3,8836,8368,8037,7700
2024,S109,4,8616,8484,8379,8258
2024,S109,5,8719,8683,8653,8617
2024,S109,6,7477,7396,7331,7258
2024,S109,7,8910,8808,8733,8650
2024,S109,8,8913,8901,8891,8879
2024,S109,9,8540,8534,8529,8523
2024,S109,10,8928,8928,8928,8928
2024,S109,11,8390,8381,8376,8370
2024,S109,12,8915,8897,8893,8875
2024,S111,1,8923,8893,8868,8838
2024,S111,2,8348,8342,8337,8331
2024,S111,3,8928,8928,8928,8928
2024,S111,4,8640,8640,8640,8640
2024,S111,5,8723,8711,8701,8689
2024,S111,6,8624,8612,8602,8590
2024,S111,7,8926,8914,8904,8892
2024,S111,8,7310,7292,7277,7259
2024,S111,9,8545,8533,8523,8511
2024,S111,10,8928,8928,8928,8928
2024,S111,11,8390,8381,8376,8370
2024,S111,12,8916,8904,8905,8893
2024,S112,1,8928,8928,8928,8928
2024,S112,2,8348,8342,8337,8331
2024,S112,3,8928,8928,8928,8928
2024,S112,4,8640,8640,8640,8640
2024,S112,5,8722,8710,8700,8688
2024,S112,6,8260,8206,8161,8107
2024,S112,7,7881,7797,7738,7654
2024,S112,8,4534,4336,4174,3988
2024,S112,9,6781,6661,6550,6430
2024,S112,10,7645,7615,7601,7571
2024,S112,12,6227,6221,6216,6210
2024,S113,1,8901,8788,8730,8671
2024,S113,2,8348,8342,8337,8331
2024,S113,3,8751,8745,8740,8734
2024,S113,4,8640,8640,8640,8640
2024,S113,5,8723,8711,8701,8689
2024,S113,6,8595,8577,8562,8544
2024,S113,7,8928,8928,8928,8928
2024,S113,8,7887,7869,7854,7836
2024,S113,9,6451,6439,6429,6417
2024,S113,10,8928,8928,8928,8928
2024,S113,11,8390,8381,8376,8370
2024,S113,12,8149,8119,8105,8075
2024,S114,1,8636,8618,8603,8585
2024,S114,2,8348,8342,8337,8331
2024,S114,3,8928,8928,8928,8928
2024,S114,4,8640,8640,8640,8640
2024,S114,5,8722,8710,8700,8688
2024,S114,6,8625,8619,8614,8608
2024,S114,7,8927,8921,8916,8910
2024,S114,8,8914,8902,8892,8880
2024,S114,9,8559,8547,8537,8525
2024,S114,10,8928,8928,8928,8928
2024,S114,11,5342,5327,5328,5316
2024,S115,1,8915,8905,8900,8894
2024,S115,2,8348,8342,8337,8331
2024,S115,3,8928,8928,8928,8928
2024,S115,4,8640,8640,8640,8640
2024,S115,5,8923,8917,8912,8906
2024,S115,6,5398,5376,5361,5343
2024,S115,7,8928,8928,8928,8928
2024,S115,8,8913,8901,8891,8879
2024,S115,9,8543,8479,8431,8379
2024,S115,10,8749,8195,7878,7527
2024,S115,11,8265,8038,7917,7794
2024,S115,12,8868,8633,8469,8267
2024,S116,1,8925,8914,8909,8903
2024,S116,2,6503,6491,6481,6469
2024,S116,3,8923,8911,8906,8900
2024,S116,4,8639,8633,8628,8622
2024,S116,5,4815,4794,4779,4761
2024,S116,6,8625,8619,8614,8608
2024,S116,7,8925,8912,8902,8890
2024,S116,8,7011,7005,7000,6994
2024,S116,9,8639,8633,8628,8622
2024,S116,10,8924,8912,8904,8898
2024,S116,11,8390,8381,8376,8370
2024,S116,12,8916,8904,8905,8893
2024,S117,1,8928,8928,8928,8928
2024,S117,2,8348,8342,8337,8331
2024,S117,3,8638,8620,8608,8596
2024,S117,4,8640,8640,8640,8640
2024,S117,5,8919,8889,8864,8834
2024,S117,6,8617,8569,8535,8499
2024,S117,7,8621,8041,7730,7471
2024,S117,8,4601,4292,4123,3967
2024,S117,9,8495,8407,8348,8301
2024,S117,10,8925,8913,8905,8899
2024,S117,11,8389,8374,8364,8352
2024,S117,12,8916,8904,8905,8893
2024,S118,1,2413,2394,2390,2372
2024,S119,1,8927,8921,8916,8910
2024,S119,2,8348,8342,8337,8331
2024,S119,3,8928,8928,8928,8928
2024,S119,4,8640,8640,8640,8640
2024,S119,5,8722,8710,8700,8688
2024,S119,6,8625,8619,8614,8608
2024,S119,7,8820,8341,8059,7780
2024,S119,8,8516,8492,8472,8448
2024,S119,9,8527,8485,8452,8416
2024,S119,10,8928,8928,8928,8928
2024,S119,11,8390,8381,8376,8370
2024,S119,12,8916,8904,8905,8893
2024,S120,1,8926,8914,8904,8892
2024,S120,2,8347,8335,8325,8313
2024,S120,3,5001,4971,4946,4916
2024,S120,4,8632,8590,8555,8513
2024,S120,5,475,463,464,452
2024,S121,1,8921,8897,8877,8853
2024,S121,2,8348,8342,8337,8331
2024,S121,3,8928,8928,8928,8928
2024,S121,4,8640,8640,8640,8640
2024,S121,5,8922,8910,8900,8888
2024,S121,6,5731,5644,5610,5556
2024,S121,7,8630,8307,8125,7968
2024,S121,8,7705,7028,6839,6754
2024,S121,9,8533,8527,8522,8516
2024,S121,10,8924,8912,8904,8898
2024,S121,11,8389,8374,8364,8352
2024,S121,12,8915,8897,8893,8875
2024,S123,1,8913,8838,8788,8728
2024,S123,2,8348,8342,8337,8331
2024,S123,3,6323,6317,6312,6306
2024,S123,4,8627,8575,8535,8487
2024,S123,5,8722,8710,8700,8688
2024,S123,6,8625,8619,8614,8608
2024,S123,7,6501,5569,4983,4455
2024,S123,8,4441,3522,2949,2451
2024,S123,9,5750,5249,4921,4639
2024,S123,10,3746,3740,3735,3729
2024,S123,12,7946,7934,7924,7912
2024,S201,1,8928,8928,8928,8928
2024,S201,2,8348,8342,8337,8331
2024,S201,3,8928,8928,8928,8928
2024,S201,4,8640,8640,8640,8640
2024,S201,5,8923,8917,8912,8906
2024,S201,6,8625,8619,8614,8608
2024,S201,7,8918,8912,8907,8901
2024,S201,8,8928,8928,8928,8928
2024,S201,9,8639,8633,8628,8622
2024,S201,10,8910,8898,8888,8876
2024,S201,11,8390,8381,8376,8370
2024,S201,12,8916,8904,8905,8893
2024,S203,1,8928,8928,8928,8928
2024,S203,2,8348,8342,8337,8331
2024,S203,3,8928,8928,8928,8928
2024,S203,4,8640,8640,8640,8640
2024,S203,5,8923,8917,8912,8906
2024,S203,6,8625,8619,8614,8608
2024,S203,7,8924,8918,8913,8907
2024,S203,8,3834,3828,3823,3817
2024,S203,9,8639,8633,8628,8622
2024,S203,10,8912,8906,8901,8895
2024,S203,11,8390,8381,8376,8370
2024,S203,12,8916,8904,8905,8893
2024,S207,1,8923,8911,8901,8889
2024,S207,2,8320,8278,8243,8201
2024,S207,3,8507,8465,8430,8388
2024,S207,4,8640,8640,8640,8640
2024,S207,5,8923,8917,8912,8906
2024,S207,6,8625,8619,8614,8608
2024,S207,7,8636,8618,8603,8585
2024,S207,8,8928,8928,8928,8928
2024,S207,9,8639,8633,8628,8622
2024,S207,10,8912,8906,8901,8895
2024,S207,11,8390,8381,8376,8370
2024,S207,12,8916,8904,8905,8893
2024,S208,1,8928,8928,8928,8928
2024,S208,2,8348,8342,8337,8331
2024,S208,3,8928,8928,8928,8928
2024,S208,4,8640,8640,8640,8640
2024,S208,5,8923,8917,8912,8906
2024,S208,6,8625,8619,8614,8608
2024,S208,7,8917,8911,8906,8900
2024,S208,8,8918,8912,8907,8901
2024,S208,9,8639,8633,8628,8622
2024,S208,10,8912,8906,8901,8895
2024,S208,11,8390,8381,8376,8370
2024,S208,12,8916,8904,8905,8893
2024,S209,1,8925,8913,8903,8891
2024,S209,2,8229,8163,8108,8042
2024,S209,3,8928,8928,8928,8928
2024,S209,4,8640,8640,8640,8640
2024,S209,5,8923,8917,8912,8906
2024,S209,6,8625,8619,8614,8608
2024,S209,7,8924,8918,8913,8907
2024,S209,8,8928,8928,8928,8928
2024,S209,9,8638,8632,8627,8621
2024,S209,10,8912,8906,8901,8895
2024,S209,11,8390,8381,8376,8370
2024,S209,12,8916,8904,8905,8893
2024,S210,1,7147,7141,7136,7130
2024,S210,2,8348,8342,8337,8331
2024,S210,3,8928,8928,8928,8928
2024,S210,4,8640,8640,8640,8640
2024,S210,5,8923,8917,8912,8906
2024,S210,6,8625,8619,8614,8608
2024,S210,7,8928,8928,8928,8928
2024,S210,8,8914,8902,8892,8880
2024,S210,9,8638,8632,8627,8621
2024,S210,10,8912,8906,8901,8895
2024,S210,11,8390,8381,8376,8370
2024,S210,12,8913,8895,8891,8873
2024,S211,1,8925,8919,8914,8908
2024,S211,2,8348,8342,8337,8331
2024,S211,3,8928,8928,8928,8928
2024,S211,4,8640,8640,8640,8640
2024,S211,5,8922,8910,8900,8888
2024,S211,6,7463,7451,7452,7440
2024,S211,7,8675,8669,8653,8647
2024,S211,8,8928,8928,8928,8928
2024,S211,9,8639,8633,8628,8622
2024,S211,10,8912,8906,8901,8895
2024,S211,11,8390,8381,8376,8370
2024,S211,12,8916,8904,8905,8893
2024,S212,1,8928,8928,8928,8928
2024,S212,2,8348,8342,8337,8331
2024,S212,3,8928,8928,8928,8928
2024,S212,4,8640,8640,8640,8640
2024,S212,5,8923,8917,8912,8906
2024,S212,6,8625,8619,8614,8608
2024,S212,7,8928,8928,8928,8928
2024,S212,8,1183,1177,1183,1177
2024,S213,1,8928,8928,8928,8928
2024,S213,2,8348,8342,8337,8331
2024,S213,3,8927,8921,8916,8910
2024,S213,4,8640,8640,8640,8640
2024,S213,5,8923,8917,8912,8906
2024,S213,6,8625,8619,8614,8608
2024,S213,7,8926,8920,8915,8909
2024,S213,8,8928,8928,8928,8928
2024,S213,9,8638,8632,8627,8621
2024,S213,10,8912,8906,8901,8895
2024,S213,11,8390,8381,8376,8370
2024,S213,12,8394,8376,8372,8354
2024,S214,1,8928,8928,8928,8928
2024,S214,2,8348,8342,8337,8331
2024,S214,3,8928,8928,8928,8928
2024,S214,4,8640,8640,8640,8640
2024,S214,5,8923,8917,8912,8906
2024,S214,6,8625,8619,8614,8608
2024,S214,7,8924,8918,8913,8907
2024,S214,8,8928,8928,8928,8928
2024,S214,9,8639,8633,8628,8622
2024,S214,10,8912,8906,8901,8895
2024,S214,11,8390,8381,8376,8370
2024,S214,12,8916,8904,8905,8893
2024,S215,1,5708,5696,5697,5685
2024,S215,2,1859,1783,1717,1655
2024,S215,3,8928,8928,8928,8928
2024,S215,4,8627,8621,8616,8610
2024,S215,5,8923,8917,8912,8906
2024,S215,6,8625,8619,8614,8608
2024,S215,7,8923,8917,8912,8906
2024,S215,8,8928,8928,8928,8928
2024,S215,9,8639,8633,8628,8622
2024,S215,10,8912,8906,8901,8895
2024,S215,11,8390,8381,8376,8370
2024,S215,12,8916,8904,8905,8893
2024,S216,1,8928,8928,8928,8928
2024,S216,2,8348,8342,8337,8331
2024,S216,3,8928,8928,8928,8928
2024,S216,4,8640,8640,8640,8640
2024,S216,5,8921,8909,8899,8887
2024,S216,6,8625,8619,8614,8608
2024,S216,7,8923,8917,8912,8906
2024,S216,8,8928,8928,8928,8928
2024,S216,9,8639,8633,8628,8622
2024,S216,10,8912,8906,8901,8895
2024,S216,11,8390,8381,8376,8370
2024,S216,12,8916,8904,8905,8893
2024,S217,1,8928,8928,8928,8928
2024,S217,2,8348,8342,8337,8331
2024,S217,3,8928,8928,8928,8928
2024,S217,4,8640,8640,8640,8640
2024,S217,5,8923,8917,8912,8906
2024,S217,6,8625,8619,8614,8608
2024,S217,7,8875,8863,8853,8841
2024,S217,8,8928,8928,8928,8928
2024,S217,9,8639,8633,8628,8622
2024,S217,10,8912,8906,8901,8895
2024,S217,11,8390,8381,8376,8370
2024,S217,12,8916,8904,8905,8893
2024,S218,1,8927,8921,8916,8910
2024,S218,2,8346,8334,8324,8312
2024,S218,3,8928,8928,8928,8928
2024,S218,4,8640,8640,8640,8640
2024,S218,5,8923,8917,8912,8906
2024,S218,6,8625,8619,8614,8608
2024,S218,7,8928,8928,8928,8928
2024,S218,8,8925,8919,8914,8908
2024,S218,9,8638,8632,8627,8621
2024,S218,10,8912,8906,8901,8895
2024,S218,11,8390,8381,8376,8370
2024,S218,12,8916,8904,8905,8893
2024,S219,1,8928,8928,8928,8928
2024,S219,2,8348,8342,8337,8331
2024,S219,3,8928,8928,8928,8928
2024,S219,4,8640,8640,8640,8640
2024,S219,5,8923,8917,8912,8906
2024,S219,6,8625,8619,8614,8608
2024,S219,7,8923,8917,8912,8906
2024,S219,8,8928,8928,8928,8928
2024,S219,9,8639,8633,8628,8622
2024,S219,10,8912,8906,8901,8895
2024,S219,11,8390,8381,8376,8370
2024,S219,12,8916,8904,8905,8893
2024,S220,1,8928,8928,8928,8928
2024,S220,2,8348,8342,8337,8331
2024,S220,3,8928,8928,8928,8928
2024,S220,4,8640,8640,8640,8640
2024,S220,5,8922,8910,8900,8888
2024,S220,6,8625,8619,8614,8608
2024,S220,7,8909,8903,8898,8892
2024,S220,8,8928,8928,8928,8928
2024,S220,9,8639,8633,8628,8622
2024,S220,10,8912,8906,8901,8895
2024,S220,11,8390,8381,8376,8370
2024,S220,12,8916,8904,8905,8893
2024,S221,1,8928,8928,8928,8928
2024,S221,2,8347,8335,8325,8313
2024,S221,3,8928,8928,8928,8928
2024,S221,4,8640,8640,8640,8640
2024,S221,5,8922,8910,8900,8888
2024,S221,6,8625,8619,8614,8608
2024,S221,7,8882,8876,8871,8865
2024,S221,8,8928,8928,8928,8928
2024,S221,9,8638,8632,8627,8621
2024,S221,10,8912,8906,8901,8895
2024,S221,11,8390,8381,8376,8370
2024,S221,12,8916,8904,8905,8893
2024,S222,1,8928,8928,8928,8928
2024,S222,2,8348,8342,8337,8331
2024,S222,3,8928,8928,8928,8928
2024,S222,4,8640,8640,8640,8640
2024,S222,5,8923,8917,8912,8906
2024,S222,6,8625,8619,8614,8608
2024,S222,7,8927,8921,8916,8910
2024,S222,8,8909,8903,8898,8892
2024,S222,9,8639,8633,8628,8622
2024,S222,10,8862,8839,8824,8806
2024,S222,11,8390,8381,8376,8370
2024,S222,12,8916,8904,8905,8893
2024,S223,1,8928,8928,8928,8928
2024,S223,2,8348,8342,8337,8331
2024,S223,3,8928,8928,8928,8928
2024,S223,4,8640,8640,8640,8640
2024,S223,5,8474,8459,8449,8437
2024,S223,6,7194,7117,7076,7047
2024,S223,7,8917,8911,8906,8900
2024,S223,8,8916,8910,8905,8899
2024,S223,9,8639,8633,8628,8622
2024,S223,10,8912,8906,8901,8895
2024,S223,11,8390,8381,8376,8370
2024,S223,12,8916,8904,8905,8893
2024,S224,1,8928,8928,8928,8928
2024,S224,2,8348,8342,8337,8331
2024,S224,3,8928,8928,8928,8928
2024,S224,4,8640,8640,8640,8640
2024,S224,5,8921,8907,8897,8885
2024,S224,6,8625,8619,8614,8608
2024,S224,7,8914,8908,8903,8897
2024,S224,8,8914,8902,8892,8880
2024,S224,9,8640,8640,8640,8640
2024,S224,10,8912,8906,8901,8895
2024,S224,11,8390,8381,8376,8370
2024,S224,12,8916,8904,8905,8893
2024,S226,1,8928,8928,8928,8928
2024,S226,2,8348,8342,8337,8331
2024,S226,3,8928,8928,8928,8928
2024,S226,4,7609,7453,7379,7299
2024,S226,5,8923,8917,8912,8906
2024,S226,6,8625,8619,8614,8608
2024,S226,7,8927,8921,8916,8910
2024,S226,8,8742,8721,8706,8688
2024,S226,9,8622,8577,8542,8502
2024,S226,10,8910,8898,8888,8876
2024,S226,11,8387,8369,8359,8347
2024,S226,12,8916,8904,8905,8893
2024,S227,1,8928,8928,8928,8928
2024,S227,2,8348,8342,8337,8331
2024,S227,3,8928,8928,8928,8928
2024,S227,4,8640,8640,8640,8640
2024,S227,5,8923,8917,8912,8906
2024,S227,6,8625,8619,8614,8608
2024,S227,7,8912,8894,8879,8861
2024,S227,8,8928,8928,8928,8928
2024,S227,9,8639,8633,8628,8622
2024,S227,10,8912,8906,8901,8895
2024,S227,11,8390,8381,8376,8370
2024,S227,12,8916,8904,8905,8893
2024,S228,1,8928,8928,8928,8928
2024,S228,2,8348,8342,8337,8331
2024,S228,3,8928,8928,8928,8928
2024,S228,4,8640,8640,8640,8640
2024,S228,5,8923,8917,8912,8906
2024,S228,6,8625,8619,8614,8608
2024,S228,7,8926,8920,8915,8909
2024,S228,8,8928,8928,8928,8928
2024,S228,9,8639,8633,8628,8622
2024,S228,10,8912,8906,8901,8895
2024,S228,11,8390,8381,8376,8370
2024,S228,12,8916,8904,8905,8893
2024,S229,1,8928,8928,8928,8928
2024,S229,2,8348,8342,8337,8331
2024,S229,3,8928,8928,8928,8928
2024,S229,4,8640,8640,8640,8640
2024,S229,5,8922,8910,8900,8888
2024,S229,6,8625,8619,8614,8608
2024,S229,7,8920,8908,8898,8886
2024,S229,8,8928,8928,8928,8928
2024,S229,9,8639,8633,8628,8622
2024,S229,10,8912,8906,8901,8895
2024,S229,11,8390,8381,8376,8370
2024,S229,12,8916,8904,8905,8893
2024,S230,1,8928,8928,8928,8928
2024,S230,2,8348,8342,8337,8331
2024,S230,3,8928,8928,8928,8928
2024,S230,4,8640,8640,8640,8640
2024,S230,5,8922,8910,8900,8888
2024,S230,6,8625,8619,8614,8608
2024,S230,7,8925,8913,8903,8891
2024,S230,8,8928,8928,8928,8928
2024,S230,9,8639,8633,8628,8622
2024,S230,10,8912,8906,8901,8895
2024,S230,11,8390,8381,8376,8370
2024,S230,12,8916,8904,8905,8893
2024,S24,1,8923,8905,8890,8872
2024,S24,2,8348,8342,8337,8331
2024,S24,3,8925,8913,8903,8891
2024,S24,4,8613,8582,8557,8527
2024,S24,5,8723,8711,8701,8689
2024,S24,6,8625,8619,8614,8608
2024,S24,7,8887,8868,8853,8835
2024,S24,8,8912,8894,8879,8861
2024,S24,9,8527,8515,8505,8493
2024,S24,10,8928,8928,8928,8928
2024,S24,11,8390,8381,8376,8370
2024,S24,12,8915,8897,8893,8875
2024,S29,11,6739,6733,6722,6722
2024,S29,12,8916,8904,8905,8893
2024,S33,1,8923,8893,8868,8838
2024,S33,2,8348,8342,8337,8331
2024,S33,3,8926,8914,8904,8897
2024,S33,4,8637,8619,8604,8586
2024,S33,5,8886,8726,8620,8506
2024,S33,6,8428,7511,6817,6142
2024,S33,7,8614,7615,6997,6397
2024,S33,8,3506,3475,3443,3418
2024,S33,9,8639,8633,8628,8622
2024,S33,10,8924,8906,8893,8881
2024,S33,11,8390,8381,8376,8370
2024,S33,12,8828,8798,8784,8754
2024,S35,1,8907,8901,8896,8890
2024,S35,2,8348,8342,8337,8331
2024,S35,3,8928,8928,8928,8928
2024,S35,4,8640,8640,8640,8640
2024,S35,5,8723,8711,8701,8689
2024,S35,6,8624,8612,8602,8590
2024,S35,7,8927,8921,8916,8910
2024,S35,8,8914,8902,8892,8880
2024,S35,9,8507,8495,8485,8473
2024,S35,10,8928,8928,8928,8928
2024,S35,11,8389,8374,8364,8352
2024,S35,12,8915,8897,8893,8875
2024,S40,1,8928,8928,8928,8928
2024,S40,2,8345,8326,8311,8293
2024,S40,3,8928,8928,8928,8928
2024,S40,4,8640,8640,8640,8640
2024,S40,5,8723,8711,8701,8689
2024,S40,6,8625,8619,8614,8608
2024,S40,7,8927,8921,8916,8910
2024,S40,8,8913,8895,8880,8862
2024,S40,9,8543,8537,8532,8526
2024,S40,10,4009,4003,4009,4003
2024,S40,11,6729,6729,6718,6718
2024,S40,12,8912,8894,8890,8872
2024,S43,1,8928,8928,8928,8928
2024,S43,2,8348,8342,8337,8331
2024,S43,3,8927,8921,8916,8910
2024,S43,4,8639,8633,8628,8622
2024,S43,5,8720,8702,8687,8669
2024,S43,6,8625,8619,8614,8608
2024,S43,7,8928,8928,8928,8928
2024,S43,8,8773,8755,8740,8722
2024,S43,9,8553,8547,8542,8536
2024,S43,10,8690,8653,8623,8587
2024,S43,11,8390,8381,8376,8370
2024,S43,12,8915,8897,8893,8875
2024,S44,1,8918,8861,8816,8762
2024,S44,2,8344,8314,8289,8259
2024,S44,3,8928,8928,8928,8928
2024,S44,4,8349,8337,8327,8315
2024,S44,5,8332,8302,8277,8247
2024,S44,6,8625,8619,8614,8608
2024,S44,7,8837,8825,8815,8803
2024,S44,8,8913,8901,8891,8879
2024,S44,9,8539,8533,8528,8522
2024,S44,10,8928,8928,8928,8928
2024,S44,11,8181,8166,8167,8155
2024,S50,1,8926,8914,8904,8892
2024,S50,2,8348,8342,8337,8331
2024,S50,3,8923,8905,8890,8872
2024,S50,4,8638,8626,8616,8604
2024,S50,5,8723,8711,8701,8689
2024,S50,6,8625,8619,8614,8608
2024,S50,7,8921,8905,8896,8890
2024,S50,8,8912,8894,8879,8861
2024,S50,9,8547,8541,8536,8530
2024,S50,10,8928,8928,8928,8928
2024,S50,11,8388,8373,8363,8351
2024,S50,12,8916,8904,8905,8893
2024,S60,1,6584,6578,6573,6567
2024,S60,2,8348,8342,8337,8331
2024,S60,3,4983,4952,4938,4908
2024,S60,4,6727,6696,6665,6641
2024,S60,5,8921,8903,8888,8870
2024,S60,6,8624,8612,8602,8590
2024,S60,7,8845,8633,8492,8335
2024,S60,8,6145,6041,5979,5920
2024,S60,9,8640,8640,8640,8640
2024,S60,10,8924,8912,8904,8898
2024,S60,11,8390,8381,8376,8370
2024,S60,12,8916,8904,8905,8893
2024,S64,1,8916,8857,8812,8758
2024,S64,2,8343,8318,8299,8281
2024,S64,3,8928,8928,8928,8928
2024,S64,4,8640,8640,8640,8640
2024,S64,5,8723,8711,8701,8689
2024,S64,6,8625,8619,8614,8608
2024,S64,7,8922,8916,8911,8905
2024,S64,8,8508,8490,8475,8457
2024,S64,9,8540,8534,8529,8523
2024,S64,10,8928,8928,8928,8928
2024,S64,11,8390,8381,8376,8370
2024,S64,12,8915,8897,8893,8875
2024,S66,1,8926,8914,8904,8892
2024,S66,2,8347,8335,8325,8313
2024,S66,3,8922,8886,8856,8820
2024,S66,4,8622,8537,8472,8401
2024,S66,5,8686,8570,8475,8367
2024,S66,6,8616,8562,8525,8483
2024,S66,7,8924,8900,8880,8856
2024,S66,8,8627,8609,8594,8576
2024,S66,9,8536,8530,8525,8519
2024,S66,10,6065,6059,6054,6048
2024,S66,11,7832,7817,7807,7795
2024,S66,12,8916,8904,8905,8893
2024,S69,1,8853,8847,8842,8836
2024,S69,2,8347,8335,8325,8313
2024,S69,3,8461,8407,8362,8308
2024,S69,4,8531,7937,7517,7089
2024,S69,5,8875,8611,8437,8251
2024,S69,6,8557,8168,7903,7627
2024,S69,7,8219,6641,5774,4973
2024,S69,8,6108,5997,5922,5863
2024,S69,9,8623,8605,8590,8572
2024,S69,10,8911,8857,8824,8788
2024,S69,11,8389,8374,8364,8352
2024,S69,12,6536,6512,6503,6479
2024,S71,1,8928,8928,8928,8928
2024,S71,2,8348,8342,8337,8331
2024,S71,3,8927,8921,8916,8910
2024,S71,4,8640,8640,8640,8640
2024,S71,5,8722,8710,8700,8688
2024,S71,6,8621,8597,8577,8553
2024,S71,7,8926,8914,8904,8892
2024,S71,8,8482,8464,8449,8431
2024,S71,9,8549,8543,8538,8532
2024,S71,10,5474,5468,5463,5457
2024,S71,11,8390,8381,8376,8370
2024,S71,12,8916,8904,8905,8893
2024,S77,1,8928,8928,8928,8928
2024,S77,2,8347,8335,8325,8313
2024,S77,3,8928,8928,8928,8928
2024,S77,4,8638,8626,8616,8604
2024,S77,5,8722,8704,8689,8671
2024,S77,6,8599,8527,8467,8395
2024,S77,7,8924,8905,8890,8872
2024,S77,8,8489,8471,8456,8438
2024,S77,9,8540,8534,8529,8523
2024,S77,10,8907,8901,8896,8890
2024,S77,11,8390,8381,8376,8370
2024,S77,12,8062,8044,8040,8022
2024,S78,1,8922,8889,8869,8845
2024,S78,2,8344,8314,8289,8259
2024,S78,3,8920,8883,8853,8817
2024,S78,4,8610,8516,8442,8358
2024,S78,5,8692,8632,8585,8537
2024,S78,6,8623,8605,8590,8572
2024,S78,7,8924,8900,8880,8856
2024,S78,8,8242,8180,8130,8070
2024,S78,9,8499,8481,8466,8448
2024,S78,10,8707,8683,8666,8648
2024,S78,11,8242,8197,8162,8120
2024,S78,12,8892,8844,8815,8767
2024,S79,1,7969,7950,7945,7939
2024,S79,2,7586,7574,7564,7552
2024,S79,3,8928,8928,8928,8928
2024,S79,4,8640,8640,8640,8640
2024,S79,5,8923,8917,8912,8906
2024,S79,6,8622,8598,8583,8565
2024,S79,7,3623,1562,1269,1112
2024,S79,8,2967,2071,1820,1624
2024,S79,9,8419,7228,6630,6142
2024,S79,10,8781,8013,7656,7379
2024,S79,11,8193,7120,6655,6300
2024,S79,12,8751,7884,7482,7154
2024,S81,1,8928,8928,8928,8928
2024,S81,2,8348,8342,8337,8331
2024,S81,3,8928,8928,8928,8928
2024,S81,4,8640,8640,8640,8640
2024,S81,5,8723,8711,8701,8689
2024,S81,6,8625,8619,8614,8608
2024,S81,7,8926,8920,8915,8909
2024,S81,8,8515,8497,8482,8464
2024,S81,9,8541,8535,8530,8524
2024,S81,10,8928,8928,8928,8928
2024,S81,11,8389,8374,8364,8352
2024,S81,12,8903,8885,8881,8863
2024,S84,1,8565,7761,7324,6905
2024,S84,2,8280,7907,7647,7371
2024,S84,3,8802,8371,8083,7788
2024,S84,4,8540,8161,7905,7630
2024,S84,5,8554,8107,7866,7656
2024,S84,6,8567,8444,8372,8311
2024,S84,7,8928,8928,8928,8928
2024,S84,8,8501,8483,8468,8450
2024,S84,9,8544,8538,8533,8527
2024,S84,10,8928,8928,8928,8928
2024,S84,11,8390,8381,8376,8370
2024,S84,12,7470,7452,7448,7430
2024,S88,1,8928,8928,8928,8928
2024,S88,2,8334,8304,8279,8249
2024,S88,3,8925,8907,8892,8874
2024,S88,4,8637,8619,8604,8586
2024,S88,5,8723,8711,8701,8689
2024,S88,6,8583,8468,8383,8293
2024,S88,7,8925,8919,8914,8908
2024,S88,8,8485,8461,8441,8417
2024,S88,9,6290,6278,6268,6256
2024,S88,10,8928,8928,8928,8928
2024,S88,11,8390,8381,8376,8370
2024,S88,12,8906,8888,8884,8866
2024,S89,1,8928,8928,8928,8928
2024,S89,2,8348,8342,8337,8331
2024,S89,3,8926,8914,8904,8892
2024,S89,4,8640,8640,8640,8640
2024,S89,5,8723,8711,8701,8689
2024,S89,6,8623,8605,8590,8572
2024,S89,7,8927,8921,8916,8910
2024,S89,8,8463,8445,8430,8412
2024,S89,9,7979,7967,7957,7945
2024,S89,10,8928,8928,8928,8928
2024,S89,11,8390,8381,8376,8370
2024,S89,12,8912,8888,8879,8855
2024,S90,1,8928,8928,8928,8928
2024,S90,2,8346,8334,8324,8312
2024,S90,3,8926,8914,8904,8892
2024,S90,4,8637,8619,8604,8586
2024,S90,5,8723,8711,8701,8689
2024,S90,6,8489,8465,8445,8421
2024,S90,7,8927,8921,8916,8910
2024,S90,8,8518,8500,8485,8467
2024,S90,9,8537,8531,8526,8520
2024,S90,10,7210,7198,7188,7176
2024,S90,11,8390,8381,8376,8370
2024,S90,12,8916,8904,8905,8893
2024,S900,1,8800,8794,8789,8783
2024,S900,2,8348,8342,8337,8331
2024,S900,3,8926,8914,8904,8892
2024,S900,4,8625,8538,8468,8390
2024,S900,5,8610,8513,8453,8386
2024,S900,6,8623,8608,8598,8586
2024,S900,7,8924,8918,8913,8907
2024,S900,8,8487,8469,8454,8436
2024,S900,9,8541,8535,8530,8524
2024,S900,10,8928,8928,8928,8928
2024,S900,11,8390,8381,8376,8370
2024,S900,12,8746,8728,8724,8706
2024,S92,11,3116,3104,3099,3093
2024,S92,12,6230,6224,6219,6213
2024,S94,1,8927,8921,8916,8910
2024,S94,2,8348,8342,8337,8331
2024,S94,3,8927,8921,8916,8910
2024,S94,4,8640,8640,8640,8640
2024,S94,5,8722,8710,8700,8688
2024,S94,6,8613,8595,8580,8562
2024,S94,7,8927,8921,8916,8910
2024,S94,8,7882,7864,7849,7831
2024,S94,9,8535,8529,8524,8518
2024,S94,10,8928,8928,8928,8928
2024,S94,11,3049,3034,3035,3023
2024,S94,12,6228,6222,6217,6211
