station_id,slot_end_epoch_s,raw_line,field_count,odd_quotes,raw_date,raw_timestamp,raw_update_timestamp,raw_station_id,raw_station_name,raw_station_device_id,raw_location_longitude,raw_location_latitude,raw_reading_update_timestamp,raw_reading_value,raw_reading_type,raw_reading_unit,_corrupt_record,source_year,source_file,source_sha256,raw_record_sha256,station_name,station_device_id,event_ts,update_ts,reading_update_ts,rain_mm,rain_decimal_mm,longitude,latitude,event_epoch_s,original_offset_s,alignment_offset_s,alignment_rule,slot_end_ts,rain_period_start_ts,observation_date,rain_period_date,rain_period_hour,update_delay_s,reading_update_delay_s,quarantine_reasons,metadata_warning,source_effective_decimal_scale,decimal_representation_error,rules_version,aligned_source_count,rain_variants,metadata_variants,collision_rank,retained_record_sha256,disposition
S07,1493090400,"2017-04-25,2017-04-25T11:20:00+08:00,2017-04-25T11:37:55+08:00,S07,Lornie Road,S07,103.8334,1.3415,2017-04-25T11:37:55+08:00,0.0,TB1 Rainfall 5 Minute Total F,mm",12,False,2017-04-25,2017-04-25T11:20:00+08:00,2017-04-25T11:37:55+08:00,S07,Lornie Road,S07,103.8334,1.3415,2017-04-25T11:37:55+08:00,0.0,TB1 Rainfall 5 Minute Total F,mm,,2017,Raw_Dataset/HistoricalRainfallacrossSingapore2017.csv,a51a27378607c6c37d51b72383259b27dae5dc7d5760a8b8fff04e86d9f92ddf,ada2b476e0d72a256c3bb925ba30e0037a2d4dcaa7ec68f5b4ea10b936f1689f,Lornie Road,S07,2017-04-25 11:20:00,2017-04-25 11:37:55,2017-04-25 11:37:55,0.0,0E-18,103.8334,1.3415,1493090400,0,0,IDENTITY,2017-04-25 11:20:00,2017-04-25 11:15:00,2017-04-25,2017-04-25,11,1075,1075,[],False,0,False,p0_3_v1,2,1,1,1,ada2b476e0d72a256c3bb925ba30e0037a2d4dcaa7ec68f5b4ea10b936f1689f,RETAINED
S07,1493090400,"2017-04-25,2017-04-25T11:19:59+08:00,2017-04-25T11:27:39+08:00,S07,Lornie Road,S07,103.8334,1.3415,2017-04-25T11:27:39+08:00,0.0,TB1 Rainfall 5 Minute Total F,mm",12,False,2017-04-25,2017-04-25T11:19:59+08:00,2017-04-25T11:27:39+08:00,S07,Lornie Road,S07,103.8334,1.3415,2017-04-25T11:27:39+08:00,0.0,TB1 Rainfall 5 Minute Total F,mm,,2017,Raw_Dataset/HistoricalRainfallacrossSingapore2017.csv,a51a27378607c6c37d51b72383259b27dae5dc7d5760a8b8fff04e86d9f92ddf,4729399661c99d513fe085bf7d1cac2eb2bb3f53c076a79b24defaf73968a295,Lornie Road,S07,2017-04-25 11:19:59,2017-04-25 11:27:39,2017-04-25 11:27:39,0.0,0E-18,103.8334,1.3415,1493090399,299,1,T2_PLUS_1_SECOND,2017-04-25 11:20:00,2017-04-25 11:15:00,2017-04-25,2017-04-25,11,460,460,[],False,0,False,p0_3_v1,2,1,1,2,ada2b476e0d72a256c3bb925ba30e0037a2d4dcaa7ec68f5b4ea10b936f1689f,MERGED_DUPLICATE
S07,1493090700,"2017-04-25,2017-04-25T11:25:00+08:00,2017-04-25T11:37:55+08:00,S07,Lornie Road,S07,103.8334,1.3415,2017-04-25T11:37:55+08:00,0.0,TB1 Rainfall 5 Minute Total F,mm",12,False,2017-04-25,2017-04-25T11:25:00+08:00,2017-04-25T11:37:55+08:00,S07,Lornie Road,S07,103.8334,1.3415,2017-04-25T11:37:55+08:00,0.0,TB1 Rainfall 5 Minute Total F,mm,,2017,Raw_Dataset/HistoricalRainfallacrossSingapore2017.csv,a51a27378607c6c37d51b72383259b27dae5dc7d5760a8b8fff04e86d9f92ddf,243dac1ade5d33faa3d309aabdca7e26fb134f4e8882185282c3c3723af12f9a,Lornie Road,S07,2017-04-25 11:25:00,2017-04-25 11:37:55,2017-04-25 11:37:55,0.0,0E-18,103.8334,1.3415,1493090700,0,0,IDENTITY,2017-04-25 11:25:00,2017-04-25 11:20:00,2017-04-25,2017-04-25,11,775,775,[],False,0,False,p0_3_v1,2,1,1,1,243dac1ade5d33faa3d309aabdca7e26fb134f4e8882185282c3c3723af12f9a,RETAINED
S07,1493090700,"2017-04-25,2017-04-25T11:24:59+08:00,2017-04-25T11:32:38+08:00,S07,Lornie Road,S07,103.8334,1.3415,2017-04-25T11:32:38+08:00,0.0,TB1 Rainfall 5 Minute Total F,mm",12,False,2017-04-25,2017-04-25T11:24:59+08:00,2017-04-25T11:32:38+08:00,S07,Lornie Road,S07,103.8334,1.3415,2017-04-25T11:32:38+08:00,0.0,TB1 Rainfall 5 Minute Total F,mm,,2017,Raw_Dataset/HistoricalRainfallacrossSingapore2017.csv,a51a27378607c6c37d51b72383259b27dae5dc7d5760a8b8fff04e86d9f92ddf,58e7478aca1bec60713a05dce9b4899b6908fff75615ae13e3a4bab8f081f034,Lornie Road,S07,2017-04-25 11:24:59,2017-04-25 11:32:38,2017-04-25 11:32:38,0.0,0E-18,103.8334,1.3415,1493090699,299,1,T2_PLUS_1_SECOND,2017-04-25 11:25:00,2017-04-25 11:20:00,2017-04-25,2017-04-25,11,459,459,[],False,0,False,p0_3_v1,2,1,1,2,243dac1ade5d33faa3d309aabdca7e26fb134f4e8882185282c3c3723af12f9a,MERGED_DUPLICATE
S08,1493090400,"2017-04-25,2017-04-25T11:20:00+08:00,2017-04-25T11:37:55+08:00,S08,Upper Thomson Road,S08,103.8271,1.3701,2017-04-25T11:37:55+08:00,0.0,TB1 Rainfall 5 Minute Total F,mm",12,False,2017-04-25,2017-04-25T11:20:00+08:00,2017-04-25T11:37:55+08:00,S08,Upper Thomson Road,S08,103.8271,1.3701,2017-04-25T11:37:55+08:00,0.0,TB1 Rainfall 5 Minute Total F,mm,,2017,Raw_Dataset/HistoricalRainfallacrossSingapore2017.csv,a51a27378607c6c37d51b72383259b27dae5dc7d5760a8b8fff04e86d9f92ddf,2a2d7642a8452573551aa7f214ff2077ef70bd9c9647fc6c09368ff52a4d812c,Upper Thomson Road,S08,2017-04-25 11:20:00,2017-04-25 11:37:55,2017-04-25 11:37:55,0.0,0E-18,103.8271,1.3701,1493090400,0,0,IDENTITY,2017-04-25 11:20:00,2017-04-25 11:15:00,2017-04-25,2017-04-25,11,1075,1075,[],False,0,False,p0_3_v1,2,1,1,1,2a2d7642a8452573551aa7f214ff2077ef70bd9c9647fc6c09368ff52a4d812c,RETAINED
S08,1493090400,"2017-04-25,2017-04-25T11:19:59+08:00,2017-04-25T11:27:39+08:00,S08,Upper Thomson Road,S08,103.8271,1.3701,2017-04-25T11:27:39+08:00,0.0,TB1 Rainfall 5 Minute Total F,mm",12,False,2017-04-25,2017-04-25T11:19:59+08:00,2017-04-25T11:27:39+08:00,S08,Upper Thomson Road,S08,103.8271,1.3701,2017-04-25T11:27:39+08:00,0.0,TB1 Rainfall 5 Minute Total F,mm,,2017,Raw_Dataset/HistoricalRainfallacrossSingapore2017.csv,a51a27378607c6c37d51b72383259b27dae5dc7d5760a8b8fff04e86d9f92ddf,aea16fe8aa20f44c04b82d7bd650fa42ba2cb2f2edefed1f1b9a4759dca138d0,Upper Thomson Road,S08,2017-04-25 11:19:59,2017-04-25 11:27:39,2017-04-25 11:27:39,0.0,0E-18,103.8271,1.3701,1493090399,299,1,T2_PLUS_1_SECOND,2017-04-25 11:20:00,2017-04-25 11:15:00,2017-04-25,2017-04-25,11,460,460,[],False,0,False,p0_3_v1,2,1,1,2,2a2d7642a8452573551aa7f214ff2077ef70bd9c9647fc6c09368ff52a4d812c,MERGED_DUPLICATE
S08,1493090700,"2017-04-25,2017-04-25T11:25:00+08:00,2017-04-25T11:37:55+08:00,S08,Upper Thomson Road,S08,103.8271,1.3701,2017-04-25T11:37:55+08:00,0.0,TB1 Rainfall 5 Minute Total F,mm",12,False,2017-04-25,2017-04-25T11:25:00+08:00,2017-04-25T11:37:55+08:00,S08,Upper Thomson Road,S08,103.8271,1.3701,2017-04-25T11:37:55+08:00,0.0,TB1 Rainfall 5 Minute Total F,mm,,2017,Raw_Dataset/HistoricalRainfallacrossSingapore2017.csv,a51a27378607c6c37d51b72383259b27dae5dc7d5760a8b8fff04e86d9f92ddf,68cc40772a815a5d0c503d5fc63c78108de45768217f99bea85a2c0b449e7901,Upper Thomson Road,S08,2017-04-25 11:25:00,2017-04-25 11:37:55,2017-04-25 11:37:55,0.0,0E-18,103.8271,1.3701,1493090700,0,0,IDENTITY,2017-04-25 11:25:00,2017-04-25 11:20:00,2017-04-25,2017-04-25,11,775,775,[],False,0,False,p0_3_v1,2,1,1,1,68cc40772a815a5d0c503d5fc63c78108de45768217f99bea85a2c0b449e7901,RETAINED
S08,1493090700,"2017-04-25,2017-04-25T11:24:59+08:00,2017-04-25T11:32:38+08:00,S08,Upper Thomson Road,S08,103.8271,1.3701,2017-04-25T11:32:38+08:00,0.0,TB1 Rainfall 5 Minute Total F,mm",12,False,2017-04-25,2017-04-25T11:24:59+08:00,2017-04-25T11:32:38+08:00,S08,Upper Thomson Road,S08,103.8271,1.3701,2017-04-25T11:32:38+08:00,0.0,TB1 Rainfall 5 Minute Total F,mm,,2017,Raw_Dataset/HistoricalRainfallacrossSingapore2017.csv,a51a27378607c6c37d51b72383259b27dae5dc7d5760a8b8fff04e86d9f92ddf,51a68a7dab299e61203c77432f95b21154fa2a179a60a1612efe01df7ca5582e,Upper Thomson Road,S08,2017-04-25 11:24:59,2017-04-25 11:32:38,2017-04-25 11:32:38,0.0,0E-18,103.8271,1.3701,1493090699,299,1,T2_PLUS_1_SECOND,2017-04-25 11:25:00,2017-04-25 11:20:00,2017-04-25,2017-04-25,11,459,459,[],False,0,False,p0_3_v1,2,1,1,2,68cc40772a815a5d0c503d5fc63c78108de45768217f99bea85a2c0b449e7901,MERGED_DUPLICATE
S100,1493090400,"2017-04-25,2017-04-25T11:20:00+08:00,2017-04-25T11:37:55+08:00,S100,Woodlands Road,S100,103.74855,1.4172,2017-04-25T11:37:55+08:00,0.0,TB1 Rainfall 5 Minute Total F,mm",12,False,2017-04-25,2017-04-25T11:20:00+08:00,2017-04-25T11:37:55+08:00,S100,Woodlands Road,S100,103.74855,1.4172,2017-04-25T11:37:55+08:00,0.0,TB1 Rainfall 5 Minute Total F,mm,,2017,Raw_Dataset/HistoricalRainfallacrossSingapore2017.csv,a51a27378607c6c37d51b72383259b27dae5dc7d5760a8b8fff04e86d9f92ddf,046ffb1fc3448bba6baf8a048d15fbeaa6cca897b63dd7b1553fbab90da8a945,Woodlands Road,S100,2017-04-25 11:20:00,2017-04-25 11:37:55,2017-04-25 11:37:55,0.0,0E-18,103.74855,1.4172,1493090400,0,0,IDENTITY,2017-04-25 11:20:00,2017-04-25 11:15:00,2017-04-25,2017-04-25,11,1075,1075,[],False,0,False,p0_3_v1,2,1,1,1,046ffb1fc3448bba6baf8a048d15fbeaa6cca897b63dd7b1553fbab90da8a945,RETAINED
S100,1493090400,"2017-04-25,2017-04-25T11:19:59+08:00,2017-04-25T11:27:39+08:00,S100,Woodlands Road,S100,103.74855,1.4172,2017-04-25T11:27:39+08:00,0.0,TB1 Rainfall 5 Minute Total F,mm",12,False,2017-04-25,2017-04-25T11:19:59+08:00,2017-04-25T11:27:39+08:00,S100,Woodlands Road,S100,103.74855,1.4172,2017-04-25T11:27:39+08:00,0.0,TB1 Rainfall 5 Minute Total F,mm,,2017,Raw_Dataset/HistoricalRainfallacrossSingapore2017.csv,a51a27378607c6c37d51b72383259b27dae5dc7d5760a8b8fff04e86d9f92ddf,d2cc4b8c3b5fe75f8cee4405d6d613ab6a580f725ce23961b417ffb23b0884a9,Woodlands Road,S100,2017-04-25 11:19:59,2017-04-25 11:27:39,2017-04-25 11:27:39,0.0,0E-18,103.74855,1.4172,1493090399,299,1,T2_PLUS_1_SECOND,2017-04-25 11:20:00,2017-04-25 11:15:00,2017-04-25,2017-04-25,11,460,460,[],False,0,False,p0_3_v1,2,1,1,2,046ffb1fc3448bba6baf8a048d15fbeaa6cca897b63dd7b1553fbab90da8a945,MERGED_DUPLICATE
S100,1493090700,"2017-04-25,2017-04-25T11:25:00+08:00,2017-04-25T11:37:55+08:00,S100,Woodlands Road,S100,103.74855,1.4172,2017-04-25T11:37:55+08:00,0.0,TB1 Rainfall 5 Minute Total F,mm",12,False,2017-04-25,2017-04-25T11:25:00+08:00,2017-04-25T11:37:55+08:00,S100,Woodlands Road,S100,103.74855,1.4172,2017-04-25T11:37:55+08:00,0.0,TB1 Rainfall 5 Minute Total F,mm,,2017,Raw_Dataset/HistoricalRainfallacrossSingapore2017.csv,a51a27378607c6c37d51b72383259b27dae5dc7d5760a8b8fff04e86d9f92ddf,cc75839cf2464546c11b7b81eeeb314a35178f455bdb0d4aa991170a20a57ab0,Woodlands Road,S100,2017-04-25 11:25:00,2017-04-25 11:37:55,2017-04-25 11:37:55,0.0,0E-18,103.74855,1.4172,1493090700,0,0,IDENTITY,2017-04-25 11:25:00,2017-04-25 11:20:00,2017-04-25,2017-04-25,11,775,775,[],False,0,False,p0_3_v1,2,1,1,1,cc75839cf2464546c11b7b81eeeb314a35178f455bdb0d4aa991170a20a57ab0,RETAINED
S100,1493090700,"2017-04-25,2017-04-25T11:24:59+08:00,2017-04-25T11:32:38+08:00,S100,Woodlands Road,S100,103.74855,1.4172,2017-04-25T11:32:38+08:00,0.0,TB1 Rainfall 5 Minute Total F,mm",12,False,2017-04-25,2017-04-25T11:24:59+08:00,2017-04-25T11:32:38+08:00,S100,Woodlands Road,S100,103.74855,1.4172,2017-04-25T11:32:38+08:00,0.0,TB1 Rainfall 5 Minute Total F,mm,,2017,Raw_Dataset/HistoricalRainfallacrossSingapore2017.csv,a51a27378607c6c37d51b72383259b27dae5dc7d5760a8b8fff04e86d9f92ddf,4fd63e6e5a43490f1fec3e1d274207b7d5f0023ed207d812e5ead68f6aa99ea1,Woodlands Road,S100,2017-04-25 11:24:59,2017-04-25 11:32:38,2017-04-25 11:32:38,0.0,0E-18,103.74855,1.4172,1493090699,299,1,T2_PLUS_1_SECOND,2017-04-25 11:25:00,2017-04-25 11:20:00,2017-04-25,2017-04-25,11,459,459,[],False,0,False,p0_3_v1,2,1,1,2,cc75839cf2464546c11b7b81eeeb314a35178f455bdb0d4aa991170a20a57ab0,MERGED_DUPLICATE
S101,1493090400,"2017-04-25,2017-04-25T11:20:00+08:00,2017-04-25T11:37:55+08:00,S101,Corporation Road,S101,103.7134,1.35053,2017-04-25T11:37:55+08:00,0.0,TB1 Rainfall 5 Minute Total F,mm",12,False,2017-04-25,2017-04-25T11:20:00+08:00,2017-04-25T11:37:55+08:00,S101,Corporation Road,S101,103.7134,1.35053,2017-04-25T11:37:55+08:00,0.0,TB1 Rainfall 5 Minute Total F,mm,,2017,Raw_Dataset/HistoricalRainfallacrossSingapore2017.csv,a51a27378607c6c37d51b72383259b27dae5dc7d5760a8b8fff04e86d9f92ddf,ac104188400102d24252d413b1a56dcd547c148abdf143260d601e64eff708d5,Corporation Road,S101,2017-04-25 11:20:00,2017-04-25 11:37:55,2017-04-25 11:37:55,0.0,0E-18,103.7134,1.35053,1493090400,0,0,IDENTITY,2017-04-25 11:20:00,2017-04-25 11:15:00,2017-04-25,2017-04-25,11,1075,1075,[],False,0,False,p0_3_v1,2,1,1,1,ac104188400102d24252d413b1a56dcd547c148abdf143260d601e64eff708d5,RETAINED
S101,1493090400,"2017-04-25,2017-04-25T11:19:59+08:00,2017-04-25T11:27:39+08:00,S101,Corporation Road,S101,103.7134,1.35053,2017-04-25T11:27:39+08:00,0.0,TB1 Rainfall 5 Minute Total F,mm",12,False,2017-04-25,2017-04-25T11:19:59+08:00,2017-04-25T11:27:39+08:00,S101,Corporation Road,S101,103.7134,1.35053,2017-04-25T11:27:39+08:00,0.0,TB1 Rainfall 5 Minute Total F,mm,,2017,Raw_Dataset/HistoricalRainfallacrossSingapore2017.csv,a51a27378607c6c37d51b72383259b27dae5dc7d5760a8b8fff04e86d9f92ddf,46ca70b55c1e84d5a82aa0c4fd9c3fb7d847996f58e62e61accbae61e840549e,Corporation Road,S101,2017-04-25 11:19:59,2017-04-25 11:27:39,2017-04-25 11:27:39,0.0,0E-18,103.7134,1.35053,1493090399,299,1,T2_PLUS_1_SECOND,2017-04-25 11:20:00,2017-04-25 11:15:00,2017-04-25,2017-04-25,11,460,460,[],False,0,False,p0_3_v1,2,1,1,2,ac104188400102d24252d413b1a56dcd547c148abdf143260d601e64eff708d5,MERGED_DUPLICATE
S101,1493090700,"2017-04-25,2017-04-25T11:25:00+08:00,2017-04-25T11:37:55+08:00,S101,Corporation Road,S101,103.7134,1.35053,2017-04-25T11:37:55+08:00,0.0,TB1 Rainfall 5 Minute Total F,mm",12,False,2017-04-25,2017-04-25T11:25:00+08:00,2017-04-25T11:37:55+08:00,S101,Corporation Road,S101,103.7134,1.35053,2017-04-25T11:37:55+08:00,0.0,TB1 Rainfall 5 Minute Total F,mm,,2017,Raw_Dataset/HistoricalRainfallacrossSingapore2017.csv,a51a27378607c6c37d51b72383259b27dae5dc7d5760a8b8fff04e86d9f92ddf,cf1419ffe4dec9271dfccd7909d767fcfa95111c7d2772e486fd28acd613afc3,Corporation Road,S101,2017-04-25 11:25:00,2017-04-25 11:37:55,2017-04-25 11:37:55,0.0,0E-18,103.7134,1.35053,1493090700,0,0,IDENTITY,2017-04-25 11:25:00,2017-04-25 11:20:00,2017-04-25,2017-04-25,11,775,775,[],False,0,False,p0_3_v1,2,1,1,1,cf1419ffe4dec9271dfccd7909d767fcfa95111c7d2772e486fd28acd613afc3,RETAINED
S101,1493090700,"2017-04-25,2017-04-25T11:24:59+08:00,2017-04-25T11:32:38+08:00,S101,Corporation Road,S101,103.7134,1.35053,2017-04-25T11:32:38+08:00,0.0,TB1 Rainfall 5 Minute Total F,mm",12,False,2017-04-25,2017-04-25T11:24:59+08:00,2017-04-25T11:32:38+08:00,S101,Corporation Road,S101,103.7134,1.35053,2017-04-25T11:32:38+08:00,0.0,TB1 Rainfall 5 Minute Total F,mm,,2017,Raw_Dataset/HistoricalRainfallacrossSingapore2017.csv,a51a27378607c6c37d51b72383259b27dae5dc7d5760a8b8fff04e86d9f92ddf,6c2a63f12d9fcc00b43bb4cdf3ce9470bd85cf0cfaeeaa3c5e613017b2ed39e6,Corporation Road,S101,2017-04-25 11:24:59,2017-04-25 11:32:38,2017-04-25 11:32:38,0.0,0E-18,103.7134,1.35053,1493090699,299,1,T2_PLUS_1_SECOND,2017-04-25 11:25:00,2017-04-25 11:20:00,2017-04-25,2017-04-25,11,459,459,[],False,0,False,p0_3_v1,2,1,1,2,cf1419ffe4dec9271dfccd7909d767fcfa95111c7d2772e486fd28acd613afc3,MERGED_DUPLICATE
S102,1493090400,"2017-04-25,2017-04-25T11:20:00+08:00,2017-04-25T11:37:55+08:00,S102,Semakau Landfill,S102,103.768,1.189,2017-04-25T11:37:55+08:00,0.0,TB1 Rainfall 5 Minute Total F,mm",12,False,2017-04-25,2017-04-25T11:20:00+08:00,2017-04-25T11:37:55+08:00,S102,Semakau Landfill,S102,103.768,1.189,2017-04-25T11:37:55+08:00,0.0,TB1 Rainfall 5 Minute Total F,mm,,2017,Raw_Dataset/HistoricalRainfallacrossSingapore2017.csv,a51a27378607c6c37d51b72383259b27dae5dc7d5760a8b8fff04e86d9f92ddf,2886d139870e1bf87b022f654d8039458e389642c69d4e587887e61c7390812b,Semakau Landfill,S102,2017-04-25 11:20:00,2017-04-25 11:37:55,2017-04-25 11:37:55,0.0,0E-18,103.768,1.189,1493090400,0,0,IDENTITY,2017-04-25 11:20:00,2017-04-25 11:15:00,2017-04-25,2017-04-25,11,1075,1075,[],False,0,False,p0_3_v1,2,1,1,1,2886d139870e1bf87b022f654d8039458e389642c69d4e587887e61c7390812b,RETAINED
S102,1493090400,"2017-04-25,2017-04-25T11:19:59+08:00,2017-04-25T11:27:39+08:00,S102,Semakau Landfill,S102,103.768,1.189,2017-04-25T11:27:39+08:00,0.0,TB1 Rainfall 5 Minute Total F,mm",12,False,2017-04-25,2017-04-25T11:19:59+08:00,2017-04-25T11:27:39+08:00,S102,Semakau Landfill,S102,103.768,1.189,2017-04-25T11:27:39+08:00,0.0,TB1 Rainfall 5 Minute Total F,mm,,2017,Raw_Dataset/HistoricalRainfallacrossSingapore2017.csv,a51a27378607c6c37d51b72383259b27dae5dc7d5760a8b8fff04e86d9f92ddf,e9c5bb67cfc95898ff1f1aa9908efe0cc64d81f59c05e59f4c21b4f8f59e7f7c,Semakau Landfill,S102,2017-04-25 11:19:59,2017-04-25 11:27:39,2017-04-25 11:27:39,0.0,0E-18,103.768,1.189,1493090399,299,1,T2_PLUS_1_SECOND,2017-04-25 11:20:00,2017-04-25 11:15:00,2017-04-25,2017-04-25,11,460,460,[],False,0,False,p0_3_v1,2,1,1,2,2886d139870e1bf87b022f654d8039458e389642c69d4e587887e61c7390812b,MERGED_DUPLICATE
S102,1493090700,"2017-04-25,2017-04-25T11:25:00+08:00,2017-04-25T11:37:55+08:00,S102,Semakau Landfill,S102,103.768,1.189,2017-04-25T11:37:55+08:00,0.0,TB1 Rainfall 5 Minute Total F,mm",12,False,2017-04-25,2017-04-25T11:25:00+08:00,2017-04-25T11:37:55+08:00,S102,Semakau Landfill,S102,103.768,1.189,2017-04-25T11:37:55+08:00,0.0,TB1 Rainfall 5 Minute Total F,mm,,2017,Raw_Dataset/HistoricalRainfallacrossSingapore2017.csv,a51a27378607c6c37d51b72383259b27dae5dc7d5760a8b8fff04e86d9f92ddf,7bcea9c3f7579953c398a38fb1d05e570abc2f69a06f4e8292e3f67f8201a9c9,Semakau Landfill,S102,2017-04-25 11:25:00,2017-04-25 11:37:55,2017-04-25 11:37:55,0.0,0E-18,103.768,1.189,1493090700,0,0,IDENTITY,2017-04-25 11:25:00,2017-04-25 11:20:00,2017-04-25,2017-04-25,11,775,775,[],False,0,False,p0_3_v1,2,1,1,1,7bcea9c3f7579953c398a38fb1d05e570abc2f69a06f4e8292e3f67f8201a9c9,RETAINED
S102,1493090700,"2017-04-25,2017-04-25T11:24:59+08:00,2017-04-25T11:32:38+08:00,S102,Semakau Landfill,S102,103.768,1.189,2017-04-25T11:32:38+08:00,0.0,TB1 Rainfall 5 Minute Total F,mm",12,False,2017-04-25,2017-04-25T11:24:59+08:00,2017-04-25T11:32:38+08:00,S102,Semakau Landfill,S102,103.768,1.189,2017-04-25T11:32:38+08:00,0.0,TB1 Rainfall 5 Minute Total F,mm,,2017,Raw_Dataset/HistoricalRainfallacrossSingapore2017.csv,a51a27378607c6c37d51b72383259b27dae5dc7d5760a8b8fff04e86d9f92ddf,6d6b012122fff9a904365b602a85debc57614348762414381b7bb494aeace98c,Semakau Landfill,S102,2017-04-25 11:24:59,2017-04-25 11:32:38,2017-04-25 11:32:38,0.0,0E-18,103.768,1.189,1493090699,299,1,T2_PLUS_1_SECOND,2017-04-25 11:25:00,2017-04-25 11:20:00,2017-04-25,2017-04-25,11,459,459,[],False,0,False,p0_3_v1,2,1,1,2,7bcea9c3f7579953c398a38fb1d05e570abc2f69a06f4e8292e3f67f8201a9c9,MERGED_DUPLICATE
S104,1493090400,"2017-04-25,2017-04-25T11:20:00+08:00,2017-04-25T11:37:55+08:00,S104,Woodlands Avenue 9,S104,103.78538,1.44387,2017-04-25T11:37:55+08:00,0.0,TB1 Rainfall 5 Minute Total F,mm",12,False,2017-04-25,2017-04-25T11:20:00+08:00,2017-04-25T11:37:55+08:00,S104,Woodlands Avenue 9,S104,103.78538,1.44387,2017-04-25T11:37:55+08:00,0.0,TB1 Rainfall 5 Minute Total F,mm,,2017,Raw_Dataset/HistoricalRainfallacrossSingapore2017.csv,a51a27378607c6c37d51b72383259b27dae5dc7d5760a8b8fff04e86d9f92ddf,daa38878eaf74d29e035c17a814aa0b5268d690af255eeb1b38dd5fdd53baa37,Woodlands Avenue 9,S104,2017-04-25 11:20:00,2017-04-25 11:37:55,2017-04-25 11:37:55,0.0,0E-18,103.78538,1.44387,1493090400,0,0,IDENTITY,2017-04-25 11:20:00,2017-04-25 11:15:00,2017-04-25,2017-04-25,11,1075,1075,[],False,0,False,p0_3_v1,2,1,1,1,daa38878eaf74d29e035c17a814aa0b5268d690af255eeb1b38dd5fdd53baa37,RETAINED
S104,1493090400,"2017-04-25,2017-04-25T11:19:59+08:00,2017-04-25T11:27:39+08:00,S104,Woodlands Avenue 9,S104,103.78538,1.44387,2017-04-25T11:27:39+08:00,0.0,TB1 Rainfall 5 Minute Total F,mm",12,False,2017-04-25,2017-04-25T11:19:59+08:00,2017-04-25T11:27:39+08:00,S104,Woodlands Avenue 9,S104,103.78538,1.44387,2017-04-25T11:27:39+08:00,0.0,TB1 Rainfall 5 Minute Total F,mm,,2017,Raw_Dataset/HistoricalRainfallacrossSingapore2017.csv,a51a27378607c6c37d51b72383259b27dae5dc7d5760a8b8fff04e86d9f92ddf,ee6dd82bb9fe0f035a389d6959d4668eb0d3fa636b2b08bb34d2c72993b540c5,Woodlands Avenue 9,S104,2017-04-25 11:19:59,2017-04-25 11:27:39,2017-04-25 11:27:39,0.0,0E-18,103.78538,1.44387,1493090399,299,1,T2_PLUS_1_SECOND,2017-04-25 11:20:00,2017-04-25 11:15:00,2017-04-25,2017-04-25,11,460,460,[],False,0,False,p0_3_v1,2,1,1,2,daa38878eaf74d29e035c17a814aa0b5268d690af255eeb1b38dd5fdd53baa37,MERGED_DUPLICATE
S104,1493090700,"2017-04-25,2017-04-25T11:25:00+08:00,2017-04-25T11:37:55+08:00,S104,Woodlands Avenue 9,S104,103.78538,1.44387,2017-04-25T11:37:55+08:00,0.0,TB1 Rainfall 5 Minute Total F,mm",12,False,2017-04-25,2017-04-25T11:25:00+08:00,2017-04-25T11:37:55+08:00,S104,Woodlands Avenue 9,S104,103.78538,1.44387,2017-04-25T11:37:55+08:00,0.0,TB1 Rainfall 5 Minute Total F,mm,,2017,Raw_Dataset/HistoricalRainfallacrossSingapore2017.csv,a51a27378607c6c37d51b72383259b27dae5dc7d5760a8b8fff04e86d9f92ddf,7e768de291fa4e89af33bab55eace49f688c452723eb2129ab273be100b05938,Woodlands Avenue 9,S104,2017-04-25 11:25:00,2017-04-25 11:37:55,2017-04-25 11:37:55,0.0,0E-18,103.78538,1.44387,1493090700,0,0,IDENTITY,2017-04-25 11:25:00,2017-04-25 11:20:00,2017-04-25,2017-04-25,11,775,775,[],False,0,False,p0_3_v1,2,1,1,1,7e768de291fa4e89af33bab55eace49f688c452723eb2129ab273be100b05938,RETAINED
S104,1493090700,"2017-04-25,2017-04-25T11:24:59+08:00,2017-04-25T11:32:38+08:00,S104,Woodlands Avenue 9,S104,103.78538,1.44387,2017-04-25T11:32:38+08:00,0.0,TB1 Rainfall 5 Minute Total F,mm",12,False,2017-04-25,2017-04-25T11:24:59+08:00,2017-04-25T11:32:38+08:00,S104,Woodlands Avenue 9,S104,103.78538,1.44387,2017-04-25T11:32:38+08:00,0.0,TB1 Rainfall 5 Minute Total F,mm,,2017,Raw_Dataset/HistoricalRainfallacrossSingapore2017.csv,a51a27378607c6c37d51b72383259b27dae5dc7d5760a8b8fff04e86d9f92ddf,5c6a677d41275b0bc19e74b43586c56b0bb9025dc4cffd605b997e3d8acf6bb7,Woodlands Avenue 9,S104,2017-04-25 11:24:59,2017-04-25 11:32:38,2017-04-25 11:32:38,0.0,0E-18,103.78538,1.44387,1493090699,299,1,T2_PLUS_1_SECOND,2017-04-25 11:25:00,2017-04-25 11:20:00,2017-04-25,2017-04-25,11,459,459,[],False,0,False,p0_3_v1,2,1,1,2,7e768de291fa4e89af33bab55eace49f688c452723eb2129ab273be100b05938,MERGED_DUPLICATE
S106,1493090400,"2017-04-25,2017-04-25T11:20:00+08:00,2017-04-25T11:37:55+08:00,S106,Pulau Ubin,S106,103.9673,1.4168,2017-04-25T11:37:55+08:00,0.0,TB1 Rainfall 5 Minute Total F,mm",12,False,2017-04-25,2017-04-25T11:20:00+08:00,2017-04-25T11:37:55+08:00,S106,Pulau Ubin,S106,103.9673,1.4168,2017-04-25T11:37:55+08:00,0.0,TB1 Rainfall 5 Minute Total F,mm,,2017,Raw_Dataset/HistoricalRainfallacrossSingapore2017.csv,a51a27378607c6c37d51b72383259b27dae5dc7d5760a8b8fff04e86d9f92ddf,9a0b1561ed40717656ee51619999d9230073cb97d76311347319e7141c32f523,Pulau Ubin,S106,2017-04-25 11:20:00,2017-04-25 11:37:55,2017-04-25 11:37:55,0.0,0E-18,103.9673,1.4168,1493090400,0,0,IDENTITY,2017-04-25 11:20:00,2017-04-25 11:15:00,2017-04-25,2017-04-25,11,1075,1075,[],False,0,False,p0_3_v1,2,1,1,1,9a0b1561ed40717656ee51619999d9230073cb97d76311347319e7141c32f523,RETAINED
S106,1493090400,"2017-04-25,2017-04-25T11:19:59+08:00,2017-04-25T11:27:39+08:00,S106,Pulau Ubin,S106,103.9673,1.4168,2017-04-25T11:27:39+08:00,0.0,TB1 Rainfall 5 Minute Total F,mm",12,False,2017-04-25,2017-04-25T11:19:59+08:00,2017-04-25T11:27:39+08:00,S106,Pulau Ubin,S106,103.9673,1.4168,2017-04-25T11:27:39+08:00,0.0,TB1 Rainfall 5 Minute Total F,mm,,2017,Raw_Dataset/HistoricalRainfallacrossSingapore2017.csv,a51a27378607c6c37d51b72383259b27dae5dc7d5760a8b8fff04e86d9f92ddf,fbd9ab675a5e59e1905cc390f460aebefd142baa4dfb724eba6e307ffbfbd5dd,Pulau Ubin,S106,2017-04-25 11:19:59,2017-04-25 11:27:39,2017-04-25 11:27:39,0.0,0E-18,103.9673,1.4168,1493090399,299,1,T2_PLUS_1_SECOND,2017-04-25 11:20:00,2017-04-25 11:15:00,2017-04-25,2017-04-25,11,460,460,[],False,0,False,p0_3_v1,2,1,1,2,9a0b1561ed40717656ee51619999d9230073cb97d76311347319e7141c32f523,MERGED_DUPLICATE
S106,1493090700,"2017-04-25,2017-04-25T11:25:00+08:00,2017-04-25T11:37:55+08:00,S106,Pulau Ubin,S106,103.9673,1.4168,2017-04-25T11:37:55+08:00,0.0,TB1 Rainfall 5 Minute Total F,mm",12,False,2017-04-25,2017-04-25T11:25:00+08:00,2017-04-25T11:37:55+08:00,S106,Pulau Ubin,S106,103.9673,1.4168,2017-04-25T11:37:55+08:00,0.0,TB1 Rainfall 5 Minute Total F,mm,,2017,Raw_Dataset/HistoricalRainfallacrossSingapore2017.csv,a51a27378607c6c37d51b72383259b27dae5dc7d5760a8b8fff04e86d9f92ddf,261305aaa5f7a2e8ea46b824467f606a010ef72e09888c96e1d37c638a5becf6,Pulau Ubin,S106,2017-04-25 11:25:00,2017-04-25 11:37:55,2017-04-25 11:37:55,0.0,0E-18,103.9673,1.4168,1493090700,0,0,IDENTITY,2017-04-25 11:25:00,2017-04-25 11:20:00,2017-04-25,2017-04-25,11,775,775,[],False,0,False,p0_3_v1,2,1,1,1,261305aaa5f7a2e8ea46b824467f606a010ef72e09888c96e1d37c638a5becf6,RETAINED
S106,1493090700,"2017-04-25,2017-04-25T11:24:59+08:00,2017-04-25T11:32:38+08:00,S106,Pulau Ubin,S106,103.9673,1.4168,2017-04-25T11:32:38+08:00,0.0,TB1 Rainfall 5 Minute Total F,mm",12,False,2017-04-25,2017-04-25T11:24:59+08:00,2017-04-25T11:32:38+08:00,S106,Pulau Ubin,S106,103.9673,1.4168,2017-04-25T11:32:38+08:00,0.0,TB1 Rainfall 5 Minute Total F,mm,,2017,Raw_Dataset/HistoricalRainfallacrossSingapore2017.csv,a51a27378607c6c37d51b72383259b27dae5dc7d5760a8b8fff04e86d9f92ddf,1813b7e6f887781458a8ab4b5744639e6303b18979c17152b590aa7c2dafaff4,Pulau Ubin,S106,2017-04-25 11:24:59,2017-04-25 11:32:38,2017-04-25 11:32:38,0.0,0E-18,103.9673,1.4168,1493090699,299,1,T2_PLUS_1_SECOND,2017-04-25 11:25:00,2017-04-25 11:20:00,2017-04-25,2017-04-25,11,459,459,[],False,0,False,p0_3_v1,2,1,1,2,261305aaa5f7a2e8ea46b824467f606a010ef72e09888c96e1d37c638a5becf6,MERGED_DUPLICATE
S108,1493090400,"2017-04-25,2017-04-25T11:20:00+08:00,2017-04-25T11:37:55+08:00,S108,Marina Gardens Drive,S108,103.8703,1.2799,2017-04-25T11:37:55+08:00,0.0,TB1 Rainfall 5 Minute Total F,mm",12,False,2017-04-25,2017-04-25T11:20:00+08:00,2017-04-25T11:37:55+08:00,S108,Marina Gardens Drive,S108,103.8703,1.2799,2017-04-25T11:37:55+08:00,0.0,TB1 Rainfall 5 Minute Total F,mm,,2017,Raw_Dataset/HistoricalRainfallacrossSingapore2017.csv,a51a27378607c6c37d51b72383259b27dae5dc7d5760a8b8fff04e86d9f92ddf,69f79dba003ad953509dbd7a4a54f398242b9346adbca13bfb07228339b7744c,Marina Gardens Drive,S108,2017-04-25 11:20:00,2017-04-25 11:37:55,2017-04-25 11:37:55,0.0,0E-18,103.8703,1.2799,1493090400,0,0,IDENTITY,2017-04-25 11:20:00,2017-04-25 11:15:00,2017-04-25,2017-04-25,11,1075,1075,[],False,0,False,p0_3_v1,2,1,1,1,69f79dba003ad953509dbd7a4a54f398242b9346adbca13bfb07228339b7744c,RETAINED
S108,1493090400,"2017-04-25,2017-04-25T11:19:59+08:00,2017-04-25T11:27:39+08:00,S108,Marina Gardens Drive,S108,103.8703,1.2799,2017-04-25T11:27:39+08:00,0.0,TB1 Rainfall 5 Minute Total F,mm",12,False,2017-04-25,2017-04-25T11:19:59+08:00,2017-04-25T11:27:39+08:00,S108,Marina Gardens Drive,S108,103.8703,1.2799,2017-04-25T11:27:39+08:00,0.0,TB1 Rainfall 5 Minute Total F,mm,,2017,Raw_Dataset/HistoricalRainfallacrossSingapore2017.csv,a51a27378607c6c37d51b72383259b27dae5dc7d5760a8b8fff04e86d9f92ddf,b8a8c76aec0a654afb0a44d945a51d1fe207bc9e0323ac30d65172eae76197c2,Marina Gardens Drive,S108,2017-04-25 11:19:59,2017-04-25 11:27:39,2017-04-25 11:27:39,0.0,0E-18,103.8703,1.2799,1493090399,299,1,T2_PLUS_1_SECOND,2017-04-25 11:20:00,2017-04-25 11:15:00,2017-04-25,2017-04-25,11,460,460,[],False,0,False,p0_3_v1,2,1,1,2,69f79dba003ad953509dbd7a4a54f398242b9346adbca13bfb07228339b7744c,MERGED_DUPLICATE
S108,1493090700,"2017-04-25,2017-04-25T11:25:00+08:00,2017-04-25T11:37:55+08:00,S108,Marina Gardens Drive,S108,103.8703,1.2799,2017-04-25T11:37:55+08:00,0.0,TB1 Rainfall 5 Minute Total F,mm",12,False,2017-04-25,2017-04-25T11:25:00+08:00,2017-04-25T11:37:55+08:00,S108,Marina Gardens Drive,S108,103.8703,1.2799,2017-04-25T11:37:55+08:00,0.0,TB1 Rainfall 5 Minute Total F,mm,,2017,Raw_Dataset/HistoricalRainfallacrossSingapore2017.csv,a51a27378607c6c37d51b72383259b27dae5dc7d5760a8b8fff04e86d9f92ddf,79723054b215013a140a0ac46a6a321f6225ff9a594a532e14ec5e210fa26983,Marina Gardens Drive,S108,2017-04-25 11:25:00,2017-04-25 11:37:55,2017-04-25 11:37:55,0.0,0E-18,103.8703,1.2799,1493090700,0,0,IDENTITY,2017-04-25 11:25:00,2017-04-25 11:20:00,2017-04-25,2017-04-25,11,775,775,[],False,0,False,p0_3_v1,2,1,1,1,79723054b215013a140a0ac46a6a321f6225ff9a594a532e14ec5e210fa26983,RETAINED
S108,1493090700,"2017-04-25,2017-04-25T11:24:59+08:00,2017-04-25T11:32:38+08:00,S108,Marina Gardens Drive,S108,103.8703,1.2799,2017-04-25T11:32:38+08:00,0.0,TB1 Rainfall 5 Minute Total F,mm",12,False,2017-04-25,2017-04-25T11:24:59+08:00,2017-04-25T11:32:38+08:00,S108,Marina Gardens Drive,S108,103.8703,1.2799,2017-04-25T11:32:38+08:00,0.0,TB1 Rainfall 5 Minute Total F,mm,,2017,Raw_Dataset/HistoricalRainfallacrossSingapore2017.csv,a51a27378607c6c37d51b72383259b27dae5dc7d5760a8b8fff04e86d9f92ddf,69c3ba052745d30afb781a9ac823b8a824509d8587d1a1f7833fbb945e6f1bcd,Marina Gardens Drive,S108,2017-04-25 11:24:59,2017-04-25 11:32:38,2017-04-25 11:32:38,0.0,0E-18,103.8703,1.2799,1493090699,299,1,T2_PLUS_1_SECOND,2017-04-25 11:25:00,2017-04-25 11:20:00,2017-04-25,2017-04-25,11,459,459,[],False,0,False,p0_3_v1,2,1,1,2,79723054b215013a140a0ac46a6a321f6225ff9a594a532e14ec5e210fa26983,MERGED_DUPLICATE
S109,1493090400,"2017-04-25,2017-04-25T11:20:00+08:00,2017-04-25T11:37:55+08:00,S109,Ang Mo Kio Avenue 5,S109,103.8492,1.3764,2017-04-25T11:37:55+08:00,0.0,TB1 Rainfall 5 Minute Total F,mm",12,False,2017-04-25,2017-04-25T11:20:00+08:00,2017-04-25T11:37:55+08:00,S109,Ang Mo Kio Avenue 5,S109,103.8492,1.3764,2017-04-25T11:37:55+08:00,0.0,TB1 Rainfall 5 Minute Total F,mm,,2017,Raw_Dataset/HistoricalRainfallacrossSingapore2017.csv,a51a27378607c6c37d51b72383259b27dae5dc7d5760a8b8fff04e86d9f92ddf,f02d89f0b379b3867b931341a1b337263a22c901419b2d9b7423eb232b653c86,Ang Mo Kio Avenue 5,S109,2017-04-25 11:20:00,2017-04-25 11:37:55,2017-04-25 11:37:55,0.0,0E-18,103.8492,1.3764,1493090400,0,0,IDENTITY,2017-04-25 11:20:00,2017-04-25 11:15:00,2017-04-25,2017-04-25,11,1075,1075,[],False,0,False,p0_3_v1,2,1,1,1,f02d89f0b379b3867b931341a1b337263a22c901419b2d9b7423eb232b653c86,RETAINED
S109,1493090400,"2017-04-25,2017-04-25T11:19:59+08:00,2017-04-25T11:27:39+08:00,S109,Ang Mo Kio Avenue 5,S109,103.8492,1.3764,2017-04-25T11:27:39+08:00,0.0,TB1 Rainfall 5 Minute Total F,mm",12,False,2017-04-25,2017-04-25T11:19:59+08:00,2017-04-25T11:27:39+08:00,S109,Ang Mo Kio Avenue 5,S109,103.8492,1.3764,2017-04-25T11:27:39+08:00,0.0,TB1 Rainfall 5 Minute Total F,mm,,2017,Raw_Dataset/HistoricalRainfallacrossSingapore2017.csv,a51a27378607c6c37d51b72383259b27dae5dc7d5760a8b8fff04e86d9f92ddf,ef57d59eb793cdf5f3409c29cce26f90ed3b3bcd9e7f10a9173fcef778625f90,Ang Mo Kio Avenue 5,S109,2017-04-25 11:19:59,2017-04-25 11:27:39,2017-04-25 11:27:39,0.0,0E-18,103.8492,1.3764,1493090399,299,1,T2_PLUS_1_SECOND,2017-04-25 11:20:00,2017-04-25 11:15:00,2017-04-25,2017-04-25,11,460,460,[],False,0,False,p0_3_v1,2,1,1,2,f02d89f0b379b3867b931341a1b337263a22c901419b2d9b7423eb232b653c86,MERGED_DUPLICATE
S109,1493090700,"2017-04-25,2017-04-25T11:25:00+08:00,2017-04-25T11:37:55+08:00,S109,Ang Mo Kio Avenue 5,S109,103.8492,1.3764,2017-04-25T11:37:55+08:00,0.0,TB1 Rainfall 5 Minute Total F,mm",12,False,2017-04-25,2017-04-25T11:25:00+08:00,2017-04-25T11:37:55+08:00,S109,Ang Mo Kio Avenue 5,S109,103.8492,1.3764,2017-04-25T11:37:55+08:00,0.0,TB1 Rainfall 5 Minute Total F,mm,,2017,Raw_Dataset/HistoricalRainfallacrossSingapore2017.csv,a51a27378607c6c37d51b72383259b27dae5dc7d5760a8b8fff04e86d9f92ddf,14ebcd5e82645c546f3da946db2ed8d5031eb32d19ce95f59ab14e41ef29b537,Ang Mo Kio Avenue 5,S109,2017-04-25 11:25:00,2017-04-25 11:37:55,2017-04-25 11:37:55,0.0,0E-18,103.8492,1.3764,1493090700,0,0,IDENTITY,2017-04-25 11:25:00,2017-04-25 11:20:00,2017-04-25,2017-04-25,11,775,775,[],False,0,False,p0_3_v1,2,1,1,1,14ebcd5e82645c546f3da946db2ed8d5031eb32d19ce95f59ab14e41ef29b537,RETAINED
S109,1493090700,"2017-04-25,2017-04-25T11:24:59+08:00,2017-04-25T11:32:38+08:00,S109,Ang Mo Kio Avenue 5,S109,103.8492,1.3764,2017-04-25T11:32:38+08:00,0.0,TB1 Rainfall 5 Minute Total F,mm",12,False,2017-04-25,2017-04-25T11:24:59+08:00,2017-04-25T11:32:38+08:00,S109,Ang Mo Kio Avenue 5,S109,103.8492,1.3764,2017-04-25T11:32:38+08:00,0.0,TB1 Rainfall 5 Minute Total F,mm,,2017,Raw_Dataset/HistoricalRainfallacrossSingapore2017.csv,a51a27378607c6c37d51b72383259b27dae5dc7d5760a8b8fff04e86d9f92ddf,88c30aaa299c383cafa753ce6c7c546e62dfc4ba4fd4557cbec9502232e7bc5f,Ang Mo Kio Avenue 5,S109,2017-04-25 11:24:59,2017-04-25 11:32:38,2017-04-25 11:32:38,0.0,0E-18,103.8492,1.3764,1493090699,299,1,T2_PLUS_1_SECOND,2017-04-25 11:25:00,2017-04-25 11:20:00,2017-04-25,2017-04-25,11,459,459,[],False,0,False,p0_3_v1,2,1,1,2,14ebcd5e82645c546f3da946db2ed8d5031eb32d19ce95f59ab14e41ef29b537,MERGED_DUPLICATE
S11,1493090400,"2017-04-25,2017-04-25T11:20:00+08:00,2017-04-25T11:37:55+08:00,S11,Choa Chu Kang Road,S11,103.6938,1.3746,2017-04-25T11:37:55+08:00,0.0,TB1 Rainfall 5 Minute Total F,mm",12,False,2017-04-25,2017-04-25T11:20:00+08:00,2017-04-25T11:37:55+08:00,S11,Choa Chu Kang Road,S11,103.6938,1.3746,2017-04-25T11:37:55+08:00,0.0,TB1 Rainfall 5 Minute Total F,mm,,2017,Raw_Dataset/HistoricalRainfallacrossSingapore2017.csv,a51a27378607c6c37d51b72383259b27dae5dc7d5760a8b8fff04e86d9f92ddf,ff6dd4e6b1c7552a1ecd19bf17a6ceeaee4e49e9417d6b2d413e2784523db287,Choa Chu Kang Road,S11,2017-04-25 11:20:00,2017-04-25 11:37:55,2017-04-25 11:37:55,0.0,0E-18,103.6938,1.3746,1493090400,0,0,IDENTITY,2017-04-25 11:20:00,2017-04-25 11:15:00,2017-04-25,2017-04-25,11,1075,1075,[],False,0,False,p0_3_v1,2,1,1,1,ff6dd4e6b1c7552a1ecd19bf17a6ceeaee4e49e9417d6b2d413e2784523db287,RETAINED
S11,1493090400,"2017-04-25,2017-04-25T11:19:59+08:00,2017-04-25T11:27:39+08:00,S11,Choa Chu Kang Road,S11,103.6938,1.3746,2017-04-25T11:27:39+08:00,0.0,TB1 Rainfall 5 Minute Total F,mm",12,False,2017-04-25,2017-04-25T11:19:59+08:00,2017-04-25T11:27:39+08:00,S11,Choa Chu Kang Road,S11,103.6938,1.3746,2017-04-25T11:27:39+08:00,0.0,TB1 Rainfall 5 Minute Total F,mm,,2017,Raw_Dataset/HistoricalRainfallacrossSingapore2017.csv,a51a27378607c6c37d51b72383259b27dae5dc7d5760a8b8fff04e86d9f92ddf,bdec93ecf03a9cabf3524b72677b2b403c4f51f095c17b2f364e7742d003326f,Choa Chu Kang Road,S11,2017-04-25 11:19:59,2017-04-25 11:27:39,2017-04-25 11:27:39,0.0,0E-18,103.6938,1.3746,1493090399,299,1,T2_PLUS_1_SECOND,2017-04-25 11:20:00,2017-04-25 11:15:00,2017-04-25,2017-04-25,11,460,460,[],False,0,False,p0_3_v1,2,1,1,2,ff6dd4e6b1c7552a1ecd19bf17a6ceeaee4e49e9417d6b2d413e2784523db287,MERGED_DUPLICATE
S11,1493090700,"2017-04-25,2017-04-25T11:25:00+08:00,2017-04-25T11:37:55+08:00,S11,Choa Chu Kang Road,S11,103.6938,1.3746,2017-04-25T11:37:55+08:00,0.0,TB1 Rainfall 5 Minute Total F,mm",12,False,2017-04-25,2017-04-25T11:25:00+08:00,2017-04-25T11:37:55+08:00,S11,Choa Chu Kang Road,S11,103.6938,1.3746,2017-04-25T11:37:55+08:00,0.0,TB1 Rainfall 5 Minute Total F,mm,,2017,Raw_Dataset/HistoricalRainfallacrossSingapore2017.csv,a51a27378607c6c37d51b72383259b27dae5dc7d5760a8b8fff04e86d9f92ddf,d5f74e255b4b9a776b0d5aed67db08760dacb0b8856230c94f76aa53657a6f1a,Choa Chu Kang Road,S11,2017-04-25 11:25:00,2017-04-25 11:37:55,2017-04-25 11:37:55,0.0,0E-18,103.6938,1.3746,1493090700,0,0,IDENTITY,2017-04-25 11:25:00,2017-04-25 11:20:00,2017-04-25,2017-04-25,11,775,775,[],False,0,False,p0_3_v1,2,1,1,1,d5f74e255b4b9a776b0d5aed67db08760dacb0b8856230c94f76aa53657a6f1a,RETAINED
S11,1493090700,"2017-04-25,2017-04-25T11:24:59+08:00,2017-04-25T11:32:38+08:00,S11,Choa Chu Kang Road,S11,103.6938,1.3746,2017-04-25T11:32:38+08:00,0.0,TB1 Rainfall 5 Minute Total F,mm",12,False,2017-04-25,2017-04-25T11:24:59+08:00,2017-04-25T11:32:38+08:00,S11,Choa Chu Kang Road,S11,103.6938,1.3746,2017-04-25T11:32:38+08:00,0.0,TB1 Rainfall 5 Minute Total F,mm,,2017,Raw_Dataset/HistoricalRainfallacrossSingapore2017.csv,a51a27378607c6c37d51b72383259b27dae5dc7d5760a8b8fff04e86d9f92ddf,9ebde3797f2f6ca2e74ff352b47b3730a5abb00e4b3910169f00b2e4239cc878,Choa Chu Kang Road,S11,2017-04-25 11:24:59,2017-04-25 11:32:38,2017-04-25 11:32:38,0.0,0E-18,103.6938,1.3746,1493090699,299,1,T2_PLUS_1_SECOND,2017-04-25 11:25:00,2017-04-25 11:20:00,2017-04-25,2017-04-25,11,459,459,[],False,0,False,p0_3_v1,2,1,1,2,d5f74e255b4b9a776b0d5aed67db08760dacb0b8856230c94f76aa53657a6f1a,MERGED_DUPLICATE
S112,1493090400,"2017-04-25,2017-04-25T11:20:00+08:00,2017-04-25T11:37:55+08:00,S112,Lim Chu Kang Road,S112,103.70131,1.43854,2017-04-25T11:37:55+08:00,0.0,TB1 Rainfall 5 Minute Total F,mm",12,False,2017-04-25,2017-04-25T11:20:00+08:00,2017-04-25T11:37:55+08:00,S112,Lim Chu Kang Road,S112,103.70131,1.43854,2017-04-25T11:37:55+08:00,0.0,TB1 Rainfall 5 Minute Total F,mm,,2017,Raw_Dataset/HistoricalRainfallacrossSingapore2017.csv,a51a27378607c6c37d51b72383259b27dae5dc7d5760a8b8fff04e86d9f92ddf,f4949da9240c4543e4ad4f89b59d481097875bbfcfb5b193dc88cf4b6d8c0a22,Lim Chu Kang Road,S112,2017-04-25 11:20:00,2017-04-25 11:37:55,2017-04-25 11:37:55,0.0,0E-18,103.70131,1.43854,1493090400,0,0,IDENTITY,2017-04-25 11:20:00,2017-04-25 11:15:00,2017-04-25,2017-04-25,11,1075,1075,[],False,0,False,p0_3_v1,2,1,1,1,f4949da9240c4543e4ad4f89b59d481097875bbfcfb5b193dc88cf4b6d8c0a22,RETAINED
S112,1493090400,"2017-04-25,2017-04-25T11:19:59+08:00,2017-04-25T11:27:39+08:00,S112,Lim Chu Kang Road,S112,103.70131,1.43854,2017-04-25T11:27:39+08:00,0.0,TB1 Rainfall 5 Minute Total F,mm",12,False,2017-04-25,2017-04-25T11:19:59+08:00,2017-04-25T11:27:39+08:00,S112,Lim Chu Kang Road,S112,103.70131,1.43854,2017-04-25T11:27:39+08:00,0.0,TB1 Rainfall 5 Minute Total F,mm,,2017,Raw_Dataset/HistoricalRainfallacrossSingapore2017.csv,a51a27378607c6c37d51b72383259b27dae5dc7d5760a8b8fff04e86d9f92ddf,4c73e86e43635426434d23879f55ff081f7b7b97d9b052c6fcce040e9205bbd8,Lim Chu Kang Road,S112,2017-04-25 11:19:59,2017-04-25 11:27:39,2017-04-25 11:27:39,0.0,0E-18,103.70131,1.43854,1493090399,299,1,T2_PLUS_1_SECOND,2017-04-25 11:20:00,2017-04-25 11:15:00,2017-04-25,2017-04-25,11,460,460,[],False,0,False,p0_3_v1,2,1,1,2,f4949da9240c4543e4ad4f89b59d481097875bbfcfb5b193dc88cf4b6d8c0a22,MERGED_DUPLICATE
S112,1493090700,"2017-04-25,2017-04-25T11:25:00+08:00,2017-04-25T11:37:55+08:00,S112,Lim Chu Kang Road,S112,103.70131,1.43854,2017-04-25T11:37:55+08:00,0.0,TB1 Rainfall 5 Minute Total F,mm",12,False,2017-04-25,2017-04-25T11:25:00+08:00,2017-04-25T11:37:55+08:00,S112,Lim Chu Kang Road,S112,103.70131,1.43854,2017-04-25T11:37:55+08:00,0.0,TB1 Rainfall 5 Minute Total F,mm,,2017,Raw_Dataset/HistoricalRainfallacrossSingapore2017.csv,a51a27378607c6c37d51b72383259b27dae5dc7d5760a8b8fff04e86d9f92ddf,da00204f781dacf7f33ef9078266ab38ef7fff5f6d38030ddc4222af06aef8ef,Lim Chu Kang Road,S112,2017-04-25 11:25:00,2017-04-25 11:37:55,2017-04-25 11:37:55,0.0,0E-18,103.70131,1.43854,1493090700,0,0,IDENTITY,2017-04-25 11:25:00,2017-04-25 11:20:00,2017-04-25,2017-04-25,11,775,775,[],False,0,False,p0_3_v1,2,1,1,1,da00204f781dacf7f33ef9078266ab38ef7fff5f6d38030ddc4222af06aef8ef,RETAINED
S112,1493090700,"2017-04-25,2017-04-25T11:24:59+08:00,2017-04-25T11:32:38+08:00,S112,Lim Chu Kang Road,S112,103.70131,1.43854,2017-04-25T11:32:38+08:00,0.0,TB1 Rainfall 5 Minute Total F,mm",12,False,2017-04-25,2017-04-25T11:24:59+08:00,2017-04-25T11:32:38+08:00,S112,Lim Chu Kang Road,S112,103.70131,1.43854,2017-04-25T11:32:38+08:00,0.0,TB1 Rainfall 5 Minute Total F,mm,,2017,Raw_Dataset/HistoricalRainfallacrossSingapore2017.csv,a51a27378607c6c37d51b72383259b27dae5dc7d5760a8b8fff04e86d9f92ddf,e98f7e6dc2375cce3620159554e48fdc3cc94207a7b40f4edeab1eac794d02b6,Lim Chu Kang Road,S112,2017-04-25 11:24:59,2017-04-25 11:32:38,2017-04-25 11:32:38,0.0,0E-18,103.70131,1.43854,1493090699,299,1,T2_PLUS_1_SECOND,2017-04-25 11:25:00,2017-04-25 11:20:00,2017-04-25,2017-04-25,11,459,459,[],False,0,False,p0_3_v1,2,1,1,2,da00204f781dacf7f33ef9078266ab38ef7fff5f6d38030ddc4222af06aef8ef,MERGED_DUPLICATE
S113,1493090400,"2017-04-25,2017-04-25T11:20:00+08:00,2017-04-25T11:37:55+08:00,S113,Marine Parade Road,S113,103.9104,1.30648,2017-04-25T11:37:55+08:00,0.0,TB1 Rainfall 5 Minute Total F,mm",12,False,2017-04-25,2017-04-25T11:20:00+08:00,2017-04-25T11:37:55+08:00,S113,Marine Parade Road,S113,103.9104,1.30648,2017-04-25T11:37:55+08:00,0.0,TB1 Rainfall 5 Minute Total F,mm,,2017,Raw_Dataset/HistoricalRainfallacrossSingapore2017.csv,a51a27378607c6c37d51b72383259b27dae5dc7d5760a8b8fff04e86d9f92ddf,d9bb6fc432c3bc6515507ea0931097bef0b540eb95ce0ae7a1a81c3ae02d0826,Marine Parade Road,S113,2017-04-25 11:20:00,2017-04-25 11:37:55,2017-04-25 11:37:55,0.0,0E-18,103.9104,1.30648,1493090400,0,0,IDENTITY,2017-04-25 11:20:00,2017-04-25 11:15:00,2017-04-25,2017-04-25,11,1075,1075,[],False,0,False,p0_3_v1,2,1,2,1,d9bb6fc432c3bc6515507ea0931097bef0b540eb95ce0ae7a1a81c3ae02d0826,RETAINED
S113,1493090400,"2017-04-25,2017-04-25T11:19:59+08:00,2017-04-25T11:27:39+08:00,S113,Marine Parade Road,S113,103.91074,1.30655,2017-04-25T11:27:39+08:00,0.0,TB1 Rainfall 5 Minute Total F,mm",12,False,2017-04-25,2017-04-25T11:19:59+08:00,2017-04-25T11:27:39+08:00,S113,Marine Parade Road,S113,103.91074,1.30655,2017-04-25T11:27:39+08:00,0.0,TB1 Rainfall 5 Minute Total F,mm,,2017,Raw_Dataset/HistoricalRainfallacrossSingapore2017.csv,a51a27378607c6c37d51b72383259b27dae5dc7d5760a8b8fff04e86d9f92ddf,994d1447c7c62bbfd41400120f199db7f0d01329d2e49d7e160dd42781f2c6e8,Marine Parade Road,S113,2017-04-25 11:19:59,2017-04-25 11:27:39,2017-04-25 11:27:39,0.0,0E-18,103.91074,1.30655,1493090399,299,1,T2_PLUS_1_SECOND,2017-04-25 11:20:00,2017-04-25 11:15:00,2017-04-25,2017-04-25,11,460,460,[],False,0,False,p0_3_v1,2,1,2,2,d9bb6fc432c3bc6515507ea0931097bef0b540eb95ce0ae7a1a81c3ae02d0826,MERGED_DUPLICATE
S113,1493090700,"2017-04-25,2017-04-25T11:25:00+08:00,2017-04-25T11:37:55+08:00,S113,Marine Parade Road,S113,103.9104,1.30648,2017-04-25T11:37:55+08:00,0.0,TB1 Rainfall 5 Minute Total F,mm",12,False,2017-04-25,2017-04-25T11:25:00+08:00,2017-04-25T11:37:55+08:00,S113,Marine Parade Road,S113,103.9104,1.30648,2017-04-25T11:37:55+08:00,0.0,TB1 Rainfall 5 Minute Total F,mm,,2017,Raw_Dataset/HistoricalRainfallacrossSingapore2017.csv,a51a27378607c6c37d51b72383259b27dae5dc7d5760a8b8fff04e86d9f92ddf,799c7d8cbb3925284bf25bbca040c21d4fe9268df5d2161dd61a3503ab7c63e9,Marine Parade Road,S113,2017-04-25 11:25:00,2017-04-25 11:37:55,2017-04-25 11:37:55,0.0,0E-18,103.9104,1.30648,1493090700,0,0,IDENTITY,2017-04-25 11:25:00,2017-04-25 11:20:00,2017-04-25,2017-04-25,11,775,775,[],False,0,False,p0_3_v1,2,1,2,1,799c7d8cbb3925284bf25bbca040c21d4fe9268df5d2161dd61a3503ab7c63e9,RETAINED
S113,1493090700,"2017-04-25,2017-04-25T11:24:59+08:00,2017-04-25T11:32:38+08:00,S113,Marine Parade Road,S113,103.91074,1.30655,2017-04-25T11:32:38+08:00,0.0,TB1 Rainfall 5 Minute Total F,mm",12,False,2017-04-25,2017-04-25T11:24:59+08:00,2017-04-25T11:32:38+08:00,S113,Marine Parade Road,S113,103.91074,1.30655,2017-04-25T11:32:38+08:00,0.0,TB1 Rainfall 5 Minute Total F,mm,,2017,Raw_Dataset/HistoricalRainfallacrossSingapore2017.csv,a51a27378607c6c37d51b72383259b27dae5dc7d5760a8b8fff04e86d9f92ddf,b532b712a14d403fe6bcc2f3e263159441658ded792d013bde9c522abdc61e46,Marine Parade Road,S113,2017-04-25 11:24:59,2017-04-25 11:32:38,2017-04-25 11:32:38,0.0,0E-18,103.91074,1.30655,1493090699,299,1,T2_PLUS_1_SECOND,2017-04-25 11:25:00,2017-04-25 11:20:00,2017-04-25,2017-04-25,11,459,459,[],False,0,False,p0_3_v1,2,1,2,2,799c7d8cbb3925284bf25bbca040c21d4fe9268df5d2161dd61a3503ab7c63e9,MERGED_DUPLICATE
S114,1493090400,"2017-04-25,2017-04-25T11:20:00+08:00,2017-04-25T11:37:55+08:00,S114,Choa Chu Kang Avenue 4,S114,103.73,1.38,2017-04-25T11:37:55+08:00,0.0,TB1 Rainfall 5 Minute Total F,mm",12,False,2017-04-25,2017-04-25T11:20:00+08:00,2017-04-25T11:37:55+08:00,S114,Choa Chu Kang Avenue 4,S114,103.73,1.38,2017-04-25T11:37:55+08:00,0.0,TB1 Rainfall 5 Minute Total F,mm,,2017,Raw_Dataset/HistoricalRainfallacrossSingapore2017.csv,a51a27378607c6c37d51b72383259b27dae5dc7d5760a8b8fff04e86d9f92ddf,f32933ce3a5300421a50ed763ed76be35fe42151487d5adfb9a61c1c10322059,Choa Chu Kang Avenue 4,S114,2017-04-25 11:20:00,2017-04-25 11:37:55,2017-04-25 11:37:55,0.0,0E-18,103.73,1.38,1493090400,0,0,IDENTITY,2017-04-25 11:20:00,2017-04-25 11:15:00,2017-04-25,2017-04-25,11,1075,1075,[],False,0,False,p0_3_v1,2,1,1,1,f32933ce3a5300421a50ed763ed76be35fe42151487d5adfb9a61c1c10322059,RETAINED
S114,1493090400,"2017-04-25,2017-04-25T11:19:59+08:00,2017-04-25T11:27:39+08:00,S114,Choa Chu Kang Avenue 4,S114,103.73,1.38,2017-04-25T11:27:39+08:00,0.0,TB1 Rainfall 5 Minute Total F,mm",12,False,2017-04-25,2017-04-25T11:19:59+08:00,2017-04-25T11:27:39+08:00,S114,Choa Chu Kang Avenue 4,S114,103.73,1.38,2017-04-25T11:27:39+08:00,0.0,TB1 Rainfall 5 Minute Total F,mm,,2017,Raw_Dataset/HistoricalRainfallacrossSingapore2017.csv,a51a27378607c6c37d51b72383259b27dae5dc7d5760a8b8fff04e86d9f92ddf,2b67617e0365a54155fa76d236b33084ea9df46882858f4fa846c9656d5ec6fd,Choa Chu Kang Avenue 4,S114,2017-04-25 11:19:59,2017-04-25 11:27:39,2017-04-25 11:27:39,0.0,0E-18,103.73,1.38,1493090399,299,1,T2_PLUS_1_SECOND,2017-04-25 11:20:00,2017-04-25 11:15:00,2017-04-25,2017-04-25,11,460,460,[],False,0,False,p0_3_v1,2,1,1,2,f32933ce3a5300421a50ed763ed76be35fe42151487d5adfb9a61c1c10322059,MERGED_DUPLICATE
S114,1493090700,"2017-04-25,2017-04-25T11:25:00+08:00,2017-04-25T11:37:55+08:00,S114,Choa Chu Kang Avenue 4,S114,103.73,1.38,2017-04-25T11:37:55+08:00,0.0,TB1 Rainfall 5 Minute Total F,mm",12,False,2017-04-25,2017-04-25T11:25:00+08:00,2017-04-25T11:37:55+08:00,S114,Choa Chu Kang Avenue 4,S114,103.73,1.38,2017-04-25T11:37:55+08:00,0.0,TB1 Rainfall 5 Minute Total F,mm,,2017,Raw_Dataset/HistoricalRainfallacrossSingapore2017.csv,a51a27378607c6c37d51b72383259b27dae5dc7d5760a8b8fff04e86d9f92ddf,cb88459e1d7a7a1e877d2cd01c1ccd555a2f19cd70fb0408165407142f7e0b25,Choa Chu Kang Avenue 4,S114,2017-04-25 11:25:00,2017-04-25 11:37:55,2017-04-25 11:37:55,0.0,0E-18,103.73,1.38,1493090700,0,0,IDENTITY,2017-04-25 11:25:00,2017-04-25 11:20:00,2017-04-25,2017-04-25,11,775,775,[],False,0,False,p0_3_v1,2,1,1,1,cb88459e1d7a7a1e877d2cd01c1ccd555a2f19cd70fb0408165407142f7e0b25,RETAINED
S114,1493090700,"2017-04-25,2017-04-25T11:24:59+08:00,2017-04-25T11:32:38+08:00,S114,Choa Chu Kang Avenue 4,S114,103.73,1.38,2017-04-25T11:32:38+08:00,0.0,TB1 Rainfall 5 Minute Total F,mm",12,False,2017-04-25,2017-04-25T11:24:59+08:00,2017-04-25T11:32:38+08:00,S114,Choa Chu Kang Avenue 4,S114,103.73,1.38,2017-04-25T11:32:38+08:00,0.0,TB1 Rainfall 5 Minute Total F,mm,,2017,Raw_Dataset/HistoricalRainfallacrossSingapore2017.csv,a51a27378607c6c37d51b72383259b27dae5dc7d5760a8b8fff04e86d9f92ddf,dbb467191d1320130393c31263559e7da7b5694a0a41e6eaddd00f10c9c23de8,Choa Chu Kang Avenue 4,S114,2017-04-25 11:24:59,2017-04-25 11:32:38,2017-04-25 11:32:38,0.0,0E-18,103.73,1.38,1493090699,299,1,T2_PLUS_1_SECOND,2017-04-25 11:25:00,2017-04-25 11:20:00,2017-04-25,2017-04-25,11,459,459,[],False,0,False,p0_3_v1,2,1,1,2,cb88459e1d7a7a1e877d2cd01c1ccd555a2f19cd70fb0408165407142f7e0b25,MERGED_DUPLICATE
S115,1493090400,"2017-04-25,2017-04-25T11:20:00+08:00,2017-04-25T11:37:55+08:00,S115,Tuas South Avenue 3,S115,103.61843,1.29377,2017-04-25T11:37:55+08:00,0.0,TB1 Rainfall 5 Minute Total F,mm",12,False,2017-04-25,2017-04-25T11:20:00+08:00,2017-04-25T11:37:55+08:00,S115,Tuas South Avenue 3,S115,103.61843,1.29377,2017-04-25T11:37:55+08:00,0.0,TB1 Rainfall 5 Minute Total F,mm,,2017,Raw_Dataset/HistoricalRainfallacrossSingapore2017.csv,a51a27378607c6c37d51b72383259b27dae5dc7d5760a8b8fff04e86d9f92ddf,ca5b6588b83266aaee43bf94fb654225e914419578201d330942f11a10b618b2,Tuas South Avenue 3,S115,2017-04-25 11:20:00,2017-04-25 11:37:55,2017-04-25 11:37:55,0.0,0E-18,103.61843,1.29377,1493090400,0,0,IDENTITY,2017-04-25 11:20:00,2017-04-25 11:15:00,2017-04-25,2017-04-25,11,1075,1075,[],False,0,False,p0_3_v1,2,1,1,1,ca5b6588b83266aaee43bf94fb654225e914419578201d330942f11a10b618b2,RETAINED
S115,1493090400,"2017-04-25,2017-04-25T11:19:59+08:00,2017-04-25T11:27:39+08:00,S115,Tuas South Avenue 3,S115,103.61843,1.29377,2017-04-25T11:27:39+08:00,0.0,TB1 Rainfall 5 Minute Total F,mm",12,False,2017-04-25,2017-04-25T11:19:59+08:00,2017-04-25T11:27:39+08:00,S115,Tuas South Avenue 3,S115,103.61843,1.29377,2017-04-25T11:27:39+08:00,0.0,TB1 Rainfall 5 Minute Total F,mm,,2017,Raw_Dataset/HistoricalRainfallacrossSingapore2017.csv,a51a27378607c6c37d51b72383259b27dae5dc7d5760a8b8fff04e86d9f92ddf,619c14bb98260a0b98150fb2e73586fb20af714852f51965574f6558771bba9a,Tuas South Avenue 3,S115,2017-04-25 11:19:59,2017-04-25 11:27:39,2017-04-25 11:27:39,0.0,0E-18,103.61843,1.29377,1493090399,299,1,T2_PLUS_1_SECOND,2017-04-25 11:20:00,2017-04-25 11:15:00,2017-04-25,2017-04-25,11,460,460,[],False,0,False,p0_3_v1,2,1,1,2,ca5b6588b83266aaee43bf94fb654225e914419578201d330942f11a10b618b2,MERGED_DUPLICATE
S115,1493090700,"2017-04-25,2017-04-25T11:25:00+08:00,2017-04-25T11:37:55+08:00,S115,Tuas South Avenue 3,S115,103.61843,1.29377,2017-04-25T11:37:55+08:00,0.0,TB1 Rainfall 5 Minute Total F,mm",12,False,2017-04-25,2017-04-25T11:25:00+08:00,2017-04-25T11:37:55+08:00,S115,Tuas South Avenue 3,S115,103.61843,1.29377,2017-04-25T11:37:55+08:00,0.0,TB1 Rainfall 5 Minute Total F,mm,,2017,Raw_Dataset/HistoricalRainfallacrossSingapore2017.csv,a51a27378607c6c37d51b72383259b27dae5dc7d5760a8b8fff04e86d9f92ddf,32dc02cde4979f4b7ea34a12c777783738beae56f640feae27dfb9ba1c8fd150,Tuas South Avenue 3,S115,2017-04-25 11:25:00,2017-04-25 11:37:55,2017-04-25 11:37:55,0.0,0E-18,103.61843,1.29377,1493090700,0,0,IDENTITY,2017-04-25 11:25:00,2017-04-25 11:20:00,2017-04-25,2017-04-25,11,775,775,[],False,0,False,p0_3_v1,2,1,1,1,32dc02cde4979f4b7ea34a12c777783738beae56f640feae27dfb9ba1c8fd150,RETAINED
S115,1493090700,"2017-04-25,2017-04-25T11:24:59+08:00,2017-04-25T11:32:38+08:00,S115,Tuas South Avenue 3,S115,103.61843,1.29377,2017-04-25T11:32:38+08:00,0.0,TB1 Rainfall 5 Minute Total F,mm",12,False,2017-04-25,2017-04-25T11:24:59+08:00,2017-04-25T11:32:38+08:00,S115,Tuas South Avenue 3,S115,103.61843,1.29377,2017-04-25T11:32:38+08:00,0.0,TB1 Rainfall 5 Minute Total F,mm,,2017,Raw_Dataset/HistoricalRainfallacrossSingapore2017.csv,a51a27378607c6c37d51b72383259b27dae5dc7d5760a8b8fff04e86d9f92ddf,366369e95f9b5f51f2fc8d5770b54e0aab4e130df99b3ce0efbeecba19c0c4fc,Tuas South Avenue 3,S115,2017-04-25 11:24:59,2017-04-25 11:32:38,2017-04-25 11:32:38,0.0,0E-18,103.61843,1.29377,1493090699,299,1,T2_PLUS_1_SECOND,2017-04-25 11:25:00,2017-04-25 11:20:00,2017-04-25,2017-04-25,11,459,459,[],False,0,False,p0_3_v1,2,1,1,2,32dc02cde4979f4b7ea34a12c777783738beae56f640feae27dfb9ba1c8fd150,MERGED_DUPLICATE
S116,1493090400,"2017-04-25,2017-04-25T11:20:00+08:00,2017-04-25T11:37:55+08:00,S116,West Coast Highway,S116,103.754,1.281,2017-04-25T11:37:55+08:00,0.0,TB1 Rainfall 5 Minute Total F,mm",12,False,2017-04-25,2017-04-25T11:20:00+08:00,2017-04-25T11:37:55+08:00,S116,West Coast Highway,S116,103.754,1.281,2017-04-25T11:37:55+08:00,0.0,TB1 Rainfall 5 Minute Total F,mm,,2017,Raw_Dataset/HistoricalRainfallacrossSingapore2017.csv,a51a27378607c6c37d51b72383259b27dae5dc7d5760a8b8fff04e86d9f92ddf,74edcbcb61115a4c38ab067123d4bb3f6bf35773c380871df2aca11a6b4247f7,West Coast Highway,S116,2017-04-25 11:20:00,2017-04-25 11:37:55,2017-04-25 11:37:55,0.0,0E-18,103.754,1.281,1493090400,0,0,IDENTITY,2017-04-25 11:20:00,2017-04-25 11:15:00,2017-04-25,2017-04-25,11,1075,1075,[],False,0,False,p0_3_v1,2,1,1,1,74edcbcb61115a4c38ab067123d4bb3f6bf35773c380871df2aca11a6b4247f7,RETAINED
S116,1493090400,"2017-04-25,2017-04-25T11:19:59+08:00,2017-04-25T11:27:39+08:00,S116,West Coast Highway,S116,103.754,1.281,2017-04-25T11:27:39+08:00,0.0,TB1 Rainfall 5 Minute Total F,mm",12,False,2017-04-25,2017-04-25T11:19:59+08:00,2017-04-25T11:27:39+08:00,S116,West Coast Highway,S116,103.754,1.281,2017-04-25T11:27:39+08:00,0.0,TB1 Rainfall 5 Minute Total F,mm,,2017,Raw_Dataset/HistoricalRainfallacrossSingapore2017.csv,a51a27378607c6c37d51b72383259b27dae5dc7d5760a8b8fff04e86d9f92ddf,4bde65ccbc5f4ee32e7469f29811baef7cdf733d8c831dddbab9eb9ee0f524fd,West Coast Highway,S116,2017-04-25 11:19:59,2017-04-25 11:27:39,2017-04-25 11:27:39,0.0,0E-18,103.754,1.281,1493090399,299,1,T2_PLUS_1_SECOND,2017-04-25 11:20:00,2017-04-25 11:15:00,2017-04-25,2017-04-25,11,460,460,[],False,0,False,p0_3_v1,2,1,1,2,74edcbcb61115a4c38ab067123d4bb3f6bf35773c380871df2aca11a6b4247f7,MERGED_DUPLICATE
S116,1493090700,"2017-04-25,2017-04-25T11:25:00+08:00,2017-04-25T11:37:55+08:00,S116,West Coast Highway,S116,103.754,1.281,2017-04-25T11:37:55+08:00,0.0,TB1 Rainfall 5 Minute Total F,mm",12,False,2017-04-25,2017-04-25T11:25:00+08:00,2017-04-25T11:37:55+08:00,S116,West Coast Highway,S116,103.754,1.281,2017-04-25T11:37:55+08:00,0.0,TB1 Rainfall 5 Minute Total F,mm,,2017,Raw_Dataset/HistoricalRainfallacrossSingapore2017.csv,a51a27378607c6c37d51b72383259b27dae5dc7d5760a8b8fff04e86d9f92ddf,c4d07dcb3289cffb983550262380ae791afcfea362cfa62a31b51740a7c0f6e4,West Coast Highway,S116,2017-04-25 11:25:00,2017-04-25 11:37:55,2017-04-25 11:37:55,0.0,0E-18,103.754,1.281,1493090700,0,0,IDENTITY,2017-04-25 11:25:00,2017-04-25 11:20:00,2017-04-25,2017-04-25,11,775,775,[],False,0,False,p0_3_v1,2,1,1,1,c4d07dcb3289cffb983550262380ae791afcfea362cfa62a31b51740a7c0f6e4,RETAINED
S116,1493090700,"2017-04-25,2017-04-25T11:24:59+08:00,2017-04-25T11:32:38+08:00,S116,West Coast Highway,S116,103.754,1.281,2017-04-25T11:32:38+08:00,0.0,TB1 Rainfall 5 Minute Total F,mm",12,False,2017-04-25,2017-04-25T11:24:59+08:00,2017-04-25T11:32:38+08:00,S116,West Coast Highway,S116,103.754,1.281,2017-04-25T11:32:38+08:00,0.0,TB1 Rainfall 5 Minute Total F,mm,,2017,Raw_Dataset/HistoricalRainfallacrossSingapore2017.csv,a51a27378607c6c37d51b72383259b27dae5dc7d5760a8b8fff04e86d9f92ddf,5accab337ad86de7e48cd714b0c975af11b7fd5df1739541b9acb2097c607203,West Coast Highway,S116,2017-04-25 11:24:59,2017-04-25 11:32:38,2017-04-25 11:32:38,0.0,0E-18,103.754,1.281,1493090699,299,1,T2_PLUS_1_SECOND,2017-04-25 11:25:00,2017-04-25 11:20:00,2017-04-25,2017-04-25,11,459,459,[],False,0,False,p0_3_v1,2,1,1,2,c4d07dcb3289cffb983550262380ae791afcfea362cfa62a31b51740a7c0f6e4,MERGED_DUPLICATE
S117,1493090400,"2017-04-25,2017-04-25T11:20:00+08:00,2017-04-25T11:37:55+08:00,S117,Banyan Road,S117,103.679,1.256,2017-04-25T11:37:55+08:00,0.0,TB1 Rainfall 5 Minute Total F,mm",12,False,2017-04-25,2017-04-25T11:20:00+08:00,2017-04-25T11:37:55+08:00,S117,Banyan Road,S117,103.679,1.256,2017-04-25T11:37:55+08:00,0.0,TB1 Rainfall 5 Minute Total F,mm,,2017,Raw_Dataset/HistoricalRainfallacrossSingapore2017.csv,a51a27378607c6c37d51b72383259b27dae5dc7d5760a8b8fff04e86d9f92ddf,58de4423674de52e106305647730ade745a4bf4d0ac9890527d37462952ce323,Banyan Road,S117,2017-04-25 11:20:00,2017-04-25 11:37:55,2017-04-25 11:37:55,0.0,0E-18,103.679,1.256,1493090400,0,0,IDENTITY,2017-04-25 11:20:00,2017-04-25 11:15:00,2017-04-25,2017-04-25,11,1075,1075,[],False,0,False,p0_3_v1,2,1,1,1,58de4423674de52e106305647730ade745a4bf4d0ac9890527d37462952ce323,RETAINED
S117,1493090400,"2017-04-25,2017-04-25T11:19:59+08:00,2017-04-25T11:27:39+08:00,S117,Banyan Road,S117,103.679,1.256,2017-04-25T11:27:39+08:00,0.0,TB1 Rainfall 5 Minute Total F,mm",12,False,2017-04-25,2017-04-25T11:19:59+08:00,2017-04-25T11:27:39+08:00,S117,Banyan Road,S117,103.679,1.256,2017-04-25T11:27:39+08:00,0.0,TB1 Rainfall 5 Minute Total F,mm,,2017,Raw_Dataset/HistoricalRainfallacrossSingapore2017.csv,a51a27378607c6c37d51b72383259b27dae5dc7d5760a8b8fff04e86d9f92ddf,002c3bc148b74b7c8f36a199b2b5f95b273b6bfef35f2cf29f82a179bd2d3ef9,Banyan Road,S117,2017-04-25 11:19:59,2017-04-25 11:27:39,2017-04-25 11:27:39,0.0,0E-18,103.679,1.256,1493090399,299,1,T2_PLUS_1_SECOND,2017-04-25 11:20:00,2017-04-25 11:15:00,2017-04-25,2017-04-25,11,460,460,[],False,0,False,p0_3_v1,2,1,1,2,58de4423674de52e106305647730ade745a4bf4d0ac9890527d37462952ce323,MERGED_DUPLICATE
S117,1493090700,"2017-04-25,2017-04-25T11:25:00+08:00,2017-04-25T11:37:55+08:00,S117,Banyan Road,S117,103.679,1.256,2017-04-25T11:37:55+08:00,0.0,TB1 Rainfall 5 Minute Total F,mm",12,False,2017-04-25,2017-04-25T11:25:00+08:00,2017-04-25T11:37:55+08:00,S117,Banyan Road,S117,103.679,1.256,2017-04-25T11:37:55+08:00,0.0,TB1 Rainfall 5 Minute Total F,mm,,2017,Raw_Dataset/HistoricalRainfallacrossSingapore2017.csv,a51a27378607c6c37d51b72383259b27dae5dc7d5760a8b8fff04e86d9f92ddf,fd0107f587c41601e59b9ad6544c325ccc8e5332a228374d609cb70ad647e931,Banyan Road,S117,2017-04-25 11:25:00,2017-04-25 11:37:55,2017-04-25 11:37:55,0.0,0E-18,103.679,1.256,1493090700,0,0,IDENTITY,2017-04-25 11:25:00,2017-04-25 11:20:00,2017-04-25,2017-04-25,11,775,775,[],False,0,False,p0_3_v1,2,1,1,1,fd0107f587c41601e59b9ad6544c325ccc8e5332a228374d609cb70ad647e931,RETAINED
S117,1493090700,"2017-04-25,2017-04-25T11:24:59+08:00,2017-04-25T11:32:38+08:00,S117,Banyan Road,S117,103.679,1.256,2017-04-25T11:32:38+08:00,0.0,TB1 Rainfall 5 Minute Total F,mm",12,False,2017-04-25,2017-04-25T11:24:59+08:00,2017-04-25T11:32:38+08:00,S117,Banyan Road,S117,103.679,1.256,2017-04-25T11:32:38+08:00,0.0,TB1 Rainfall 5 Minute Total F,mm,,2017,Raw_Dataset/HistoricalRainfallacrossSingapore2017.csv,a51a27378607c6c37d51b72383259b27dae5dc7d5760a8b8fff04e86d9f92ddf,f22f018f0430b2ce64b52c81a85bcec5796ce7f69ee9428ac6ad2d76e9246874,Banyan Road,S117,2017-04-25 11:24:59,2017-04-25 11:32:38,2017-04-25 11:32:38,0.0,0E-18,103.679,1.256,1493090699,299,1,T2_PLUS_1_SECOND,2017-04-25 11:25:00,2017-04-25 11:20:00,2017-04-25,2017-04-25,11,459,459,[],False,0,False,p0_3_v1,2,1,1,2,fd0107f587c41601e59b9ad6544c325ccc8e5332a228374d609cb70ad647e931,MERGED_DUPLICATE
S119,1493090400,"2017-04-25,2017-04-25T11:20:00+08:00,2017-04-25T11:37:55+08:00,S119,Nicoll Highway,S119,103.8666,1.30105,2017-04-25T11:37:55+08:00,0.2,TB1 Rainfall 5 Minute Total F,mm",12,False,2017-04-25,2017-04-25T11:20:00+08:00,2017-04-25T11:37:55+08:00,S119,Nicoll Highway,S119,103.8666,1.30105,2017-04-25T11:37:55+08:00,0.2,TB1 Rainfall 5 Minute Total F,mm,,2017,Raw_Dataset/HistoricalRainfallacrossSingapore2017.csv,a51a27378607c6c37d51b72383259b27dae5dc7d5760a8b8fff04e86d9f92ddf,8e7364e451d0e608ad7e359261ef14113fca999f6263d4359742351fdd7d3f9c,Nicoll Highway,S119,2017-04-25 11:20:00,2017-04-25 11:37:55,2017-04-25 11:37:55,0.2,0.200000000000000000,103.8666,1.30105,1493090400,0,0,IDENTITY,2017-04-25 11:20:00,2017-04-25 11:15:00,2017-04-25,2017-04-25,11,1075,1075,[],False,1,False,p0_3_v1,2,1,1,1,8e7364e451d0e608ad7e359261ef14113fca999f6263d4359742351fdd7d3f9c,RETAINED
S119,1493090400,"2017-04-25,2017-04-25T11:19:59+08:00,2017-04-25T11:27:39+08:00,S119,Nicoll Highway,S119,103.8666,1.30105,2017-04-25T11:27:39+08:00,0.2,TB1 Rainfall 5 Minute Total F,mm",12,False,2017-04-25,2017-04-25T11:19:59+08:00,2017-04-25T11:27:39+08:00,S119,Nicoll Highway,S119,103.8666,1.30105,2017-04-25T11:27:39+08:00,0.2,TB1 Rainfall 5 Minute Total F,mm,,2017,Raw_Dataset/HistoricalRainfallacrossSingapore2017.csv,a51a27378607c6c37d51b72383259b27dae5dc7d5760a8b8fff04e86d9f92ddf,bb6c26e27d04dc884714c5211a862f532008e048daf9e9a6ea10ef2e2b0bf0ee,Nicoll Highway,S119,2017-04-25 11:19:59,2017-04-25 11:27:39,2017-04-25 11:27:39,0.2,0.200000000000000000,103.8666,1.30105,1493090399,299,1,T2_PLUS_1_SECOND,2017-04-25 11:20:00,2017-04-25 11:15:00,2017-04-25,2017-04-25,11,460,460,[],False,1,False,p0_3_v1,2,1,1,2,8e7364e451d0e608ad7e359261ef14113fca999f6263d4359742351fdd7d3f9c,MERGED_DUPLICATE
S119,1493090700,"2017-04-25,2017-04-25T11:25:00+08:00,2017-04-25T11:37:55+08:00,S119,Nicoll Highway,S119,103.8666,1.30105,2017-04-25T11:37:55+08:00,0.2,TB1 Rainfall 5 Minute Total F,mm",12,False,2017-04-25,2017-04-25T11:25:00+08:00,2017-04-25T11:37:55+08:00,S119,Nicoll Highway,S119,103.8666,1.30105,2017-04-25T11:37:55+08:00,0.2,TB1 Rainfall 5 Minute Total F,mm,,2017,Raw_Dataset/HistoricalRainfallacrossSingapore2017.csv,a51a27378607c6c37d51b72383259b27dae5dc7d5760a8b8fff04e86d9f92ddf,65c6d20e31e5a5bbfadb8b39339760e860373d95b87cb20934b467da845a2771,Nicoll Highway,S119,2017-04-25 11:25:00,2017-04-25 11:37:55,2017-04-25 11:37:55,0.2,0.200000000000000000,103.8666,1.30105,1493090700,0,0,IDENTITY,2017-04-25 11:25:00,2017-04-25 11:20:00,2017-04-25,2017-04-25,11,775,775,[],False,1,False,p0_3_v1,2,1,1,1,65c6d20e31e5a5bbfadb8b39339760e860373d95b87cb20934b467da845a2771,RETAINED
S119,1493090700,"2017-04-25,2017-04-25T11:24:59+08:00,2017-04-25T11:32:38+08:00,S119,Nicoll Highway,S119,103.8666,1.30105,2017-04-25T11:32:38+08:00,0.2,TB1 Rainfall 5 Minute Total F,mm",12,False,2017-04-25,2017-04-25T11:24:59+08:00,2017-04-25T11:32:38+08:00,S119,Nicoll Highway,S119,103.8666,1.30105,2017-04-25T11:32:38+08:00,0.2,TB1 Rainfall 5 Minute Total F,mm,,2017,Raw_Dataset/HistoricalRainfallacrossSingapore2017.csv,a51a27378607c6c37d51b72383259b27dae5dc7d5760a8b8fff04e86d9f92ddf,101ded528a762536db8a5f508649a131502634b4f2c68dfedd64b096fe1c5b74,Nicoll Highway,S119,2017-04-25 11:24:59,2017-04-25 11:32:38,2017-04-25 11:32:38,0.2,0.200000000000000000,103.8666,1.30105,1493090699,299,1,T2_PLUS_1_SECOND,2017-04-25 11:25:00,2017-04-25 11:20:00,2017-04-25,2017-04-25,11,459,459,[],False,1,False,p0_3_v1,2,1,1,2,65c6d20e31e5a5bbfadb8b39339760e860373d95b87cb20934b467da845a2771,MERGED_DUPLICATE
S120,1493090400,"2017-04-25,2017-04-25T11:20:00+08:00,2017-04-25T11:37:55+08:00,S120,Holland Road,S120,103.818,1.30874,2017-04-25T11:37:55+08:00,0.0,TB1 Rainfall 5 Minute Total F,mm",12,False,2017-04-25,2017-04-25T11:20:00+08:00,2017-04-25T11:37:55+08:00,S120,Holland Road,S120,103.818,1.30874,2017-04-25T11:37:55+08:00,0.0,TB1 Rainfall 5 Minute Total F,mm,,2017,Raw_Dataset/HistoricalRainfallacrossSingapore2017.csv,a51a27378607c6c37d51b72383259b27dae5dc7d5760a8b8fff04e86d9f92ddf,6a0f5c506452942dd823d303e285c0d73e67102211ea3d70e28647d4a98e7165,Holland Road,S120,2017-04-25 11:20:00,2017-04-25 11:37:55,2017-04-25 11:37:55,0.0,0E-18,103.818,1.30874,1493090400,0,0,IDENTITY,2017-04-25 11:20:00,2017-04-25 11:15:00,2017-04-25,2017-04-25,11,1075,1075,[],False,0,False,p0_3_v1,2,1,1,1,6a0f5c506452942dd823d303e285c0d73e67102211ea3d70e28647d4a98e7165,RETAINED
S120,1493090400,"2017-04-25,2017-04-25T11:19:59+08:00,2017-04-25T11:27:39+08:00,S120,Holland Road,S120,103.818,1.30874,2017-04-25T11:27:39+08:00,0.0,TB1 Rainfall 5 Minute Total F,mm",12,False,2017-04-25,2017-04-25T11:19:59+08:00,2017-04-25T11:27:39+08:00,S120,Holland Road,S120,103.818,1.30874,2017-04-25T11:27:39+08:00,0.0,TB1 Rainfall 5 Minute Total F,mm,,2017,Raw_Dataset/HistoricalRainfallacrossSingapore2017.csv,a51a27378607c6c37d51b72383259b27dae5dc7d5760a8b8fff04e86d9f92ddf,2d308010cd04ca82b80508b718af14b45ac877fbd640fea75af3ea360d543b01,Holland Road,S120,2017-04-25 11:19:59,2017-04-25 11:27:39,2017-04-25 11:27:39,0.0,0E-18,103.818,1.30874,1493090399,299,1,T2_PLUS_1_SECOND,2017-04-25 11:20:00,2017-04-25 11:15:00,2017-04-25,2017-04-25,11,460,460,[],False,0,False,p0_3_v1,2,1,1,2,6a0f5c506452942dd823d303e285c0d73e67102211ea3d70e28647d4a98e7165,MERGED_DUPLICATE
S120,1493090700,"2017-04-25,2017-04-25T11:25:00+08:00,2017-04-25T11:37:55+08:00,S120,Holland Road,S120,103.818,1.30874,2017-04-25T11:37:55+08:00,0.0,TB1 Rainfall 5 Minute Total F,mm",12,False,2017-04-25,2017-04-25T11:25:00+08:00,2017-04-25T11:37:55+08:00,S120,Holland Road,S120,103.818,1.30874,2017-04-25T11:37:55+08:00,0.0,TB1 Rainfall 5 Minute Total F,mm,,2017,Raw_Dataset/HistoricalRainfallacrossSingapore2017.csv,a51a27378607c6c37d51b72383259b27dae5dc7d5760a8b8fff04e86d9f92ddf,db0ec39cd02389479433f63d4860b73c4e66da3c9616adf62faa302fd9bc8c9f,Holland Road,S120,2017-04-25 11:25:00,2017-04-25 11:37:55,2017-04-25 11:37:55,0.0,0E-18,103.818,1.30874,1493090700,0,0,IDENTITY,2017-04-25 11:25:00,2017-04-25 11:20:00,2017-04-25,2017-04-25,11,775,775,[],False,0,False,p0_3_v1,2,1,1,1,db0ec39cd02389479433f63d4860b73c4e66da3c9616adf62faa302fd9bc8c9f,RETAINED
S120,1493090700,"2017-04-25,2017-04-25T11:24:59+08:00,2017-04-25T11:32:38+08:00,S120,Holland Road,S120,103.818,1.30874,2017-04-25T11:32:38+08:00,0.0,TB1 Rainfall 5 Minute Total F,mm",12,False,2017-04-25,2017-04-25T11:24:59+08:00,2017-04-25T11:32:38+08:00,S120,Holland Road,S120,103.818,1.30874,2017-04-25T11:32:38+08:00,0.0,TB1 Rainfall 5 Minute Total F,mm,,2017,Raw_Dataset/HistoricalRainfallacrossSingapore2017.csv,a51a27378607c6c37d51b72383259b27dae5dc7d5760a8b8fff04e86d9f92ddf,42ec1132b11277642a820fbdbf3b953efc6a7716cf53d603b3f81ea959bb0a4d,Holland Road,S120,2017-04-25 11:24:59,2017-04-25 11:32:38,2017-04-25 11:32:38,0.0,0E-18,103.818,1.30874,1493090699,299,1,T2_PLUS_1_SECOND,2017-04-25 11:25:00,2017-04-25 11:20:00,2017-04-25,2017-04-25,11,459,459,[],False,0,False,p0_3_v1,2,1,1,2,db0ec39cd02389479433f63d4860b73c4e66da3c9616adf62faa302fd9bc8c9f,MERGED_DUPLICATE
S122,1493090400,"2017-04-25,2017-04-25T11:20:00+08:00,2017-04-25T11:37:55+08:00,S122,Sembawang Road,S122,103.8249,1.41731,2017-04-25T11:37:55+08:00,0.0,TB1 Rainfall 5 Minute Total F,mm",12,False,2017-04-25,2017-04-25T11:20:00+08:00,2017-04-25T11:37:55+08:00,S122,Sembawang Road,S122,103.8249,1.41731,2017-04-25T11:37:55+08:00,0.0,TB1 Rainfall 5 Minute Total F,mm,,2017,Raw_Dataset/HistoricalRainfallacrossSingapore2017.csv,a51a27378607c6c37d51b72383259b27dae5dc7d5760a8b8fff04e86d9f92ddf,ba12210676fcf08c6cfd178764b6349c6fff6e093a4d6d8379c5192df14fe515,Sembawang Road,S122,2017-04-25 11:20:00,2017-04-25 11:37:55,2017-04-25 11:37:55,0.0,0E-18,103.8249,1.41731,1493090400,0,0,IDENTITY,2017-04-25 11:20:00,2017-04-25 11:15:00,2017-04-25,2017-04-25,11,1075,1075,[],False,0,False,p0_3_v1,2,1,1,1,ba12210676fcf08c6cfd178764b6349c6fff6e093a4d6d8379c5192df14fe515,RETAINED
S122,1493090400,"2017-04-25,2017-04-25T11:19:59+08:00,2017-04-25T11:27:39+08:00,S122,Sembawang Road,S122,103.8249,1.41731,2017-04-25T11:27:39+08:00,0.0,TB1 Rainfall 5 Minute Total F,mm",12,False,2017-04-25,2017-04-25T11:19:59+08:00,2017-04-25T11:27:39+08:00,S122,Sembawang Road,S122,103.8249,1.41731,2017-04-25T11:27:39+08:00,0.0,TB1 Rainfall 5 Minute Total F,mm,,2017,Raw_Dataset/HistoricalRainfallacrossSingapore2017.csv,a51a27378607c6c37d51b72383259b27dae5dc7d5760a8b8fff04e86d9f92ddf,fa10cf85fa24b67434b358b3f545f58242bbebdcd7c2875d8797d3158b50ac47,Sembawang Road,S122,2017-04-25 11:19:59,2017-04-25 11:27:39,2017-04-25 11:27:39,0.0,0E-18,103.8249,1.41731,1493090399,299,1,T2_PLUS_1_SECOND,2017-04-25 11:20:00,2017-04-25 11:15:00,2017-04-25,2017-04-25,11,460,460,[],False,0,False,p0_3_v1,2,1,1,2,ba12210676fcf08c6cfd178764b6349c6fff6e093a4d6d8379c5192df14fe515,MERGED_DUPLICATE
S122,1493090700,"2017-04-25,2017-04-25T11:25:00+08:00,2017-04-25T11:37:55+08:00,S122,Sembawang Road,S122,103.8249,1.41731,2017-04-25T11:37:55+08:00,0.0,TB1 Rainfall 5 Minute Total F,mm",12,False,2017-04-25,2017-04-25T11:25:00+08:00,2017-04-25T11:37:55+08:00,S122,Sembawang Road,S122,103.8249,1.41731,2017-04-25T11:37:55+08:00,0.0,TB1 Rainfall 5 Minute Total F,mm,,2017,Raw_Dataset/HistoricalRainfallacrossSingapore2017.csv,a51a27378607c6c37d51b72383259b27dae5dc7d5760a8b8fff04e86d9f92ddf,0f2eda20778361af18db4651460cac78e9593de3f9f51329fb2418caa4e318a2,Sembawang Road,S122,2017-04-25 11:25:00,2017-04-25 11:37:55,2017-04-25 11:37:55,0.0,0E-18,103.8249,1.41731,1493090700,0,0,IDENTITY,2017-04-25 11:25:00,2017-04-25 11:20:00,2017-04-25,2017-04-25,11,775,775,[],False,0,False,p0_3_v1,2,1,1,1,0f2eda20778361af18db4651460cac78e9593de3f9f51329fb2418caa4e318a2,RETAINED
S122,1493090700,"2017-04-25,2017-04-25T11:24:59+08:00,2017-04-25T11:32:38+08:00,S122,Sembawang Road,S122,103.8249,1.41731,2017-04-25T11:32:38+08:00,0.0,TB1 Rainfall 5 Minute Total F,mm",12,False,2017-04-25,2017-04-25T11:24:59+08:00,2017-04-25T11:32:38+08:00,S122,Sembawang Road,S122,103.8249,1.41731,2017-04-25T11:32:38+08:00,0.0,TB1 Rainfall 5 Minute Total F,mm,,2017,Raw_Dataset/HistoricalRainfallacrossSingapore2017.csv,a51a27378607c6c37d51b72383259b27dae5dc7d5760a8b8fff04e86d9f92ddf,c831fff6733e46d7390d242a98c51dc408523e5531bfc868a62b3ca747580328,Sembawang Road,S122,2017-04-25 11:24:59,2017-04-25 11:32:38,2017-04-25 11:32:38,0.0,0E-18,103.8249,1.41731,1493090699,299,1,T2_PLUS_1_SECOND,2017-04-25 11:25:00,2017-04-25 11:20:00,2017-04-25,2017-04-25,11,459,459,[],False,0,False,p0_3_v1,2,1,1,2,0f2eda20778361af18db4651460cac78e9593de3f9f51329fb2418caa4e318a2,MERGED_DUPLICATE
S123,1493090400,"2017-04-25,2017-04-25T11:20:00+08:00,2017-04-25T11:37:55+08:00,S123,Towner Road,S123,103.8577,1.3214,2017-04-25T11:37:55+08:00,0.0,TB1 Rainfall 5 Minute Total F,mm",12,False,2017-04-25,2017-04-25T11:20:00+08:00,2017-04-25T11:37:55+08:00,S123,Towner Road,S123,103.8577,1.3214,2017-04-25T11:37:55+08:00,0.0,TB1 Rainfall 5 Minute Total F,mm,,2017,Raw_Dataset/HistoricalRainfallacrossSingapore2017.csv,a51a27378607c6c37d51b72383259b27dae5dc7d5760a8b8fff04e86d9f92ddf,5c3d0ea416f0cc0b5aa7b884381a416866ea451db02dc39c5645035c892186a0,Towner Road,S123,2017-04-25 11:20:00,2017-04-25 11:37:55,2017-04-25 11:37:55,0.0,0E-18,103.8577,1.3214,1493090400,0,0,IDENTITY,2017-04-25 11:20:00,2017-04-25 11:15:00,2017-04-25,2017-04-25,11,1075,1075,[],False,0,False,p0_3_v1,2,1,1,1,5c3d0ea416f0cc0b5aa7b884381a416866ea451db02dc39c5645035c892186a0,RETAINED
S123,1493090400,"2017-04-25,2017-04-25T11:19:59+08:00,2017-04-25T11:27:39+08:00,S123,Towner Road,S123,103.8577,1.3214,2017-04-25T11:27:39+08:00,0.0,TB1 Rainfall 5 Minute Total F,mm",12,False,2017-04-25,2017-04-25T11:19:59+08:00,2017-04-25T11:27:39+08:00,S123,Towner Road,S123,103.8577,1.3214,2017-04-25T11:27:39+08:00,0.0,TB1 Rainfall 5 Minute Total F,mm,,2017,Raw_Dataset/HistoricalRainfallacrossSingapore2017.csv,a51a27378607c6c37d51b72383259b27dae5dc7d5760a8b8fff04e86d9f92ddf,057a6a43f62baca5bedb6ce45881f5ff2de447c288902018e67d861b5a9c083e,Towner Road,S123,2017-04-25 11:19:59,2017-04-25 11:27:39,2017-04-25 11:27:39,0.0,0E-18,103.8577,1.3214,1493090399,299,1,T2_PLUS_1_SECOND,2017-04-25 11:20:00,2017-04-25 11:15:00,2017-04-25,2017-04-25,11,460,460,[],False,0,False,p0_3_v1,2,1,1,2,5c3d0ea416f0cc0b5aa7b884381a416866ea451db02dc39c5645035c892186a0,MERGED_DUPLICATE
S123,1493090700,"2017-04-25,2017-04-25T11:25:00+08:00,2017-04-25T11:37:55+08:00,S123,Towner Road,S123,103.8577,1.3214,2017-04-25T11:37:55+08:00,0.0,TB1 Rainfall 5 Minute Total F,mm",12,False,2017-04-25,2017-04-25T11:25:00+08:00,2017-04-25T11:37:55+08:00,S123,Towner Road,S123,103.8577,1.3214,2017-04-25T11:37:55+08:00,0.0,TB1 Rainfall 5 Minute Total F,mm,,2017,Raw_Dataset/HistoricalRainfallacrossSingapore2017.csv,a51a27378607c6c37d51b72383259b27dae5dc7d5760a8b8fff04e86d9f92ddf,1befabafc0ee623292f4f8d5de61709ecce894368b76766c4579002314fadf15,Towner Road,S123,2017-04-25 11:25:00,2017-04-25 11:37:55,2017-04-25 11:37:55,0.0,0E-18,103.8577,1.3214,1493090700,0,0,IDENTITY,2017-04-25 11:25:00,2017-04-25 11:20:00,2017-04-25,2017-04-25,11,775,775,[],False,0,False,p0_3_v1,2,1,1,1,1befabafc0ee623292f4f8d5de61709ecce894368b76766c4579002314fadf15,RETAINED
S123,1493090700,"2017-04-25,2017-04-25T11:24:59+08:00,2017-04-25T11:32:38+08:00,S123,Towner Road,S123,103.8577,1.3214,2017-04-25T11:32:38+08:00,0.0,TB1 Rainfall 5 Minute Total F,mm",12,False,2017-04-25,2017-04-25T11:24:59+08:00,2017-04-25T11:32:38+08:00,S123,Towner Road,S123,103.8577,1.3214,2017-04-25T11:32:38+08:00,0.0,TB1 Rainfall 5 Minute Total F,mm,,2017,Raw_Dataset/HistoricalRainfallacrossSingapore2017.csv,a51a27378607c6c37d51b72383259b27dae5dc7d5760a8b8fff04e86d9f92ddf,988c42bbdc4bc8d1e726ae939a256dc7ed73d7d9c8522d826bd1f5b0841f5c2e,Towner Road,S123,2017-04-25 11:24:59,2017-04-25 11:32:38,2017-04-25 11:32:38,0.0,0E-18,103.8577,1.3214,1493090699,299,1,T2_PLUS_1_SECOND,2017-04-25 11:25:00,2017-04-25 11:20:00,2017-04-25,2017-04-25,11,459,459,[],False,0,False,p0_3_v1,2,1,1,2,1befabafc0ee623292f4f8d5de61709ecce894368b76766c4579002314fadf15,MERGED_DUPLICATE
S24,1493090400,"2017-04-25,2017-04-25T11:20:00+08:00,2017-04-25T11:37:55+08:00,S24,Upper Changi Road North,S24,103.9826,1.3678,2017-04-25T11:37:55+08:00,0.0,TB1 Rainfall 5 Minute Total F,mm",12,False,2017-04-25,2017-04-25T11:20:00+08:00,2017-04-25T11:37:55+08:00,S24,Upper Changi Road North,S24,103.9826,1.3678,2017-04-25T11:37:55+08:00,0.0,TB1 Rainfall 5 Minute Total F,mm,,2017,Raw_Dataset/HistoricalRainfallacrossSingapore2017.csv,a51a27378607c6c37d51b72383259b27dae5dc7d5760a8b8fff04e86d9f92ddf,43db4b67f1b6444b1ba9f99bd69de0c6da5e836683794e79744e3b97158d9de8,Upper Changi Road North,S24,2017-04-25 11:20:00,2017-04-25 11:37:55,2017-04-25 11:37:55,0.0,0E-18,103.9826,1.3678,1493090400,0,0,IDENTITY,2017-04-25 11:20:00,2017-04-25 11:15:00,2017-04-25,2017-04-25,11,1075,1075,[],False,0,False,p0_3_v1,2,1,1,1,43db4b67f1b6444b1ba9f99bd69de0c6da5e836683794e79744e3b97158d9de8,RETAINED
S24,1493090400,"2017-04-25,2017-04-25T11:19:59+08:00,2017-04-25T11:27:39+08:00,S24,Upper Changi Road North,S24,103.9826,1.3678,2017-04-25T11:27:39+08:00,0.0,TB1 Rainfall 5 Minute Total F,mm",12,False,2017-04-25,2017-04-25T11:19:59+08:00,2017-04-25T11:27:39+08:00,S24,Upper Changi Road North,S24,103.9826,1.3678,2017-04-25T11:27:39+08:00,0.0,TB1 Rainfall 5 Minute Total F,mm,,2017,Raw_Dataset/HistoricalRainfallacrossSingapore2017.csv,a51a27378607c6c37d51b72383259b27dae5dc7d5760a8b8fff04e86d9f92ddf,002d3a5a570cb22dd39e923a9c13ebc027cb040ea0465e217c0440df53fda3d9,Upper Changi Road North,S24,2017-04-25 11:19:59,2017-04-25 11:27:39,2017-04-25 11:27:39,0.0,0E-18,103.9826,1.3678,1493090399,299,1,T2_PLUS_1_SECOND,2017-04-25 11:20:00,2017-04-25 11:15:00,2017-04-25,2017-04-25,11,460,460,[],False,0,False,p0_3_v1,2,1,1,2,43db4b67f1b6444b1ba9f99bd69de0c6da5e836683794e79744e3b97158d9de8,MERGED_DUPLICATE
S24,1493090700,"2017-04-25,2017-04-25T11:25:00+08:00,2017-04-25T11:37:55+08:00,S24,Upper Changi Road North,S24,103.9826,1.3678,2017-04-25T11:37:55+08:00,0.0,TB1 Rainfall 5 Minute Total F,mm",12,False,2017-04-25,2017-04-25T11:25:00+08:00,2017-04-25T11:37:55+08:00,S24,Upper Changi Road North,S24,103.9826,1.3678,2017-04-25T11:37:55+08:00,0.0,TB1 Rainfall 5 Minute Total F,mm,,2017,Raw_Dataset/HistoricalRainfallacrossSingapore2017.csv,a51a27378607c6c37d51b72383259b27dae5dc7d5760a8b8fff04e86d9f92ddf,05ff2aaa610b4d9da58d316c2bb224e242e33b2d05542a02cb43b77fa05eafa1,Upper Changi Road North,S24,2017-04-25 11:25:00,2017-04-25 11:37:55,2017-04-25 11:37:55,0.0,0E-18,103.9826,1.3678,1493090700,0,0,IDENTITY,2017-04-25 11:25:00,2017-04-25 11:20:00,2017-04-25,2017-04-25,11,775,775,[],False,0,False,p0_3_v1,2,1,1,1,05ff2aaa610b4d9da58d316c2bb224e242e33b2d05542a02cb43b77fa05eafa1,RETAINED
S24,1493090700,"2017-04-25,2017-04-25T11:24:59+08:00,2017-04-25T11:32:38+08:00,S24,Upper Changi Road North,S24,103.9826,1.3678,2017-04-25T11:32:38+08:00,0.0,TB1 Rainfall 5 Minute Total F,mm",12,False,2017-04-25,2017-04-25T11:24:59+08:00,2017-04-25T11:32:38+08:00,S24,Upper Changi Road North,S24,103.9826,1.3678,2017-04-25T11:32:38+08:00,0.0,TB1 Rainfall 5 Minute Total F,mm,,2017,Raw_Dataset/HistoricalRainfallacrossSingapore2017.csv,a51a27378607c6c37d51b72383259b27dae5dc7d5760a8b8fff04e86d9f92ddf,cc053cc81ac67dad3a42973cecccb1ee41e815b6d474e706103754ed01328a63,Upper Changi Road North,S24,2017-04-25 11:24:59,2017-04-25 11:32:38,2017-04-25 11:32:38,0.0,0E-18,103.9826,1.3678,1493090699,299,1,T2_PLUS_1_SECOND,2017-04-25 11:25:00,2017-04-25 11:20:00,2017-04-25,2017-04-25,11,459,459,[],False,0,False,p0_3_v1,2,1,1,2,05ff2aaa610b4d9da58d316c2bb224e242e33b2d05542a02cb43b77fa05eafa1,MERGED_DUPLICATE
S29,1493090400,"2017-04-25,2017-04-25T11:20:00+08:00,2017-04-25T11:37:55+08:00,S29,Pasir Ris Drive 12,S29,103.935,1.387,2017-04-25T11:37:55+08:00,0.0,TB1 Rainfall 5 Minute Total F,mm",12,False,2017-04-25,2017-04-25T11:20:00+08:00,2017-04-25T11:37:55+08:00,S29,Pasir Ris Drive 12,S29,103.935,1.387,2017-04-25T11:37:55+08:00,0.0,TB1 Rainfall 5 Minute Total F,mm,,2017,Raw_Dataset/HistoricalRainfallacrossSingapore2017.csv,a51a27378607c6c37d51b72383259b27dae5dc7d5760a8b8fff04e86d9f92ddf,23a883a849f87f71f964e04a592b74a1286729d51e8262f37992e6748b41f2b4,Pasir Ris Drive 12,S29,2017-04-25 11:20:00,2017-04-25 11:37:55,2017-04-25 11:37:55,0.0,0E-18,103.935,1.387,1493090400,0,0,IDENTITY,2017-04-25 11:20:00,2017-04-25 11:15:00,2017-04-25,2017-04-25,11,1075,1075,[],False,0,False,p0_3_v1,2,1,1,1,23a883a849f87f71f964e04a592b74a1286729d51e8262f37992e6748b41f2b4,RETAINED
S29,1493090400,"2017-04-25,2017-04-25T11:19:59+08:00,2017-04-25T11:27:39+08:00,S29,Pasir Ris Drive 12,S29,103.935,1.387,2017-04-25T11:27:39+08:00,0.0,TB1 Rainfall 5 Minute Total F,mm",12,False,2017-04-25,2017-04-25T11:19:59+08:00,2017-04-25T11:27:39+08:00,S29,Pasir Ris Drive 12,S29,103.935,1.387,2017-04-25T11:27:39+08:00,0.0,TB1 Rainfall 5 Minute Total F,mm,,2017,Raw_Dataset/HistoricalRainfallacrossSingapore2017.csv,a51a27378607c6c37d51b72383259b27dae5dc7d5760a8b8fff04e86d9f92ddf,1b2c1e44e583d6adf1ff1af2e13135763a0d51b596737252c4f10354547ca1a8,Pasir Ris Drive 12,S29,2017-04-25 11:19:59,2017-04-25 11:27:39,2017-04-25 11:27:39,0.0,0E-18,103.935,1.387,1493090399,299,1,T2_PLUS_1_SECOND,2017-04-25 11:20:00,2017-04-25 11:15:00,2017-04-25,2017-04-25,11,460,460,[],False,0,False,p0_3_v1,2,1,1,2,23a883a849f87f71f964e04a592b74a1286729d51e8262f37992e6748b41f2b4,MERGED_DUPLICATE
S29,1493090700,"2017-04-25,2017-04-25T11:25:00+08:00,2017-04-25T11:37:55+08:00,S29,Pasir Ris Drive 12,S29,103.935,1.387,2017-04-25T11:37:55+08:00,0.0,TB1 Rainfall 5 Minute Total F,mm",12,False,2017-04-25,2017-04-25T11:25:00+08:00,2017-04-25T11:37:55+08:00,S29,Pasir Ris Drive 12,S29,103.935,1.387,2017-04-25T11:37:55+08:00,0.0,TB1 Rainfall 5 Minute Total F,mm,,2017,Raw_Dataset/HistoricalRainfallacrossSingapore2017.csv,a51a27378607c6c37d51b72383259b27dae5dc7d5760a8b8fff04e86d9f92ddf,ceb4bbb9957400c305abc8cbb317e8abb747f4f65c89298ec42b40cf3940b137,Pasir Ris Drive 12,S29,2017-04-25 11:25:00,2017-04-25 11:37:55,2017-04-25 11:37:55,0.0,0E-18,103.935,1.387,1493090700,0,0,IDENTITY,2017-04-25 11:25:00,2017-04-25 11:20:00,2017-04-25,2017-04-25,11,775,775,[],False,0,False,p0_3_v1,2,1,1,1,ceb4bbb9957400c305abc8cbb317e8abb747f4f65c89298ec42b40cf3940b137,RETAINED
S29,1493090700,"2017-04-25,2017-04-25T11:24:59+08:00,2017-04-25T11:32:38+08:00,S29,Pasir Ris Drive 12,S29,103.935,1.387,2017-04-25T11:32:38+08:00,0.0,TB1 Rainfall 5 Minute Total F,mm",12,False,2017-04-25,2017-04-25T11:24:59+08:00,2017-04-25T11:32:38+08:00,S29,Pasir Ris Drive 12,S29,103.935,1.387,2017-04-25T11:32:38+08:00,0.0,TB1 Rainfall 5 Minute Total F,mm,,2017,Raw_Dataset/HistoricalRainfallacrossSingapore2017.csv,a51a27378607c6c37d51b72383259b27dae5dc7d5760a8b8fff04e86d9f92ddf,3a452daf212c434fc95bf4266cb5a054dbc6f4b3207b519748d5faee4249a783,Pasir Ris Drive 12,S29,2017-04-25 11:24:59,2017-04-25 11:32:38,2017-04-25 11:32:38,0.0,0E-18,103.935,1.387,1493090699,299,1,T2_PLUS_1_SECOND,2017-04-25 11:25:00,2017-04-25 11:20:00,2017-04-25,2017-04-25,11,459,459,[],False,0,False,p0_3_v1,2,1,1,2,ceb4bbb9957400c305abc8cbb317e8abb747f4f65c89298ec42b40cf3940b137,MERGED_DUPLICATE
S33,1493090400,"2017-04-25,2017-04-25T11:20:00+08:00,2017-04-25T11:37:55+08:00,S33,Jurong Pier Road,S33,103.71,1.3081,2017-04-25T11:37:55+08:00,0.0,TB1 Rainfall 5 Minute Total F,mm",12,False,2017-04-25,2017-04-25T11:20:00+08:00,2017-04-25T11:37:55+08:00,S33,Jurong Pier Road,S33,103.71,1.3081,2017-04-25T11:37:55+08:00,0.0,TB1 Rainfall 5 Minute Total F,mm,,2017,Raw_Dataset/HistoricalRainfallacrossSingapore2017.csv,a51a27378607c6c37d51b72383259b27dae5dc7d5760a8b8fff04e86d9f92ddf,481954df566ff10e1909869eff8bc7eb6d2113f35f45a0ce917387f3ce527022,Jurong Pier Road,S33,2017-04-25 11:20:00,2017-04-25 11:37:55,2017-04-25 11:37:55,0.0,0E-18,103.71,1.3081,1493090400,0,0,IDENTITY,2017-04-25 11:20:00,2017-04-25 11:15:00,2017-04-25,2017-04-25,11,1075,1075,[],False,0,False,p0_3_v1,2,1,1,1,481954df566ff10e1909869eff8bc7eb6d2113f35f45a0ce917387f3ce527022,RETAINED
S33,1493090400,"2017-04-25,2017-04-25T11:19:59+08:00,2017-04-25T11:27:39+08:00,S33,Jurong Pier Road,S33,103.71,1.3081,2017-04-25T11:27:39+08:00,0.0,TB1 Rainfall 5 Minute Total F,mm",12,False,2017-04-25,2017-04-25T11:19:59+08:00,2017-04-25T11:27:39+08:00,S33,Jurong Pier Road,S33,103.71,1.3081,2017-04-25T11:27:39+08:00,0.0,TB1 Rainfall 5 Minute Total F,mm,,2017,Raw_Dataset/HistoricalRainfallacrossSingapore2017.csv,a51a27378607c6c37d51b72383259b27dae5dc7d5760a8b8fff04e86d9f92ddf,b4131e2ec223f130ab13cc0bec21064704d9c15f9c3da829b360796eb2362479,Jurong Pier Road,S33,2017-04-25 11:19:59,2017-04-25 11:27:39,2017-04-25 11:27:39,0.0,0E-18,103.71,1.3081,1493090399,299,1,T2_PLUS_1_SECOND,2017-04-25 11:20:00,2017-04-25 11:15:00,2017-04-25,2017-04-25,11,460,460,[],False,0,False,p0_3_v1,2,1,1,2,481954df566ff10e1909869eff8bc7eb6d2113f35f45a0ce917387f3ce527022,MERGED_DUPLICATE
S33,1493090700,"2017-04-25,2017-04-25T11:25:00+08:00,2017-04-25T11:37:55+08:00,S33,Jurong Pier Road,S33,103.71,1.3081,2017-04-25T11:37:55+08:00,1.4,TB1 Rainfall 5 Minute Total F,mm",12,False,2017-04-25,2017-04-25T11:25:00+08:00,2017-04-25T11:37:55+08:00,S33,Jurong Pier Road,S33,103.71,1.3081,2017-04-25T11:37:55+08:00,1.4,TB1 Rainfall 5 Minute Total F,mm,,2017,Raw_Dataset/HistoricalRainfallacrossSingapore2017.csv,a51a27378607c6c37d51b72383259b27dae5dc7d5760a8b8fff04e86d9f92ddf,1a453eaf92b383a0b9a637f9c935e76bc4777e5165d6a5e827358496e8f5fc79,Jurong Pier Road,S33,2017-04-25 11:25:00,2017-04-25 11:37:55,2017-04-25 11:37:55,1.4,1.400000000000000000,103.71,1.3081,1493090700,0,0,IDENTITY,2017-04-25 11:25:00,2017-04-25 11:20:00,2017-04-25,2017-04-25,11,775,775,[],False,1,False,p0_3_v1,2,1,1,1,1a453eaf92b383a0b9a637f9c935e76bc4777e5165d6a5e827358496e8f5fc79,RETAINED
S33,1493090700,"2017-04-25,2017-04-25T11:24:59+08:00,2017-04-25T11:32:38+08:00,S33,Jurong Pier Road,S33,103.71,1.3081,2017-04-25T11:32:38+08:00,1.4,TB1 Rainfall 5 Minute Total F,mm",12,False,2017-04-25,2017-04-25T11:24:59+08:00,2017-04-25T11:32:38+08:00,S33,Jurong Pier Road,S33,103.71,1.3081,2017-04-25T11:32:38+08:00,1.4,TB1 Rainfall 5 Minute Total F,mm,,2017,Raw_Dataset/HistoricalRainfallacrossSingapore2017.csv,a51a27378607c6c37d51b72383259b27dae5dc7d5760a8b8fff04e86d9f92ddf,9b08c562392e5845ec9c71940c7bc70a221b1bb8638a469cf38cff832e3287b2,Jurong Pier Road,S33,2017-04-25 11:24:59,2017-04-25 11:32:38,2017-04-25 11:32:38,1.4,1.400000000000000000,103.71,1.3081,1493090699,299,1,T2_PLUS_1_SECOND,2017-04-25 11:25:00,2017-04-25 11:20:00,2017-04-25,2017-04-25,11,459,459,[],False,1,False,p0_3_v1,2,1,1,2,1a453eaf92b383a0b9a637f9c935e76bc4777e5165d6a5e827358496e8f5fc79,MERGED_DUPLICATE
S35,1493090400,"2017-04-25,2017-04-25T11:20:00+08:00,2017-04-25T11:37:55+08:00,S35,Old Toh Tuck Road,S35,103.7556,1.3329,2017-04-25T11:37:55+08:00,0.0,TB1 Rainfall 5 Minute Total F,mm",12,False,2017-04-25,2017-04-25T11:20:00+08:00,2017-04-25T11:37:55+08:00,S35,Old Toh Tuck Road,S35,103.7556,1.3329,2017-04-25T11:37:55+08:00,0.0,TB1 Rainfall 5 Minute Total F,mm,,2017,Raw_Dataset/HistoricalRainfallacrossSingapore2017.csv,a51a27378607c6c37d51b72383259b27dae5dc7d5760a8b8fff04e86d9f92ddf,38146c218e95dc5c51f5ee00a1ee2203c38a4fc08fdd17ea4d16b422032b24b7,Old Toh Tuck Road,S35,2017-04-25 11:20:00,2017-04-25 11:37:55,2017-04-25 11:37:55,0.0,0E-18,103.7556,1.3329,1493090400,0,0,IDENTITY,2017-04-25 11:20:00,2017-04-25 11:15:00,2017-04-25,2017-04-25,11,1075,1075,[],False,0,False,p0_3_v1,2,1,1,1,38146c218e95dc5c51f5ee00a1ee2203c38a4fc08fdd17ea4d16b422032b24b7,RETAINED
S35,1493090400,"2017-04-25,2017-04-25T11:19:59+08:00,2017-04-25T11:27:39+08:00,S35,Old Toh Tuck Road,S35,103.7556,1.3329,2017-04-25T11:27:39+08:00,0.0,TB1 Rainfall 5 Minute Total F,mm",12,False,2017-04-25,2017-04-25T11:19:59+08:00,2017-04-25T11:27:39+08:00,S35,Old Toh Tuck Road,S35,103.7556,1.3329,2017-04-25T11:27:39+08:00,0.0,TB1 Rainfall 5 Minute Total F,mm,,2017,Raw_Dataset/HistoricalRainfallacrossSingapore2017.csv,a51a27378607c6c37d51b72383259b27dae5dc7d5760a8b8fff04e86d9f92ddf,a1c987e5b7ef3d0cab339d2fb4c01651240a8a5262dace1f7cec3af87f2303a9,Old Toh Tuck Road,S35,2017-04-25 11:19:59,2017-04-25 11:27:39,2017-04-25 11:27:39,0.0,0E-18,103.7556,1.3329,1493090399,299,1,T2_PLUS_1_SECOND,2017-04-25 11:20:00,2017-04-25 11:15:00,2017-04-25,2017-04-25,11,460,460,[],False,0,False,p0_3_v1,2,1,1,2,38146c218e95dc5c51f5ee00a1ee2203c38a4fc08fdd17ea4d16b422032b24b7,MERGED_DUPLICATE
S35,1493090700,"2017-04-25,2017-04-25T11:25:00+08:00,2017-04-25T11:37:55+08:00,S35,Old Toh Tuck Road,S35,103.7556,1.3329,2017-04-25T11:37:55+08:00,0.0,TB1 Rainfall 5 Minute Total F,mm",12,False,2017-04-25,2017-04-25T11:25:00+08:00,2017-04-25T11:37:55+08:00,S35,Old Toh Tuck Road,S35,103.7556,1.3329,2017-04-25T11:37:55+08:00,0.0,TB1 Rainfall 5 Minute Total F,mm,,2017,Raw_Dataset/HistoricalRainfallacrossSingapore2017.csv,a51a27378607c6c37d51b72383259b27dae5dc7d5760a8b8fff04e86d9f92ddf,e23561baef78c130d9608ea01f8e015f70465e2f6ff18a39a00424738be87c10,Old Toh Tuck Road,S35,2017-04-25 11:25:00,2017-04-25 11:37:55,2017-04-25 11:37:55,0.0,0E-18,103.7556,1.3329,1493090700,0,0,IDENTITY,2017-04-25 11:25:00,2017-04-25 11:20:00,2017-04-25,2017-04-25,11,775,775,[],False,0,False,p0_3_v1,2,1,1,1,e23561baef78c130d9608ea01f8e015f70465e2f6ff18a39a00424738be87c10,RETAINED
S35,1493090700,"2017-04-25,2017-04-25T11:24:59+08:00,2017-04-25T11:32:38+08:00,S35,Old Toh Tuck Road,S35,103.7556,1.3329,2017-04-25T11:32:38+08:00,0.0,TB1 Rainfall 5 Minute Total F,mm",12,False,2017-04-25,2017-04-25T11:24:59+08:00,2017-04-25T11:32:38+08:00,S35,Old Toh Tuck Road,S35,103.7556,1.3329,2017-04-25T11:32:38+08:00,0.0,TB1 Rainfall 5 Minute Total F,mm,,2017,Raw_Dataset/HistoricalRainfallacrossSingapore2017.csv,a51a27378607c6c37d51b72383259b27dae5dc7d5760a8b8fff04e86d9f92ddf,7e4d530476a20d3160116fbfb72fb2f3b94c7bd8ac2cb8af71a9d057ccb6b9d8,Old Toh Tuck Road,S35,2017-04-25 11:24:59,2017-04-25 11:32:38,2017-04-25 11:32:38,0.0,0E-18,103.7556,1.3329,1493090699,299,1,T2_PLUS_1_SECOND,2017-04-25 11:25:00,2017-04-25 11:20:00,2017-04-25,2017-04-25,11,459,459,[],False,0,False,p0_3_v1,2,1,1,2,e23561baef78c130d9608ea01f8e015f70465e2f6ff18a39a00424738be87c10,MERGED_DUPLICATE
S43,1493090400,"2017-04-25,2017-04-25T11:20:00+08:00,2017-04-25T11:37:55+08:00,S43,Kim Chuan Road,S43,103.8878,1.3399,2017-04-25T11:37:55+08:00,0.0,TB1 Rainfall 5 Minute Total F,mm",12,False,2017-04-25,2017-04-25T11:20:00+08:00,2017-04-25T11:37:55+08:00,S43,Kim Chuan Road,S43,103.8878,1.3399,2017-04-25T11:37:55+08:00,0.0,TB1 Rainfall 5 Minute Total F,mm,,2017,Raw_Dataset/HistoricalRainfallacrossSingapore2017.csv,a51a27378607c6c37d51b72383259b27dae5dc7d5760a8b8fff04e86d9f92ddf,199924c99d87b43b31fa7d518c0a32f9aea712aca0063f5c1e4b212a40fa15be,Kim Chuan Road,S43,2017-04-25 11:20:00,2017-04-25 11:37:55,2017-04-25 11:37:55,0.0,0E-18,103.8878,1.3399,1493090400,0,0,IDENTITY,2017-04-25 11:20:00,2017-04-25 11:15:00,2017-04-25,2017-04-25,11,1075,1075,[],False,0,False,p0_3_v1,2,1,1,1,199924c99d87b43b31fa7d518c0a32f9aea712aca0063f5c1e4b212a40fa15be,RETAINED
S43,1493090400,"2017-04-25,2017-04-25T11:19:59+08:00,2017-04-25T11:27:39+08:00,S43,Kim Chuan Road,S43,103.8878,1.3399,2017-04-25T11:27:39+08:00,0.0,TB1 Rainfall 5 Minute Total F,mm",12,False,2017-04-25,2017-04-25T11:19:59+08:00,2017-04-25T11:27:39+08:00,S43,Kim Chuan Road,S43,103.8878,1.3399,2017-04-25T11:27:39+08:00,0.0,TB1 Rainfall 5 Minute Total F,mm,,2017,Raw_Dataset/HistoricalRainfallacrossSingapore2017.csv,a51a27378607c6c37d51b72383259b27dae5dc7d5760a8b8fff04e86d9f92ddf,f2f79803bc47c4f541c76fcc9b8e1c937fa7e31eac2f580ac0f84de8da0cd04c,Kim Chuan Road,S43,2017-04-25 11:19:59,2017-04-25 11:27:39,2017-04-25 11:27:39,0.0,0E-18,103.8878,1.3399,1493090399,299,1,T2_PLUS_1_SECOND,2017-04-25 11:20:00,2017-04-25 11:15:00,2017-04-25,2017-04-25,11,460,460,[],False,0,False,p0_3_v1,2,1,1,2,199924c99d87b43b31fa7d518c0a32f9aea712aca0063f5c1e4b212a40fa15be,MERGED_DUPLICATE
S43,1493090700,"2017-04-25,2017-04-25T11:25:00+08:00,2017-04-25T11:37:55+08:00,S43,Kim Chuan Road,S43,103.8878,1.3399,2017-04-25T11:37:55+08:00,0.0,TB1 Rainfall 5 Minute Total F,mm",12,False,2017-04-25,2017-04-25T11:25:00+08:00,2017-04-25T11:37:55+08:00,S43,Kim Chuan Road,S43,103.8878,1.3399,2017-04-25T11:37:55+08:00,0.0,TB1 Rainfall 5 Minute Total F,mm,,2017,Raw_Dataset/HistoricalRainfallacrossSingapore2017.csv,a51a27378607c6c37d51b72383259b27dae5dc7d5760a8b8fff04e86d9f92ddf,84b93123cfcde304b2b051675be9e1fc7998e6aff553cca6dd3ae855258b325d,Kim Chuan Road,S43,2017-04-25 11:25:00,2017-04-25 11:37:55,2017-04-25 11:37:55,0.0,0E-18,103.8878,1.3399,1493090700,0,0,IDENTITY,2017-04-25 11:25:00,2017-04-25 11:20:00,2017-04-25,2017-04-25,11,775,775,[],False,0,False,p0_3_v1,2,1,1,1,84b93123cfcde304b2b051675be9e1fc7998e6aff553cca6dd3ae855258b325d,RETAINED
S43,1493090700,"2017-04-25,2017-04-25T11:24:59+08:00,2017-04-25T11:32:38+08:00,S43,Kim Chuan Road,S43,103.8878,1.3399,2017-04-25T11:32:38+08:00,0.0,TB1 Rainfall 5 Minute Total F,mm",12,False,2017-04-25,2017-04-25T11:24:59+08:00,2017-04-25T11:32:38+08:00,S43,Kim Chuan Road,S43,103.8878,1.3399,2017-04-25T11:32:38+08:00,0.0,TB1 Rainfall 5 Minute Total F,mm,,2017,Raw_Dataset/HistoricalRainfallacrossSingapore2017.csv,a51a27378607c6c37d51b72383259b27dae5dc7d5760a8b8fff04e86d9f92ddf,f9e7a5f26c36731c702b53c01f80a26475ba1885023c4e3a7ef796ae00525c68,Kim Chuan Road,S43,2017-04-25 11:24:59,2017-04-25 11:32:38,2017-04-25 11:32:38,0.0,0E-18,103.8878,1.3399,1493090699,299,1,T2_PLUS_1_SECOND,2017-04-25 11:25:00,2017-04-25 11:20:00,2017-04-25,2017-04-25,11,459,459,[],False,0,False,p0_3_v1,2,1,1,2,84b93123cfcde304b2b051675be9e1fc7998e6aff553cca6dd3ae855258b325d,MERGED_DUPLICATE
S46,1493090400,"2017-04-25,2017-04-25T11:20:00+08:00,2017-04-25T11:37:55+08:00,S46,Sime Road,S46,103.8106,1.3416,2017-04-25T11:37:55+08:00,0.0,TB1 Rainfall 5 Minute Total F,mm",12,False,2017-04-25,2017-04-25T11:20:00+08:00,2017-04-25T11:37:55+08:00,S46,Sime Road,S46,103.8106,1.3416,2017-04-25T11:37:55+08:00,0.0,TB1 Rainfall 5 Minute Total F,mm,,2017,Raw_Dataset/HistoricalRainfallacrossSingapore2017.csv,a51a27378607c6c37d51b72383259b27dae5dc7d5760a8b8fff04e86d9f92ddf,2f9c0ad7db3b2713ade292d2d62f48c6e7ce45e7bcf358aabec9e9eaff7b59bf,Sime Road,S46,2017-04-25 11:20:00,2017-04-25 11:37:55,2017-04-25 11:37:55,0.0,0E-18,103.8106,1.3416,1493090400,0,0,IDENTITY,2017-04-25 11:20:00,2017-04-25 11:15:00,2017-04-25,2017-04-25,11,1075,1075,[],False,0,False,p0_3_v1,2,1,1,1,2f9c0ad7db3b2713ade292d2d62f48c6e7ce45e7bcf358aabec9e9eaff7b59bf,RETAINED
S46,1493090400,"2017-04-25,2017-04-25T11:19:59+08:00,2017-04-25T11:27:39+08:00,S46,Sime Road,S46,103.8106,1.3416,2017-04-25T11:27:39+08:00,0.0,TB1 Rainfall 5 Minute Total F,mm",12,False,2017-04-25,2017-04-25T11:19:59+08:00,2017-04-25T11:27:39+08:00,S46,Sime Road,S46,103.8106,1.3416,2017-04-25T11:27:39+08:00,0.0,TB1 Rainfall 5 Minute Total F,mm,,2017,Raw_Dataset/HistoricalRainfallacrossSingapore2017.csv,a51a27378607c6c37d51b72383259b27dae5dc7d5760a8b8fff04e86d9f92ddf,12f5f441d3556dd6214d2e1788f8d6df1c70f8f1158551f6ab963a984bdb094e,Sime Road,S46,2017-04-25 11:19:59,2017-04-25 11:27:39,2017-04-25 11:27:39,0.0,0E-18,103.8106,1.3416,1493090399,299,1,T2_PLUS_1_SECOND,2017-04-25 11:20:00,2017-04-25 11:15:00,2017-04-25,2017-04-25,11,460,460,[],False,0,False,p0_3_v1,2,1,1,2,2f9c0ad7db3b2713ade292d2d62f48c6e7ce45e7bcf358aabec9e9eaff7b59bf,MERGED_DUPLICATE
S46,1493090700,"2017-04-25,2017-04-25T11:25:00+08:00,2017-04-25T11:37:55+08:00,S46,Sime Road,S46,103.8106,1.3416,2017-04-25T11:37:55+08:00,0.0,TB1 Rainfall 5 Minute Total F,mm",12,False,2017-04-25,2017-04-25T11:25:00+08:00,2017-04-25T11:37:55+08:00,S46,Sime Road,S46,103.8106,1.3416,2017-04-25T11:37:55+08:00,0.0,TB1 Rainfall 5 Minute Total F,mm,,2017,Raw_Dataset/HistoricalRainfallacrossSingapore2017.csv,a51a27378607c6c37d51b72383259b27dae5dc7d5760a8b8fff04e86d9f92ddf,cf29b801d29a788819289dbf089fd032ee901c974ceec2fe765cb28d59ab739c,Sime Road,S46,2017-04-25 11:25:00,2017-04-25 11:37:55,2017-04-25 11:37:55,0.0,0E-18,103.8106,1.3416,1493090700,0,0,IDENTITY,2017-04-25 11:25:00,2017-04-25 11:20:00,2017-04-25,2017-04-25,11,775,775,[],False,0,False,p0_3_v1,2,1,1,1,cf29b801d29a788819289dbf089fd032ee901c974ceec2fe765cb28d59ab739c,RETAINED
S46,1493090700,"2017-04-25,2017-04-25T11:24:59+08:00,2017-04-25T11:32:38+08:00,S46,Sime Road,S46,103.8106,1.3416,2017-04-25T11:32:38+08:00,0.0,TB1 Rainfall 5 Minute Total F,mm",12,False,2017-04-25,2017-04-25T11:24:59+08:00,2017-04-25T11:32:38+08:00,S46,Sime Road,S46,103.8106,1.3416,2017-04-25T11:32:38+08:00,0.0,TB1 Rainfall 5 Minute Total F,mm,,2017,Raw_Dataset/HistoricalRainfallacrossSingapore2017.csv,a51a27378607c6c37d51b72383259b27dae5dc7d5760a8b8fff04e86d9f92ddf,be952a315121f200c8b3a94dca3f910d8f470a2d25145c104c0e8713a6bf7e02,Sime Road,S46,2017-04-25 11:24:59,2017-04-25 11:32:38,2017-04-25 11:32:38,0.0,0E-18,103.8106,1.3416,1493090699,299,1,T2_PLUS_1_SECOND,2017-04-25 11:25:00,2017-04-25 11:20:00,2017-04-25,2017-04-25,11,459,459,[],False,0,False,p0_3_v1,2,1,1,2,cf29b801d29a788819289dbf089fd032ee901c974ceec2fe765cb28d59ab739c,MERGED_DUPLICATE
S50,1493090400,"2017-04-25,2017-04-25T11:20:00+08:00,2017-04-25T11:37:55+08:00,S50,Clementi Road,S50,103.7768,1.3337,2017-04-25T11:37:55+08:00,0.0,TB1 Rainfall 5 Minute Total F,mm",12,False,2017-04-25,2017-04-25T11:20:00+08:00,2017-04-25T11:37:55+08:00,S50,Clementi Road,S50,103.7768,1.3337,2017-04-25T11:37:55+08:00,0.0,TB1 Rainfall 5 Minute Total F,mm,,2017,Raw_Dataset/HistoricalRainfallacrossSingapore2017.csv,a51a27378607c6c37d51b72383259b27dae5dc7d5760a8b8fff04e86d9f92ddf,b7df495bae99fa38dedc1c57b5401be3d28081b6553ba64af20df3d3d4b82dea,Clementi Road,S50,2017-04-25 11:20:00,2017-04-25 11:37:55,2017-04-25 11:37:55,0.0,0E-18,103.7768,1.3337,1493090400,0,0,IDENTITY,2017-04-25 11:20:00,2017-04-25 11:15:00,2017-04-25,2017-04-25,11,1075,1075,[],False,0,False,p0_3_v1,2,1,1,1,b7df495bae99fa38dedc1c57b5401be3d28081b6553ba64af20df3d3d4b82dea,RETAINED
S50,1493090400,"2017-04-25,2017-04-25T11:19:59+08:00,2017-04-25T11:27:39+08:00,S50,Clementi Road,S50,103.7768,1.3337,2017-04-25T11:27:39+08:00,0.0,TB1 Rainfall 5 Minute Total F,mm",12,False,2017-04-25,2017-04-25T11:19:59+08:00,2017-04-25T11:27:39+08:00,S50,Clementi Road,S50,103.7768,1.3337,2017-04-25T11:27:39+08:00,0.0,TB1 Rainfall 5 Minute Total F,mm,,2017,Raw_Dataset/HistoricalRainfallacrossSingapore2017.csv,a51a27378607c6c37d51b72383259b27dae5dc7d5760a8b8fff04e86d9f92ddf,7f48ea8a5610f2cb6d101e0667b00d448808ab17a041899522d0a0ad83a1b8e3,Clementi Road,S50,2017-04-25 11:19:59,2017-04-25 11:27:39,2017-04-25 11:27:39,0.0,0E-18,103.7768,1.3337,1493090399,299,1,T2_PLUS_1_SECOND,2017-04-25 11:20:00,2017-04-25 11:15:00,2017-04-25,2017-04-25,11,460,460,[],False,0,False,p0_3_v1,2,1,1,2,b7df495bae99fa38dedc1c57b5401be3d28081b6553ba64af20df3d3d4b82dea,MERGED_DUPLICATE
S50,1493090700,"2017-04-25,2017-04-25T11:25:00+08:00,2017-04-25T11:37:55+08:00,S50,Clementi Road,S50,103.7768,1.3337,2017-04-25T11:37:55+08:00,0.0,TB1 Rainfall 5 Minute Total F,mm",12,False,2017-04-25,2017-04-25T11:25:00+08:00,2017-04-25T11:37:55+08:00,S50,Clementi Road,S50,103.7768,1.3337,2017-04-25T11:37:55+08:00,0.0,TB1 Rainfall 5 Minute Total F,mm,,2017,Raw_Dataset/HistoricalRainfallacrossSingapore2017.csv,a51a27378607c6c37d51b72383259b27dae5dc7d5760a8b8fff04e86d9f92ddf,fd6513846c45a9fa93c02296ebb908dab25424383faa635944b799848bc8b1bb,Clementi Road,S50,2017-04-25 11:25:00,2017-04-25 11:37:55,2017-04-25 11:37:55,0.0,0E-18,103.7768,1.3337,1493090700,0,0,IDENTITY,2017-04-25 11:25:00,2017-04-25 11:20:00,2017-04-25,2017-04-25,11,775,775,[],False,0,False,p0_3_v1,2,1,1,1,fd6513846c45a9fa93c02296ebb908dab25424383faa635944b799848bc8b1bb,RETAINED
S50,1493090700,"2017-04-25,2017-04-25T11:24:59+08:00,2017-04-25T11:32:38+08:00,S50,Clementi Road,S50,103.7768,1.3337,2017-04-25T11:32:38+08:00,0.0,TB1 Rainfall 5 Minute Total F,mm",12,False,2017-04-25,2017-04-25T11:24:59+08:00,2017-04-25T11:32:38+08:00,S50,Clementi Road,S50,103.7768,1.3337,2017-04-25T11:32:38+08:00,0.0,TB1 Rainfall 5 Minute Total F,mm,,2017,Raw_Dataset/HistoricalRainfallacrossSingapore2017.csv,a51a27378607c6c37d51b72383259b27dae5dc7d5760a8b8fff04e86d9f92ddf,fb882ad14d528f49d10483371fdda17d7d8ece51f0804ba7993b70f8c2321434,Clementi Road,S50,2017-04-25 11:24:59,2017-04-25 11:32:38,2017-04-25 11:32:38,0.0,0E-18,103.7768,1.3337,1493090699,299,1,T2_PLUS_1_SECOND,2017-04-25 11:25:00,2017-04-25 11:20:00,2017-04-25,2017-04-25,11,459,459,[],False,0,False,p0_3_v1,2,1,1,2,fd6513846c45a9fa93c02296ebb908dab25424383faa635944b799848bc8b1bb,MERGED_DUPLICATE
S55,1493090400,"2017-04-25,2017-04-25T11:20:00+08:00,2017-04-25T11:37:55+08:00,S55,Buangkok Green,S55,103.886,1.3837,2017-04-25T11:37:55+08:00,0.0,TB1 Rainfall 5 Minute Total F,mm",12,False,2017-04-25,2017-04-25T11:20:00+08:00,2017-04-25T11:37:55+08:00,S55,Buangkok Green,S55,103.886,1.3837,2017-04-25T11:37:55+08:00,0.0,TB1 Rainfall 5 Minute Total F,mm,,2017,Raw_Dataset/HistoricalRainfallacrossSingapore2017.csv,a51a27378607c6c37d51b72383259b27dae5dc7d5760a8b8fff04e86d9f92ddf,c41a8b623721ddb269e4b51a053e0ea4619601081303040e14ae3f32b2b7da62,Buangkok Green,S55,2017-04-25 11:20:00,2017-04-25 11:37:55,2017-04-25 11:37:55,0.0,0E-18,103.886,1.3837,1493090400,0,0,IDENTITY,2017-04-25 11:20:00,2017-04-25 11:15:00,2017-04-25,2017-04-25,11,1075,1075,[],False,0,False,p0_3_v1,2,1,1,1,c41a8b623721ddb269e4b51a053e0ea4619601081303040e14ae3f32b2b7da62,RETAINED
S55,1493090400,"2017-04-25,2017-04-25T11:19:59+08:00,2017-04-25T11:27:39+08:00,S55,Buangkok Green,S55,103.886,1.3837,2017-04-25T11:27:39+08:00,0.0,TB1 Rainfall 5 Minute Total F,mm",12,False,2017-04-25,2017-04-25T11:19:59+08:00,2017-04-25T11:27:39+08:00,S55,Buangkok Green,S55,103.886,1.3837,2017-04-25T11:27:39+08:00,0.0,TB1 Rainfall 5 Minute Total F,mm,,2017,Raw_Dataset/HistoricalRainfallacrossSingapore2017.csv,a51a27378607c6c37d51b72383259b27dae5dc7d5760a8b8fff04e86d9f92ddf,b450a12dc59c752ba83680528f70b775b449d466bc40203dbc9b70e2b45b1af5,Buangkok Green,S55,2017-04-25 11:19:59,2017-04-25 11:27:39,2017-04-25 11:27:39,0.0,0E-18,103.886,1.3837,1493090399,299,1,T2_PLUS_1_SECOND,2017-04-25 11:20:00,2017-04-25 11:15:00,2017-04-25,2017-04-25,11,460,460,[],False,0,False,p0_3_v1,2,1,1,2,c41a8b623721ddb269e4b51a053e0ea4619601081303040e14ae3f32b2b7da62,MERGED_DUPLICATE
S55,1493090700,"2017-04-25,2017-04-25T11:25:00+08:00,2017-04-25T11:37:55+08:00,S55,Buangkok Green,S55,103.886,1.3837,2017-04-25T11:37:55+08:00,0.0,TB1 Rainfall 5 Minute Total F,mm",12,False,2017-04-25,2017-04-25T11:25:00+08:00,2017-04-25T11:37:55+08:00,S55,Buangkok Green,S55,103.886,1.3837,2017-04-25T11:37:55+08:00,0.0,TB1 Rainfall 5 Minute Total F,mm,,2017,Raw_Dataset/HistoricalRainfallacrossSingapore2017.csv,a51a27378607c6c37d51b72383259b27dae5dc7d5760a8b8fff04e86d9f92ddf,b5a6a2139006e8f641410d24aefdc0e03911253382da298d11e6eeaa132c4c94,Buangkok Green,S55,2017-04-25 11:25:00,2017-04-25 11:37:55,2017-04-25 11:37:55,0.0,0E-18,103.886,1.3837,1493090700,0,0,IDENTITY,2017-04-25 11:25:00,2017-04-25 11:20:00,2017-04-25,2017-04-25,11,775,775,[],False,0,False,p0_3_v1,2,1,1,1,b5a6a2139006e8f641410d24aefdc0e03911253382da298d11e6eeaa132c4c94,RETAINED
S55,1493090700,"2017-04-25,2017-04-25T11:24:59+08:00,2017-04-25T11:32:38+08:00,S55,Buangkok Green,S55,103.886,1.3837,2017-04-25T11:32:38+08:00,0.0,TB1 Rainfall 5 Minute Total F,mm",12,False,2017-04-25,2017-04-25T11:24:59+08:00,2017-04-25T11:32:38+08:00,S55,Buangkok Green,S55,103.886,1.3837,2017-04-25T11:32:38+08:00,0.0,TB1 Rainfall 5 Minute Total F,mm,,2017,Raw_Dataset/HistoricalRainfallacrossSingapore2017.csv,a51a27378607c6c37d51b72383259b27dae5dc7d5760a8b8fff04e86d9f92ddf,9c3a309afb41179c0f3a788d023fab3228e96a0b998a308aa8379f7f288dc53a,Buangkok Green,S55,2017-04-25 11:24:59,2017-04-25 11:32:38,2017-04-25 11:32:38,0.0,0E-18,103.886,1.3837,1493090699,299,1,T2_PLUS_1_SECOND,2017-04-25 11:25:00,2017-04-25 11:20:00,2017-04-25,2017-04-25,11,459,459,[],False,0,False,p0_3_v1,2,1,1,2,b5a6a2139006e8f641410d24aefdc0e03911253382da298d11e6eeaa132c4c94,MERGED_DUPLICATE
S61,1493090400,"2017-04-25,2017-04-25T11:20:00+08:00,2017-04-25T11:37:55+08:00,S61,Chai Chee Street,S61,103.9217,1.323,2017-04-25T11:37:55+08:00,0.0,TB1 Rainfall 5 Minute Total F,mm",12,False,2017-04-25,2017-04-25T11:20:00+08:00,2017-04-25T11:37:55+08:00,S61,Chai Chee Street,S61,103.9217,1.323,2017-04-25T11:37:55+08:00,0.0,TB1 Rainfall 5 Minute Total F,mm,,2017,Raw_Dataset/HistoricalRainfallacrossSingapore2017.csv,a51a27378607c6c37d51b72383259b27dae5dc7d5760a8b8fff04e86d9f92ddf,cef447697a45361494234e188d59b830c8a8a63bbb84b84fb731930941fcd438,Chai Chee Street,S61,2017-04-25 11:20:00,2017-04-25 11:37:55,2017-04-25 11:37:55,0.0,0E-18,103.9217,1.323,1493090400,0,0,IDENTITY,2017-04-25 11:20:00,2017-04-25 11:15:00,2017-04-25,2017-04-25,11,1075,1075,[],False,0,False,p0_3_v1,2,1,1,1,cef447697a45361494234e188d59b830c8a8a63bbb84b84fb731930941fcd438,RETAINED
S61,1493090400,"2017-04-25,2017-04-25T11:19:59+08:00,2017-04-25T11:27:39+08:00,S61,Chai Chee Street,S61,103.9217,1.323,2017-04-25T11:27:39+08:00,0.0,TB1 Rainfall 5 Minute Total F,mm",12,False,2017-04-25,2017-04-25T11:19:59+08:00,2017-04-25T11:27:39+08:00,S61,Chai Chee Street,S61,103.9217,1.323,2017-04-25T11:27:39+08:00,0.0,TB1 Rainfall 5 Minute Total F,mm,,2017,Raw_Dataset/HistoricalRainfallacrossSingapore2017.csv,a51a27378607c6c37d51b72383259b27dae5dc7d5760a8b8fff04e86d9f92ddf,d6c61c2c6d797c3e7b519a2c3206ff32f2f6e22bec5f21fd531ea783d272f10a,Chai Chee Street,S61,2017-04-25 11:19:59,2017-04-25 11:27:39,2017-04-25 11:27:39,0.0,0E-18,103.9217,1.323,1493090399,299,1,T2_PLUS_1_SECOND,2017-04-25 11:20:00,2017-04-25 11:15:00,2017-04-25,2017-04-25,11,460,460,[],False,0,False,p0_3_v1,2,1,1,2,cef447697a45361494234e188d59b830c8a8a63bbb84b84fb731930941fcd438,MERGED_DUPLICATE
S61,1493090700,"2017-04-25,2017-04-25T11:25:00+08:00,2017-04-25T11:37:55+08:00,S61,Chai Chee Street,S61,103.9217,1.323,2017-04-25T11:37:55+08:00,0.0,TB1 Rainfall 5 Minute Total F,mm",12,False,2017-04-25,2017-04-25T11:25:00+08:00,2017-04-25T11:37:55+08:00,S61,Chai Chee Street,S61,103.9217,1.323,2017-04-25T11:37:55+08:00,0.0,TB1 Rainfall 5 Minute Total F,mm,,2017,Raw_Dataset/HistoricalRainfallacrossSingapore2017.csv,a51a27378607c6c37d51b72383259b27dae5dc7d5760a8b8fff04e86d9f92ddf,d77807bc0506a4014842f8def5f1baebdb4f3bf9eb65def59021421e22d00e57,Chai Chee Street,S61,2017-04-25 11:25:00,2017-04-25 11:37:55,2017-04-25 11:37:55,0.0,0E-18,103.9217,1.323,1493090700,0,0,IDENTITY,2017-04-25 11:25:00,2017-04-25 11:20:00,2017-04-25,2017-04-25,11,775,775,[],False,0,False,p0_3_v1,2,1,1,1,d77807bc0506a4014842f8def5f1baebdb4f3bf9eb65def59021421e22d00e57,RETAINED
S61,1493090700,"2017-04-25,2017-04-25T11:24:59+08:00,2017-04-25T11:32:38+08:00,S61,Chai Chee Street,S61,103.9217,1.323,2017-04-25T11:32:38+08:00,0.0,TB1 Rainfall 5 Minute Total F,mm",12,False,2017-04-25,2017-04-25T11:24:59+08:00,2017-04-25T11:32:38+08:00,S61,Chai Chee Street,S61,103.9217,1.323,2017-04-25T11:32:38+08:00,0.0,TB1 Rainfall 5 Minute Total F,mm,,2017,Raw_Dataset/HistoricalRainfallacrossSingapore2017.csv,a51a27378607c6c37d51b72383259b27dae5dc7d5760a8b8fff04e86d9f92ddf,5d67ee4580732eea1c76da6ec34a5acf09168a1109167f4a1ee4455d9532b455,Chai Chee Street,S61,2017-04-25 11:24:59,2017-04-25 11:32:38,2017-04-25 11:32:38,0.0,0E-18,103.9217,1.323,1493090699,299,1,T2_PLUS_1_SECOND,2017-04-25 11:25:00,2017-04-25 11:20:00,2017-04-25,2017-04-25,11,459,459,[],False,0,False,p0_3_v1,2,1,1,2,d77807bc0506a4014842f8def5f1baebdb4f3bf9eb65def59021421e22d00e57,MERGED_DUPLICATE
S63,1493090400,"2017-04-25,2017-04-25T11:20:00+08:00,2017-04-25T11:37:55+08:00,S63,International Road,S63,103.7042,1.3275,2017-04-25T11:37:55+08:00,0.0,TB1 Rainfall 5 Minute Total F,mm",12,False,2017-04-25,2017-04-25T11:20:00+08:00,2017-04-25T11:37:55+08:00,S63,International Road,S63,103.7042,1.3275,2017-04-25T11:37:55+08:00,0.0,TB1 Rainfall 5 Minute Total F,mm,,2017,Raw_Dataset/HistoricalRainfallacrossSingapore2017.csv,a51a27378607c6c37d51b72383259b27dae5dc7d5760a8b8fff04e86d9f92ddf,190713bd664cb03ca71715ec4807a52a96edccda073bc3ef676e8657493e0c1f,International Road,S63,2017-04-25 11:20:00,2017-04-25 11:37:55,2017-04-25 11:37:55,0.0,0E-18,103.7042,1.3275,1493090400,0,0,IDENTITY,2017-04-25 11:20:00,2017-04-25 11:15:00,2017-04-25,2017-04-25,11,1075,1075,[],False,0,False,p0_3_v1,2,1,1,1,190713bd664cb03ca71715ec4807a52a96edccda073bc3ef676e8657493e0c1f,RETAINED
S63,1493090400,"2017-04-25,2017-04-25T11:19:59+08:00,2017-04-25T11:27:39+08:00,S63,International Road,S63,103.7042,1.3275,2017-04-25T11:27:39+08:00,0.0,TB1 Rainfall 5 Minute Total F,mm",12,False,2017-04-25,2017-04-25T11:19:59+08:00,2017-04-25T11:27:39+08:00,S63,International Road,S63,103.7042,1.3275,2017-04-25T11:27:39+08:00,0.0,TB1 Rainfall 5 Minute Total F,mm,,2017,Raw_Dataset/HistoricalRainfallacrossSingapore2017.csv,a51a27378607c6c37d51b72383259b27dae5dc7d5760a8b8fff04e86d9f92ddf,6dd9750bedc8472a83cdf505c0f2fffd668ffbb661d42bafbb64003c38e63c1e,International Road,S63,2017-04-25 11:19:59,2017-04-25 11:27:39,2017-04-25 11:27:39,0.0,0E-18,103.7042,1.3275,1493090399,299,1,T2_PLUS_1_SECOND,2017-04-25 11:20:00,2017-04-25 11:15:00,2017-04-25,2017-04-25,11,460,460,[],False,0,False,p0_3_v1,2,1,1,2,190713bd664cb03ca71715ec4807a52a96edccda073bc3ef676e8657493e0c1f,MERGED_DUPLICATE
S63,1493090700,"2017-04-25,2017-04-25T11:25:00+08:00,2017-04-25T11:37:55+08:00,S63,International Road,S63,103.7042,1.3275,2017-04-25T11:37:55+08:00,0.0,TB1 Rainfall 5 Minute Total F,mm",12,False,2017-04-25,2017-04-25T11:25:00+08:00,2017-04-25T11:37:55+08:00,S63,International Road,S63,103.7042,1.3275,2017-04-25T11:37:55+08:00,0.0,TB1 Rainfall 5 Minute Total F,mm,,2017,Raw_Dataset/HistoricalRainfallacrossSingapore2017.csv,a51a27378607c6c37d51b72383259b27dae5dc7d5760a8b8fff04e86d9f92ddf,b379cf8d03d36fe9b72cb42f6f17b6c67e628bb79607c021899e0ea4bf91c095,International Road,S63,2017-04-25 11:25:00,2017-04-25 11:37:55,2017-04-25 11:37:55,0.0,0E-18,103.7042,1.3275,1493090700,0,0,IDENTITY,2017-04-25 11:25:00,2017-04-25 11:20:00,2017-04-25,2017-04-25,11,775,775,[],False,0,False,p0_3_v1,2,1,1,1,b379cf8d03d36fe9b72cb42f6f17b6c67e628bb79607c021899e0ea4bf91c095,RETAINED
S63,1493090700,"2017-04-25,2017-04-25T11:24:59+08:00,2017-04-25T11:32:38+08:00,S63,International Road,S63,103.7042,1.3275,2017-04-25T11:32:38+08:00,0.0,TB1 Rainfall 5 Minute Total F,mm",12,False,2017-04-25,2017-04-25T11:24:59+08:00,2017-04-25T11:32:38+08:00,S63,International Road,S63,103.7042,1.3275,2017-04-25T11:32:38+08:00,0.0,TB1 Rainfall 5 Minute Total F,mm,,2017,Raw_Dataset/HistoricalRainfallacrossSingapore2017.csv,a51a27378607c6c37d51b72383259b27dae5dc7d5760a8b8fff04e86d9f92ddf,a57a89492842ccc9c37af9cbc6434a3bf3061cd9e33e0932bc692a9f586077f7,International Road,S63,2017-04-25 11:24:59,2017-04-25 11:32:38,2017-04-25 11:32:38,0.0,0E-18,103.7042,1.3275,1493090699,299,1,T2_PLUS_1_SECOND,2017-04-25 11:25:00,2017-04-25 11:20:00,2017-04-25,2017-04-25,11,459,459,[],False,0,False,p0_3_v1,2,1,1,2,b379cf8d03d36fe9b72cb42f6f17b6c67e628bb79607c021899e0ea4bf91c095,MERGED_DUPLICATE
S64,1493090400,"2017-04-25,2017-04-25T11:20:00+08:00,2017-04-25T11:37:55+08:00,S64,Bukit Panjang Road,S64,103.7603,1.3824,2017-04-25T11:37:55+08:00,0.0,TB1 Rainfall 5 Minute Total F,mm",12,False,2017-04-25,2017-04-25T11:20:00+08:00,2017-04-25T11:37:55+08:00,S64,Bukit Panjang Road,S64,103.7603,1.3824,2017-04-25T11:37:55+08:00,0.0,TB1 Rainfall 5 Minute Total F,mm,,2017,Raw_Dataset/HistoricalRainfallacrossSingapore2017.csv,a51a27378607c6c37d51b72383259b27dae5dc7d5760a8b8fff04e86d9f92ddf,6fa211dfc08c67c202f0fb701cf78c25385c86eac1c7e4314d982958d282a279,Bukit Panjang Road,S64,2017-04-25 11:20:00,2017-04-25 11:37:55,2017-04-25 11:37:55,0.0,0E-18,103.7603,1.3824,1493090400,0,0,IDENTITY,2017-04-25 11:20:00,2017-04-25 11:15:00,2017-04-25,2017-04-25,11,1075,1075,[],False,0,False,p0_3_v1,2,1,1,1,6fa211dfc08c67c202f0fb701cf78c25385c86eac1c7e4314d982958d282a279,RETAINED
S64,1493090400,"2017-04-25,2017-04-25T11:19:59+08:00,2017-04-25T11:27:39+08:00,S64,Bukit Panjang Road,S64,103.7603,1.3824,2017-04-25T11:27:39+08:00,0.0,TB1 Rainfall 5 Minute Total F,mm",12,False,2017-04-25,2017-04-25T11:19:59+08:00,2017-04-25T11:27:39+08:00,S64,Bukit Panjang Road,S64,103.7603,1.3824,2017-04-25T11:27:39+08:00,0.0,TB1 Rainfall 5 Minute Total F,mm,,2017,Raw_Dataset/HistoricalRainfallacrossSingapore2017.csv,a51a27378607c6c37d51b72383259b27dae5dc7d5760a8b8fff04e86d9f92ddf,1e044aefc54f97054022756a48797c303443b7e675dc318594c715400786334c,Bukit Panjang Road,S64,2017-04-25 11:19:59,2017-04-25 11:27:39,2017-04-25 11:27:39,0.0,0E-18,103.7603,1.3824,1493090399,299,1,T2_PLUS_1_SECOND,2017-04-25 11:20:00,2017-04-25 11:15:00,2017-04-25,2017-04-25,11,460,460,[],False,0,False,p0_3_v1,2,1,1,2,6fa211dfc08c67c202f0fb701cf78c25385c86eac1c7e4314d982958d282a279,MERGED_DUPLICATE
S64,1493090700,"2017-04-25,2017-04-25T11:25:00+08:00,2017-04-25T11:37:55+08:00,S64,Bukit Panjang Road,S64,103.7603,1.3824,2017-04-25T11:37:55+08:00,0.0,TB1 Rainfall 5 Minute Total F,mm",12,False,2017-04-25,2017-04-25T11:25:00+08:00,2017-04-25T11:37:55+08:00,S64,Bukit Panjang Road,S64,103.7603,1.3824,2017-04-25T11:37:55+08:00,0.0,TB1 Rainfall 5 Minute Total F,mm,,2017,Raw_Dataset/HistoricalRainfallacrossSingapore2017.csv,a51a27378607c6c37d51b72383259b27dae5dc7d5760a8b8fff04e86d9f92ddf,f1b825526f8031b524672a074e0e74cee8960e546d280de158bd1122ba072daa,Bukit Panjang Road,S64,2017-04-25 11:25:00,2017-04-25 11:37:55,2017-04-25 11:37:55,0.0,0E-18,103.7603,1.3824,1493090700,0,0,IDENTITY,2017-04-25 11:25:00,2017-04-25 11:20:00,2017-04-25,2017-04-25,11,775,775,[],False,0,False,p0_3_v1,2,1,1,1,f1b825526f8031b524672a074e0e74cee8960e546d280de158bd1122ba072daa,RETAINED
S64,1493090700,"2017-04-25,2017-04-25T11:24:59+08:00,2017-04-25T11:32:38+08:00,S64,Bukit Panjang Road,S64,103.7603,1.3824,2017-04-25T11:32:38+08:00,0.0,TB1 Rainfall 5 Minute Total F,mm",12,False,2017-04-25,2017-04-25T11:24:59+08:00,2017-04-25T11:32:38+08:00,S64,Bukit Panjang Road,S64,103.7603,1.3824,2017-04-25T11:32:38+08:00,0.0,TB1 Rainfall 5 Minute Total F,mm,,2017,Raw_Dataset/HistoricalRainfallacrossSingapore2017.csv,a51a27378607c6c37d51b72383259b27dae5dc7d5760a8b8fff04e86d9f92ddf,c8bd5bc78652975dc254d891ecf1f4fecb274ee8ec9ff74c397c255d6f844253,Bukit Panjang Road,S64,2017-04-25 11:24:59,2017-04-25 11:32:38,2017-04-25 11:32:38,0.0,0E-18,103.7603,1.3824,1493090699,299,1,T2_PLUS_1_SECOND,2017-04-25 11:25:00,2017-04-25 11:20:00,2017-04-25,2017-04-25,11,459,459,[],False,0,False,p0_3_v1,2,1,1,2,f1b825526f8031b524672a074e0e74cee8960e546d280de158bd1122ba072daa,MERGED_DUPLICATE
S66,1493090400,"2017-04-25,2017-04-25T11:20:00+08:00,2017-04-25T11:37:55+08:00,S66,Kranji Way,S66,103.7363,1.4387,2017-04-25T11:37:55+08:00,0.0,TB1 Rainfall 5 Minute Total F,mm",12,False,2017-04-25,2017-04-25T11:20:00+08:00,2017-04-25T11:37:55+08:00,S66,Kranji Way,S66,103.7363,1.4387,2017-04-25T11:37:55+08:00,0.0,TB1 Rainfall 5 Minute Total F,mm,,2017,Raw_Dataset/HistoricalRainfallacrossSingapore2017.csv,a51a27378607c6c37d51b72383259b27dae5dc7d5760a8b8fff04e86d9f92ddf,f43884ad27ac4c620e3630b6a8241af926cf5a58439c758499b0ade6962be3bb,Kranji Way,S66,2017-04-25 11:20:00,2017-04-25 11:37:55,2017-04-25 11:37:55,0.0,0E-18,103.7363,1.4387,1493090400,0,0,IDENTITY,2017-04-25 11:20:00,2017-04-25 11:15:00,2017-04-25,2017-04-25,11,1075,1075,[],False,0,False,p0_3_v1,2,1,1,1,f43884ad27ac4c620e3630b6a8241af926cf5a58439c758499b0ade6962be3bb,RETAINED
S66,1493090400,"2017-04-25,2017-04-25T11:19:59+08:00,2017-04-25T11:27:39+08:00,S66,Kranji Way,S66,103.7363,1.4387,2017-04-25T11:27:39+08:00,0.0,TB1 Rainfall 5 Minute Total F,mm",12,False,2017-04-25,2017-04-25T11:19:59+08:00,2017-04-25T11:27:39+08:00,S66,Kranji Way,S66,103.7363,1.4387,2017-04-25T11:27:39+08:00,0.0,TB1 Rainfall 5 Minute Total F,mm,,2017,Raw_Dataset/HistoricalRainfallacrossSingapore2017.csv,a51a27378607c6c37d51b72383259b27dae5dc7d5760a8b8fff04e86d9f92ddf,7fe9b28552e076a3e298d812b6a569863667398d7d00872203556d3f2dbd1119,Kranji Way,S66,2017-04-25 11:19:59,2017-04-25 11:27:39,2017-04-25 11:27:39,0.0,0E-18,103.7363,1.4387,1493090399,299,1,T2_PLUS_1_SECOND,2017-04-25 11:20:00,2017-04-25 11:15:00,2017-04-25,2017-04-25,11,460,460,[],False,0,False,p0_3_v1,2,1,1,2,f43884ad27ac4c620e3630b6a8241af926cf5a58439c758499b0ade6962be3bb,MERGED_DUPLICATE
S66,1493090700,"2017-04-25,2017-04-25T11:25:00+08:00,2017-04-25T11:37:55+08:00,S66,Kranji Way,S66,103.7363,1.4387,2017-04-25T11:37:55+08:00,0.0,TB1 Rainfall 5 Minute Total F,mm",12,False,2017-04-25,2017-04-25T11:25:00+08:00,2017-04-25T11:37:55+08:00,S66,Kranji Way,S66,103.7363,1.4387,2017-04-25T11:37:55+08:00,0.0,TB1 Rainfall 5 Minute Total F,mm,,2017,Raw_Dataset/HistoricalRainfallacrossSingapore2017.csv,a51a27378607c6c37d51b72383259b27dae5dc7d5760a8b8fff04e86d9f92ddf,bcaf13f206a3126acd2161b6668ba07f0f6741bee5abfbd8cd5eb2c5704af173,Kranji Way,S66,2017-04-25 11:25:00,2017-04-25 11:37:55,2017-04-25 11:37:55,0.0,0E-18,103.7363,1.4387,1493090700,0,0,IDENTITY,2017-04-25 11:25:00,2017-04-25 11:20:00,2017-04-25,2017-04-25,11,775,775,[],False,0,False,p0_3_v1,2,1,1,1,bcaf13f206a3126acd2161b6668ba07f0f6741bee5abfbd8cd5eb2c5704af173,RETAINED
S66,1493090700,"2017-04-25,2017-04-25T11:24:59+08:00,2017-04-25T11:32:38+08:00,S66,Kranji Way,S66,103.7363,1.4387,2017-04-25T11:32:38+08:00,0.0,TB1 Rainfall 5 Minute Total F,mm",12,False,2017-04-25,2017-04-25T11:24:59+08:00,2017-04-25T11:32:38+08:00,S66,Kranji Way,S66,103.7363,1.4387,2017-04-25T11:32:38+08:00,0.0,TB1 Rainfall 5 Minute Total F,mm,,2017,Raw_Dataset/HistoricalRainfallacrossSingapore2017.csv,a51a27378607c6c37d51b72383259b27dae5dc7d5760a8b8fff04e86d9f92ddf,fe39cce0644cc31c7eb071cf3afb26904f3329d727a33fd6f38b37b601bfd530,Kranji Way,S66,2017-04-25 11:24:59,2017-04-25 11:32:38,2017-04-25 11:32:38,0.0,0E-18,103.7363,1.4387,1493090699,299,1,T2_PLUS_1_SECOND,2017-04-25 11:25:00,2017-04-25 11:20:00,2017-04-25,2017-04-25,11,459,459,[],False,0,False,p0_3_v1,2,1,1,2,bcaf13f206a3126acd2161b6668ba07f0f6741bee5abfbd8cd5eb2c5704af173,MERGED_DUPLICATE
S71,1493090400,"2017-04-25,2017-04-25T11:20:00+08:00,2017-04-25T11:37:55+08:00,S71,Kent Ridge Road,S71,103.7815,1.2923,2017-04-25T11:37:55+08:00,0.0,TB1 Rainfall 5 Minute Total F,mm",12,False,2017-04-25,2017-04-25T11:20:00+08:00,2017-04-25T11:37:55+08:00,S71,Kent Ridge Road,S71,103.7815,1.2923,2017-04-25T11:37:55+08:00,0.0,TB1 Rainfall 5 Minute Total F,mm,,2017,Raw_Dataset/HistoricalRainfallacrossSingapore2017.csv,a51a27378607c6c37d51b72383259b27dae5dc7d5760a8b8fff04e86d9f92ddf,893bc06d50446b62dbc5277f26fb73b6607c16ce1a922054facc5422d8bc9aec,Kent Ridge Road,S71,2017-04-25 11:20:00,2017-04-25 11:37:55,2017-04-25 11:37:55,0.0,0E-18,103.7815,1.2923,1493090400,0,0,IDENTITY,2017-04-25 11:20:00,2017-04-25 11:15:00,2017-04-25,2017-04-25,11,1075,1075,[],False,0,False,p0_3_v1,2,1,1,1,893bc06d50446b62dbc5277f26fb73b6607c16ce1a922054facc5422d8bc9aec,RETAINED
S71,1493090400,"2017-04-25,2017-04-25T11:19:59+08:00,2017-04-25T11:27:39+08:00,S71,Kent Ridge Road,S71,103.7815,1.2923,2017-04-25T11:27:39+08:00,0.0,TB1 Rainfall 5 Minute Total F,mm",12,False,2017-04-25,2017-04-25T11:19:59+08:00,2017-04-25T11:27:39+08:00,S71,Kent Ridge Road,S71,103.7815,1.2923,2017-04-25T11:27:39+08:00,0.0,TB1 Rainfall 5 Minute Total F,mm,,2017,Raw_Dataset/HistoricalRainfallacrossSingapore2017.csv,a51a27378607c6c37d51b72383259b27dae5dc7d5760a8b8fff04e86d9f92ddf,259b4a00be861ac7ee4691058eff6ba837113d181222b4909609e99039ce795f,Kent Ridge Road,S71,2017-04-25 11:19:59,2017-04-25 11:27:39,2017-04-25 11:27:39,0.0,0E-18,103.7815,1.2923,1493090399,299,1,T2_PLUS_1_SECOND,2017-04-25 11:20:00,2017-04-25 11:15:00,2017-04-25,2017-04-25,11,460,460,[],False,0,False,p0_3_v1,2,1,1,2,893bc06d50446b62dbc5277f26fb73b6607c16ce1a922054facc5422d8bc9aec,MERGED_DUPLICATE
S71,1493090700,"2017-04-25,2017-04-25T11:25:00+08:00,2017-04-25T11:37:55+08:00,S71,Kent Ridge Road,S71,103.7815,1.2923,2017-04-25T11:37:55+08:00,0.0,TB1 Rainfall 5 Minute Total F,mm",12,False,2017-04-25,2017-04-25T11:25:00+08:00,2017-04-25T11:37:55+08:00,S71,Kent Ridge Road,S71,103.7815,1.2923,2017-04-25T11:37:55+08:00,0.0,TB1 Rainfall 5 Minute Total F,mm,,2017,Raw_Dataset/HistoricalRainfallacrossSingapore2017.csv,a51a27378607c6c37d51b72383259b27dae5dc7d5760a8b8fff04e86d9f92ddf,d6dd0e15487c91454d4b500edaa42fba32acede1a20443ac07b2cc6a0a97d33d,Kent Ridge Road,S71,2017-04-25 11:25:00,2017-04-25 11:37:55,2017-04-25 11:37:55,0.0,0E-18,103.7815,1.2923,1493090700,0,0,IDENTITY,2017-04-25 11:25:00,2017-04-25 11:20:00,2017-04-25,2017-04-25,11,775,775,[],False,0,False,p0_3_v1,2,1,1,1,d6dd0e15487c91454d4b500edaa42fba32acede1a20443ac07b2cc6a0a97d33d,RETAINED
S71,1493090700,"2017-04-25,2017-04-25T11:24:59+08:00,2017-04-25T11:32:38+08:00,S71,Kent Ridge Road,S71,103.7815,1.2923,2017-04-25T11:32:38+08:00,0.0,TB1 Rainfall 5 Minute Total F,mm",12,False,2017-04-25,2017-04-25T11:24:59+08:00,2017-04-25T11:32:38+08:00,S71,Kent Ridge Road,S71,103.7815,1.2923,2017-04-25T11:32:38+08:00,0.0,TB1 Rainfall 5 Minute Total F,mm,,2017,Raw_Dataset/HistoricalRainfallacrossSingapore2017.csv,a51a27378607c6c37d51b72383259b27dae5dc7d5760a8b8fff04e86d9f92ddf,dbfe15ea26a7b7d78238290fd9544a2f5f4c18660bfdc8f6891687d88c57159d,Kent Ridge Road,S71,2017-04-25 11:24:59,2017-04-25 11:32:38,2017-04-25 11:32:38,0.0,0E-18,103.7815,1.2923,1493090699,299,1,T2_PLUS_1_SECOND,2017-04-25 11:25:00,2017-04-25 11:20:00,2017-04-25,2017-04-25,11,459,459,[],False,0,False,p0_3_v1,2,1,1,2,d6dd0e15487c91454d4b500edaa42fba32acede1a20443ac07b2cc6a0a97d33d,MERGED_DUPLICATE
S77,1493090400,"2017-04-25,2017-04-25T11:20:00+08:00,2017-04-25T11:37:55+08:00,S77,Alexandra Road,S77,103.8125,1.2937,2017-04-25T11:37:55+08:00,0.0,TB1 Rainfall 5 Minute Total F,mm",12,False,2017-04-25,2017-04-25T11:20:00+08:00,2017-04-25T11:37:55+08:00,S77,Alexandra Road,S77,103.8125,1.2937,2017-04-25T11:37:55+08:00,0.0,TB1 Rainfall 5 Minute Total F,mm,,2017,Raw_Dataset/HistoricalRainfallacrossSingapore2017.csv,a51a27378607c6c37d51b72383259b27dae5dc7d5760a8b8fff04e86d9f92ddf,41a1c9a39cfc4c448352fd89e42cbdea2b8d9a147207007d136face3662a43c7,Alexandra Road,S77,2017-04-25 11:20:00,2017-04-25 11:37:55,2017-04-25 11:37:55,0.0,0E-18,103.8125,1.2937,1493090400,0,0,IDENTITY,2017-04-25 11:20:00,2017-04-25 11:15:00,2017-04-25,2017-04-25,11,1075,1075,[],False,0,False,p0_3_v1,2,1,1,1,41a1c9a39cfc4c448352fd89e42cbdea2b8d9a147207007d136face3662a43c7,RETAINED
S77,1493090400,"2017-04-25,2017-04-25T11:19:59+08:00,2017-04-25T11:27:39+08:00,S77,Alexandra Road,S77,103.8125,1.2937,2017-04-25T11:27:39+08:00,0.0,TB1 Rainfall 5 Minute Total F,mm",12,False,2017-04-25,2017-04-25T11:19:59+08:00,2017-04-25T11:27:39+08:00,S77,Alexandra Road,S77,103.8125,1.2937,2017-04-25T11:27:39+08:00,0.0,TB1 Rainfall 5 Minute Total F,mm,,2017,Raw_Dataset/HistoricalRainfallacrossSingapore2017.csv,a51a27378607c6c37d51b72383259b27dae5dc7d5760a8b8fff04e86d9f92ddf,993a961996eebbd4c0d394e134e4294435d34321a4857f176438848e59c27859,Alexandra Road,S77,2017-04-25 11:19:59,2017-04-25 11:27:39,2017-04-25 11:27:39,0.0,0E-18,103.8125,1.2937,1493090399,299,1,T2_PLUS_1_SECOND,2017-04-25 11:20:00,2017-04-25 11:15:00,2017-04-25,2017-04-25,11,460,460,[],False,0,False,p0_3_v1,2,1,1,2,41a1c9a39cfc4c448352fd89e42cbdea2b8d9a147207007d136face3662a43c7,MERGED_DUPLICATE
S77,1493090700,"2017-04-25,2017-04-25T11:25:00+08:00,2017-04-25T11:37:55+08:00,S77,Alexandra Road,S77,103.8125,1.2937,2017-04-25T11:37:55+08:00,0.0,TB1 Rainfall 5 Minute Total F,mm",12,False,2017-04-25,2017-04-25T11:25:00+08:00,2017-04-25T11:37:55+08:00,S77,Alexandra Road,S77,103.8125,1.2937,2017-04-25T11:37:55+08:00,0.0,TB1 Rainfall 5 Minute Total F,mm,,2017,Raw_Dataset/HistoricalRainfallacrossSingapore2017.csv,a51a27378607c6c37d51b72383259b27dae5dc7d5760a8b8fff04e86d9f92ddf,1240ba4daeb1e378918ba1cf90533c18646d063758f4b98dece6de69e2e0b906,Alexandra Road,S77,2017-04-25 11:25:00,2017-04-25 11:37:55,2017-04-25 11:37:55,0.0,0E-18,103.8125,1.2937,1493090700,0,0,IDENTITY,2017-04-25 11:25:00,2017-04-25 11:20:00,2017-04-25,2017-04-25,11,775,775,[],False,0,False,p0_3_v1,2,1,1,1,1240ba4daeb1e378918ba1cf90533c18646d063758f4b98dece6de69e2e0b906,RETAINED
S77,1493090700,"2017-04-25,2017-04-25T11:24:59+08:00,2017-04-25T11:32:38+08:00,S77,Alexandra Road,S77,103.8125,1.2937,2017-04-25T11:32:38+08:00,0.0,TB1 Rainfall 5 Minute Total F,mm",12,False,2017-04-25,2017-04-25T11:24:59+08:00,2017-04-25T11:32:38+08:00,S77,Alexandra Road,S77,103.8125,1.2937,2017-04-25T11:32:38+08:00,0.0,TB1 Rainfall 5 Minute Total F,mm,,2017,Raw_Dataset/HistoricalRainfallacrossSingapore2017.csv,a51a27378607c6c37d51b72383259b27dae5dc7d5760a8b8fff04e86d9f92ddf,cf45762f81dead4bdd15604bcb1d2feaed1a867cff77e2f856e75d8b4a8d5e2b,Alexandra Road,S77,2017-04-25 11:24:59,2017-04-25 11:32:38,2017-04-25 11:32:38,0.0,0E-18,103.8125,1.2937,1493090699,299,1,T2_PLUS_1_SECOND,2017-04-25 11:25:00,2017-04-25 11:20:00,2017-04-25,2017-04-25,11,459,459,[],False,0,False,p0_3_v1,2,1,1,2,1240ba4daeb1e378918ba1cf90533c18646d063758f4b98dece6de69e2e0b906,MERGED_DUPLICATE
S78,1493090400,"2017-04-25,2017-04-25T11:20:00+08:00,2017-04-25T11:37:55+08:00,S78,Poole Road,S78,103.89067,1.30703,2017-04-25T11:37:55+08:00,0.0,TB1 Rainfall 5 Minute Total F,mm",12,False,2017-04-25,2017-04-25T11:20:00+08:00,2017-04-25T11:37:55+08:00,S78,Poole Road,S78,103.89067,1.30703,2017-04-25T11:37:55+08:00,0.0,TB1 Rainfall 5 Minute Total F,mm,,2017,Raw_Dataset/HistoricalRainfallacrossSingapore2017.csv,a51a27378607c6c37d51b72383259b27dae5dc7d5760a8b8fff04e86d9f92ddf,c7c285a7941d2eb0fc1e19d43957c01e313ef35eb54a57d4c575e77be671c81c,Poole Road,S78,2017-04-25 11:20:00,2017-04-25 11:37:55,2017-04-25 11:37:55,0.0,0E-18,103.89067,1.30703,1493090400,0,0,IDENTITY,2017-04-25 11:20:00,2017-04-25 11:15:00,2017-04-25,2017-04-25,11,1075,1075,[],False,0,False,p0_3_v1,2,1,1,1,c7c285a7941d2eb0fc1e19d43957c01e313ef35eb54a57d4c575e77be671c81c,RETAINED
S78,1493090400,"2017-04-25,2017-04-25T11:19:59+08:00,2017-04-25T11:27:39+08:00,S78,Poole Road,S78,103.89067,1.30703,2017-04-25T11:27:39+08:00,0.0,TB1 Rainfall 5 Minute Total F,mm",12,False,2017-04-25,2017-04-25T11:19:59+08:00,2017-04-25T11:27:39+08:00,S78,Poole Road,S78,103.89067,1.30703,2017-04-25T11:27:39+08:00,0.0,TB1 Rainfall 5 Minute Total F,mm,,2017,Raw_Dataset/HistoricalRainfallacrossSingapore2017.csv,a51a27378607c6c37d51b72383259b27dae5dc7d5760a8b8fff04e86d9f92ddf,bae44a1550b9717fc5086b41d2c94518e530f0dabb64250886092991aa0de3bb,Poole Road,S78,2017-04-25 11:19:59,2017-04-25 11:27:39,2017-04-25 11:27:39,0.0,0E-18,103.89067,1.30703,1493090399,299,1,T2_PLUS_1_SECOND,2017-04-25 11:20:00,2017-04-25 11:15:00,2017-04-25,2017-04-25,11,460,460,[],False,0,False,p0_3_v1,2,1,1,2,c7c285a7941d2eb0fc1e19d43957c01e313ef35eb54a57d4c575e77be671c81c,MERGED_DUPLICATE
S78,1493090700,"2017-04-25,2017-04-25T11:25:00+08:00,2017-04-25T11:37:55+08:00,S78,Poole Road,S78,103.89067,1.30703,2017-04-25T11:37:55+08:00,0.0,TB1 Rainfall 5 Minute Total F,mm",12,False,2017-04-25,2017-04-25T11:25:00+08:00,2017-04-25T11:37:55+08:00,S78,Poole Road,S78,103.89067,1.30703,2017-04-25T11:37:55+08:00,0.0,TB1 Rainfall 5 Minute Total F,mm,,2017,Raw_Dataset/HistoricalRainfallacrossSingapore2017.csv,a51a27378607c6c37d51b72383259b27dae5dc7d5760a8b8fff04e86d9f92ddf,8bdc37cd4f8e16134955feb096db3e79583701689991ba8d5d78da5e3e310156,Poole Road,S78,2017-04-25 11:25:00,2017-04-25 11:37:55,2017-04-25 11:37:55,0.0,0E-18,103.89067,1.30703,1493090700,0,0,IDENTITY,2017-04-25 11:25:00,2017-04-25 11:20:00,2017-04-25,2017-04-25,11,775,775,[],False,0,False,p0_3_v1,2,1,1,1,8bdc37cd4f8e16134955feb096db3e79583701689991ba8d5d78da5e3e310156,RETAINED
S78,1493090700,"2017-04-25,2017-04-25T11:24:59+08:00,2017-04-25T11:32:38+08:00,S78,Poole Road,S78,103.89067,1.30703,2017-04-25T11:32:38+08:00,0.0,TB1 Rainfall 5 Minute Total F,mm",12,False,2017-04-25,2017-04-25T11:24:59+08:00,2017-04-25T11:32:38+08:00,S78,Poole Road,S78,103.89067,1.30703,2017-04-25T11:32:38+08:00,0.0,TB1 Rainfall 5 Minute Total F,mm,,2017,Raw_Dataset/HistoricalRainfallacrossSingapore2017.csv,a51a27378607c6c37d51b72383259b27dae5dc7d5760a8b8fff04e86d9f92ddf,a96723e3e4f9207d018fb901185a8c6670cb0a0888aa351243f0a7ad121c8db0,Poole Road,S78,2017-04-25 11:24:59,2017-04-25 11:32:38,2017-04-25 11:32:38,0.0,0E-18,103.89067,1.30703,1493090699,299,1,T2_PLUS_1_SECOND,2017-04-25 11:25:00,2017-04-25 11:20:00,2017-04-25,2017-04-25,11,459,459,[],False,0,False,p0_3_v1,2,1,1,2,8bdc37cd4f8e16134955feb096db3e79583701689991ba8d5d78da5e3e310156,MERGED_DUPLICATE
S79,1493090400,"2017-04-25,2017-04-25T11:20:00+08:00,2017-04-25T11:37:55+08:00,S79,Somerset Road,S79,103.8372,1.3004,2017-04-25T11:37:55+08:00,0.0,TB1 Rainfall 5 Minute Total F,mm",12,False,2017-04-25,2017-04-25T11:20:00+08:00,2017-04-25T11:37:55+08:00,S79,Somerset Road,S79,103.8372,1.3004,2017-04-25T11:37:55+08:00,0.0,TB1 Rainfall 5 Minute Total F,mm,,2017,Raw_Dataset/HistoricalRainfallacrossSingapore2017.csv,a51a27378607c6c37d51b72383259b27dae5dc7d5760a8b8fff04e86d9f92ddf,c3519edec98a2e5ef55450e6650a6c83e6b3b6123cb35fe184f5eb32c5e2f252,Somerset Road,S79,2017-04-25 11:20:00,2017-04-25 11:37:55,2017-04-25 11:37:55,0.0,0E-18,103.8372,1.3004,1493090400,0,0,IDENTITY,2017-04-25 11:20:00,2017-04-25 11:15:00,2017-04-25,2017-04-25,11,1075,1075,[],False,0,False,p0_3_v1,2,1,1,1,c3519edec98a2e5ef55450e6650a6c83e6b3b6123cb35fe184f5eb32c5e2f252,RETAINED
S79,1493090400,"2017-04-25,2017-04-25T11:19:59+08:00,2017-04-25T11:27:39+08:00,S79,Somerset Road,S79,103.8372,1.3004,2017-04-25T11:27:39+08:00,0.0,TB1 Rainfall 5 Minute Total F,mm",12,False,2017-04-25,2017-04-25T11:19:59+08:00,2017-04-25T11:27:39+08:00,S79,Somerset Road,S79,103.8372,1.3004,2017-04-25T11:27:39+08:00,0.0,TB1 Rainfall 5 Minute Total F,mm,,2017,Raw_Dataset/HistoricalRainfallacrossSingapore2017.csv,a51a27378607c6c37d51b72383259b27dae5dc7d5760a8b8fff04e86d9f92ddf,0c6453a6b99bce158f059132a64629a05ec2730ce2b40ed5817d7b835f08b14e,Somerset Road,S79,2017-04-25 11:19:59,2017-04-25 11:27:39,2017-04-25 11:27:39,0.0,0E-18,103.8372,1.3004,1493090399,299,1,T2_PLUS_1_SECOND,2017-04-25 11:20:00,2017-04-25 11:15:00,2017-04-25,2017-04-25,11,460,460,[],False,0,False,p0_3_v1,2,1,1,2,c3519edec98a2e5ef55450e6650a6c83e6b3b6123cb35fe184f5eb32c5e2f252,MERGED_DUPLICATE
S79,1493090700,"2017-04-25,2017-04-25T11:25:00+08:00,2017-04-25T11:37:55+08:00,S79,Somerset Road,S79,103.8372,1.3004,2017-04-25T11:37:55+08:00,0.0,TB1 Rainfall 5 Minute Total F,mm",12,False,2017-04-25,2017-04-25T11:25:00+08:00,2017-04-25T11:37:55+08:00,S79,Somerset Road,S79,103.8372,1.3004,2017-04-25T11:37:55+08:00,0.0,TB1 Rainfall 5 Minute Total F,mm,,2017,Raw_Dataset/HistoricalRainfallacrossSingapore2017.csv,a51a27378607c6c37d51b72383259b27dae5dc7d5760a8b8fff04e86d9f92ddf,63a7c62c20956b77b4e2c7f51831fce8ad496211195cc4ca453a142d3e7c0d6d,Somerset Road,S79,2017-04-25 11:25:00,2017-04-25 11:37:55,2017-04-25 11:37:55,0.0,0E-18,103.8372,1.3004,1493090700,0,0,IDENTITY,2017-04-25 11:25:00,2017-04-25 11:20:00,2017-04-25,2017-04-25,11,775,775,[],False,0,False,p0_3_v1,2,1,1,1,63a7c62c20956b77b4e2c7f51831fce8ad496211195cc4ca453a142d3e7c0d6d,RETAINED
S79,1493090700,"2017-04-25,2017-04-25T11:24:59+08:00,2017-04-25T11:32:38+08:00,S79,Somerset Road,S79,103.8372,1.3004,2017-04-25T11:32:38+08:00,0.0,TB1 Rainfall 5 Minute Total F,mm",12,False,2017-04-25,2017-04-25T11:24:59+08:00,2017-04-25T11:32:38+08:00,S79,Somerset Road,S79,103.8372,1.3004,2017-04-25T11:32:38+08:00,0.0,TB1 Rainfall 5 Minute Total F,mm,,2017,Raw_Dataset/HistoricalRainfallacrossSingapore2017.csv,a51a27378607c6c37d51b72383259b27dae5dc7d5760a8b8fff04e86d9f92ddf,0dc1d8a468aa0057e13373da0f7ebe535c78d38c3a66fd42510557c49ca6b9e1,Somerset Road,S79,2017-04-25 11:24:59,2017-04-25 11:32:38,2017-04-25 11:32:38,0.0,0E-18,103.8372,1.3004,1493090699,299,1,T2_PLUS_1_SECOND,2017-04-25 11:25:00,2017-04-25 11:20:00,2017-04-25,2017-04-25,11,459,459,[],False,0,False,p0_3_v1,2,1,1,2,63a7c62c20956b77b4e2c7f51831fce8ad496211195cc4ca453a142d3e7c0d6d,MERGED_DUPLICATE
S81,1493090400,"2017-04-25,2017-04-25T11:20:00+08:00,2017-04-25T11:37:55+08:00,S81,Punggol Central,S81,103.9092,1.4029,2017-04-25T11:37:55+08:00,0.0,TB1 Rainfall 5 Minute Total F,mm",12,False,2017-04-25,2017-04-25T11:20:00+08:00,2017-04-25T11:37:55+08:00,S81,Punggol Central,S81,103.9092,1.4029,2017-04-25T11:37:55+08:00,0.0,TB1 Rainfall 5 Minute Total F,mm,,2017,Raw_Dataset/HistoricalRainfallacrossSingapore2017.csv,a51a27378607c6c37d51b72383259b27dae5dc7d5760a8b8fff04e86d9f92ddf,0993a14cdd88cd496534abe055bc34a0bf3050764b828f57915303d81a47ac07,Punggol Central,S81,2017-04-25 11:20:00,2017-04-25 11:37:55,2017-04-25 11:37:55,0.0,0E-18,103.9092,1.4029,1493090400,0,0,IDENTITY,2017-04-25 11:20:00,2017-04-25 11:15:00,2017-04-25,2017-04-25,11,1075,1075,[],False,0,False,p0_3_v1,2,1,1,1,0993a14cdd88cd496534abe055bc34a0bf3050764b828f57915303d81a47ac07,RETAINED
S81,1493090400,"2017-04-25,2017-04-25T11:19:59+08:00,2017-04-25T11:27:39+08:00,S81,Punggol Central,S81,103.9092,1.4029,2017-04-25T11:27:39+08:00,0.0,TB1 Rainfall 5 Minute Total F,mm",12,False,2017-04-25,2017-04-25T11:19:59+08:00,2017-04-25T11:27:39+08:00,S81,Punggol Central,S81,103.9092,1.4029,2017-04-25T11:27:39+08:00,0.0,TB1 Rainfall 5 Minute Total F,mm,,2017,Raw_Dataset/HistoricalRainfallacrossSingapore2017.csv,a51a27378607c6c37d51b72383259b27dae5dc7d5760a8b8fff04e86d9f92ddf,0349626e3dfd6ac415a281a5a0dd004e1cbbc509fc68eb09e360355df306ad42,Punggol Central,S81,2017-04-25 11:19:59,2017-04-25 11:27:39,2017-04-25 11:27:39,0.0,0E-18,103.9092,1.4029,1493090399,299,1,T2_PLUS_1_SECOND,2017-04-25 11:20:00,2017-04-25 11:15:00,2017-04-25,2017-04-25,11,460,460,[],False,0,False,p0_3_v1,2,1,1,2,0993a14cdd88cd496534abe055bc34a0bf3050764b828f57915303d81a47ac07,MERGED_DUPLICATE
S81,1493090700,"2017-04-25,2017-04-25T11:25:00+08:00,2017-04-25T11:37:55+08:00,S81,Punggol Central,S81,103.9092,1.4029,2017-04-25T11:37:55+08:00,0.0,TB1 Rainfall 5 Minute Total F,mm",12,False,2017-04-25,2017-04-25T11:25:00+08:00,2017-04-25T11:37:55+08:00,S81,Punggol Central,S81,103.9092,1.4029,2017-04-25T11:37:55+08:00,0.0,TB1 Rainfall 5 Minute Total F,mm,,2017,Raw_Dataset/HistoricalRainfallacrossSingapore2017.csv,a51a27378607c6c37d51b72383259b27dae5dc7d5760a8b8fff04e86d9f92ddf,4ea1dbcf3360f7e71d9f37db2a7eabd4fe62e2182f2750473fc18bb7949c7fbf,Punggol Central,S81,2017-04-25 11:25:00,2017-04-25 11:37:55,2017-04-25 11:37:55,0.0,0E-18,103.9092,1.4029,1493090700,0,0,IDENTITY,2017-04-25 11:25:00,2017-04-25 11:20:00,2017-04-25,2017-04-25,11,775,775,[],False,0,False,p0_3_v1,2,1,1,1,4ea1dbcf3360f7e71d9f37db2a7eabd4fe62e2182f2750473fc18bb7949c7fbf,RETAINED
S81,1493090700,"2017-04-25,2017-04-25T11:24:59+08:00,2017-04-25T11:32:38+08:00,S81,Punggol Central,S81,103.9092,1.4029,2017-04-25T11:32:38+08:00,0.0,TB1 Rainfall 5 Minute Total F,mm",12,False,2017-04-25,2017-04-25T11:24:59+08:00,2017-04-25T11:32:38+08:00,S81,Punggol Central,S81,103.9092,1.4029,2017-04-25T11:32:38+08:00,0.0,TB1 Rainfall 5 Minute Total F,mm,,2017,Raw_Dataset/HistoricalRainfallacrossSingapore2017.csv,a51a27378607c6c37d51b72383259b27dae5dc7d5760a8b8fff04e86d9f92ddf,7c459e043a22c2c56c36f6ddfc3b11ff543a223f3c80c8f20cd314f728509025,Punggol Central,S81,2017-04-25 11:24:59,2017-04-25 11:32:38,2017-04-25 11:32:38,0.0,0E-18,103.9092,1.4029,1493090699,299,1,T2_PLUS_1_SECOND,2017-04-25 11:25:00,2017-04-25 11:20:00,2017-04-25,2017-04-25,11,459,459,[],False,0,False,p0_3_v1,2,1,1,2,4ea1dbcf3360f7e71d9f37db2a7eabd4fe62e2182f2750473fc18bb7949c7fbf,MERGED_DUPLICATE
S84,1493090400,"2017-04-25,2017-04-25T11:20:00+08:00,2017-04-25T11:37:55+08:00,S84,Simei Avenue,S84,103.9444,1.3437,2017-04-25T11:37:55+08:00,0.0,TB1 Rainfall 5 Minute Total F,mm",12,False,2017-04-25,2017-04-25T11:20:00+08:00,2017-04-25T11:37:55+08:00,S84,Simei Avenue,S84,103.9444,1.3437,2017-04-25T11:37:55+08:00,0.0,TB1 Rainfall 5 Minute Total F,mm,,2017,Raw_Dataset/HistoricalRainfallacrossSingapore2017.csv,a51a27378607c6c37d51b72383259b27dae5dc7d5760a8b8fff04e86d9f92ddf,34f432144a01c28b4e240057be7de2c7749a3467306816a9e5d8a2da5815a359,Simei Avenue,S84,2017-04-25 11:20:00,2017-04-25 11:37:55,2017-04-25 11:37:55,0.0,0E-18,103.9444,1.3437,1493090400,0,0,IDENTITY,2017-04-25 11:20:00,2017-04-25 11:15:00,2017-04-25,2017-04-25,11,1075,1075,[],False,0,False,p0_3_v1,2,1,1,1,34f432144a01c28b4e240057be7de2c7749a3467306816a9e5d8a2da5815a359,RETAINED
S84,1493090400,"2017-04-25,2017-04-25T11:19:59+08:00,2017-04-25T11:27:39+08:00,S84,Simei Avenue,S84,103.9444,1.3437,2017-04-25T11:27:39+08:00,0.0,TB1 Rainfall 5 Minute Total F,mm",12,False,2017-04-25,2017-04-25T11:19:59+08:00,2017-04-25T11:27:39+08:00,S84,Simei Avenue,S84,103.9444,1.3437,2017-04-25T11:27:39+08:00,0.0,TB1 Rainfall 5 Minute Total F,mm,,2017,Raw_Dataset/HistoricalRainfallacrossSingapore2017.csv,a51a27378607c6c37d51b72383259b27dae5dc7d5760a8b8fff04e86d9f92ddf,eef65e29498b68707ccea79c76583497ea718d394d385e5fcf64c605f09e140f,Simei Avenue,S84,2017-04-25 11:19:59,2017-04-25 11:27:39,2017-04-25 11:27:39,0.0,0E-18,103.9444,1.3437,1493090399,299,1,T2_PLUS_1_SECOND,2017-04-25 11:20:00,2017-04-25 11:15:00,2017-04-25,2017-04-25,11,460,460,[],False,0,False,p0_3_v1,2,1,1,2,34f432144a01c28b4e240057be7de2c7749a3467306816a9e5d8a2da5815a359,MERGED_DUPLICATE
S84,1493090700,"2017-04-25,2017-04-25T11:25:00+08:00,2017-04-25T11:37:55+08:00,S84,Simei Avenue,S84,103.9444,1.3437,2017-04-25T11:37:55+08:00,0.0,TB1 Rainfall 5 Minute Total F,mm",12,False,2017-04-25,2017-04-25T11:25:00+08:00,2017-04-25T11:37:55+08:00,S84,Simei Avenue,S84,103.9444,1.3437,2017-04-25T11:37:55+08:00,0.0,TB1 Rainfall 5 Minute Total F,mm,,2017,Raw_Dataset/HistoricalRainfallacrossSingapore2017.csv,a51a27378607c6c37d51b72383259b27dae5dc7d5760a8b8fff04e86d9f92ddf,5dbe1184f970a2c9d9ad7f3006a0f8c02faa6eaed05c8b3f53b1a325fa967270,Simei Avenue,S84,2017-04-25 11:25:00,2017-04-25 11:37:55,2017-04-25 11:37:55,0.0,0E-18,103.9444,1.3437,1493090700,0,0,IDENTITY,2017-04-25 11:25:00,2017-04-25 11:20:00,2017-04-25,2017-04-25,11,775,775,[],False,0,False,p0_3_v1,2,1,1,1,5dbe1184f970a2c9d9ad7f3006a0f8c02faa6eaed05c8b3f53b1a325fa967270,RETAINED
S84,1493090700,"2017-04-25,2017-04-25T11:24:59+08:00,2017-04-25T11:32:38+08:00,S84,Simei Avenue,S84,103.9444,1.3437,2017-04-25T11:32:38+08:00,0.0,TB1 Rainfall 5 Minute Total F,mm",12,False,2017-04-25,2017-04-25T11:24:59+08:00,2017-04-25T11:32:38+08:00,S84,Simei Avenue,S84,103.9444,1.3437,2017-04-25T11:32:38+08:00,0.0,TB1 Rainfall 5 Minute Total F,mm,,2017,Raw_Dataset/HistoricalRainfallacrossSingapore2017.csv,a51a27378607c6c37d51b72383259b27dae5dc7d5760a8b8fff04e86d9f92ddf,4a4f7b9e6bd93ee88773d5357615c826e574093eff79356ba6283d9e9438be72,Simei Avenue,S84,2017-04-25 11:24:59,2017-04-25 11:32:38,2017-04-25 11:32:38,0.0,0E-18,103.9444,1.3437,1493090699,299,1,T2_PLUS_1_SECOND,2017-04-25 11:25:00,2017-04-25 11:20:00,2017-04-25,2017-04-25,11,459,459,[],False,0,False,p0_3_v1,2,1,1,2,5dbe1184f970a2c9d9ad7f3006a0f8c02faa6eaed05c8b3f53b1a325fa967270,MERGED_DUPLICATE
S88,1493090400,"2017-04-25,2017-04-25T11:20:00+08:00,2017-04-25T11:37:55+08:00,S88,Toa Payoh North,S88,103.8482,1.3427,2017-04-25T11:37:55+08:00,0.0,TB1 Rainfall 5 Minute Total F,mm",12,False,2017-04-25,2017-04-25T11:20:00+08:00,2017-04-25T11:37:55+08:00,S88,Toa Payoh North,S88,103.8482,1.3427,2017-04-25T11:37:55+08:00,0.0,TB1 Rainfall 5 Minute Total F,mm,,2017,Raw_Dataset/HistoricalRainfallacrossSingapore2017.csv,a51a27378607c6c37d51b72383259b27dae5dc7d5760a8b8fff04e86d9f92ddf,764865b60bf5094222a11e9e7fa1a760e4f8ed043f10a4e0175bb9f95486c832,Toa Payoh North,S88,2017-04-25 11:20:00,2017-04-25 11:37:55,2017-04-25 11:37:55,0.0,0E-18,103.8482,1.3427,1493090400,0,0,IDENTITY,2017-04-25 11:20:00,2017-04-25 11:15:00,2017-04-25,2017-04-25,11,1075,1075,[],False,0,False,p0_3_v1,2,1,1,1,764865b60bf5094222a11e9e7fa1a760e4f8ed043f10a4e0175bb9f95486c832,RETAINED
S88,1493090400,"2017-04-25,2017-04-25T11:19:59+08:00,2017-04-25T11:27:39+08:00,S88,Toa Payoh North,S88,103.8482,1.3427,2017-04-25T11:27:39+08:00,0.0,TB1 Rainfall 5 Minute Total F,mm",12,False,2017-04-25,2017-04-25T11:19:59+08:00,2017-04-25T11:27:39+08:00,S88,Toa Payoh North,S88,103.8482,1.3427,2017-04-25T11:27:39+08:00,0.0,TB1 Rainfall 5 Minute Total F,mm,,2017,Raw_Dataset/HistoricalRainfallacrossSingapore2017.csv,a51a27378607c6c37d51b72383259b27dae5dc7d5760a8b8fff04e86d9f92ddf,c924fdaf130b87860f26f5280d0a86296ad216578432e1e09e80ccebc0d984cc,Toa Payoh North,S88,2017-04-25 11:19:59,2017-04-25 11:27:39,2017-04-25 11:27:39,0.0,0E-18,103.8482,1.3427,1493090399,299,1,T2_PLUS_1_SECOND,2017-04-25 11:20:00,2017-04-25 11:15:00,2017-04-25,2017-04-25,11,460,460,[],False,0,False,p0_3_v1,2,1,1,2,764865b60bf5094222a11e9e7fa1a760e4f8ed043f10a4e0175bb9f95486c832,MERGED_DUPLICATE
S88,1493090700,"2017-04-25,2017-04-25T11:25:00+08:00,2017-04-25T11:37:55+08:00,S88,Toa Payoh North,S88,103.8482,1.3427,2017-04-25T11:37:55+08:00,0.0,TB1 Rainfall 5 Minute Total F,mm",12,False,2017-04-25,2017-04-25T11:25:00+08:00,2017-04-25T11:37:55+08:00,S88,Toa Payoh North,S88,103.8482,1.3427,2017-04-25T11:37:55+08:00,0.0,TB1 Rainfall 5 Minute Total F,mm,,2017,Raw_Dataset/HistoricalRainfallacrossSingapore2017.csv,a51a27378607c6c37d51b72383259b27dae5dc7d5760a8b8fff04e86d9f92ddf,84d23cffb945fdc616f5d54274f80f2792cb70872ad35820bfbac7f6593985b1,Toa Payoh North,S88,2017-04-25 11:25:00,2017-04-25 11:37:55,2017-04-25 11:37:55,0.0,0E-18,103.8482,1.3427,1493090700,0,0,IDENTITY,2017-04-25 11:25:00,2017-04-25 11:20:00,2017-04-25,2017-04-25,11,775,775,[],False,0,False,p0_3_v1,2,1,1,1,84d23cffb945fdc616f5d54274f80f2792cb70872ad35820bfbac7f6593985b1,RETAINED
S88,1493090700,"2017-04-25,2017-04-25T11:24:59+08:00,2017-04-25T11:32:38+08:00,S88,Toa Payoh North,S88,103.8482,1.3427,2017-04-25T11:32:38+08:00,0.0,TB1 Rainfall 5 Minute Total F,mm",12,False,2017-04-25,2017-04-25T11:24:59+08:00,2017-04-25T11:32:38+08:00,S88,Toa Payoh North,S88,103.8482,1.3427,2017-04-25T11:32:38+08:00,0.0,TB1 Rainfall 5 Minute Total F,mm,,2017,Raw_Dataset/HistoricalRainfallacrossSingapore2017.csv,a51a27378607c6c37d51b72383259b27dae5dc7d5760a8b8fff04e86d9f92ddf,cec8f73adb3cd14e6455a09b1df589503356219e4b8d8c249778349598803a7c,Toa Payoh North,S88,2017-04-25 11:24:59,2017-04-25 11:32:38,2017-04-25 11:32:38,0.0,0E-18,103.8482,1.3427,1493090699,299,1,T2_PLUS_1_SECOND,2017-04-25 11:25:00,2017-04-25 11:20:00,2017-04-25,2017-04-25,11,459,459,[],False,0,False,p0_3_v1,2,1,1,2,84d23cffb945fdc616f5d54274f80f2792cb70872ad35820bfbac7f6593985b1,MERGED_DUPLICATE
S89,1493090400,"2017-04-25,2017-04-25T11:20:00+08:00,2017-04-25T11:37:55+08:00,S89,Tuas Road,S89,103.66162,1.31985,2017-04-25T11:37:55+08:00,0.0,TB1 Rainfall 5 Minute Total F,mm",12,False,2017-04-25,2017-04-25T11:20:00+08:00,2017-04-25T11:37:55+08:00,S89,Tuas Road,S89,103.66162,1.31985,2017-04-25T11:37:55+08:00,0.0,TB1 Rainfall 5 Minute Total F,mm,,2017,Raw_Dataset/HistoricalRainfallacrossSingapore2017.csv,a51a27378607c6c37d51b72383259b27dae5dc7d5760a8b8fff04e86d9f92ddf,7dc3492d92cf99094cb70e53fc757aadf2192df6e6c2f7c73df6790d8d69787f,Tuas Road,S89,2017-04-25 11:20:00,2017-04-25 11:37:55,2017-04-25 11:37:55,0.0,0E-18,103.66162,1.31985,1493090400,0,0,IDENTITY,2017-04-25 11:20:00,2017-04-25 11:15:00,2017-04-25,2017-04-25,11,1075,1075,[],False,0,False,p0_3_v1,2,1,1,1,7dc3492d92cf99094cb70e53fc757aadf2192df6e6c2f7c73df6790d8d69787f,RETAINED
S89,1493090400,"2017-04-25,2017-04-25T11:19:59+08:00,2017-04-25T11:27:39+08:00,S89,Tuas Road,S89,103.66162,1.31985,2017-04-25T11:27:39+08:00,0.0,TB1 Rainfall 5 Minute Total F,mm",12,False,2017-04-25,2017-04-25T11:19:59+08:00,2017-04-25T11:27:39+08:00,S89,Tuas Road,S89,103.66162,1.31985,2017-04-25T11:27:39+08:00,0.0,TB1 Rainfall 5 Minute Total F,mm,,2017,Raw_Dataset/HistoricalRainfallacrossSingapore2017.csv,a51a27378607c6c37d51b72383259b27dae5dc7d5760a8b8fff04e86d9f92ddf,3ab77607617d991de56a6f539128da8888e9f40269f60f9780b43a2478c3e7f3,Tuas Road,S89,2017-04-25 11:19:59,2017-04-25 11:27:39,2017-04-25 11:27:39,0.0,0E-18,103.66162,1.31985,1493090399,299,1,T2_PLUS_1_SECOND,2017-04-25 11:20:00,2017-04-25 11:15:00,2017-04-25,2017-04-25,11,460,460,[],False,0,False,p0_3_v1,2,1,1,2,7dc3492d92cf99094cb70e53fc757aadf2192df6e6c2f7c73df6790d8d69787f,MERGED_DUPLICATE
S89,1493090700,"2017-04-25,2017-04-25T11:25:00+08:00,2017-04-25T11:37:55+08:00,S89,Tuas Road,S89,103.66162,1.31985,2017-04-25T11:37:55+08:00,0.0,TB1 Rainfall 5 Minute Total F,mm",12,False,2017-04-25,2017-04-25T11:25:00+08:00,2017-04-25T11:37:55+08:00,S89,Tuas Road,S89,103.66162,1.31985,2017-04-25T11:37:55+08:00,0.0,TB1 Rainfall 5 Minute Total F,mm,,2017,Raw_Dataset/HistoricalRainfallacrossSingapore2017.csv,a51a27378607c6c37d51b72383259b27dae5dc7d5760a8b8fff04e86d9f92ddf,3df0e27fefb284e9a6891cf023cd9257d4296331661235f2f4c9b865d006e7c2,Tuas Road,S89,2017-04-25 11:25:00,2017-04-25 11:37:55,2017-04-25 11:37:55,0.0,0E-18,103.66162,1.31985,1493090700,0,0,IDENTITY,2017-04-25 11:25:00,2017-04-25 11:20:00,2017-04-25,2017-04-25,11,775,775,[],False,0,False,p0_3_v1,2,1,1,1,3df0e27fefb284e9a6891cf023cd9257d4296331661235f2f4c9b865d006e7c2,RETAINED
S89,1493090700,"2017-04-25,2017-04-25T11:24:59+08:00,2017-04-25T11:32:38+08:00,S89,Tuas Road,S89,103.66162,1.31985,2017-04-25T11:32:38+08:00,0.0,TB1 Rainfall 5 Minute Total F,mm",12,False,2017-04-25,2017-04-25T11:24:59+08:00,2017-04-25T11:32:38+08:00,S89,Tuas Road,S89,103.66162,1.31985,2017-04-25T11:32:38+08:00,0.0,TB1 Rainfall 5 Minute Total F,mm,,2017,Raw_Dataset/HistoricalRainfallacrossSingapore2017.csv,a51a27378607c6c37d51b72383259b27dae5dc7d5760a8b8fff04e86d9f92ddf,a4c9a99ce49d8bb620eb53a330b881fabb5b8b103e6df6b0f5391d397a11268f,Tuas Road,S89,2017-04-25 11:24:59,2017-04-25 11:32:38,2017-04-25 11:32:38,0.0,0E-18,103.66162,1.31985,1493090699,299,1,T2_PLUS_1_SECOND,2017-04-25 11:25:00,2017-04-25 11:20:00,2017-04-25,2017-04-25,11,459,459,[],False,0,False,p0_3_v1,2,1,1,2,3df0e27fefb284e9a6891cf023cd9257d4296331661235f2f4c9b865d006e7c2,MERGED_DUPLICATE
S900,1493090400,"2017-04-25,2017-04-25T11:20:00+08:00,2017-04-25T11:37:55+08:00,S900,Seletar Aerospace View,S900,103.86922,1.41284,2017-04-25T11:37:55+08:00,0.0,TB1 Rainfall 5 Minute Total F,mm",12,False,2017-04-25,2017-04-25T11:20:00+08:00,2017-04-25T11:37:55+08:00,S900,Seletar Aerospace View,S900,103.86922,1.41284,2017-04-25T11:37:55+08:00,0.0,TB1 Rainfall 5 Minute Total F,mm,,2017,Raw_Dataset/HistoricalRainfallacrossSingapore2017.csv,a51a27378607c6c37d51b72383259b27dae5dc7d5760a8b8fff04e86d9f92ddf,c6eb61a46814be42f77bf7e6a56852ef1d2fe60c4d024c7a9107751a59f38807,Seletar Aerospace View,S900,2017-04-25 11:20:00,2017-04-25 11:37:55,2017-04-25 11:37:55,0.0,0E-18,103.86922,1.41284,1493090400,0,0,IDENTITY,2017-04-25 11:20:00,2017-04-25 11:15:00,2017-04-25,2017-04-25,11,1075,1075,[],False,0,False,p0_3_v1,2,1,1,1,c6eb61a46814be42f77bf7e6a56852ef1d2fe60c4d024c7a9107751a59f38807,RETAINED
S900,1493090400,"2017-04-25,2017-04-25T11:19:59+08:00,2017-04-25T11:27:39+08:00,S900,Seletar Aerospace View,S900,103.86922,1.41284,2017-04-25T11:27:39+08:00,0.0,TB1 Rainfall 5 Minute Total F,mm",12,False,2017-04-25,2017-04-25T11:19:59+08:00,2017-04-25T11:27:39+08:00,S900,Seletar Aerospace View,S900,103.86922,1.41284,2017-04-25T11:27:39+08:00,0.0,TB1 Rainfall 5 Minute Total F,mm,,2017,Raw_Dataset/HistoricalRainfallacrossSingapore2017.csv,a51a27378607c6c37d51b72383259b27dae5dc7d5760a8b8fff04e86d9f92ddf,d9cefd3ea879aed24aa102099e72a7da853314533814b292697289c28d77618d,Seletar Aerospace View,S900,2017-04-25 11:19:59,2017-04-25 11:27:39,2017-04-25 11:27:39,0.0,0E-18,103.86922,1.41284,1493090399,299,1,T2_PLUS_1_SECOND,2017-04-25 11:20:00,2017-04-25 11:15:00,2017-04-25,2017-04-25,11,460,460,[],False,0,False,p0_3_v1,2,1,1,2,c6eb61a46814be42f77bf7e6a56852ef1d2fe60c4d024c7a9107751a59f38807,MERGED_DUPLICATE
S900,1493090700,"2017-04-25,2017-04-25T11:25:00+08:00,2017-04-25T11:37:55+08:00,S900,Seletar Aerospace View,S900,103.86922,1.41284,2017-04-25T11:37:55+08:00,0.0,TB1 Rainfall 5 Minute Total F,mm",12,False,2017-04-25,2017-04-25T11:25:00+08:00,2017-04-25T11:37:55+08:00,S900,Seletar Aerospace View,S900,103.86922,1.41284,2017-04-25T11:37:55+08:00,0.0,TB1 Rainfall 5 Minute Total F,mm,,2017,Raw_Dataset/HistoricalRainfallacrossSingapore2017.csv,a51a27378607c6c37d51b72383259b27dae5dc7d5760a8b8fff04e86d9f92ddf,899b9834008d0f4c654294d830b61d9f310db0b4dd842e6ada8ddceff67006ff,Seletar Aerospace View,S900,2017-04-25 11:25:00,2017-04-25 11:37:55,2017-04-25 11:37:55,0.0,0E-18,103.86922,1.41284,1493090700,0,0,IDENTITY,2017-04-25 11:25:00,2017-04-25 11:20:00,2017-04-25,2017-04-25,11,775,775,[],False,0,False,p0_3_v1,2,1,1,1,899b9834008d0f4c654294d830b61d9f310db0b4dd842e6ada8ddceff67006ff,RETAINED
S900,1493090700,"2017-04-25,2017-04-25T11:24:59+08:00,2017-04-25T11:32:38+08:00,S900,Seletar Aerospace View,S900,103.86922,1.41284,2017-04-25T11:32:38+08:00,0.0,TB1 Rainfall 5 Minute Total F,mm",12,False,2017-04-25,2017-04-25T11:24:59+08:00,2017-04-25T11:32:38+08:00,S900,Seletar Aerospace View,S900,103.86922,1.41284,2017-04-25T11:32:38+08:00,0.0,TB1 Rainfall 5 Minute Total F,mm,,2017,Raw_Dataset/HistoricalRainfallacrossSingapore2017.csv,a51a27378607c6c37d51b72383259b27dae5dc7d5760a8b8fff04e86d9f92ddf,76c7fef18056310b8f4ae4a8f487dc62822ef1e73f61011874fcbd700afa4c47,Seletar Aerospace View,S900,2017-04-25 11:24:59,2017-04-25 11:32:38,2017-04-25 11:32:38,0.0,0E-18,103.86922,1.41284,1493090699,299,1,T2_PLUS_1_SECOND,2017-04-25 11:25:00,2017-04-25 11:20:00,2017-04-25,2017-04-25,11,459,459,[],False,0,False,p0_3_v1,2,1,1,2,899b9834008d0f4c654294d830b61d9f310db0b4dd842e6ada8ddceff67006ff,MERGED_DUPLICATE
S92,1493090400,"2017-04-25,2017-04-25T11:20:00+08:00,2017-04-25T11:37:55+08:00,S92,South Buona Vista Road,S92,103.7886,1.2841,2017-04-25T11:37:55+08:00,0.0,TB1 Rainfall 5 Minute Total F,mm",12,False,2017-04-25,2017-04-25T11:20:00+08:00,2017-04-25T11:37:55+08:00,S92,South Buona Vista Road,S92,103.7886,1.2841,2017-04-25T11:37:55+08:00,0.0,TB1 Rainfall 5 Minute Total F,mm,,2017,Raw_Dataset/HistoricalRainfallacrossSingapore2017.csv,a51a27378607c6c37d51b72383259b27dae5dc7d5760a8b8fff04e86d9f92ddf,d4d892fde65527a5ba8aa9c73a959936e32693dc0e0432e07776d64232eb13f2,South Buona Vista Road,S92,2017-04-25 11:20:00,2017-04-25 11:37:55,2017-04-25 11:37:55,0.0,0E-18,103.7886,1.2841,1493090400,0,0,IDENTITY,2017-04-25 11:20:00,2017-04-25 11:15:00,2017-04-25,2017-04-25,11,1075,1075,[],False,0,False,p0_3_v1,2,1,1,1,d4d892fde65527a5ba8aa9c73a959936e32693dc0e0432e07776d64232eb13f2,RETAINED
S92,1493090400,"2017-04-25,2017-04-25T11:19:59+08:00,2017-04-25T11:27:39+08:00,S92,South Buona Vista Road,S92,103.7886,1.2841,2017-04-25T11:27:39+08:00,0.0,TB1 Rainfall 5 Minute Total F,mm",12,False,2017-04-25,2017-04-25T11:19:59+08:00,2017-04-25T11:27:39+08:00,S92,South Buona Vista Road,S92,103.7886,1.2841,2017-04-25T11:27:39+08:00,0.0,TB1 Rainfall 5 Minute Total F,mm,,2017,Raw_Dataset/HistoricalRainfallacrossSingapore2017.csv,a51a27378607c6c37d51b72383259b27dae5dc7d5760a8b8fff04e86d9f92ddf,d2b77852c1ff9709c03722d8faf5031c1c23a3986220cc98900aed1bbef6c496,South Buona Vista Road,S92,2017-04-25 11:19:59,2017-04-25 11:27:39,2017-04-25 11:27:39,0.0,0E-18,103.7886,1.2841,1493090399,299,1,T2_PLUS_1_SECOND,2017-04-25 11:20:00,2017-04-25 11:15:00,2017-04-25,2017-04-25,11,460,460,[],False,0,False,p0_3_v1,2,1,1,2,d4d892fde65527a5ba8aa9c73a959936e32693dc0e0432e07776d64232eb13f2,MERGED_DUPLICATE
S92,1493090700,"2017-04-25,2017-04-25T11:25:00+08:00,2017-04-25T11:37:55+08:00,S92,South Buona Vista Road,S92,103.7886,1.2841,2017-04-25T11:37:55+08:00,0.0,TB1 Rainfall 5 Minute Total F,mm",12,False,2017-04-25,2017-04-25T11:25:00+08:00,2017-04-25T11:37:55+08:00,S92,South Buona Vista Road,S92,103.7886,1.2841,2017-04-25T11:37:55+08:00,0.0,TB1 Rainfall 5 Minute Total F,mm,,2017,Raw_Dataset/HistoricalRainfallacrossSingapore2017.csv,a51a27378607c6c37d51b72383259b27dae5dc7d5760a8b8fff04e86d9f92ddf,c79f17a8bffb57b52b6aca9bb8dd5125512742fdf3d39c38d0a254f6c95039c9,South Buona Vista Road,S92,2017-04-25 11:25:00,2017-04-25 11:37:55,2017-04-25 11:37:55,0.0,0E-18,103.7886,1.2841,1493090700,0,0,IDENTITY,2017-04-25 11:25:00,2017-04-25 11:20:00,2017-04-25,2017-04-25,11,775,775,[],False,0,False,p0_3_v1,2,1,1,1,c79f17a8bffb57b52b6aca9bb8dd5125512742fdf3d39c38d0a254f6c95039c9,RETAINED
S92,1493090700,"2017-04-25,2017-04-25T11:24:59+08:00,2017-04-25T11:32:38+08:00,S92,South Buona Vista Road,S92,103.7886,1.2841,2017-04-25T11:32:38+08:00,0.0,TB1 Rainfall 5 Minute Total F,mm",12,False,2017-04-25,2017-04-25T11:24:59+08:00,2017-04-25T11:32:38+08:00,S92,South Buona Vista Road,S92,103.7886,1.2841,2017-04-25T11:32:38+08:00,0.0,TB1 Rainfall 5 Minute Total F,mm,,2017,Raw_Dataset/HistoricalRainfallacrossSingapore2017.csv,a51a27378607c6c37d51b72383259b27dae5dc7d5760a8b8fff04e86d9f92ddf,d62d8ac7efd86cff7a428e3ca64379c3dc34c337ccdbb74c0f18ca66b6f10210,South Buona Vista Road,S92,2017-04-25 11:24:59,2017-04-25 11:32:38,2017-04-25 11:32:38,0.0,0E-18,103.7886,1.2841,1493090699,299,1,T2_PLUS_1_SECOND,2017-04-25 11:25:00,2017-04-25 11:20:00,2017-04-25,2017-04-25,11,459,459,[],False,0,False,p0_3_v1,2,1,1,2,c79f17a8bffb57b52b6aca9bb8dd5125512742fdf3d39c38d0a254f6c95039c9,MERGED_DUPLICATE
S94,1493090400,"2017-04-25,2017-04-25T11:20:00+08:00,2017-04-25T11:37:55+08:00,S94,Pasir Ris Street 51,S94,103.9528,1.3662,2017-04-25T11:37:55+08:00,0.0,TB1 Rainfall 5 Minute Total F,mm",12,False,2017-04-25,2017-04-25T11:20:00+08:00,2017-04-25T11:37:55+08:00,S94,Pasir Ris Street 51,S94,103.9528,1.3662,2017-04-25T11:37:55+08:00,0.0,TB1 Rainfall 5 Minute Total F,mm,,2017,Raw_Dataset/HistoricalRainfallacrossSingapore2017.csv,a51a27378607c6c37d51b72383259b27dae5dc7d5760a8b8fff04e86d9f92ddf,61cd8d478184e3eeb19d1c3b0b4313cd3456b21bad5b0c0db06c9b75099ff36f,Pasir Ris Street 51,S94,2017-04-25 11:20:00,2017-04-25 11:37:55,2017-04-25 11:37:55,0.0,0E-18,103.9528,1.3662,1493090400,0,0,IDENTITY,2017-04-25 11:20:00,2017-04-25 11:15:00,2017-04-25,2017-04-25,11,1075,1075,[],False,0,False,p0_3_v1,2,1,1,1,61cd8d478184e3eeb19d1c3b0b4313cd3456b21bad5b0c0db06c9b75099ff36f,RETAINED
S94,1493090400,"2017-04-25,2017-04-25T11:19:59+08:00,2017-04-25T11:27:39+08:00,S94,Pasir Ris Street 51,S94,103.9528,1.3662,2017-04-25T11:27:39+08:00,0.0,TB1 Rainfall 5 Minute Total F,mm",12,False,2017-04-25,2017-04-25T11:19:59+08:00,2017-04-25T11:27:39+08:00,S94,Pasir Ris Street 51,S94,103.9528,1.3662,2017-04-25T11:27:39+08:00,0.0,TB1 Rainfall 5 Minute Total F,mm,,2017,Raw_Dataset/HistoricalRainfallacrossSingapore2017.csv,a51a27378607c6c37d51b72383259b27dae5dc7d5760a8b8fff04e86d9f92ddf,387e24865eaaae4fb14a2be752d155e8726dd293340b85798e6a21a1e8d425ff,Pasir Ris Street 51,S94,2017-04-25 11:19:59,2017-04-25 11:27:39,2017-04-25 11:27:39,0.0,0E-18,103.9528,1.3662,1493090399,299,1,T2_PLUS_1_SECOND,2017-04-25 11:20:00,2017-04-25 11:15:00,2017-04-25,2017-04-25,11,460,460,[],False,0,False,p0_3_v1,2,1,1,2,61cd8d478184e3eeb19d1c3b0b4313cd3456b21bad5b0c0db06c9b75099ff36f,MERGED_DUPLICATE
S94,1493090700,"2017-04-25,2017-04-25T11:25:00+08:00,2017-04-25T11:37:55+08:00,S94,Pasir Ris Street 51,S94,103.9528,1.3662,2017-04-25T11:37:55+08:00,0.0,TB1 Rainfall 5 Minute Total F,mm",12,False,2017-04-25,2017-04-25T11:25:00+08:00,2017-04-25T11:37:55+08:00,S94,Pasir Ris Street 51,S94,103.9528,1.3662,2017-04-25T11:37:55+08:00,0.0,TB1 Rainfall 5 Minute Total F,mm,,2017,Raw_Dataset/HistoricalRainfallacrossSingapore2017.csv,a51a27378607c6c37d51b72383259b27dae5dc7d5760a8b8fff04e86d9f92ddf,29726721ec2a9c0a1c4cb118f2083f2a4a8f31a849c6dcf2ace7b9e8c29e5c1d,Pasir Ris Street 51,S94,2017-04-25 11:25:00,2017-04-25 11:37:55,2017-04-25 11:37:55,0.0,0E-18,103.9528,1.3662,1493090700,0,0,IDENTITY,2017-04-25 11:25:00,2017-04-25 11:20:00,2017-04-25,2017-04-25,11,775,775,[],False,0,False,p0_3_v1,2,1,1,1,29726721ec2a9c0a1c4cb118f2083f2a4a8f31a849c6dcf2ace7b9e8c29e5c1d,RETAINED
S94,1493090700,"2017-04-25,2017-04-25T11:24:59+08:00,2017-04-25T11:32:38+08:00,S94,Pasir Ris Street 51,S94,103.9528,1.3662,2017-04-25T11:32:38+08:00,0.0,TB1 Rainfall 5 Minute Total F,mm",12,False,2017-04-25,2017-04-25T11:24:59+08:00,2017-04-25T11:32:38+08:00,S94,Pasir Ris Street 51,S94,103.9528,1.3662,2017-04-25T11:32:38+08:00,0.0,TB1 Rainfall 5 Minute Total F,mm,,2017,Raw_Dataset/HistoricalRainfallacrossSingapore2017.csv,a51a27378607c6c37d51b72383259b27dae5dc7d5760a8b8fff04e86d9f92ddf,131b618c30e303b8e4623b072bedb3e2e028a26234109ec0c6b3c19271541fc9,Pasir Ris Street 51,S94,2017-04-25 11:24:59,2017-04-25 11:32:38,2017-04-25 11:32:38,0.0,0E-18,103.9528,1.3662,1493090699,299,1,T2_PLUS_1_SECOND,2017-04-25 11:25:00,2017-04-25 11:20:00,2017-04-25,2017-04-25,11,459,459,[],False,0,False,p0_3_v1,2,1,1,2,29726721ec2a9c0a1c4cb118f2083f2a4a8f31a849c6dcf2ace7b9e8c29e5c1d,MERGED_DUPLICATE
