year,station_id,month,observed_slots,calendar_slots,missing_calendar_slots,coverage,observed_rain_mm,first_slot_end,last_slot_end
2017,S06,1,8820,8928,108,0.9879032258064516,341.200000000000000000,2017-01-01 08:05:00,2017-01-31 23:55:00
2017,S06,2,8063,8064,1,0.9998759920634921,193.400000000000000000,2017-02-01 00:00:00,2017-02-28 23:55:00
2017,S06,3,7624,8928,1304,0.8539426523297491,150.200000000000000000,2017-03-01 00:00:00,2017-03-27 11:15:00
2017,S06,4,0,8640,8640,0.0,0,,
2017,S06,5,0,8928,8928,0.0,0,,
2017,S06,6,0,8640,8640,0.0,0,,
2017,S06,7,0,8928,8928,0.0,0,,
2017,S06,8,0,8928,8928,0.0,0,,
2017,S06,9,0,8640,8640,0.0,0,,
2017,S06,10,0,8928,8928,0.0,0,,
2017,S06,11,0,8640,8640,0.0,0,,
2017,S06,12,0,8928,8928,0.0,0,,
2017,S07,1,8831,8928,97,0.9891353046594982,353.000000000000000000,2017-01-01 08:05:00,2017-01-31 23:55:00
2017,S07,2,8061,8064,3,0.9996279761904762,154.400000000000000000,2017-02-01 00:00:00,2017-02-28 23:55:00
2017,S07,3,8927,8928,1,0.9998879928315412,272.200000000000000000,2017-03-01 00:00:00,2017-03-31 23:55:00
2017,S07,4,7417,8640,1223,0.8584490740740741,170.200000000000000000,2017-04-01 00:00:00,2017-04-30 23:55:00
2017,S07,5,8464,8928,464,0.9480286738351255,237.000000000000000000,2017-05-01 00:00:00,2017-05-31 23:55:00
2017,S07,6,8429,8640,211,0.9755787037037037,119.200000000000000000,2017-06-01 00:00:00,2017-06-30 23:55:00
2017,S07,7,8436,8928,492,0.9448924731182796,202.200010000000000000,2017-07-01 00:00:00,2017-07-31 23:55:00
2017,S07,8,8622,8928,306,0.9657258064516129,134.800000000000000000,2017-08-01 00:00:00,2017-08-31 23:55:00
2017,S07,9,8431,8640,209,0.9758101851851851,165.800000000000000000,2017-09-01 00:00:00,2017-09-30 23:55:00
2017,S07,10,8591,8928,337,0.9622535842293907,284.600010000000000000,2017-10-01 00:00:00,2017-10-31 20:00:00
2017,S07,11,4331,8640,4309,0.5012731481481482,101.599990000000000000,2017-11-01 08:10:00,2017-11-30 23:55:00
2017,S07,12,8747,8928,181,0.9797267025089605,219.800000000000000000,2017-12-01 00:00:00,2017-12-31 23:55:00
2017,S08,1,8830,8928,98,0.9890232974910395,286.800000000000000000,2017-01-01 08:05:00,2017-01-31 23:55:00
2017,S08,2,8063,8064,1,0.9998759920634921,143.400000000000000000,2017-02-01 00:00:00,2017-02-28 23:55:00
2017,S08,3,8928,8928,0,1.0,234.600000000000000000,2017-03-01 00:00:00,2017-03-31 23:55:00
2017,S08,4,4236,8640,4404,0.49027777777777776,67.000000000000000000,2017-04-01 00:00:00,2017-04-30 23:55:00
2017,S08,5,8681,8928,247,0.972334229390681,279.200000000000000000,2017-05-01 00:00:00,2017-05-31 23:55:00
2017,S08,6,2875,8640,5765,0.33275462962962965,41.799990000000000000,2017-06-01 00:00:00,2017-06-22 23:10:00
2017,S08,7,4389,8928,4539,0.4915994623655914,87.600000000000000000,2017-07-04 17:10:00,2017-07-31 23:55:00
2017,S08,8,8652,8928,276,0.9690860215053764,96.400000000000000000,2017-08-01 00:00:00,2017-08-31 23:55:00
2017,S08,9,8400,8640,240,0.9722222222222222,173.799990000000000000,2017-09-01 00:00:00,2017-09-30 23:55:00
2017,S08,10,8673,8928,255,0.9714381720430108,196.600000000000000000,2017-10-01 00:00:00,2017-10-31 23:55:00
2017,S08,11,8417,8640,223,0.9741898148148148,338.600000000000000000,2017-11-01 00:00:00,2017-11-30 23:55:00
2017,S08,12,8733,8928,195,0.9781586021505376,277.400000000000000000,2017-12-01 00:00:00,2017-12-31 23:55:00
2017,S100,1,8815,8928,113,0.9873431899641577,203.000000000000000000,2017-01-01 08:05:00,2017-01-31 23:55:00
2017,S100,2,8052,8064,12,0.9985119047619048,162.000000000000000000,2017-02-01 00:00:00,2017-02-28 23:55:00
2017,S100,3,8907,8928,21,0.9976478494623656,214.000000000000000000,2017-03-01 00:00:00,2017-03-31 23:55:00
2017,S100,4,8197,8640,443,0.9487268518518519,175.200000000000000000,2017-04-01 00:00:00,2017-04-30 23:55:00
2017,S100,5,7388,8928,1540,0.8275089605734767,185.800000000000000000,2017-05-01 00:00:00,2017-05-31 23:55:00
2017,S100,6,8318,8640,322,0.9627314814814815,150.200010000000000000,2017-06-01 00:00:00,2017-06-30 23:55:00
2017,S100,7,8741,8928,187,0.9790546594982079,119.600000000000000000,2017-07-01 00:00:00,2017-07-31 23:55:00
2017,S100,8,8718,8928,210,0.9764784946236559,142.200000000000000000,2017-08-01 00:00:00,2017-08-31 23:55:00
2017,S100,9,8407,8640,233,0.9730324074074074,239.799990000000000000,2017-09-01 00:00:00,2017-09-30 23:55:00
2017,S100,10,8479,8928,449,0.9497087813620072,116.600000000000000000,2017-10-01 00:00:00,2017-10-31 23:55:00
2017,S100,11,7686,8640,954,0.8895833333333333,268.000000000000000000,2017-11-01 00:00:00,2017-11-30 23:55:00
2017,S100,12,8705,8928,223,0.9750224014336918,228.800000000000000000,2017-12-01 00:00:00,2017-12-31 23:55:00
2017,S101,1,8829,8928,99,0.9889112903225806,157.400000000000000000,2017-01-01 08:05:00,2017-01-31 23:55:00
2017,S101,2,8062,8064,2,0.9997519841269841,120.200000000000000000,2017-02-01 00:00:00,2017-02-28 23:55:00
2017,S101,3,8927,8928,1,0.9998879928315412,252.000000000000000000,2017-03-01 00:00:00,2017-03-31 23:55:00
2017,S101,4,8085,8640,555,0.9357638888888888,268.600000000000000000,2017-04-01 00:00:00,2017-04-30 23:55:00
2017,S101,5,8678,8928,250,0.9719982078853047,260.600000000000000000,2017-05-01 00:00:00,2017-05-31 23:55:00
2017,S101,6,8341,8640,299,0.9653935185185185,224.000000000000000000,2017-06-01 00:00:00,2017-06-30 23:55:00
2017,S101,7,8760,8928,168,0.9811827956989247,119.000000000000000000,2017-07-01 00:00:00,2017-07-31 23:55:00
2017,S101,8,8496,8928,432,0.9516129032258065,164.800000000000000000,2017-08-01 00:00:00,2017-08-31 23:55:00
2017,S101,9,8427,8640,213,0.9753472222222223,252.000010000000000000,2017-09-01 00:00:00,2017-09-30 23:55:00
2017,S101,10,8645,8928,283,0.9683019713261649,216.800000000000000000,2017-10-01 00:00:00,2017-10-31 23:55:00
2017,S101,11,8176,8640,464,0.9462962962962963,257.400010000000000000,2017-11-01 00:00:00,2017-11-30 23:55:00
2017,S101,12,1287,8928,7641,0.14415322580645162,8.400000000000000000,2017-12-01 00:00:00,2017-12-05 13:35:00
2017,S102,1,7920,8928,1008,0.8870967741935484,193.400000000000000000,2017-01-01 08:05:00,2017-01-31 23:55:00
2017,S102,2,7497,8064,567,0.9296875,72.600000000000000000,2017-02-01 00:00:00,2017-02-28 23:55:00
2017,S102,3,8580,8928,348,0.9610215053763441,75.400000000000000000,2017-03-01 00:00:00,2017-03-31 23:55:00
2017,S102,4,5290,8640,3350,0.6122685185185185,133.200000000000000000,2017-04-01 00:00:00,2017-04-30 23:55:00
2017,S102,5,7834,8928,1094,0.8774641577060932,192.599990000000000000,2017-05-01 00:00:00,2017-05-31 23:55:00
2017,S102,6,8427,8640,213,0.9753472222222223,82.200000000000000000,2017-06-01 00:00:00,2017-06-30 23:55:00
2017,S102,7,8748,8928,180,0.9798387096774194,110.000000000000000000,2017-07-01 00:00:00,2017-07-31 23:55:00
2017,S102,8,8605,8928,323,0.9638216845878136,116.200000000000000000,2017-08-01 00:00:00,2017-08-31 23:55:00
2017,S102,9,8161,8640,479,0.9445601851851851,184.000000000000000000,2017-09-01 00:00:00,2017-09-30 23:55:00
2017,S102,10,8628,8928,300,0.9663978494623656,153.800000000000000000,2017-10-01 00:00:00,2017-10-31 23:55:00
2017,S102,11,8169,8640,471,0.9454861111111111,270.800000000000000000,2017-11-01 00:00:00,2017-11-30 23:55:00
2017,S102,12,3571,8928,5357,0.39997759856630827,15.400000000000000000,2017-12-01 00:00:00,2017-12-13 15:50:00
2017,S103,1,0,8928,8928,0.0,0,,
2017,S103,2,0,8064,8064,0.0,0,,
2017,S103,3,45,8928,8883,0.005040322580645161,0E-18,2017-03-22 11:20:00,2017-03-31 08:25:00
2017,S103,4,0,8640,8640,0.0,0,,
2017,S103,5,0,8928,8928,0.0,0,,
2017,S103,6,0,8640,8640,0.0,0,,
2017,S103,7,0,8928,8928,0.0,0,,
2017,S103,8,0,8928,8928,0.0,0,,
2017,S103,9,0,8640,8640,0.0,0,,
2017,S103,10,0,8928,8928,0.0,0,,
2017,S103,11,0,8640,8640,0.0,0,,
2017,S103,12,0,8928,8928,0.0,0,,
2017,S104,1,8828,8928,100,0.9887992831541219,294.800000000000000000,2017-01-01 08:05:00,2017-01-31 23:55:00
2017,S104,2,8059,8064,5,0.9993799603174603,153.800000000000000000,2017-02-01 00:00:00,2017-02-28 23:55:00
2017,S104,3,8921,8928,7,0.9992159498207885,261.200000000000000000,2017-03-01 00:00:00,2017-03-31 23:55:00
2017,S104,4,7994,8640,646,0.9252314814814815,199.600000000000000000,2017-04-01 00:00:00,2017-04-30 23:55:00
2017,S104,5,6514,8928,2414,0.7296146953405018,119.200000000000000000,2017-05-01 00:00:00,2017-05-31 23:55:00
2017,S104,6,6813,8640,1827,0.7885416666666667,70.800000000000000000,2017-06-01 00:00:00,2017-06-30 23:55:00
2017,S104,7,5461,8928,3467,0.611671146953405,54.000000000000000000,2017-07-01 00:00:00,2017-07-23 17:00:00
2017,S104,8,6047,8928,2881,0.6773073476702509,131.800000000000000000,2017-08-10 11:20:00,2017-08-31 23:55:00
2017,S104,9,8413,8640,227,0.9737268518518518,158.600000000000000000,2017-09-01 00:00:00,2017-09-30 23:55:00
2017,S104,10,8625,8928,303,0.9660618279569892,106.600000000000000000,2017-10-01 00:00:00,2017-10-31 23:55:00
2017,S104,11,5512,8640,3128,0.637962962962963,395.000020000000000000,2017-11-01 00:00:00,2017-11-20 15:30:00
2017,S104,12,0,8928,8928,0.0,0,,
2017,S106,1,7170,8928,1758,0.8030913978494624,168.200000000000000000,2017-01-01 08:05:00,2017-01-31 23:55:00
2017,S106,2,7878,8064,186,0.9769345238095238,225.000000000000000000,2017-02-01 00:00:00,2017-02-28 23:55:00
2017,S106,3,8421,8928,507,0.9432123655913979,128.400000000000000000,2017-03-01 00:00:00,2017-03-31 23:55:00
2017,S106,4,7240,8640,1400,0.8379629629629629,179.200000000000000000,2017-04-01 00:00:00,2017-04-30 12:00:00
2017,S106,5,7332,8928,1596,0.821236559139785,176.200000000000000000,2017-05-01 11:40:00,2017-05-31 23:55:00
2017,S106,6,3499,8640,5141,0.40497685185185184,30.800000000000000000,2017-06-01 00:00:00,2017-06-30 08:05:00
2017,S106,7,7593,8928,1335,0.8504704301075269,77.000000000000000000,2017-07-01 09:55:00,2017-07-31 23:55:00
2017,S106,8,8083,8928,845,0.9053539426523297,91.600000000000000000,2017-08-01 00:00:00,2017-08-31 23:55:00
2017,S106,9,8018,8640,622,0.9280092592592593,129.000000000000000000,2017-09-01 00:00:00,2017-09-30 23:55:00
2017,S106,10,6859,8928,2069,0.7682571684587813,136.000000000000000000,2017-10-01 00:00:00,2017-10-31 23:55:00
2017,S106,11,7849,8640,791,0.908449074074074,418.000000000000000000,2017-11-01 00:00:00,2017-11-30 23:55:00
2017,S106,12,7841,8928,1087,0.8782482078853047,411.400000000000000000,2017-12-01 00:00:00,2017-12-31 23:55:00
2017,S107,1,8827,8928,101,0.9886872759856631,179.200000000000000000,2017-01-01 08:05:00,2017-01-31 23:55:00
2017,S107,2,8063,8064,1,0.9998759920634921,219.800000000000000000,2017-02-01 00:00:00,2017-02-28 23:55:00
2017,S107,3,8928,8928,0,1.0,145.000000000000000000,2017-03-01 00:00:00,2017-03-31 23:55:00
2017,S107,4,8049,8640,591,0.9315972222222222,230.800000000000000000,2017-04-01 00:00:00,2017-04-30 23:55:00
2017,S107,5,5680,8928,3248,0.6362007168458781,135.600000000000000000,2017-05-01 00:00:00,2017-05-31 23:55:00
2017,S107,6,7641,8640,999,0.884375,54.000000000000000000,2017-06-01 00:00:00,2017-06-30 23:55:00
2017,S107,7,8611,8928,317,0.9644937275985663,85.600000000000000000,2017-07-01 00:00:00,2017-07-31 23:55:00
2017,S107,8,8693,8928,235,0.9736783154121864,82.600000000000000000,2017-08-01 00:00:00,2017-08-31 23:55:00
2017,S107,9,8389,8640,251,0.970949074074074,141.800000000000000000,2017-09-01 00:00:00,2017-09-30 23:55:00
2017,S107,10,8626,8928,302,0.9661738351254481,82.800000000000000000,2017-10-01 00:00:00,2017-10-31 23:55:00
2017,S107,11,8429,8640,211,0.9755787037037037,371.000020000000000000,2017-11-01 00:00:00,2017-11-30 23:55:00
2017,S107,12,8705,8928,223,0.9750224014336918,341.400000000000000000,2017-12-01 00:00:00,2017-12-31 23:55:00
2017,S108,1,8803,8928,125,0.9859991039426523,194.200000000000000000,2017-01-01 08:05:00,2017-01-31 23:55:00
2017,S108,2,7779,8064,285,0.9646577380952381,162.400000000000000000,2017-02-01 00:00:00,2017-02-28 23:55:00
2017,S108,3,8774,8928,154,0.9827508960573477,167.200000000000000000,2017-03-01 00:00:00,2017-03-31 23:55:00
2017,S108,4,7131,8640,1509,0.8253472222222222,224.400000000000000000,2017-04-01 00:00:00,2017-04-30 23:50:00
2017,S108,5,4637,8928,4291,0.5193772401433692,144.800000000000000000,2017-05-01 00:00:00,2017-05-31 00:20:00
2017,S108,6,4073,8640,4567,0.47141203703703705,65.400000000000000000,2017-06-02 13:05:00,2017-06-27 19:10:00
2017,S108,7,7059,8928,1869,0.7906586021505376,113.600000000000000000,2017-07-04 13:35:00,2017-07-31 23:55:00
2017,S108,8,8271,8928,657,0.9264112903225806,87.599990000000000000,2017-08-01 00:00:00,2017-08-31 23:55:00
2017,S108,9,8072,8640,568,0.9342592592592592,185.600000000000000000,2017-09-01 00:00:00,2017-09-30 23:55:00
2017,S108,10,8501,8928,427,0.9521729390681004,159.400010000000000000,2017-10-01 00:00:00,2017-10-31 21:55:00
2017,S108,11,6239,8640,2401,0.7221064814814815,221.000010000000000000,2017-11-02 09:30:00,2017-11-30 23:55:00
2017,S108,12,8135,8928,793,0.9111783154121864,132.400000000000000000,2017-12-01 00:00:00,2017-12-30 23:55:00
2017,S109,1,8822,8928,106,0.9881272401433692,295.600000000000000000,2017-01-01 08:05:00,2017-01-31 23:55:00
2017,S109,2,8055,8064,9,0.9988839285714286,152.200000000000000000,2017-02-01 00:00:00,2017-02-28 23:55:00
2017,S109,3,8925,8928,3,0.9996639784946236,248.600000000000000000,2017-03-01 00:00:00,2017-03-31 23:55:00
2017,S109,4,8182,8640,458,0.9469907407407407,296.400000000000000000,2017-04-01 00:00:00,2017-04-30 23:55:00
2017,S109,5,6652,8928,2276,0.7450716845878136,144.800000000000000000,2017-05-01 00:00:00,2017-05-31 23:55:00
2017,S109,6,7593,8640,1047,0.8788194444444445,135.600000000000000000,2017-06-01 00:00:00,2017-06-30 23:55:00
2017,S109,7,6794,8928,2134,0.7609767025089605,100.000000000000000000,2017-07-01 00:00:00,2017-07-31 23:55:00
2017,S109,8,7673,8928,1255,0.8594310035842294,108.400000000000000000,2017-08-01 00:00:00,2017-08-31 23:55:00
2017,S109,9,7369,8640,1271,0.8528935185185185,141.200000000000000000,2017-09-01 00:00:00,2017-09-30 23:55:00
2017,S109,10,8631,8928,297,0.9667338709677419,179.800000000000000000,2017-10-01 00:00:00,2017-10-31 23:55:00
2017,S109,11,8431,8640,209,0.9758101851851851,318.200000000000000000,2017-11-01 00:00:00,2017-11-30 23:55:00
2017,S109,12,8713,8928,215,0.975918458781362,335.000010000000000000,2017-12-01 00:00:00,2017-12-31 23:55:00
2017,S11,1,8831,8928,97,0.9891353046594982,245.400000000000000000,2017-01-01 08:05:00,2017-01-31 23:55:00
2017,S11,2,8064,8064,0,1.0,153.600000000000000000,2017-02-01 00:00:00,2017-02-28 23:55:00
2017,S11,3,8914,8928,14,0.9984318996415771,321.000000000000000000,2017-03-01 00:00:00,2017-03-31 23:55:00
2017,S11,4,8289,8640,351,0.959375,230.600000000000000000,2017-04-01 00:00:00,2017-04-30 23:55:00
2017,S11,5,8549,8928,379,0.9575492831541219,28.400000000000000000,2017-05-01 00:00:00,2017-05-31 23:55:00
2017,S11,6,8423,8640,217,0.9748842592592593,72.000000000000000000,2017-06-01 00:00:00,2017-06-30 23:55:00
2017,S11,7,8761,8928,167,0.9812948028673835,131.400000000000000000,2017-07-01 00:00:00,2017-07-31 23:55:00
2017,S11,8,8732,8928,196,0.9780465949820788,253.399990000000000000,2017-08-01 00:00:00,2017-08-31 23:55:00
2017,S11,9,8436,8640,204,0.9763888888888889,235.400000000000000000,2017-09-01 00:00:00,2017-09-30 23:55:00
2017,S11,10,8665,8928,263,0.9705421146953405,181.400000000000000000,2017-10-01 00:00:00,2017-10-31 23:55:00
2017,S11,11,8458,8640,182,0.9789351851851852,247.599990000000000000,2017-11-01 00:00:00,2017-11-30 23:55:00
2017,S11,12,8748,8928,180,0.9798387096774194,206.400000000000000000,2017-12-01 00:00:00,2017-12-31 23:55:00
2017,S110,1,8822,8928,106,0.9881272401433692,335.000000000000000000,2017-01-01 08:05:00,2017-01-31 23:55:00
2017,S110,2,8062,8064,2,0.9997519841269841,172.200000000000000000,2017-02-01 00:00:00,2017-02-28 23:55:00
2017,S110,3,8927,8928,1,0.9998879928315412,134.600000000000000000,2017-03-01 00:00:00,2017-03-31 23:55:00
2017,S110,4,1762,8640,6878,0.2039351851851852,7.800000000000000000,2017-04-01 00:00:00,2017-04-07 04:35:00
2017,S110,5,0,8928,8928,0.0,0,,
2017,S110,6,0,8640,8640,0.0,0,,
2017,S110,7,0,8928,8928,0.0,0,,
2017,S110,8,0,8928,8928,0.0,0,,
2017,S110,9,0,8640,8640,0.0,0,,
2017,S110,10,0,8928,8928,0.0,0,,
2017,S110,11,0,8640,8640,0.0,0,,
2017,S110,12,0,8928,8928,0.0,0,,
2017,S111,1,0,8928,8928,0.0,0,,
2017,S111,2,0,8064,8064,0.0,0,,
2017,S111,3,0,8928,8928,0.0,0,,
2017,S111,4,0,8640,8640,0.0,0,,
2017,S111,5,0,8928,8928,0.0,0,,
2017,S111,6,0,8640,8640,0.0,0,,
2017,S111,7,0,8928,8928,0.0,0,,
2017,S111,8,167,8928,8761,0.018705197132616487,0E-18,2017-08-31 10:05:00,2017-08-31 23:55:00
2017,S111,9,7485,8640,1155,0.8663194444444444,116.400000000000000000,2017-09-01 00:00:00,2017-09-30 23:55:00
2017,S111,10,8629,8928,299,0.9665098566308243,244.800010000000000000,2017-10-01 00:00:00,2017-10-31 23:55:00
2017,S111,11,6580,8640,2060,0.7615740740740741,246.599990000000000000,2017-11-01 00:00:00,2017-11-30 23:55:00
2017,S111,12,8684,8928,244,0.9726702508960573,198.600000000000000000,2017-12-01 00:00:00,2017-12-31 23:55:00
2017,S112,1,8520,8928,408,0.9543010752688172,197.200000000000000000,2017-01-01 08:05:00,2017-01-31 23:55:00
2017,S112,2,7842,8064,222,0.9724702380952381,85.600000000000000000,2017-02-01 00:00:00,2017-02-28 23:55:00
2017,S112,3,8740,8928,188,0.9789426523297491,271.200000000000000000,2017-03-01 00:00:00,2017-03-31 23:55:00
2017,S112,4,8114,8640,526,0.9391203703703703,98.600000000000000000,2017-04-01 00:00:00,2017-04-30 23:55:00
2017,S112,5,8823,8928,105,0.988239247311828,24.200000000000000000,2017-05-01 00:00:00,2017-05-31 23:55:00
2017,S112,6,8452,8640,188,0.9782407407407407,137.400010000000000000,2017-06-01 00:00:00,2017-06-30 23:55:00
2017,S112,7,7540,8928,1388,0.8445340501792115,70.800000000000000000,2017-07-01 00:00:00,2017-07-30 20:35:00
2017,S112,8,8613,8928,315,0.9647177419354839,289.399990000000000000,2017-08-01 08:05:00,2017-08-31 23:55:00
2017,S112,9,8415,8640,225,0.9739583333333334,241.400000000000000000,2017-09-01 00:00:00,2017-09-30 23:55:00
2017,S112,10,8227,8928,701,0.9214829749103942,137.600000000000000000,2017-10-01 00:00:00,2017-10-31 23:55:00
2017,S112,11,8438,8640,202,0.9766203703703704,241.000000000000000000,2017-11-01 00:00:00,2017-11-30 23:55:00
2017,S112,12,8728,8928,200,0.9775985663082437,249.400000000000000000,2017-12-01 00:00:00,2017-12-31 23:55:00
2017,S113,1,8830,8928,98,0.9890232974910395,250.200000000000000000,2017-01-01 08:05:00,2017-01-31 23:55:00
2017,S113,2,8062,8064,2,0.9997519841269841,123.600000000000000000,2017-02-01 00:00:00,2017-02-28 23:55:00
2017,S113,3,8291,8928,637,0.9286514336917563,125.400000000000000000,2017-03-01 00:00:00,2017-03-31 23:55:00
2017,S113,4,8291,8640,349,0.9596064814814815,278.000000000000000000,2017-04-01 00:00:00,2017-04-30 23:55:00
2017,S113,5,8876,8928,52,0.9941756272401434,220.600000000000000000,2017-05-01 00:00:00,2017-05-31 23:55:00
2017,S113,6,8632,8640,8,0.9990740740740741,75.000000000000000000,2017-06-01 00:00:00,2017-06-30 23:55:00
2017,S113,7,8762,8928,166,0.9814068100358423,111.000010000000000000,2017-07-01 00:00:00,2017-07-31 23:55:00
2017,S113,8,8721,8928,207,0.9768145161290323,94.200000000000000000,2017-08-01 00:00:00,2017-08-31 23:55:00
2017,S113,9,6670,8640,1970,0.7719907407407407,158.000000000000000000,2017-09-01 00:00:00,2017-09-30 23:55:00
2017,S113,10,8645,8928,283,0.9683019713261649,148.200000000000000000,2017-10-01 00:00:00,2017-10-31 23:55:00
2017,S113,11,8436,8640,204,0.9763888888888889,254.000010000000000000,2017-11-01 00:00:00,2017-11-30 23:55:00
2017,S113,12,8715,8928,213,0.9761424731182796,209.600000000000000000,2017-12-01 00:00:00,2017-12-31 23:55:00
2017,S114,1,8830,8928,98,0.9890232974910395,196.400000000000000000,2017-01-01 08:05:00,2017-01-31 23:55:00
2017,S114,2,8062,8064,2,0.9997519841269841,195.200000000000000000,2017-02-01 00:00:00,2017-02-28 23:55:00
2017,S114,3,8927,8928,1,0.9998879928315412,271.600000000000000000,2017-03-01 00:00:00,2017-03-31 23:55:00
2017,S114,4,7250,8640,1390,0.8391203703703703,238.800000000000000000,2017-04-01 00:00:00,2017-04-30 23:55:00
2017,S114,5,8497,8928,431,0.9517249103942652,281.399990000000000000,2017-05-01 00:00:00,2017-05-31 23:55:00
2017,S114,6,8393,8640,247,0.971412037037037,175.199990000000000000,2017-06-01 00:00:00,2017-06-30 23:55:00
2017,S114,7,8760,8928,168,0.9811827956989247,141.600000000000000000,2017-07-01 00:00:00,2017-07-31 23:55:00
2017,S114,8,8717,8928,211,0.9763664874551972,149.200020000000000000,2017-08-01 00:00:00,2017-08-31 23:55:00
2017,S114,9,8414,8640,226,0.9738425925925925,245.400000000000000000,2017-09-01 00:00:00,2017-09-30 23:55:00
2017,S114,10,8568,8928,360,0.9596774193548387,154.599990000000000000,2017-10-01 00:00:00,2017-10-31 23:55:00
2017,S114,11,7902,8640,738,0.9145833333333333,294.400010000000000000,2017-11-01 00:00:00,2017-11-30 23:55:00
2017,S114,12,8720,8928,208,0.9767025089605734,190.000000000000000000,2017-12-01 00:00:00,2017-12-31 23:55:00
2017,S115,1,8554,8928,374,0.9581093189964157,187.200000000000000000,2017-01-01 08:05:00,2017-01-31 23:55:00
2017,S115,2,7944,8064,120,0.9851190476190477,189.400000000000000000,2017-02-01 00:00:00,2017-02-28 23:55:00
2017,S115,3,8926,8928,2,0.9997759856630825,113.800000000000000000,2017-03-01 00:00:00,2017-03-31 23:55:00
2017,S115,4,8268,8640,372,0.9569444444444445,281.200000000000000000,2017-04-01 00:00:00,2017-04-30 23:55:00
2017,S115,5,8123,8928,805,0.909834229390681,275.400000000000000000,2017-05-01 00:00:00,2017-05-31 23:55:00
2017,S115,6,7030,8640,1610,0.8136574074074074,149.400000000000000000,2017-06-01 00:00:00,2017-06-30 23:55:00
2017,S115,7,7859,8928,1069,0.8802643369175627,125.400000000000000000,2017-07-01 00:00:00,2017-07-31 23:55:00
2017,S115,8,8223,8928,705,0.9210349462365591,93.200000000000000000,2017-08-01 00:00:00,2017-08-31 23:55:00
2017,S115,9,8358,8640,282,0.9673611111111111,316.600000000000000000,2017-09-01 00:00:00,2017-09-30 23:55:00
2017,S115,10,8527,8928,401,0.9550851254480287,144.800000000000000000,2017-10-01 00:00:00,2017-10-31 23:55:00
2017,S115,11,8326,8640,314,0.9636574074074075,202.000000000000000000,2017-11-01 00:00:00,2017-11-30 23:55:00
2017,S115,12,8550,8928,378,0.9576612903225806,125.400000000000000000,2017-12-01 00:00:00,2017-12-31 23:55:00
2017,S116,1,8814,8928,114,0.9872311827956989,158.800000000000000000,2017-01-01 08:05:00,2017-01-31 23:55:00
2017,S116,2,8051,8064,13,0.9983878968253969,76.600000000000000000,2017-02-01 00:00:00,2017-02-28 23:55:00
2017,S116,3,8914,8928,14,0.9984318996415771,122.400000000000000000,2017-03-01 00:00:00,2017-03-31 23:55:00
2017,S116,4,8305,8640,335,0.9612268518518519,277.800000000000000000,2017-04-01 00:00:00,2017-04-30 23:55:00
2017,S116,5,8826,8928,102,0.9885752688172043,276.200000000000000000,2017-05-01 00:00:00,2017-05-31 23:55:00
2017,S116,6,8584,8640,56,0.9935185185185185,157.800000000000000000,2017-06-01 00:00:00,2017-06-30 23:55:00
2017,S116,7,8698,8928,230,0.9742383512544803,76.200000000000000000,2017-07-01 00:00:00,2017-07-31 23:55:00
2017,S116,8,8689,8928,239,0.9732302867383512,90.000000000000000000,2017-08-01 00:00:00,2017-08-31 23:55:00
2017,S116,9,8372,8640,268,0.9689814814814814,144.600000000000000000,2017-09-01 00:00:00,2017-09-30 23:55:00
2017,S116,10,8542,8928,386,0.9567652329749103,152.000000000000000000,2017-10-01 00:00:00,2017-10-31 23:55:00
2017,S116,11,8375,8640,265,0.9693287037037037,249.600000000000000000,2017-11-01 00:00:00,2017-11-30 23:55:00
2017,S116,12,8558,8928,370,0.9585573476702509,206.400000000000000000,2017-12-01 00:00:00,2017-12-31 23:55:00
2017,S117,1,8811,8928,117,0.9868951612903226,276.800000000000000000,2017-01-01 08:05:00,2017-01-31 23:55:00
2017,S117,2,8048,8064,16,0.998015873015873,173.600000000000000000,2017-02-01 00:00:00,2017-02-28 23:55:00
2017,S117,3,8897,8928,31,0.9965277777777778,121.200000000000000000,2017-03-01 00:00:00,2017-03-31 23:55:00
2017,S117,4,8287,8640,353,0.9591435185185185,287.400000000000000000,2017-04-01 00:00:00,2017-04-30 23:55:00
2017,S117,5,8891,8928,37,0.995855734767025,261.399990000000000000,2017-05-01 00:00:00,2017-05-31 23:55:00
2017,S117,6,8639,8640,1,0.9998842592592593,140.800000000000000000,2017-06-01 00:00:00,2017-06-30 23:55:00
2017,S117,7,8477,8928,451,0.9494847670250897,81.200000000000000000,2017-07-01 00:00:00,2017-07-31 23:55:00
2017,S117,8,8716,8928,212,0.9762544802867383,152.800000000000000000,2017-08-01 00:00:00,2017-08-31 23:55:00
2017,S117,9,8406,8640,234,0.9729166666666667,204.800000000000000000,2017-09-01 00:00:00,2017-09-30 23:55:00
2017,S117,10,8631,8928,297,0.9667338709677419,201.200000000000000000,2017-10-01 00:00:00,2017-10-31 23:55:00
2017,S117,11,5795,8640,2845,0.6707175925925926,128.200000000000000000,2017-11-01 00:00:00,2017-11-30 23:55:00
2017,S117,12,8710,8928,218,0.9755824372759857,214.599990000000000000,2017-12-01 00:00:00,2017-12-31 23:55:00
2017,S118,1,7385,8928,1543,0.8271729390681004,240.200000000000000000,2017-01-01 08:05:00,2017-01-31 23:55:00
2017,S118,2,8062,8064,2,0.9997519841269841,158.200000000000000000,2017-02-01 00:00:00,2017-02-28 23:55:00
2017,S118,3,8801,8928,127,0.9857750896057348,204.000000000000000000,2017-03-01 00:00:00,2017-03-31 23:55:00
2017,S118,4,6992,8640,1648,0.8092592592592592,251.200000000000000000,2017-04-01 00:00:00,2017-04-30 23:55:00
2017,S118,5,5946,8928,2982,0.665994623655914,207.800000000000000000,2017-05-01 00:00:00,2017-05-31 23:30:00
2017,S118,6,7316,8640,1324,0.8467592592592592,57.600000000000000000,2017-06-01 00:00:00,2017-06-30 23:55:00
2017,S118,7,8592,8928,336,0.9623655913978495,144.600000000000000000,2017-07-01 00:00:00,2017-07-31 23:55:00
2017,S118,8,8617,8928,311,0.965165770609319,150.000010000000000000,2017-08-01 00:00:00,2017-08-31 23:55:00
2017,S118,9,8417,8640,223,0.9741898148148148,176.400000000000000000,2017-09-01 00:00:00,2017-09-30 23:55:00
2017,S118,10,8321,8928,607,0.9320116487455197,227.800000000000000000,2017-10-01 00:00:00,2017-10-31 23:55:00
2017,S118,11,8034,8640,606,0.9298611111111111,273.000010000000000000,2017-11-01 00:00:00,2017-11-30 23:55:00
2017,S118,12,8283,8928,645,0.927755376344086,198.600000000000000000,2017-12-01 00:00:00,2017-12-31 23:55:00
2017,S119,1,8829,8928,99,0.9889112903225806,212.200000000000000000,2017-01-01 08:05:00,2017-01-31 23:55:00
2017,S119,2,8063,8064,1,0.9998759920634921,170.200000000000000000,2017-02-01 00:00:00,2017-02-28 23:55:00
2017,S119,3,8927,8928,1,0.9998879928315412,211.400000000000000000,2017-03-01 00:00:00,2017-03-31 23:55:00
2017,S119,4,8230,8640,410,0.9525462962962963,274.600000000000000000,2017-04-01 00:00:00,2017-04-30 23:55:00
2017,S119,5,8015,8928,913,0.8977374551971327,257.400000000000000000,2017-05-01 00:00:00,2017-05-31 23:55:00
2017,S119,6,8149,8640,491,0.9431712962962963,61.600000000000000000,2017-06-01 00:00:00,2017-06-30 23:55:00
2017,S119,7,7815,8928,1113,0.8753360215053764,98.600000000000000000,2017-07-01 00:00:00,2017-07-31 23:55:00
2017,S119,8,8685,8928,243,0.9727822580645161,107.600000000000000000,2017-08-01 00:00:00,2017-08-31 23:55:00
2017,S119,9,8367,8640,273,0.9684027777777777,207.600000000000000000,2017-09-01 00:00:00,2017-09-30 23:55:00
2017,S119,10,8486,8928,442,0.9504928315412187,205.400000000000000000,2017-10-01 00:00:00,2017-10-31 23:55:00
2017,S119,11,8355,8640,285,0.9670138888888888,286.800000000000000000,2017-11-01 00:00:00,2017-11-30 23:55:00
2017,S119,12,8663,8928,265,0.9703181003584229,227.800000000000000000,2017-12-01 00:00:00,2017-12-31 23:55:00
2017,S120,1,8828,8928,100,0.9887992831541219,252.600000000000000000,2017-01-01 08:05:00,2017-01-31 23:55:00
2017,S120,2,8062,8064,2,0.9997519841269841,154.200000000000000000,2017-02-01 00:00:00,2017-02-28 23:55:00
2017,S120,3,8927,8928,1,0.9998879928315412,154.000000000000000000,2017-03-01 00:00:00,2017-03-31 23:55:00
2017,S120,4,7353,8640,1287,0.8510416666666667,194.400000000000000000,2017-04-01 00:00:00,2017-04-30 23:55:00
2017,S120,5,8738,8928,190,0.9787186379928315,345.000000000000000000,2017-05-01 00:00:00,2017-05-31 23:55:00
2017,S120,6,8593,8640,47,0.9945601851851852,179.000010000000000000,2017-06-01 00:00:00,2017-06-30 23:55:00
2017,S120,7,8760,8928,168,0.9811827956989247,202.199990000000000000,2017-07-01 00:00:00,2017-07-31 23:55:00
2017,S120,8,8711,8928,217,0.9756944444444444,140.200000000000000000,2017-08-01 00:00:00,2017-08-31 23:55:00
2017,S120,9,8417,8640,223,0.9741898148148148,214.800000000000000000,2017-09-01 00:00:00,2017-09-30 23:55:00
2017,S120,10,8640,8928,288,0.967741935483871,240.000000000000000000,2017-10-01 00:00:00,2017-10-31 23:55:00
2017,S120,11,8442,8640,198,0.9770833333333333,361.799990000000000000,2017-11-01 00:00:00,2017-11-30 23:55:00
2017,S120,12,8711,8928,217,0.9756944444444444,219.800000000000000000,2017-12-01 00:00:00,2017-12-31 23:55:00
2017,S121,1,8821,8928,107,0.9880152329749103,240.600000000000000000,2017-01-01 08:05:00,2017-01-31 23:55:00
2017,S121,2,8054,8064,10,0.9987599206349206,147.400000000000000000,2017-02-01 00:00:00,2017-02-28 23:55:00
2017,S121,3,8917,8928,11,0.9987679211469535,294.400000000000000000,2017-03-01 00:00:00,2017-03-31 23:55:00
2017,S121,4,3310,8640,5330,0.38310185185185186,120.000000000000000000,2017-04-01 00:00:00,2017-04-21 08:40:00
2017,S121,5,4266,8928,4662,0.4778225806451613,113.200000000000000000,2017-05-04 19:25:00,2017-05-31 02:00:00
2017,S121,6,5314,8640,3326,0.6150462962962963,117.999990000000000000,2017-06-01 09:20:00,2017-06-29 22:50:00
2017,S121,7,7906,8928,1022,0.8855286738351255,171.000000000000000000,2017-07-01 08:00:00,2017-07-31 23:55:00
2017,S121,8,8689,8928,239,0.9732302867383512,168.399990000000000000,2017-08-01 00:00:00,2017-08-31 23:55:00
2017,S121,9,8388,8640,252,0.9708333333333333,238.000000000000000000,2017-09-01 00:00:00,2017-09-30 23:55:00
2017,S121,10,8614,8928,314,0.9648297491039427,174.400000000000000000,2017-10-01 00:00:00,2017-10-31 23:55:00
2017,S121,11,8415,8640,225,0.9739583333333334,287.600000000000000000,2017-11-01 00:00:00,2017-11-30 23:55:00
2017,S121,12,8701,8928,227,0.9745743727598566,204.799990000000000000,2017-12-01 00:00:00,2017-12-31 23:55:00
2017,S122,1,8816,8928,112,0.9874551971326165,205.800000000000000000,2017-01-01 08:05:00,2017-01-31 23:55:00
2017,S122,2,8038,8064,26,0.9967757936507936,147.800000000000000000,2017-02-01 00:00:00,2017-02-28 23:55:00
2017,S122,3,8901,8928,27,0.9969758064516129,174.600000000000000000,2017-03-01 00:00:00,2017-03-31 23:55:00
2017,S122,4,8291,8640,349,0.9596064814814815,167.000000000000000000,2017-04-01 00:00:00,2017-04-30 23:55:00
2017,S122,5,7807,8928,1121,0.8744399641577061,153.000000000000000000,2017-05-01 00:00:00,2017-05-31 23:55:00
2017,S122,6,8290,8640,350,0.9594907407407407,94.600000000000000000,2017-06-01 00:00:00,2017-06-30 23:55:00
2017,S122,7,8469,8928,459,0.9485887096774194,78.399990000000000000,2017-07-01 00:00:00,2017-07-31 23:55:00
2017,S122,8,7503,8928,1425,0.8403897849462365,154.000010000000000000,2017-08-01 00:00:00,2017-08-31 23:55:00
2017,S122,9,8408,8640,232,0.9731481481481481,192.400000000000000000,2017-09-01 00:00:00,2017-09-30 23:55:00
2017,S122,10,8615,8928,313,0.9649417562724014,214.800000000000000000,2017-10-01 00:00:00,2017-10-31 23:55:00
2017,S122,11,3327,8640,5313,0.38506944444444446,302.800000000000000000,2017-11-01 00:00:00,2017-11-13 16:35:00
2017,S122,12,6013,8928,2915,0.6734991039426523,292.200000000000000000,2017-12-05 14:25:00,2017-12-31 23:55:00
2017,S123,1,8831,8928,97,0.9891353046594982,340.400000000000000000,2017-01-01 08:05:00,2017-01-31 23:55:00
2017,S123,2,8064,8064,0,1.0,113.200000000000000000,2017-02-01 00:00:00,2017-02-28 23:55:00
2017,S123,3,8920,8928,8,0.9991039426523297,191.200000000000000000,2017-03-01 00:00:00,2017-03-31 23:55:00
2017,S123,4,8307,8640,333,0.9614583333333333,290.800000000000000000,2017-04-01 00:00:00,2017-04-30 23:55:00
2017,S123,5,8771,8928,157,0.9824148745519713,192.600000000000000000,2017-05-01 00:00:00,2017-05-31 23:55:00
2017,S123,6,8610,8640,30,0.9965277777777778,132.800000000000000000,2017-06-01 00:00:00,2017-06-30 23:55:00
2017,S123,7,8756,8928,172,0.9807347670250897,159.000000000000000000,2017-07-01 00:00:00,2017-07-31 23:55:00
2017,S123,8,8702,8928,226,0.9746863799283154,102.400000000000000000,2017-08-01 00:00:00,2017-08-31 23:55:00
2017,S123,9,8399,8640,241,0.9721064814814815,120.800000000000000000,2017-09-01 00:00:00,2017-09-30 23:55:00
2017,S123,10,8642,8928,286,0.9679659498207885,198.800000000000000000,2017-10-01 00:00:00,2017-10-31 23:55:00
2017,S123,11,8440,8640,200,0.9768518518518519,267.000000000000000000,2017-11-01 00:00:00,2017-11-30 23:55:00
2017,S123,12,8715,8928,213,0.9761424731182796,211.200000000000000000,2017-12-01 00:00:00,2017-12-31 23:55:00
2017,S24,1,8450,8928,478,0.9464605734767025,197.600000000000000000,2017-01-01 08:05:00,2017-01-31 23:55:00
2017,S24,2,8004,8064,60,0.9925595238095238,159.200000000000000000,2017-02-01 00:00:00,2017-02-28 23:55:00
2017,S24,3,8882,8928,46,0.994847670250896,136.200000000000000000,2017-03-01 00:00:00,2017-03-31 23:55:00
2017,S24,4,8293,8640,347,0.959837962962963,208.200000000000000000,2017-04-01 00:00:00,2017-04-30 23:55:00
2017,S24,5,7310,8928,1618,0.8187724014336918,150.400000000000000000,2017-05-01 00:00:00,2017-05-31 23:55:00
2017,S24,6,7900,8640,740,0.9143518518518519,106.200000000000000000,2017-06-01 00:00:00,2017-06-30 23:55:00
2017,S24,7,8748,8928,180,0.9798387096774194,79.400000000000000000,2017-07-01 00:00:00,2017-07-31 23:55:00
2017,S24,8,8660,8928,268,0.9699820788530465,83.800000000000000000,2017-08-01 00:00:00,2017-08-31 23:55:00
2017,S24,9,8409,8640,231,0.9732638888888889,124.600000000000000000,2017-09-01 00:00:00,2017-09-30 23:55:00
2017,S24,10,8644,8928,284,0.9681899641577061,111.600000000000000000,2017-10-01 00:00:00,2017-10-31 23:55:00
2017,S24,11,8426,8640,214,0.9752314814814815,266.200000000000000000,2017-11-01 00:00:00,2017-11-30 23:55:00
2017,S24,12,8641,8928,287,0.9678539426523297,364.600000000000000000,2017-12-01 00:00:00,2017-12-31 23:55:00
2017,S24B,1,8756,8928,172,0.9807347670250897,0E-18,2017-01-01 08:05:00,2017-01-31 23:55:00
2017,S24B,2,8003,8064,61,0.9924355158730159,0E-18,2017-02-01 00:00:00,2017-02-28 23:55:00
2017,S24B,3,8864,8928,64,0.992831541218638,0E-18,2017-03-01 00:00:00,2017-03-31 23:55:00
2017,S24B,4,7025,8640,1615,0.8130787037037037,0E-18,2017-04-01 00:00:00,2017-04-25 11:25:00
2017,S24B,5,0,8928,8928,0.0,0,,
2017,S24B,6,0,8640,8640,0.0,0,,
2017,S24B,7,0,8928,8928,0.0,0,,
2017,S24B,8,0,8928,8928,0.0,0,,
2017,S24B,9,0,8640,8640,0.0,0,,
2017,S24B,10,0,8928,8928,0.0,0,,
2017,S24B,11,0,8640,8640,0.0,0,,
2017,S24B,12,0,8928,8928,0.0,0,,
2017,S29,1,8830,8928,98,0.9890232974910395,240.200000000000000000,2017-01-01 08:05:00,2017-01-31 23:55:00
2017,S29,2,8060,8064,4,0.9995039682539683,223.200000000000000000,2017-02-01 00:00:00,2017-02-28 23:55:00
2017,S29,3,8928,8928,0,1.0,156.400000000000000000,2017-03-01 00:00:00,2017-03-31 23:55:00
2017,S29,4,7634,8640,1006,0.8835648148148149,214.400000000000000000,2017-04-01 00:00:00,2017-04-30 23:55:00
2017,S29,5,8313,8928,615,0.9311155913978495,54.200000000000000000,2017-05-01 00:00:00,2017-05-30 18:15:00
2017,S29,6,7470,8640,1170,0.8645833333333334,67.200000000000000000,2017-06-02 14:00:00,2017-06-30 23:55:00
2017,S29,7,8426,8928,502,0.9437724014336918,105.800000000000000000,2017-07-01 00:00:00,2017-07-31 23:55:00
2017,S29,8,8726,8928,202,0.9773745519713262,7.000000000000000000,2017-08-01 00:00:00,2017-08-31 23:55:00
2017,S29,9,8434,8640,206,0.9761574074074074,87.000000000000000000,2017-09-01 00:00:00,2017-09-30 23:55:00
2017,S29,10,8592,8928,336,0.9623655913978495,122.200000000000000000,2017-10-01 00:00:00,2017-10-31 23:55:00
2017,S29,11,7885,8640,755,0.9126157407407407,306.200000000000000000,2017-11-01 00:00:00,2017-11-30 23:55:00
2017,S29,12,8572,8928,356,0.9601254480286738,27.200000000000000000,2017-12-01 00:00:00,2017-12-31 23:55:00
2017,S33,1,8829,8928,99,0.9889112903225806,223.800000000000000000,2017-01-01 08:05:00,2017-01-31 23:55:00
2017,S33,2,8062,8064,2,0.9997519841269841,81.000000000000000000,2017-02-01 00:00:00,2017-02-28 23:55:00
2017,S33,3,8928,8928,0,1.0,143.000000000000000000,2017-03-01 00:00:00,2017-03-31 23:55:00
2017,S33,4,8147,8640,493,0.9429398148148148,354.600000000000000000,2017-04-01 00:00:00,2017-04-30 23:55:00
2017,S33,5,7596,8928,1332,0.8508064516129032,311.999990000000000000,2017-05-01 00:00:00,2017-05-31 23:55:00
2017,S33,6,8418,8640,222,0.9743055555555555,255.000010000000000000,2017-06-01 00:00:00,2017-06-30 23:55:00
2017,S33,7,8575,8928,353,0.9604614695340502,94.400000000000000000,2017-07-01 00:00:00,2017-07-31 23:55:00
2017,S33,8,6145,8928,2783,0.6882840501792115,143.200000000000000000,2017-08-01 00:00:00,2017-08-31 23:55:00
2017,S33,9,8435,8640,205,0.9762731481481481,317.600000000000000000,2017-09-01 00:00:00,2017-09-30 23:55:00
2017,S33,10,8225,8928,703,0.9212589605734767,170.200000000000000000,2017-10-01 00:00:00,2017-10-31 23:55:00
2017,S33,11,8020,8640,620,0.9282407407407407,335.400000000000000000,2017-11-01 00:00:00,2017-11-30 23:55:00
2017,S33,12,8749,8928,179,0.9799507168458781,263.800000000000000000,2017-12-01 00:00:00,2017-12-31 23:55:00
2017,S35,1,8831,8928,97,0.9891353046594982,191.200000000000000000,2017-01-01 08:05:00,2017-01-31 23:55:00
2017,S35,2,8063,8064,1,0.9998759920634921,127.400000000000000000,2017-02-01 00:00:00,2017-02-28 23:55:00
2017,S35,3,8928,8928,0,1.0,194.400000000000000000,2017-03-01 00:00:00,2017-03-31 23:55:00
2017,S35,4,8273,8640,367,0.9575231481481481,288.200020000000000000,2017-04-01 00:00:00,2017-04-30 23:55:00
2017,S35,5,8868,8928,60,0.9932795698924731,276.600000000000000000,2017-05-01 00:00:00,2017-05-31 23:55:00
2017,S35,6,8630,8640,10,0.9988425925925926,167.800000000000000000,2017-06-01 00:00:00,2017-06-30 23:55:00
2017,S35,7,8765,8928,163,0.9817428315412187,193.200000000000000000,2017-07-01 00:00:00,2017-07-31 23:55:00
2017,S35,8,8727,8928,201,0.977486559139785,126.400000000000000000,2017-08-01 00:00:00,2017-08-31 23:55:00
2017,S35,9,8424,8640,216,0.975,230.799990000000000000,2017-09-01 00:00:00,2017-09-30 23:55:00
2017,S35,10,8664,8928,264,0.9704301075268817,233.400000000000000000,2017-10-01 00:00:00,2017-10-31 23:55:00
2017,S35,11,7303,8640,1337,0.8452546296296296,217.800000000000000000,2017-11-01 00:00:00,2017-11-30 23:55:00
2017,S35,12,8749,8928,179,0.9799507168458781,315.800000000000000000,2017-12-01 00:00:00,2017-12-31 23:55:00
2017,S36,1,8530,8928,398,0.955421146953405,385.400000000000000000,2017-01-01 08:05:00,2017-01-31 23:55:00
2017,S36,2,8061,8064,3,0.9996279761904762,158.200000000000000000,2017-02-01 00:00:00,2017-02-28 23:55:00
2017,S36,3,8928,8928,0,1.0,221.800000000000000000,2017-03-01 00:00:00,2017-03-31 23:55:00
2017,S36,4,1963,8640,6677,0.22719907407407408,11.400000000000000000,2017-04-01 00:00:00,2017-04-24 01:00:00
2017,S36,5,2590,8928,6338,0.2900985663082437,68.400000000000000000,2017-05-03 14:30:00,2017-05-31 23:55:00
2017,S36,6,3023,8640,5617,0.34988425925925926,15.000000000000000000,2017-06-01 00:00:00,2017-06-22 23:00:00
2017,S36,7,3068,8928,5860,0.34363799283154123,0E-18,2017-07-10 16:15:00,2017-07-31 23:55:00
2017,S36,8,8726,8928,202,0.9773745519713262,103.800000000000000000,2017-08-01 00:00:00,2017-08-31 23:55:00
2017,S36,9,7947,8640,693,0.9197916666666667,106.600000000000000000,2017-09-01 00:00:00,2017-09-30 23:55:00
2017,S36,10,8428,8928,500,0.9439964157706093,210.000000000000000000,2017-10-01 00:00:00,2017-10-31 23:55:00
2017,S36,11,7350,8640,1290,0.8506944444444444,215.600000000000000000,2017-11-01 00:00:00,2017-11-30 23:55:00
2017,S36,12,7824,8928,1104,0.8763440860215054,249.200000000000000000,2017-12-01 00:00:00,2017-12-31 23:55:00
2017,S40,1,8830,8928,98,0.9890232974910395,307.000000000000000000,2017-01-01 08:05:00,2017-01-31 23:55:00
2017,S40,2,8062,8064,2,0.9997519841269841,150.800000000000000000,2017-02-01 00:00:00,2017-02-28 23:55:00
2017,S40,3,8926,8928,2,0.9997759856630825,277.400000000000000000,2017-03-01 00:00:00,2017-03-31 23:55:00
2017,S40,4,8166,8640,474,0.9451388888888889,175.600000000000000000,2017-04-01 00:00:00,2017-04-30 23:55:00
2017,S40,5,7978,8928,950,0.8935931899641577,237.200000000000000000,2017-05-01 00:00:00,2017-05-31 23:55:00
2017,S40,6,7383,8640,1257,0.8545138888888889,187.000000000000000000,2017-06-01 00:00:00,2017-06-30 23:55:00
2017,S40,7,8377,8928,551,0.9382840501792115,160.000000000000000000,2017-07-01 00:00:00,2017-07-31 23:55:00
2017,S40,8,8730,8928,198,0.9778225806451613,199.600000000000000000,2017-08-01 00:00:00,2017-08-31 23:55:00
2017,S40,9,8434,8640,206,0.9761574074074074,242.800000000000000000,2017-09-01 00:00:00,2017-09-30 23:55:00
2017,S40,10,8656,8928,272,0.9695340501792115,152.200000000000000000,2017-10-01 00:00:00,2017-10-31 23:55:00
2017,S40,11,8202,8640,438,0.9493055555555555,430.000000000000000000,2017-11-01 00:00:00,2017-11-30 23:55:00
2017,S40,12,8748,8928,180,0.9798387096774194,323.399990000000000000,2017-12-01 00:00:00,2017-12-31 23:55:00
2017,S43,1,8830,8928,98,0.9890232974910395,372.800000000000000000,2017-01-01 08:05:00,2017-01-31 23:55:00
2017,S43,2,8064,8064,0,1.0,155.200000000000000000,2017-02-01 00:00:00,2017-02-28 23:55:00
2017,S43,3,8919,8928,9,0.998991935483871,186.200000000000000000,2017-03-01 00:00:00,2017-03-31 23:55:00
2017,S43,4,8205,8640,435,0.9496527777777778,329.999990000000000000,2017-04-01 00:00:00,2017-04-30 23:55:00
2017,S43,5,7458,8928,1470,0.8353494623655914,244.800000000000000000,2017-05-01 00:00:00,2017-05-31 23:50:00
2017,S43,6,7204,8640,1436,0.8337962962962963,100.200000000000000000,2017-06-01 00:00:00,2017-06-30 23:55:00
2017,S43,7,8747,8928,181,0.9797267025089605,143.600000000000000000,2017-07-01 00:00:00,2017-07-31 23:55:00
2017,S43,8,8714,8928,214,0.9760304659498208,118.800000000000000000,2017-08-01 00:00:00,2017-08-31 23:55:00
2017,S43,9,8421,8640,219,0.9746527777777778,144.200000000000000000,2017-09-01 00:00:00,2017-09-30 23:55:00
2017,S43,10,8208,8928,720,0.9193548387096774,227.400020000000000000,2017-10-01 00:00:00,2017-10-31 23:55:00
2017,S43,11,8452,8640,188,0.9782407407407407,293.200000000000000000,2017-11-01 00:00:00,2017-11-30 23:55:00
2017,S43,12,8732,8928,196,0.9780465949820788,274.599990000000000000,2017-12-01 00:00:00,2017-12-31 23:55:00
2017,S44,1,8829,8928,99,0.9889112903225806,246.000000000000000000,2017-01-01 08:05:00,2017-01-31 23:55:00
2017,S44,2,8053,8064,11,0.9986359126984127,140.600000000000000000,2017-02-01 00:00:00,2017-02-28 23:55:00
2017,S44,3,8925,8928,3,0.9996639784946236,198.600000000000000000,2017-03-01 00:00:00,2017-03-31 23:55:00
2017,S44,4,7056,8640,1584,0.8166666666666667,176.000000000000000000,2017-04-01 00:00:00,2017-04-30 23:55:00
2017,S44,5,4372,8928,4556,0.48969534050179214,77.000000000000000000,2017-05-01 00:00:00,2017-05-31 23:55:00
2017,S44,6,3361,8640,5279,0.3890046296296296,93.400010000000000000,2017-06-01 00:00:00,2017-06-30 23:55:00
2017,S44,7,6723,8928,2205,0.7530241935483871,39.800000000000000000,2017-07-01 00:00:00,2017-07-31 23:55:00
2017,S44,8,8076,8928,852,0.9045698924731183,228.800000000000000000,2017-08-01 00:00:00,2017-08-29 17:30:00
2017,S44,9,7136,8640,1504,0.825925925925926,246.200000000000000000,2017-09-05 14:05:00,2017-09-30 23:55:00
2017,S44,10,8634,8928,294,0.9670698924731183,141.600000000000000000,2017-10-01 00:00:00,2017-10-31 23:55:00
2017,S44,11,6992,8640,1648,0.8092592592592592,159.000000000000000000,2017-11-01 00:00:00,2017-11-30 14:55:00
2017,S44,12,4287,8928,4641,0.4801747311827957,156.600010000000000000,2017-12-01 06:55:00,2017-12-31 23:55:00
2017,S46,1,8830,8928,98,0.9890232974910395,216.000000000000000000,2017-01-01 08:05:00,2017-01-31 23:55:00
2017,S46,2,8060,8064,4,0.9995039682539683,132.200000000000000000,2017-02-01 00:00:00,2017-02-28 23:55:00
2017,S46,3,8927,8928,1,0.9998879928315412,265.400000000000000000,2017-03-01 00:00:00,2017-03-31 23:55:00
2017,S46,4,8322,8640,318,0.9631944444444445,243.200000000000000000,2017-04-01 00:00:00,2017-04-30 23:55:00
2017,S46,5,8530,8928,398,0.955421146953405,250.200010000000000000,2017-05-01 00:00:00,2017-05-31 23:55:00
2017,S46,6,7950,8640,690,0.9201388888888888,153.399990000000000000,2017-06-01 00:00:00,2017-06-30 23:55:00
2017,S46,7,8238,8928,690,0.9227150537634409,120.800000000000000000,2017-07-01 00:00:00,2017-07-31 23:55:00
2017,S46,8,8011,8928,917,0.8972894265232975,132.400010000000000000,2017-08-01 00:00:00,2017-08-31 23:55:00
2017,S46,9,6909,8640,1731,0.7996527777777778,129.200010000000000000,2017-09-01 00:00:00,2017-09-30 23:55:00
2017,S46,10,8657,8928,271,0.9696460573476703,247.599990000000000000,2017-10-01 00:00:00,2017-10-31 23:55:00
2017,S46,11,8454,8640,186,0.9784722222222222,289.600000000000000000,2017-11-01 00:00:00,2017-11-30 23:55:00
2017,S46,12,8747,8928,181,0.9797267025089605,249.400000000000000000,2017-12-01 00:00:00,2017-12-31 23:55:00
2017,S50,1,8828,8928,100,0.9887992831541219,177.600000000000000000,2017-01-01 08:05:00,2017-01-31 23:55:00
2017,S50,2,8058,8064,6,0.9992559523809523,129.000000000000000000,2017-02-01 00:00:00,2017-02-28 23:55:00
2017,S50,3,8915,8928,13,0.9985439068100358,197.600000000000000000,2017-03-01 00:00:00,2017-03-31 23:55:00
2017,S50,4,7994,8640,646,0.9252314814814815,396.399990000000000000,2017-04-01 00:00:00,2017-04-30 23:55:00
2017,S50,5,6704,8928,2224,0.7508960573476703,210.000000000000000000,2017-05-01 00:00:00,2017-05-31 02:30:00
2017,S50,6,3895,8640,4745,0.4508101851851852,63.400000000000000000,2017-06-01 09:20:00,2017-06-30 05:20:00
2017,S50,7,7050,8928,1878,0.7896505376344086,154.799990000000000000,2017-07-01 08:00:00,2017-07-29 15:30:00
2017,S50,8,8374,8928,554,0.9379480286738351,114.400000000000000000,2017-08-01 15:30:00,2017-08-31 23:55:00
2017,S50,9,7877,8640,763,0.9116898148148148,130.000000000000000000,2017-09-01 00:00:00,2017-09-30 23:55:00
2017,S50,10,7129,8928,1799,0.7984991039426523,239.200000000000000000,2017-10-01 00:00:00,2017-10-31 23:55:00
2017,S50,11,7684,8640,956,0.8893518518518518,335.000000000000000000,2017-11-01 00:00:00,2017-11-30 23:55:00
2017,S50,12,7504,8928,1424,0.8405017921146953,196.800000000000000000,2017-12-01 00:00:00,2017-12-31 23:55:00
2017,S55,1,8830,8928,98,0.9890232974910395,290.000000000000000000,2017-01-01 08:05:00,2017-01-31 23:55:00
2017,S55,2,8062,8064,2,0.9997519841269841,221.200000000000000000,2017-02-01 00:00:00,2017-02-28 23:55:00
2017,S55,3,8927,8928,1,0.9998879928315412,174.000000000000000000,2017-03-01 00:00:00,2017-03-31 23:55:00
2017,S55,4,8279,8640,361,0.9582175925925925,207.600000000000000000,2017-04-01 00:00:00,2017-04-30 23:55:00
2017,S55,5,8805,8928,123,0.9862231182795699,256.400000000000000000,2017-05-01 00:00:00,2017-05-31 23:55:00
2017,S55,6,8624,8640,16,0.9981481481481481,138.600000000000000000,2017-06-01 00:00:00,2017-06-30 23:55:00
2017,S55,7,8770,8928,158,0.9823028673835126,122.200000000000000000,2017-07-01 00:00:00,2017-07-31 23:55:00
2017,S55,8,8739,8928,189,0.9788306451612904,91.800000000000000000,2017-08-01 00:00:00,2017-08-31 23:55:00
2017,S55,9,8446,8640,194,0.9775462962962963,137.400000000000000000,2017-09-01 00:00:00,2017-09-30 23:55:00
2017,S55,10,8661,8928,267,0.9700940860215054,219.400000000000000000,2017-10-01 00:00:00,2017-10-31 23:55:00
2017,S55,11,8438,8640,202,0.9766203703703704,359.200000000000000000,2017-11-01 00:00:00,2017-11-30 23:55:00
2017,S55,12,8745,8928,183,0.979502688172043,453.800000000000000000,2017-12-01 00:00:00,2017-12-31 23:55:00
2017,S60,1,5104,8928,3824,0.5716845878136201,108.200000000000000000,2017-01-06 10:15:00,2017-01-31 23:55:00
2017,S60,2,5118,8064,2946,0.6346726190476191,83.800000000000000000,2017-02-01 00:00:00,2017-02-28 23:55:00
2017,S60,3,3396,8928,5532,0.3803763440860215,44.800000000000000000,2017-03-01 00:00:00,2017-03-20 22:00:00
2017,S60,4,0,8640,8640,0.0,0,,
2017,S60,5,0,8928,8928,0.0,0,,
2017,S60,6,0,8640,8640,0.0,0,,
2017,S60,7,0,8928,8928,0.0,0,,
2017,S60,8,167,8928,8761,0.018705197132616487,0E-18,2017-08-31 10:05:00,2017-08-31 23:55:00
2017,S60,9,8424,8640,216,0.975,183.800000000000000000,2017-09-01 00:00:00,2017-09-30 23:55:00
2017,S60,10,8627,8928,301,0.9662858422939068,101.000000000000000000,2017-10-01 00:00:00,2017-10-31 23:55:00
2017,S60,11,4290,8640,4350,0.4965277777777778,151.999990000000000000,2017-11-01 00:00:00,2017-11-30 23:55:00
2017,S60,12,8251,8928,677,0.924171146953405,151.800000000000000000,2017-12-01 00:00:00,2017-12-31 11:15:00
2017,S61,1,8831,8928,97,0.9891353046594982,347.600000000000000000,2017-01-01 08:05:00,2017-01-31 23:55:00
2017,S61,2,8063,8064,1,0.9998759920634921,191.000000000000000000,2017-02-01 00:00:00,2017-02-28 23:55:00
2017,S61,3,8925,8928,3,0.9996639784946236,149.200000000000000000,2017-03-01 00:00:00,2017-03-31 23:55:00
2017,S61,4,8301,8640,339,0.9607638888888889,262.000000000000000000,2017-04-01 00:00:00,2017-04-30 23:55:00
2017,S61,5,8832,8928,96,0.989247311827957,235.600000000000000000,2017-05-01 00:00:00,2017-05-31 23:55:00
2017,S61,6,8572,8640,68,0.9921296296296296,89.000000000000000000,2017-06-01 00:00:00,2017-06-30 23:55:00
2017,S61,7,8766,8928,162,0.9818548387096774,136.600000000000000000,2017-07-01 00:00:00,2017-07-31 23:55:00
2017,S61,8,8717,8928,211,0.9763664874551972,110.000000000000000000,2017-08-01 00:00:00,2017-08-31 23:55:00
2017,S61,9,8413,8640,227,0.9737268518518518,161.200000000000000000,2017-09-01 00:00:00,2017-09-30 23:55:00
2017,S61,10,8646,8928,282,0.9684139784946236,213.400000000000000000,2017-10-01 00:00:00,2017-10-31 23:55:00
2017,S61,11,8431,8640,209,0.9758101851851851,370.199970000000000000,2017-11-01 00:00:00,2017-11-30 23:55:00
2017,S61,12,8712,8928,216,0.9758064516129032,290.200020000000000000,2017-12-01 00:00:00,2017-12-31 23:55:00
2017,S63,1,8830,8928,98,0.9890232974910395,203.800000000000000000,2017-01-01 08:05:00,2017-01-31 23:55:00
2017,S63,2,8063,8064,1,0.9998759920634921,99.800000000000000000,2017-02-01 00:00:00,2017-02-28 23:55:00
2017,S63,3,8837,8928,91,0.9898073476702509,201.200000000000000000,2017-03-01 00:00:00,2017-03-31 16:35:00
2017,S63,4,5805,8640,2835,0.671875,85.800000000000000000,2017-04-04 14:15:00,2017-04-30 23:55:00
2017,S63,5,7513,8928,1415,0.8415098566308243,253.600000000000000000,2017-05-01 00:00:00,2017-05-31 23:55:00
2017,S63,6,7554,8640,1086,0.8743055555555556,195.800000000000000000,2017-06-01 00:00:00,2017-06-30 10:10:00
2017,S63,7,8069,8928,859,0.9037858422939068,69.600000000000000000,2017-07-02 08:00:00,2017-07-31 23:55:00
2017,S63,8,8726,8928,202,0.9773745519713262,174.400000000000000000,2017-08-01 00:00:00,2017-08-31 23:55:00
2017,S63,9,8373,8640,267,0.9690972222222223,271.600010000000000000,2017-09-01 00:00:00,2017-09-30 23:55:00
2017,S63,10,8480,8928,448,0.9498207885304659,191.800000000000000000,2017-10-01 00:00:00,2017-10-31 23:55:00
2017,S63,11,8461,8640,179,0.9792824074074075,260.400000000000000000,2017-11-01 00:00:00,2017-11-30 23:55:00
2017,S63,12,5177,8928,3751,0.5798611111111112,134.400000000000000000,2017-12-01 00:00:00,2017-12-19 09:55:00
2017,S64,1,8830,8928,98,0.9890232974910395,185.400000000000000000,2017-01-01 08:05:00,2017-01-31 23:55:00
2017,S64,2,8062,8064,2,0.9997519841269841,170.200000000000000000,2017-02-01 00:00:00,2017-02-28 23:55:00
2017,S64,3,8927,8928,1,0.9998879928315412,269.600000000000000000,2017-03-01 00:00:00,2017-03-31 23:55:00
2017,S64,4,8315,8640,325,0.9623842592592593,226.800000000000000000,2017-04-01 00:00:00,2017-04-30 23:55:00
2017,S64,5,8891,8928,37,0.995855734767025,297.200000000000000000,2017-05-01 00:00:00,2017-05-31 23:55:00
2017,S64,6,8634,8640,6,0.9993055555555556,201.799990000000000000,2017-06-01 00:00:00,2017-06-30 23:55:00
2017,S64,7,8760,8928,168,0.9811827956989247,170.599980000000000000,2017-07-01 00:00:00,2017-07-31 23:55:00
2017,S64,8,8712,8928,216,0.9758064516129032,121.600000000000000000,2017-08-01 00:00:00,2017-08-31 23:55:00
2017,S64,9,8428,8640,212,0.975462962962963,284.800000000000000000,2017-09-01 00:00:00,2017-09-30 23:55:00
2017,S64,10,8664,8928,264,0.9704301075268817,214.400000000000000000,2017-10-01 00:00:00,2017-10-31 23:55:00
2017,S64,11,8447,8640,193,0.977662037037037,289.800000000000000000,2017-11-01 00:00:00,2017-11-30 23:55:00
2017,S64,12,8745,8928,183,0.979502688172043,204.200000000000000000,2017-12-01 00:00:00,2017-12-31 23:55:00
2017,S66,1,8828,8928,100,0.9887992831541219,208.400000000000000000,2017-01-01 08:05:00,2017-01-31 23:55:00
2017,S66,2,8059,8064,5,0.9993799603174603,183.400000000000000000,2017-02-01 00:00:00,2017-02-28 23:55:00
2017,S66,3,8870,8928,58,0.9935035842293907,324.600000000000000000,2017-03-01 00:00:00,2017-03-31 23:55:00
2017,S66,4,8288,8640,352,0.9592592592592593,83.800000000000000000,2017-04-01 00:00:00,2017-04-30 23:55:00
2017,S66,5,8712,8928,216,0.9758064516129032,172.200000000000000000,2017-05-01 00:00:00,2017-05-31 23:55:00
2017,S66,6,8095,8640,545,0.9369212962962963,145.400010000000000000,2017-06-01 00:00:00,2017-06-30 23:55:00
2017,S66,7,8535,8928,393,0.9559811827956989,100.400000000000000000,2017-07-01 00:00:00,2017-07-31 23:55:00
2017,S66,8,8339,8928,589,0.9340277777777778,192.000010000000000000,2017-08-01 00:00:00,2017-08-31 23:55:00
2017,S66,9,5817,8640,2823,0.6732638888888889,124.799990000000000000,2017-09-01 00:00:00,2017-09-30 23:55:00
2017,S66,10,8421,8928,507,0.9432123655913979,130.000000000000000000,2017-10-01 00:00:00,2017-10-31 23:55:00
2017,S66,11,7932,8640,708,0.9180555555555555,300.800000000000000000,2017-11-01 00:00:00,2017-11-30 23:55:00
2017,S66,12,8744,8928,184,0.9793906810035843,289.000010000000000000,2017-12-01 00:00:00,2017-12-31 23:55:00
2017,S69,1,8410,8928,518,0.9419802867383512,259.400000000000000000,2017-01-01 08:05:00,2017-01-31 23:55:00
2017,S69,2,7912,8064,152,0.9811507936507936,112.000000000000000000,2017-02-01 00:00:00,2017-02-28 23:55:00
2017,S69,3,8778,8928,150,0.9831989247311828,243.800000000000000000,2017-03-01 00:00:00,2017-03-31 23:55:00
2017,S69,4,2367,8640,6273,0.27395833333333336,46.000000000000000000,2017-04-01 00:00:00,2017-04-23 16:00:00
2017,S69,5,8040,8928,888,0.9005376344086021,256.800000000000000000,2017-05-03 14:30:00,2017-05-31 23:55:00
2017,S69,6,8637,8640,3,0.9996527777777777,44.600000000000000000,2017-06-01 00:00:00,2017-06-30 23:55:00
2017,S69,7,8777,8928,151,0.983086917562724,115.800000000000000000,2017-07-01 00:00:00,2017-07-31 23:55:00
2017,S69,8,8735,8928,193,0.9783826164874552,141.000000000000000000,2017-08-01 00:00:00,2017-08-31 23:55:00
2017,S69,9,8427,8640,213,0.9753472222222223,160.200000000000000000,2017-09-01 00:00:00,2017-09-30 23:55:00
2017,S69,10,8662,8928,266,0.9702060931899642,295.800000000000000000,2017-10-01 00:00:00,2017-10-31 23:55:00
2017,S69,11,8441,8640,199,0.9769675925925926,576.400010000000000000,2017-11-01 00:00:00,2017-11-30 23:55:00
2017,S69,12,8743,8928,185,0.9792786738351255,361.400000000000000000,2017-12-01 00:00:00,2017-12-31 23:55:00
2017,S71,1,8788,8928,140,0.9843189964157706,186.600000000000000000,2017-01-01 08:05:00,2017-01-31 23:55:00
2017,S71,2,8015,8064,49,0.9939236111111112,116.000000000000000000,2017-02-01 00:00:00,2017-02-28 23:55:00
2017,S71,3,8713,8928,215,0.975918458781362,152.600000000000000000,2017-03-01 00:00:00,2017-03-31 23:55:00
2017,S71,4,6165,8640,2475,0.7135416666666666,233.400000000000000000,2017-04-01 00:00:00,2017-04-30 23:55:00
2017,S71,5,5368,8928,3560,0.6012544802867383,114.000000000000000000,2017-05-01 00:00:00,2017-05-21 18:00:00
2017,S71,6,8000,8640,640,0.9259259259259259,167.800000000000000000,2017-06-02 15:10:00,2017-06-30 23:55:00
2017,S71,7,8766,8928,162,0.9818548387096774,121.000000000000000000,2017-07-01 00:00:00,2017-07-31 23:55:00
2017,S71,8,8563,8928,365,0.9591173835125448,147.599990000000000000,2017-08-01 00:00:00,2017-08-31 23:55:00
2017,S71,9,8426,8640,214,0.9752314814814815,221.199990000000000000,2017-09-01 00:00:00,2017-09-30 23:55:00
2017,S71,10,8643,8928,285,0.9680779569892473,201.200000000000000000,2017-10-01 00:00:00,2017-10-31 23:55:00
2017,S71,11,7240,8640,1400,0.8379629629629629,380.200000000000000000,2017-11-01 00:00:00,2017-11-30 23:55:00
2017,S71,12,8732,8928,196,0.9780465949820788,241.000000000000000000,2017-12-01 00:00:00,2017-12-31 23:55:00
2017,S72,1,0,8928,8928,0.0,0,,
2017,S72,2,17,8064,8047,0.0021081349206349205,0E-18,2017-02-07 00:30:00,2017-02-28 00:30:00
2017,S72,3,16,8928,8912,0.0017921146953405018,0E-18,2017-03-02 18:30:00,2017-03-07 06:30:00
2017,S72,4,0,8640,8640,0.0,0,,
2017,S72,5,0,8928,8928,0.0,0,,
2017,S72,6,0,8640,8640,0.0,0,,
2017,S72,7,0,8928,8928,0.0,0,,
2017,S72,8,0,8928,8928,0.0,0,,
2017,S72,9,0,8640,8640,0.0,0,,
2017,S72,10,0,8928,8928,0.0,0,,
2017,S72,11,0,8640,8640,0.0,0,,
2017,S72,12,0,8928,8928,0.0,0,,
2017,S77,1,8831,8928,97,0.9891353046594982,257.000000000000000000,2017-01-01 08:05:00,2017-01-31 23:55:00
2017,S77,2,8063,8064,1,0.9998759920634921,119.200000000000000000,2017-02-01 00:00:00,2017-02-28 23:55:00
2017,S77,3,8926,8928,2,0.9997759856630825,140.200000000000000000,2017-03-01 00:00:00,2017-03-31 23:55:00
2017,S77,4,8312,8640,328,0.962037037037037,241.200000000000000000,2017-04-01 00:00:00,2017-04-30 23:55:00
2017,S77,5,8622,8928,306,0.9657258064516129,263.800000000000000000,2017-05-01 00:00:00,2017-05-31 23:50:00
2017,S77,6,8635,8640,5,0.9994212962962963,155.600000000000000000,2017-06-01 00:00:00,2017-06-30 23:55:00
2017,S77,7,8767,8928,161,0.9819668458781362,163.800000000000000000,2017-07-01 00:00:00,2017-07-31 23:55:00
2017,S77,8,8714,8928,214,0.9760304659498208,173.399990000000000000,2017-08-01 00:00:00,2017-08-31 23:55:00
2017,S77,9,8431,8640,209,0.9758101851851851,189.000000000000000000,2017-09-01 00:00:00,2017-09-30 23:55:00
2017,S77,10,8644,8928,284,0.9681899641577061,185.200010000000000000,2017-10-01 00:00:00,2017-10-31 23:55:00
2017,S77,11,8455,8640,185,0.9785879629629629,350.000000000000000000,2017-11-01 00:00:00,2017-11-30 23:55:00
2017,S77,12,8749,8928,179,0.9799507168458781,197.200000000000000000,2017-12-01 00:00:00,2017-12-31 23:55:00
2017,S78,1,8829,8928,99,0.9889112903225806,228.400000000000000000,2017-01-01 08:05:00,2017-01-31 23:55:00
2017,S78,2,8063,8064,1,0.9998759920634921,123.400000000000000000,2017-02-01 00:00:00,2017-02-28 23:55:00
2017,S78,3,8316,8928,612,0.9314516129032258,156.000000000000000000,2017-03-01 00:00:00,2017-03-31 23:55:00
2017,S78,4,8312,8640,328,0.962037037037037,292.800010000000000000,2017-04-01 00:00:00,2017-04-30 23:55:00
2017,S78,5,8772,8928,156,0.9825268817204301,245.200000000000000000,2017-05-01 00:00:00,2017-05-31 23:55:00
2017,S78,6,8553,8640,87,0.9899305555555555,81.800000000000000000,2017-06-01 00:00:00,2017-06-30 23:55:00
2017,S78,7,8764,8928,164,0.9816308243727598,111.000000000000000000,2017-07-01 00:00:00,2017-07-31 23:55:00
2017,S78,8,8722,8928,206,0.9769265232974911,83.800000000000000000,2017-08-01 00:00:00,2017-08-31 23:55:00
2017,S78,9,8424,8640,216,0.975,182.200020000000000000,2017-09-01 00:00:00,2017-09-30 23:55:00
2017,S78,10,8652,8928,276,0.9690860215053764,207.800000000000000000,2017-10-01 00:00:00,2017-10-31 23:55:00
2017,S78,11,8448,8640,192,0.9777777777777777,288.400000000000000000,2017-11-01 00:00:00,2017-11-30 23:55:00
2017,S78,12,8742,8928,186,0.9791666666666666,215.200000000000000000,2017-12-01 00:00:00,2017-12-31 23:55:00
2017,S79,1,8815,8928,113,0.9873431899641577,256.200000000000000000,2017-01-01 08:05:00,2017-01-31 23:55:00
2017,S79,2,8057,8064,7,0.9991319444444444,154.400000000000000000,2017-02-01 00:00:00,2017-02-28 23:55:00
2017,S79,3,8917,8928,11,0.9987679211469535,201.200000000000000000,2017-03-01 00:00:00,2017-03-31 23:55:00
2017,S79,4,8225,8640,415,0.9519675925925926,261.000000000000000000,2017-04-01 00:00:00,2017-04-30 23:55:00
2017,S79,5,8842,8928,86,0.9903673835125448,241.600000000000000000,2017-05-01 00:00:00,2017-05-31 23:55:00
2017,S79,6,8564,8640,76,0.9912037037037037,94.200000000000000000,2017-06-01 00:00:00,2017-06-30 23:55:00
2017,S79,7,8756,8928,172,0.9807347670250897,155.000000000000000000,2017-07-01 00:00:00,2017-07-31 23:55:00
2017,S79,8,8734,8928,194,0.9782706093189965,134.800000000000000000,2017-08-01 00:00:00,2017-08-31 23:55:00
2017,S79,9,8381,8640,259,0.9700231481481482,175.600000000000000000,2017-09-01 00:00:00,2017-09-30 23:55:00
2017,S79,10,8640,8928,288,0.967741935483871,192.000000000000000000,2017-10-01 00:00:00,2017-10-31 23:55:00
2017,S79,11,8443,8640,197,0.977199074074074,256.000000000000000000,2017-11-01 00:00:00,2017-11-30 23:55:00
2017,S79,12,7403,8928,1525,0.8291890681003584,168.200000000000000000,2017-12-01 00:00:00,2017-12-31 23:55:00
2017,S81,1,8831,8928,97,0.9891353046594982,292.800000000000000000,2017-01-01 08:05:00,2017-01-31 23:55:00
2017,S81,2,8063,8064,1,0.9998759920634921,197.200000000000000000,2017-02-01 00:00:00,2017-02-28 23:55:00
2017,S81,3,8927,8928,1,0.9998879928315412,175.600000000000000000,2017-03-01 00:00:00,2017-03-31 23:55:00
2017,S81,4,7599,8640,1041,0.8795138888888889,278.400000000000000000,2017-04-01 00:00:00,2017-04-30 23:55:00
2017,S81,5,8752,8928,176,0.9802867383512545,211.800000000000000000,2017-05-01 00:00:00,2017-05-31 23:55:00
2017,S81,6,8478,8640,162,0.98125,92.200000000000000000,2017-06-01 00:00:00,2017-06-30 23:55:00
2017,S81,7,8764,8928,164,0.9816308243727598,119.200000000000000000,2017-07-01 00:00:00,2017-07-31 23:55:00
2017,S81,8,8725,8928,203,0.9772625448028673,106.800000000000000000,2017-08-01 00:00:00,2017-08-31 23:55:00
2017,S81,9,8428,8640,212,0.975462962962963,126.800000000000000000,2017-09-01 00:00:00,2017-09-30 23:55:00
2017,S81,10,8645,8928,283,0.9683019713261649,228.200000000000000000,2017-10-01 00:00:00,2017-10-31 23:55:00
2017,S81,11,8446,8640,194,0.9775462962962963,362.799990000000000000,2017-11-01 00:00:00,2017-11-30 23:55:00
2017,S81,12,8738,8928,190,0.9787186379928315,415.200000000000000000,2017-12-01 00:00:00,2017-12-31 23:55:00
2017,S82,1,0,8928,8928,0.0,0,,
2017,S82,2,0,8064,8064,0.0,0,,
2017,S82,3,0,8928,8928,0.0,0,,
2017,S82,4,0,8640,8640,0.0,0,,
2017,S82,5,0,8928,8928,0.0,0,,
2017,S82,6,0,8640,8640,0.0,0,,
2017,S82,7,0,8928,8928,0.0,0,,
2017,S82,8,0,8928,8928,0.0,0,,
2017,S82,9,0,8640,8640,0.0,0,,
2017,S82,10,0,8928,8928,0.0,0,,
2017,S82,11,6095,8640,2545,0.7054398148148148,134.000000000000000000,2017-11-08 10:35:00,2017-11-30 23:55:00
2017,S82,12,8723,8928,205,0.9770385304659498,217.199990000000000000,2017-12-01 00:00:00,2017-12-31 23:55:00
2017,S84,1,8828,8928,100,0.9887992831541219,295.200000000000000000,2017-01-01 08:05:00,2017-01-31 23:55:00
2017,S84,2,8063,8064,1,0.9998759920634921,223.000000000000000000,2017-02-01 00:00:00,2017-02-28 23:55:00
2017,S84,3,8928,8928,0,1.0,128.800000000000000000,2017-03-01 00:00:00,2017-03-31 23:55:00
2017,S84,4,7399,8640,1241,0.8563657407407408,190.200000000000000000,2017-04-01 00:00:00,2017-04-30 23:55:00
2017,S84,5,8623,8928,305,0.9658378136200717,237.000000000000000000,2017-05-01 00:00:00,2017-05-31 23:55:00
2017,S84,6,5810,8640,2830,0.6724537037037037,128.400000000000000000,2017-06-01 00:00:00,2017-06-21 18:45:00
2017,S84,7,5832,8928,3096,0.6532258064516129,59.000000000000000000,2017-07-03 11:10:00,2017-07-31 23:55:00
2017,S84,8,8725,8928,203,0.9772625448028673,96.800010000000000000,2017-08-01 00:00:00,2017-08-31 23:55:00
2017,S84,9,8421,8640,219,0.9746527777777778,167.400010000000000000,2017-09-01 00:00:00,2017-09-30 23:55:00
2017,S84,10,8646,8928,282,0.9684139784946236,119.800000000000000000,2017-10-01 00:00:00,2017-10-31 23:55:00
2017,S84,11,8446,8640,194,0.9775462962962963,246.800000000000000000,2017-11-01 00:00:00,2017-11-30 23:55:00
2017,S84,12,8723,8928,205,0.9770385304659498,263.200000000000000000,2017-12-01 00:00:00,2017-12-31 23:55:00
2017,S88,1,8820,8928,108,0.9879032258064516,375.000000000000000000,2017-01-01 08:05:00,2017-01-31 23:55:00
2017,S88,2,8060,8064,4,0.9995039682539683,148.200000000000000000,2017-02-01 00:00:00,2017-02-28 23:55:00
2017,S88,3,8928,8928,0,1.0,204.800000000000000000,2017-03-01 00:00:00,2017-03-31 23:55:00
2017,S88,4,6479,8640,2161,0.7498842592592593,175.800000000000000000,2017-04-01 00:00:00,2017-04-30 23:55:00
2017,S88,5,8800,8928,128,0.985663082437276,214.400000000000000000,2017-05-01 00:00:00,2017-05-31 23:55:00
2017,S88,6,8588,8640,52,0.9939814814814815,94.600000000000000000,2017-06-01 00:00:00,2017-06-30 23:55:00
2017,S88,7,8760,8928,168,0.9811827956989247,210.399990000000000000,2017-07-01 00:00:00,2017-07-31 23:55:00
2017,S88,8,8723,8928,205,0.9770385304659498,109.200000000000000000,2017-08-01 00:00:00,2017-08-31 23:55:00
2017,S88,9,8425,8640,215,0.9751157407407407,140.800000000000000000,2017-09-01 00:00:00,2017-09-30 23:55:00
2017,S88,10,8642,8928,286,0.9679659498207885,271.600000000000000000,2017-10-01 00:00:00,2017-10-31 23:55:00
2017,S88,11,8447,8640,193,0.977662037037037,230.000000000000000000,2017-11-01 00:00:00,2017-11-30 23:55:00
2017,S88,12,8728,8928,200,0.9775985663082437,237.200000000000000000,2017-12-01 00:00:00,2017-12-31 23:55:00
2017,S89,1,6895,8928,2033,0.7722894265232975,53.800000000000000000,2017-01-01 08:05:00,2017-01-31 23:55:00
2017,S89,2,4990,8064,3074,0.6187996031746031,3.000000000000000000,2017-02-01 00:00:00,2017-02-28 08:05:00
2017,S89,3,6851,8928,2077,0.7673611111111112,20.600000000000000000,2017-03-01 11:50:00,2017-03-31 23:55:00
2017,S89,4,8322,8640,318,0.9631944444444445,339.000000000000000000,2017-04-01 00:00:00,2017-04-30 23:55:00
2017,S89,5,8585,8928,343,0.961581541218638,279.800000000000000000,2017-05-01 00:00:00,2017-05-31 23:55:00
2017,S89,6,8194,8640,446,0.9483796296296296,158.400000000000000000,2017-06-01 00:00:00,2017-06-30 23:55:00
2017,S89,7,8759,8928,169,0.9810707885304659,145.800000000000000000,2017-07-01 00:00:00,2017-07-31 23:55:00
2017,S89,8,8732,8928,196,0.9780465949820788,224.599990000000000000,2017-08-01 00:00:00,2017-08-31 23:55:00
2017,S89,9,8425,8640,215,0.9751157407407407,304.000000000000000000,2017-09-01 00:00:00,2017-09-30 23:55:00
2017,S89,10,8646,8928,282,0.9684139784946236,188.600000000000000000,2017-10-01 00:00:00,2017-10-31 23:55:00
2017,S89,11,8181,8640,459,0.946875,161.000000000000000000,2017-11-01 00:00:00,2017-11-30 23:55:00
2017,S89,12,8731,8928,197,0.9779345878136201,187.800000000000000000,2017-12-01 00:00:00,2017-12-31 23:55:00
2017,S90,1,8831,8928,97,0.9891353046594982,243.200000000000000000,2017-01-01 08:05:00,2017-01-31 23:55:00
2017,S90,2,8060,8064,4,0.9995039682539683,128.400000000000000000,2017-02-01 00:00:00,2017-02-28 23:55:00
2017,S90,3,8928,8928,0,1.0,185.200000000000000000,2017-03-01 00:00:00,2017-03-31 23:55:00
2017,S90,4,4913,8640,3727,0.5686342592592593,124.200000000000000000,2017-04-01 00:00:00,2017-04-18 03:15:00
2017,S90,5,7835,8928,1093,0.8775761648745519,314.200000000000000000,2017-05-03 21:30:00,2017-05-31 23:55:00
2017,S90,6,8450,8640,190,0.9780092592592593,151.200020000000000000,2017-06-01 00:00:00,2017-06-30 23:55:00
2017,S90,7,8760,8928,168,0.9811827956989247,187.199990000000000000,2017-07-01 00:00:00,2017-07-31 23:55:00
2017,S90,8,8732,8928,196,0.9780465949820788,132.200000000000000000,2017-08-01 00:00:00,2017-08-31 23:55:00
2017,S90,9,8369,8640,271,0.9686342592592593,203.400000000000000000,2017-09-01 00:00:00,2017-09-30 23:55:00
2017,S90,10,8608,8928,320,0.96415770609319,333.200000000000000000,2017-10-01 00:00:00,2017-10-31 23:55:00
2017,S90,11,8445,8640,195,0.9774305555555556,336.000000000000000000,2017-11-01 00:00:00,2017-11-30 23:55:00
2017,S90,12,8729,8928,199,0.9777105734767025,225.800000000000000000,2017-12-01 00:00:00,2017-12-31 23:55:00
2017,S900,1,8831,8928,97,0.9891353046594982,276.800000000000000000,2017-01-01 08:05:00,2017-01-31 23:55:00
2017,S900,2,8062,8064,2,0.9997519841269841,185.200000000000000000,2017-02-01 00:00:00,2017-02-28 23:55:00
2017,S900,3,8928,8928,0,1.0,166.000000000000000000,2017-03-01 00:00:00,2017-03-31 23:55:00
2017,S900,4,8291,8640,349,0.9596064814814815,205.200000000000000000,2017-04-01 00:00:00,2017-04-30 23:55:00
2017,S900,5,7285,8928,1643,0.8159722222222222,224.200000000000000000,2017-05-01 00:00:00,2017-05-31 23:55:00
2017,S900,6,7415,8640,1225,0.8582175925925926,172.600000000000000000,2017-06-01 00:00:00,2017-06-30 23:55:00
2017,S900,7,8614,8928,314,0.9648297491039427,95.400000000000000000,2017-07-01 00:00:00,2017-07-31 23:55:00
2017,S900,8,8578,8928,350,0.9607974910394266,129.400000000000000000,2017-08-01 00:00:00,2017-08-31 23:55:00
2017,S900,9,8080,8640,560,0.9351851851851852,178.600000000000000000,2017-09-01 00:00:00,2017-09-30 23:55:00
2017,S900,10,8634,8928,294,0.9670698924731183,202.400000000000000000,2017-10-01 00:00:00,2017-10-31 23:55:00
2017,S900,11,8420,8640,220,0.9745370370370371,456.999990000000000000,2017-11-01 00:00:00,2017-11-30 23:55:00
2017,S900,12,8601,8928,327,0.9633736559139785,494.800000000000000000,2017-12-01 00:00:00,2017-12-31 23:55:00
2017,S91,1,8831,8928,97,0.9891353046594982,341.800000000000000000,2017-01-01 08:05:00,2017-01-31 23:55:00
2017,S91,2,8064,8064,0,1.0,220.000000000000000000,2017-02-01 00:00:00,2017-02-28 23:55:00
2017,S91,3,8928,8928,0,1.0,138.000000000000000000,2017-03-01 00:00:00,2017-03-31 23:55:00
2017,S91,4,2226,8640,6414,0.25763888888888886,31.800000000000000000,2017-04-01 00:00:00,2017-04-18 01:00:00
2017,S91,5,4319,8928,4609,0.4837589605734767,80.600000000000000000,2017-05-03 14:50:00,2017-05-24 15:15:00
2017,S91,6,6965,8640,1675,0.8061342592592593,110.200000000000000000,2017-06-06 17:25:00,2017-06-30 23:55:00
2017,S91,7,8746,8928,182,0.9796146953405018,96.600010000000000000,2017-07-01 00:00:00,2017-07-31 23:55:00
2017,S91,8,8736,8928,192,0.978494623655914,173.199990000000000000,2017-08-01 00:00:00,2017-08-31 23:55:00
2017,S91,9,8435,8640,205,0.9762731481481481,206.400000000000000000,2017-09-01 00:00:00,2017-09-30 23:55:00
2017,S91,10,8656,8928,272,0.9695340501792115,210.200000000000000000,2017-10-01 00:00:00,2017-10-31 23:55:00
2017,S91,11,8442,8640,198,0.9770833333333333,474.200010000000000000,2017-11-01 00:00:00,2017-11-30 23:55:00
2017,S91,12,8729,8928,199,0.9777105734767025,450.200000000000000000,2017-12-01 00:00:00,2017-12-31 23:55:00
2017,S92,1,8830,8928,98,0.9890232974910395,229.400000000000000000,2017-01-01 08:05:00,2017-01-31 23:55:00
2017,S92,2,8063,8064,1,0.9998759920634921,117.000000000000000000,2017-02-01 00:00:00,2017-02-28 23:55:00
2017,S92,3,8927,8928,1,0.9998879928315412,135.800000000000000000,2017-03-01 00:00:00,2017-03-31 23:55:00
2017,S92,4,6493,8640,2147,0.7515046296296296,199.200000000000000000,2017-04-01 00:00:00,2017-04-30 23:55:00
2017,S92,5,8789,8928,139,0.9844310035842294,271.600000000000000000,2017-05-01 00:00:00,2017-05-31 23:55:00
2017,S92,6,8042,8640,598,0.930787037037037,164.200000000000000000,2017-06-01 00:00:00,2017-06-30 23:55:00
2017,S92,7,7731,8928,1197,0.8659274193548387,130.800000000000000000,2017-07-01 00:00:00,2017-07-29 17:45:00
2017,S92,8,8524,8928,404,0.9547491039426523,136.000000000000000000,2017-08-01 17:10:00,2017-08-31 23:55:00
2017,S92,9,8419,8640,221,0.9744212962962963,229.199980000000000000,2017-09-01 00:00:00,2017-09-30 23:55:00
2017,S92,10,8645,8928,283,0.9683019713261649,167.400000000000000000,2017-10-01 00:00:00,2017-10-31 23:55:00
2017,S92,11,7457,8640,1183,0.8630787037037037,431.000000000000000000,2017-11-01 00:00:00,2017-11-30 23:55:00
2017,S92,12,8729,8928,199,0.9777105734767025,248.400000000000000000,2017-12-01 00:00:00,2017-12-31 23:55:00
2017,S94,1,8831,8928,97,0.9891353046594982,252.400000000000000000,2017-01-01 08:05:00,2017-01-31 23:55:00
2017,S94,2,8064,8064,0,1.0,254.600000000000000000,2017-02-01 00:00:00,2017-02-28 23:55:00
2017,S94,3,8919,8928,9,0.998991935483871,127.400000000000000000,2017-03-01 00:00:00,2017-03-31 23:55:00
2017,S94,4,8303,8640,337,0.9609953703703704,183.400000000000000000,2017-04-01 00:00:00,2017-04-30 23:55:00
2017,S94,5,8721,8928,207,0.9768145161290323,223.000000000000000000,2017-05-01 00:00:00,2017-05-31 23:55:00
2017,S94,6,8567,8640,73,0.991550925925926,116.200000000000000000,2017-06-01 00:00:00,2017-06-30 23:55:00
2017,S94,7,8730,8928,198,0.9778225806451613,103.600000000000000000,2017-07-01 00:00:00,2017-07-31 23:55:00
2017,S94,8,8692,8928,236,0.9735663082437276,94.800000000000000000,2017-08-01 00:00:00,2017-08-31 23:55:00
2017,S94,9,8429,8640,211,0.9755787037037037,153.000000000000000000,2017-09-01 00:00:00,2017-09-30 23:55:00
2017,S94,10,8649,8928,279,0.96875,164.000020000000000000,2017-10-01 00:00:00,2017-10-31 23:55:00
2017,S94,11,8421,8640,219,0.9746527777777778,344.600000000000000000,2017-11-01 00:00:00,2017-11-30 23:55:00
2017,S94,12,8694,8928,234,0.9737903225806451,421.999990000000000000,2017-12-01 00:00:00,2017-12-31 23:55:00
2017,S96,1,8806,8928,122,0.9863351254480287,140.600000000000000000,2017-01-01 08:05:00,2017-01-31 23:55:00
2017,S96,2,8043,8064,21,0.9973958333333334,153.400000000000000000,2017-02-01 00:00:00,2017-02-28 23:55:00
2017,S96,3,8910,8928,18,0.9979838709677419,83.000000000000000000,2017-03-01 00:00:00,2017-03-31 23:55:00
2017,S96,4,4874,8640,3766,0.5641203703703703,137.200000000000000000,2017-04-01 00:00:00,2017-04-18 04:05:00
2017,S96,5,0,8928,8928,0.0,0,,
2017,S96,6,0,8640,8640,0.0,0,,
2017,S96,7,0,8928,8928,0.0,0,,
2017,S96,8,0,8928,8928,0.0,0,,
2017,S96,9,0,8640,8640,0.0,0,,
2017,S96,10,0,8928,8928,0.0,0,,
2017,S96,11,0,8640,8640,0.0,0,,
2017,S96,12,0,8928,8928,0.0,0,,
2017,S97,1,6,8928,8922,0.0006720430107526882,0E-18,2017-01-05 11:45:00,2017-01-05 12:10:00
2017,S97,2,0,8064,8064,0.0,0,,
2017,S97,3,0,8928,8928,0.0,0,,
2017,S97,4,0,8640,8640,0.0,0,,
2017,S97,5,0,8928,8928,0.0,0,,
2017,S97,6,0,8640,8640,0.0,0,,
2017,S97,7,0,8928,8928,0.0,0,,
2017,S97,8,0,8928,8928,0.0,0,,
2017,S97,9,0,8640,8640,0.0,0,,
2017,S97,10,0,8928,8928,0.0,0,,
2017,S97,11,0,8640,8640,0.0,0,,
2017,S97,12,0,8928,8928,0.0,0,,
2018,S07,1,7722,8928,1206,0.8649193548387096,362.000000000000000000,2018-01-01 00:00:00,2018-01-31 23:55:00
2018,S07,2,4965,8064,3099,0.6156994047619048,84.200000000000000000,2018-02-01 00:00:00,2018-02-28 23:50:00
2018,S07,3,6476,8928,2452,0.725358422939068,113.000000000000000000,2018-03-01 00:00:00,2018-03-31 23:50:00
2018,S07,4,6088,8640,2552,0.7046296296296296,180.400000000000000000,2018-04-01 00:05:00,2018-04-30 23:55:00
2018,S07,5,8194,8928,734,0.9177867383512545,223.400000000000000000,2018-05-01 00:00:00,2018-05-31 23:55:00
2018,S07,6,7801,8640,839,0.9028935185185185,202.000000000000000000,2018-06-01 00:00:00,2018-06-28 02:35:00
2018,S07,7,8782,8928,146,0.983646953405018,111.000000000000000000,2018-07-01 10:10:00,2018-07-31 23:55:00
2018,S07,8,672,8928,8256,0.07526881720430108,1.400000000000000000,2018-08-01 00:00:00,2018-08-03 07:55:00
2018,S07,9,8389,8640,251,0.970949074074074,244.200000000000000000,2018-09-01 08:00:00,2018-09-30 23:55:00
2018,S07,10,8922,8928,6,0.9993279569892473,237.000000000000000000,2018-10-01 00:00:00,2018-10-31 23:55:00
2018,S07,11,8624,8640,16,0.9981481481481481,334.000000000000000000,2018-11-01 00:00:00,2018-11-30 23:55:00
2018,S07,12,8924,8928,4,0.9995519713261649,254.800000000000000000,2018-12-01 00:00:00,2018-12-31 23:55:00
2018,S08,1,8017,8928,911,0.8979614695340502,287.600000000000000000,2018-01-01 00:00:00,2018-01-31 23:55:00
2018,S08,2,4643,8064,3421,0.5757688492063492,81.800000000000000000,2018-02-01 00:00:00,2018-02-28 23:50:00
2018,S08,3,6150,8928,2778,0.6888440860215054,89.600000000000000000,2018-03-01 00:00:00,2018-03-31 05:50:00
2018,S08,4,5389,8640,3251,0.6237268518518518,246.200010000000000000,2018-04-02 05:10:00,2018-04-30 23:55:00
2018,S08,5,8882,8928,46,0.994847670250896,253.000010000000000000,2018-05-01 00:00:00,2018-05-31 23:55:00
2018,S08,6,8566,8640,74,0.9914351851851851,340.800000000000000000,2018-06-01 00:00:00,2018-06-30 23:55:00
2018,S08,7,8888,8928,40,0.9955197132616488,241.599990000000000000,2018-07-01 00:00:00,2018-07-31 23:55:00
2018,S08,8,663,8928,8265,0.07426075268817205,1.000000000000000000,2018-08-01 00:00:00,2018-08-03 07:55:00
2018,S08,9,8541,8640,99,0.9885416666666667,285.800000000000000000,2018-09-01 08:00:00,2018-09-30 23:55:00
2018,S08,10,8903,8928,25,0.9971998207885304,305.600010000000000000,2018-10-01 00:00:00,2018-10-31 23:55:00
2018,S08,11,8614,8640,26,0.9969907407407408,288.000000000000000000,2018-11-01 00:00:00,2018-11-30 23:55:00
2018,S08,12,8918,8928,10,0.9988799283154122,192.200010000000000000,2018-12-01 00:00:00,2018-12-31 23:55:00
2018,S100,1,6329,8928,2599,0.7088933691756273,242.000000000000000000,2018-01-01 00:00:00,2018-01-30 05:25:00
2018,S100,2,4802,8064,3262,0.5954861111111112,106.200000000000000000,2018-02-01 13:25:00,2018-02-28 23:50:00
2018,S100,3,4148,8928,4780,0.4646057347670251,109.800000000000000000,2018-03-01 00:00:00,2018-03-31 23:50:00
2018,S100,4,5859,8640,2781,0.678125,201.000000000000000000,2018-04-01 00:05:00,2018-04-30 23:55:00
2018,S100,5,8713,8928,215,0.975918458781362,197.800000000000000000,2018-05-01 00:00:00,2018-05-31 23:55:00
2018,S100,6,8539,8640,101,0.9883101851851852,199.400000000000000000,2018-06-01 00:00:00,2018-06-30 23:55:00
2018,S100,7,8902,8928,26,0.9970878136200717,118.000000000000000000,2018-07-01 00:00:00,2018-07-31 23:55:00
2018,S100,8,672,8928,8256,0.07526881720430108,0.400000000000000000,2018-08-01 00:00:00,2018-08-03 07:55:00
2018,S100,9,8403,8640,237,0.9725694444444445,91.600000000000000000,2018-09-01 08:00:00,2018-09-30 23:55:00
2018,S100,10,8912,8928,16,0.9982078853046595,318.400000000000000000,2018-10-01 00:00:00,2018-10-31 23:55:00
2018,S100,11,7830,8640,810,0.90625,178.400000000000000000,2018-11-01 00:00:00,2018-11-30 23:55:00
2018,S100,12,8912,8928,16,0.9982078853046595,160.200000000000000000,2018-12-01 00:00:00,2018-12-31 23:55:00
2018,S101,1,3762,8928,5166,0.4213709677419355,133.000000000000000000,2018-01-18 13:35:00,2018-01-31 23:55:00
2018,S101,2,4022,8064,4042,0.49875992063492064,81.800000000000000000,2018-02-01 00:00:00,2018-02-28 23:50:00
2018,S101,3,6467,8928,2461,0.724350358422939,222.200010000000000000,2018-03-01 00:00:00,2018-03-31 23:50:00
2018,S101,4,6081,8640,2559,0.7038194444444444,212.800000000000000000,2018-04-01 00:05:00,2018-04-30 23:55:00
2018,S101,5,8896,8928,32,0.996415770609319,246.000000000000000000,2018-05-01 00:00:00,2018-05-31 23:55:00
2018,S101,6,8633,8640,7,0.9991898148148148,408.800010000000000000,2018-06-01 00:00:00,2018-06-30 23:55:00
2018,S101,7,8906,8928,22,0.9975358422939068,160.000000000000000000,2018-07-01 00:00:00,2018-07-31 23:55:00
2018,S101,8,672,8928,8256,0.07526881720430108,0.200000000000000000,2018-08-01 00:00:00,2018-08-03 07:55:00
2018,S101,9,8415,8640,225,0.9739583333333334,138.200000000000000000,2018-09-01 08:00:00,2018-09-30 23:55:00
2018,S101,10,8921,8928,7,0.9992159498207885,343.600010000000000000,2018-10-01 00:00:00,2018-10-31 23:55:00
2018,S101,11,8623,8640,17,0.9980324074074074,322.600010000000000000,2018-11-01 00:00:00,2018-11-30 23:55:00
2018,S101,12,1846,8928,7082,0.2067652329749104,78.999990000000000000,2018-12-01 00:00:00,2018-12-07 09:45:00
2018,S102,1,3991,8928,4937,0.4470206093189964,114.000000000000000000,2018-01-17 15:55:00,2018-01-31 23:55:00
2018,S102,2,4942,8064,3122,0.6128472222222222,79.600000000000000000,2018-02-01 00:00:00,2018-02-28 23:50:00
2018,S102,3,6223,8928,2705,0.6970206093189965,58.200000000000000000,2018-03-01 00:00:00,2018-03-31 23:50:00
2018,S102,4,5992,8640,2648,0.6935185185185185,45.200000000000000000,2018-04-01 00:05:00,2018-04-30 23:55:00
2018,S102,5,8745,8928,183,0.979502688172043,179.600000000000000000,2018-05-01 00:00:00,2018-05-31 23:55:00
2018,S102,6,8443,8640,197,0.977199074074074,144.800000000000000000,2018-06-01 00:00:00,2018-06-30 23:55:00
2018,S102,7,8477,8928,451,0.9494847670250897,66.400000000000000000,2018-07-01 00:00:00,2018-07-31 23:55:00
2018,S102,8,658,8928,8270,0.07370071684587813,0.200000000000000000,2018-08-01 00:00:00,2018-08-03 07:55:00
2018,S102,9,2920,8640,5720,0.33796296296296297,100.200000000000000000,2018-09-01 08:00:00,2018-09-11 17:30:00
2018,S102,10,0,8928,8928,0.0,0,,
2018,S102,11,0,8640,8640,0.0,0,,
2018,S102,12,0,8928,8928,0.0,0,,
2018,S104,1,7687,8928,1241,0.8609991039426523,221.000000000000000000,2018-01-04 16:10:00,2018-01-31 23:55:00
2018,S104,2,4981,8064,3083,0.6176835317460317,70.600000000000000000,2018-02-01 00:00:00,2018-02-28 23:50:00
2018,S104,3,6553,8928,2375,0.7339829749103942,57.800000000000000000,2018-03-01 00:00:00,2018-03-31 23:50:00
2018,S104,4,5675,8640,2965,0.6568287037037037,185.600000000000000000,2018-04-01 00:05:00,2018-04-30 23:55:00
2018,S104,5,8905,8928,23,0.9974238351254481,248.800000000000000000,2018-05-01 00:00:00,2018-05-31 23:55:00
2018,S104,6,8639,8640,1,0.9998842592592593,161.800000000000000000,2018-06-01 00:00:00,2018-06-30 23:55:00
2018,S104,7,8911,8928,17,0.9980958781362007,120.400000000000000000,2018-07-01 00:00:00,2018-07-31 23:55:00
2018,S104,8,672,8928,8256,0.07526881720430108,0.800000000000000000,2018-08-01 00:00:00,2018-08-03 07:55:00
2018,S104,9,8416,8640,224,0.9740740740740741,158.000010000000000000,2018-09-01 08:00:00,2018-09-30 23:55:00
2018,S104,10,8924,8928,4,0.9995519713261649,253.800000000000000000,2018-10-01 00:00:00,2018-10-31 23:55:00
2018,S104,11,5071,8640,3569,0.5869212962962963,157.000000000000000000,2018-11-01 00:00:00,2018-11-30 23:55:00
2018,S104,12,2801,8928,6127,0.3137320788530466,130.200000000000000000,2018-12-01 00:00:00,2018-12-17 21:25:00
2018,S105,1,0,8928,8928,0.0,0,,
2018,S105,2,0,8064,8064,0.0,0,,
2018,S105,3,0,8928,8928,0.0,0,,
2018,S105,4,0,8640,8640,0.0,0,,
2018,S105,5,0,8928,8928,0.0,0,,
2018,S105,6,0,8640,8640,0.0,0,,
2018,S105,7,0,8928,8928,0.0,0,,
2018,S105,8,0,8928,8928,0.0,0,,
2018,S105,9,0,8640,8640,0.0,0,,
2018,S105,10,0,8928,8928,0.0,0,,
2018,S105,11,0,8640,8640,0.0,0,,
2018,S105,12,5760,8928,3168,0.6451612903225806,81.000000000000000000,2018-12-11 23:55:00,2018-12-31 23:55:00
2018,S106,1,7232,8928,1696,0.8100358422939068,222.200000000000000000,2018-01-01 00:00:00,2018-01-31 23:55:00
2018,S106,2,4847,8064,3217,0.6010664682539683,16.200000000000000000,2018-02-01 00:00:00,2018-02-28 23:50:00
2018,S106,3,6428,8928,2500,0.7199820788530465,48.200000000000000000,2018-03-01 00:00:00,2018-03-31 23:50:00
2018,S106,4,6054,8640,2586,0.7006944444444444,96.200000000000000000,2018-04-01 00:05:00,2018-04-30 23:55:00
2018,S106,5,8377,8928,551,0.9382840501792115,202.200000000000000000,2018-05-01 00:00:00,2018-05-31 23:55:00
2018,S106,6,8500,8640,140,0.9837962962962963,247.800020000000000000,2018-06-01 00:00:00,2018-06-30 23:55:00
2018,S106,7,8567,8928,361,0.9595654121863799,99.200000000000000000,2018-07-01 00:00:00,2018-07-31 23:55:00
2018,S106,8,648,8928,8280,0.07258064516129033,3.000000000000000000,2018-08-01 00:00:00,2018-08-03 07:55:00
2018,S106,9,8429,8640,211,0.9755787037037037,42.400000000000000000,2018-09-01 08:00:00,2018-09-30 23:55:00
2018,S106,10,7661,8928,1267,0.858086917562724,185.400000000000000000,2018-10-01 00:00:00,2018-10-28 08:20:00
2018,S106,11,2179,8640,6461,0.25219907407407405,129.800000000000000000,2018-11-14 13:45:00,2018-11-22 04:05:00
2018,S106,12,8151,8928,777,0.9129704301075269,218.800000000000000000,2018-12-03 13:45:00,2018-12-31 23:55:00
2018,S107,1,8711,8928,217,0.9756944444444444,240.200000000000000000,2018-01-01 00:00:00,2018-01-31 23:55:00
2018,S107,2,4953,8064,3111,0.6142113095238095,10.800000000000000000,2018-02-01 00:00:00,2018-02-28 23:50:00
2018,S107,3,6411,8928,2517,0.7180779569892473,14.400000000000000000,2018-03-01 00:00:00,2018-03-31 23:50:00
2018,S107,4,6075,8640,2565,0.703125,38.800000000000000000,2018-04-01 00:05:00,2018-04-30 23:55:00
2018,S107,5,8911,8928,17,0.9980958781362007,66.400000000000000000,2018-05-01 00:00:00,2018-05-31 23:55:00
2018,S107,6,7756,8640,884,0.8976851851851851,79.800000000000000000,2018-06-01 00:00:00,2018-06-30 23:55:00
2018,S107,7,8905,8928,23,0.9974238351254481,74.400000000000000000,2018-07-01 00:00:00,2018-07-31 23:55:00
2018,S107,8,672,8928,8256,0.07526881720430108,2.200000000000000000,2018-08-01 00:00:00,2018-08-03 07:55:00
2018,S107,9,8541,8640,99,0.9885416666666667,120.600000000000000000,2018-09-01 08:00:00,2018-09-30 23:55:00
2018,S107,10,8788,8928,140,0.9843189964157706,145.000010000000000000,2018-10-01 00:00:00,2018-10-31 23:55:00
2018,S107,11,7444,8640,1196,0.861574074074074,160.600000000000000000,2018-11-01 00:00:00,2018-11-30 23:55:00
2018,S107,12,8921,8928,7,0.9992159498207885,168.400000000000000000,2018-12-01 00:00:00,2018-12-31 23:55:00
2018,S108,1,6597,8928,2331,0.7389112903225806,271.000000000000000000,2018-01-03 08:00:00,2018-01-31 23:55:00
2018,S108,2,4662,8064,3402,0.578125,8.800000000000000000,2018-02-01 00:00:00,2018-02-28 23:50:00
2018,S108,3,5826,8928,3102,0.6525537634408602,88.000000000000000000,2018-03-01 00:00:00,2018-03-31 23:50:00
2018,S108,4,3298,8640,5342,0.381712962962963,109.599990000000000000,2018-04-01 00:05:00,2018-04-30 23:55:00
2018,S108,5,4226,8928,4702,0.47334229390681004,105.000000000000000000,2018-05-01 00:00:00,2018-05-31 23:55:00
2018,S108,6,6880,8640,1760,0.7962962962962963,137.600000000000000000,2018-06-01 00:00:00,2018-06-30 23:55:00
2018,S108,7,7549,8928,1379,0.8455421146953405,35.800000000000000000,2018-07-01 00:00:00,2018-07-30 02:55:00
2018,S108,8,530,8928,8398,0.05936379928315412,0E-18,2018-08-01 11:50:00,2018-08-03 07:55:00
2018,S108,9,5600,8640,3040,0.6481481481481481,127.800000000000000000,2018-09-02 08:25:00,2018-09-25 05:25:00
2018,S108,10,8280,8928,648,0.9274193548387096,200.200000000000000000,2018-10-01 11:05:00,2018-10-31 23:55:00
2018,S108,11,7239,8640,1401,0.8378472222222222,300.200000000000000000,2018-11-01 00:00:00,2018-11-30 23:55:00
2018,S108,12,7036,8928,1892,0.7880824372759857,146.600000000000000000,2018-12-01 00:00:00,2018-12-31 23:55:00
2018,S109,1,8729,8928,199,0.9777105734767025,331.200000000000000000,2018-01-01 00:00:00,2018-01-31 23:55:00
2018,S109,2,3726,8064,4338,0.46205357142857145,52.200000000000000000,2018-02-01 00:00:00,2018-02-28 23:50:00
2018,S109,3,6482,8928,2446,0.7260304659498208,63.800000000000000000,2018-03-01 00:00:00,2018-03-31 23:50:00
2018,S109,4,6089,8640,2551,0.7047453703703703,255.999980000000000000,2018-04-01 00:05:00,2018-04-30 23:55:00
2018,S109,5,8904,8928,24,0.9973118279569892,218.800000000000000000,2018-05-01 00:00:00,2018-05-31 23:55:00
2018,S109,6,7383,8640,1257,0.8545138888888889,253.600010000000000000,2018-06-01 00:00:00,2018-06-30 23:55:00
2018,S109,7,8906,8928,22,0.9975358422939068,147.800000000000000000,2018-07-01 00:00:00,2018-07-31 23:55:00
2018,S109,8,672,8928,8256,0.07526881720430108,1.000000000000000000,2018-08-01 00:00:00,2018-08-03 07:55:00
2018,S109,9,8407,8640,233,0.9730324074074074,250.600000000000000000,2018-09-01 08:00:00,2018-09-30 23:55:00
2018,S109,10,6129,8928,2799,0.686491935483871,141.200010000000000000,2018-10-01 00:00:00,2018-10-31 23:55:00
2018,S109,11,7537,8640,1103,0.872337962962963,324.800000000000000000,2018-11-01 00:00:00,2018-11-27 05:25:00
2018,S109,12,6848,8928,2080,0.7670250896057348,198.800000000000000000,2018-12-03 10:50:00,2018-12-27 06:00:00
2018,S11,1,8752,8928,176,0.9802867383512545,328.200010000000000000,2018-01-01 00:00:00,2018-01-31 23:55:00
2018,S11,2,4967,8064,3097,0.6159474206349206,136.800010000000000000,2018-02-01 00:00:00,2018-02-28 23:50:00
2018,S11,3,6459,8928,2469,0.7234543010752689,140.599990000000000000,2018-03-01 00:00:00,2018-03-31 23:50:00
2018,S11,4,6088,8640,2552,0.7046296296296296,223.000000000000000000,2018-04-01 00:05:00,2018-04-30 23:55:00
2018,S11,5,8916,8928,12,0.9986559139784946,351.000040000000000000,2018-05-01 00:00:00,2018-05-31 23:55:00
2018,S11,6,8632,8640,8,0.9990740740740741,324.800000000000000000,2018-06-01 00:00:00,2018-06-30 23:55:00
2018,S11,7,8907,8928,21,0.9976478494623656,124.400000000000000000,2018-07-01 00:00:00,2018-07-31 23:55:00
2018,S11,8,672,8928,8256,0.07526881720430108,0.200000000000000000,2018-08-01 00:00:00,2018-08-03 07:55:00
2018,S11,9,7928,8640,712,0.9175925925925926,78.200000000000000000,2018-09-01 08:00:00,2018-09-30 23:55:00
2018,S11,10,8831,8928,97,0.9891353046594982,423.800000000000000000,2018-10-01 00:00:00,2018-10-31 23:55:00
2018,S11,11,8145,8640,495,0.9427083333333334,331.200000000000000000,2018-11-01 00:00:00,2018-11-30 23:55:00
2018,S11,12,6471,8928,2457,0.7247983870967742,245.800000000000000000,2018-12-01 00:00:00,2018-12-31 23:55:00
2018,S111,1,7577,8928,1351,0.8486783154121864,359.200000000000000000,2018-01-01 00:00:00,2018-01-31 23:55:00
2018,S111,2,4939,8064,3125,0.6124751984126984,16.200000000000000000,2018-02-01 00:00:00,2018-02-28 23:50:00
2018,S111,3,6434,8928,2494,0.7206541218637993,108.000000000000000000,2018-03-01 00:00:00,2018-03-31 23:50:00
2018,S111,4,6088,8640,2552,0.7046296296296296,141.000000000000000000,2018-04-01 00:05:00,2018-04-30 23:55:00
2018,S111,5,8904,8928,24,0.9973118279569892,214.600000000000000000,2018-05-01 00:00:00,2018-05-31 23:55:00
2018,S111,6,8093,8640,547,0.9366898148148148,239.600000000000000000,2018-06-01 00:00:00,2018-06-30 23:55:00
2018,S111,7,8904,8928,24,0.9973118279569892,67.600000000000000000,2018-07-01 00:00:00,2018-07-31 23:55:00
2018,S111,8,672,8928,8256,0.07526881720430108,1.200000000000000000,2018-08-01 00:00:00,2018-08-03 07:55:00
2018,S111,9,8417,8640,223,0.9741898148148148,222.599980000000000000,2018-09-01 08:00:00,2018-09-30 23:55:00
2018,S111,10,8920,8928,8,0.9991039426523297,188.600000000000000000,2018-10-01 00:00:00,2018-10-31 23:55:00
2018,S111,11,8623,8640,17,0.9980324074074074,413.000000000000000000,2018-11-01 00:00:00,2018-11-30 23:55:00
2018,S111,12,8910,8928,18,0.9979838709677419,259.800000000000000000,2018-12-01 00:00:00,2018-12-31 23:55:00
2018,S112,1,8024,8928,904,0.8987455197132617,251.200000000000000000,2018-01-01 00:00:00,2018-01-31 23:55:00
2018,S112,2,4960,8064,3104,0.6150793650793651,133.400000000000000000,2018-02-01 00:00:00,2018-02-28 23:50:00
2018,S112,3,6408,8928,2520,0.717741935483871,157.600000000000000000,2018-03-01 00:00:00,2018-03-31 23:50:00
2018,S112,4,5191,8640,3449,0.6008101851851851,295.600010000000000000,2018-04-01 00:05:00,2018-04-30 23:55:00
2018,S112,5,8096,8928,832,0.9068100358422939,271.800000000000000000,2018-05-01 00:00:00,2018-05-31 23:55:00
2018,S112,6,7397,8640,1243,0.8561342592592592,275.400000000000000000,2018-06-01 00:00:00,2018-06-30 23:55:00
2018,S112,7,8520,8928,408,0.9543010752688172,84.400000000000000000,2018-07-01 00:00:00,2018-07-31 23:55:00
2018,S112,8,672,8928,8256,0.07526881720430108,0E-18,2018-08-01 00:00:00,2018-08-03 07:55:00
2018,S112,9,8419,8640,221,0.9744212962962963,115.000000000000000000,2018-09-01 08:00:00,2018-09-30 23:55:00
2018,S112,10,8921,8928,7,0.9992159498207885,321.200000000000000000,2018-10-01 00:00:00,2018-10-31 23:55:00
2018,S112,11,8622,8640,18,0.9979166666666667,280.800000000000000000,2018-11-01 00:00:00,2018-11-30 23:55:00
2018,S112,12,8050,8928,878,0.90165770609319,229.599990000000000000,2018-12-01 00:00:00,2018-12-31 23:55:00
2018,S113,1,8717,8928,211,0.9763664874551972,320.000000000000000000,2018-01-01 00:00:00,2018-01-31 23:55:00
2018,S113,2,4960,8064,3104,0.6150793650793651,34.000000000000000000,2018-02-01 00:00:00,2018-02-28 23:50:00
2018,S113,3,6485,8928,2443,0.7263664874551972,47.000000000000000000,2018-03-01 00:00:00,2018-03-31 23:50:00
2018,S113,4,6091,8640,2549,0.7049768518518519,46.200000000000000000,2018-04-01 00:05:00,2018-04-30 23:55:00
2018,S113,5,8899,8928,29,0.9967517921146953,175.800010000000000000,2018-05-01 00:00:00,2018-05-31 23:55:00
2018,S113,6,8633,8640,7,0.9991898148148148,137.600000000000000000,2018-06-01 00:00:00,2018-06-30 23:55:00
2018,S113,7,7666,8928,1262,0.858646953405018,57.400000000000000000,2018-07-01 00:00:00,2018-07-31 23:55:00
2018,S113,8,672,8928,8256,0.07526881720430108,1.600000000000000000,2018-08-01 00:00:00,2018-08-03 07:55:00
2018,S113,9,8415,8640,225,0.9739583333333334,147.400010000000000000,2018-09-01 08:00:00,2018-09-30 23:55:00
2018,S113,10,8923,8928,5,0.9994399641577061,153.200000000000000000,2018-10-01 00:00:00,2018-10-31 23:55:00
2018,S113,11,8623,8640,17,0.9980324074074074,236.200000000000000000,2018-11-01 00:00:00,2018-11-30 23:55:00
2018,S113,12,8921,8928,7,0.9992159498207885,105.600000000000000000,2018-12-01 00:00:00,2018-12-31 23:55:00
2018,S114,1,8392,8928,536,0.9399641577060932,329.399990000000000000,2018-01-01 00:00:00,2018-01-31 23:55:00
2018,S114,2,4961,8064,3103,0.615203373015873,84.000000000000000000,2018-02-01 00:00:00,2018-02-28 23:50:00
2018,S114,3,6484,8928,2444,0.7262544802867383,141.400000000000000000,2018-03-01 00:00:00,2018-03-31 23:50:00
2018,S114,4,6089,8640,2551,0.7047453703703703,236.799990000000000000,2018-04-01 00:05:00,2018-04-30 23:55:00
2018,S114,5,8910,8928,18,0.9979838709677419,260.200000000000000000,2018-05-01 00:00:00,2018-05-31 23:55:00
2018,S114,6,8634,8640,6,0.9993055555555556,302.599990000000000000,2018-06-01 00:00:00,2018-06-30 23:55:00
2018,S114,7,8907,8928,21,0.9976478494623656,140.000010000000000000,2018-07-01 00:00:00,2018-07-31 23:55:00
2018,S114,8,672,8928,8256,0.07526881720430108,0.200000000000000000,2018-08-01 00:00:00,2018-08-03 07:55:00
2018,S114,9,8417,8640,223,0.9741898148148148,136.600000000000000000,2018-09-01 08:00:00,2018-09-30 23:55:00
2018,S114,10,8922,8928,6,0.9993279569892473,318.200010000000000000,2018-10-01 00:00:00,2018-10-31 23:55:00
2018,S114,11,8618,8640,22,0.9974537037037037,337.800000000000000000,2018-11-01 00:00:00,2018-11-30 23:55:00
2018,S114,12,8922,8928,6,0.9993279569892473,194.400000000000000000,2018-12-01 00:00:00,2018-12-31 23:55:00
2018,S115,1,8430,8928,498,0.9442204301075269,168.200000000000000000,2018-01-01 00:00:00,2018-01-31 23:55:00
2018,S115,2,4895,8064,3169,0.6070188492063492,26.600000000000000000,2018-02-01 00:00:00,2018-02-28 23:50:00
2018,S115,3,6408,8928,2520,0.717741935483871,188.400000000000000000,2018-03-01 00:00:00,2018-03-31 23:50:00
2018,S115,4,6020,8640,2620,0.6967592592592593,102.000000000000000000,2018-04-01 00:05:00,2018-04-30 23:55:00
2018,S115,5,7825,8928,1103,0.8764560931899642,336.600010000000000000,2018-05-01 00:00:00,2018-05-31 23:55:00
2018,S115,6,7685,8640,955,0.8894675925925926,273.000020000000000000,2018-06-01 00:00:00,2018-06-30 23:55:00
2018,S115,7,8839,8928,89,0.9900313620071685,80.800000000000000000,2018-07-01 00:00:00,2018-07-31 23:55:00
2018,S115,8,672,8928,8256,0.07526881720430108,0.200000000000000000,2018-08-01 00:00:00,2018-08-03 07:55:00
2018,S115,9,7682,8640,958,0.8891203703703704,78.400000000000000000,2018-09-01 08:00:00,2018-09-30 23:55:00
2018,S115,10,8712,8928,216,0.9758064516129032,247.400000000000000000,2018-10-01 00:00:00,2018-10-31 23:55:00
2018,S115,11,8458,8640,182,0.9789351851851852,435.600000000000000000,2018-11-01 00:00:00,2018-11-30 23:55:00
2018,S115,12,8743,8928,185,0.9792786738351255,151.400000000000000000,2018-12-01 00:00:00,2018-12-31 23:55:00
2018,S116,1,8572,8928,356,0.9601254480286738,288.400000000000000000,2018-01-01 00:00:00,2018-01-31 23:55:00
2018,S116,2,4952,8064,3112,0.6140873015873016,43.200000000000000000,2018-02-01 00:00:00,2018-02-28 23:50:00
2018,S116,3,6355,8928,2573,0.7118055555555556,185.600000000000000000,2018-03-01 00:00:00,2018-03-31 23:50:00
2018,S116,4,6052,8640,2588,0.700462962962963,134.800000000000000000,2018-04-01 00:05:00,2018-04-30 23:55:00
2018,S116,5,8835,8928,93,0.9895833333333334,252.400000000000000000,2018-05-01 00:00:00,2018-05-31 23:55:00
2018,S116,6,8568,8640,72,0.9916666666666667,239.799990000000000000,2018-06-01 00:00:00,2018-06-30 23:55:00
2018,S116,7,8842,8928,86,0.9903673835125448,51.600000000000000000,2018-07-01 00:00:00,2018-07-31 23:55:00
2018,S116,8,671,8928,8257,0.07515681003584229,0.400000000000000000,2018-08-01 00:00:00,2018-08-03 07:55:00
2018,S116,9,8376,8640,264,0.9694444444444444,116.200000000000000000,2018-09-01 08:00:00,2018-09-30 23:55:00
2018,S116,10,8880,8928,48,0.9946236559139785,168.800000000000000000,2018-10-01 00:00:00,2018-10-31 23:55:00
2018,S116,11,8572,8640,68,0.9921296296296296,364.400000000000000000,2018-11-01 00:00:00,2018-11-30 23:55:00
2018,S116,12,8860,8928,68,0.9923835125448028,241.000000000000000000,2018-12-01 00:00:00,2018-12-31 23:55:00
2018,S117,1,8274,8928,654,0.926747311827957,286.400000000000000000,2018-01-01 00:00:00,2018-01-30 08:25:00
2018,S117,2,4488,8064,3576,0.5565476190476191,96.000000000000000000,2018-02-02 15:45:00,2018-02-28 23:50:00
2018,S117,3,6482,8928,2446,0.7260304659498208,129.200000000000000000,2018-03-01 00:00:00,2018-03-31 23:50:00
2018,S117,4,4889,8640,3751,0.5658564814814815,100.600000000000000000,2018-04-01 00:05:00,2018-04-30 23:55:00
2018,S117,5,8904,8928,24,0.9973118279569892,256.600000000000000000,2018-05-01 00:00:00,2018-05-31 23:55:00
2018,S117,6,8636,8640,4,0.999537037037037,255.200000000000000000,2018-06-01 00:00:00,2018-06-30 23:55:00
2018,S117,7,8906,8928,22,0.9975358422939068,77.400000000000000000,2018-07-01 00:00:00,2018-07-31 23:55:00
2018,S117,8,672,8928,8256,0.07526881720430108,0.200000000000000000,2018-08-01 00:00:00,2018-08-03 07:55:00
2018,S117,9,6482,8640,2158,0.7502314814814814,56.800000000000000000,2018-09-01 08:00:00,2018-09-30 23:55:00
2018,S117,10,7353,8928,1575,0.8235887096774194,336.000000000000000000,2018-10-01 00:00:00,2018-10-31 23:55:00
2018,S117,11,8624,8640,16,0.9981481481481481,422.399990000000000000,2018-11-01 00:00:00,2018-11-30 23:55:00
2018,S117,12,6453,8928,2475,0.7227822580645161,205.600000000000000000,2018-12-01 00:00:00,2018-12-27 17:25:00
2018,S118,1,8157,8928,771,0.9136424731182796,438.599990000000000000,2018-01-01 00:00:00,2018-01-31 23:55:00
2018,S118,2,4959,8064,3105,0.6149553571428571,12.400000000000000000,2018-02-01 00:00:00,2018-02-28 23:50:00
2018,S118,3,6474,8928,2454,0.7251344086021505,97.400000000000000000,2018-03-01 00:00:00,2018-03-31 23:50:00
2018,S118,4,6087,8640,2553,0.7045138888888889,88.200000000000000000,2018-04-01 00:05:00,2018-04-30 23:55:00
2018,S118,5,8898,8928,30,0.9966397849462365,227.800000000000000000,2018-05-01 00:00:00,2018-05-31 23:55:00
2018,S118,6,8633,8640,7,0.9991898148148148,124.600000000000000000,2018-06-01 00:00:00,2018-06-30 23:55:00
2018,S118,7,8906,8928,22,0.9975358422939068,59.000000000000000000,2018-07-01 00:00:00,2018-07-31 23:55:00
2018,S118,8,672,8928,8256,0.07526881720430108,1.200000000000000000,2018-08-01 00:00:00,2018-08-03 07:55:00
2018,S118,9,8413,8640,227,0.9737268518518518,189.600000000000000000,2018-09-01 08:00:00,2018-09-30 23:55:00
2018,S118,10,8921,8928,7,0.9992159498207885,190.400000000000000000,2018-10-01 00:00:00,2018-10-31 23:55:00
2018,S118,11,8153,8640,487,0.9436342592592593,402.599990000000000000,2018-11-01 00:00:00,2018-11-30 23:55:00
2018,S118,12,7548,8928,1380,0.8454301075268817,191.000000000000000000,2018-12-01 00:00:00,2018-12-31 23:55:00
2018,S119,1,8396,8928,532,0.9404121863799283,364.000000000000000000,2018-01-01 00:00:00,2018-01-31 23:55:00
2018,S119,2,4935,8064,3129,0.6119791666666666,16.600000000000000000,2018-02-01 00:00:00,2018-02-28 23:50:00
2018,S119,3,6327,8928,2601,0.7086693548387096,74.600000000000000000,2018-03-01 00:00:00,2018-03-31 23:50:00
2018,S119,4,5907,8640,2733,0.6836805555555555,136.800000000000000000,2018-04-01 00:05:00,2018-04-30 23:55:00
2018,S119,5,8735,8928,193,0.9783826164874552,164.600000000000000000,2018-05-01 00:00:00,2018-05-31 23:55:00
2018,S119,6,8523,8640,117,0.9864583333333333,211.200000000000000000,2018-06-01 00:00:00,2018-06-30 23:55:00
2018,S119,7,8744,8928,184,0.9793906810035843,80.000000000000000000,2018-07-01 00:00:00,2018-07-31 23:55:00
2018,S119,8,669,8928,8259,0.07493279569892473,1.400000000000000000,2018-08-01 00:00:00,2018-08-03 07:55:00
2018,S119,9,8276,8640,364,0.9578703703703704,147.600000000000000000,2018-09-01 08:00:00,2018-09-30 23:55:00
2018,S119,10,8328,8928,600,0.9327956989247311,218.400000000000000000,2018-10-01 00:00:00,2018-10-31 23:55:00
2018,S119,11,6545,8640,2095,0.7575231481481481,285.999990000000000000,2018-11-01 00:00:00,2018-11-30 23:55:00
2018,S119,12,8815,8928,113,0.9873431899641577,157.000000000000000000,2018-12-01 00:00:00,2018-12-31 23:55:00
2018,S120,1,8729,8928,199,0.9777105734767025,401.400000000000000000,2018-01-01 00:00:00,2018-01-31 23:55:00
2018,S120,2,4960,8064,3104,0.6150793650793651,22.200000000000000000,2018-02-01 00:00:00,2018-02-28 23:50:00
2018,S120,3,6468,8928,2460,0.7244623655913979,165.800000000000000000,2018-03-01 00:00:00,2018-03-31 23:50:00
2018,S120,4,5594,8640,3046,0.6474537037037037,174.200000000000000000,2018-04-01 00:05:00,2018-04-30 23:55:00
2018,S120,5,8911,8928,17,0.9980958781362007,219.000000000000000000,2018-05-01 00:00:00,2018-05-31 23:55:00
2018,S120,6,8635,8640,5,0.9994212962962963,296.199990000000000000,2018-06-01 00:00:00,2018-06-30 23:55:00
2018,S120,7,8907,8928,21,0.9976478494623656,95.200000000000000000,2018-07-01 00:00:00,2018-07-31 23:55:00
2018,S120,8,672,8928,8256,0.07526881720430108,1.200000000000000000,2018-08-01 00:00:00,2018-08-03 07:55:00
2018,S120,9,8416,8640,224,0.9740740740740741,211.400000000000000000,2018-09-01 08:00:00,2018-09-30 23:55:00
2018,S120,10,8921,8928,7,0.9992159498207885,200.200000000000000000,2018-10-01 00:00:00,2018-10-31 23:55:00
2018,S120,11,8623,8640,17,0.9980324074074074,395.800000000000000000,2018-11-01 00:00:00,2018-11-30 23:55:00
2018,S120,12,8923,8928,5,0.9994399641577061,365.600000000000000000,2018-12-01 00:00:00,2018-12-31 23:55:00
2018,S121,1,8066,8928,862,0.9034498207885304,303.199980000000000000,2018-01-01 00:00:00,2018-01-31 23:55:00
2018,S121,2,4948,8064,3116,0.6135912698412699,103.800000000000000000,2018-02-01 00:00:00,2018-02-28 23:50:00
2018,S121,3,6461,8928,2467,0.7236783154121864,166.999990000000000000,2018-03-01 00:00:00,2018-03-31 23:50:00
2018,S121,4,6086,8640,2554,0.7043981481481482,249.400000000000000000,2018-04-01 00:05:00,2018-04-30 23:55:00
2018,S121,5,8896,8928,32,0.996415770609319,274.400010000000000000,2018-05-01 00:00:00,2018-05-31 23:55:00
2018,S121,6,8629,8640,11,0.9987268518518518,358.000000000000000000,2018-06-01 00:00:00,2018-06-30 23:55:00
2018,S121,7,8896,8928,32,0.996415770609319,147.600000000000000000,2018-07-01 00:00:00,2018-07-31 23:55:00
2018,S121,8,672,8928,8256,0.07526881720430108,0.200000000000000000,2018-08-01 00:00:00,2018-08-03 07:55:00
2018,S121,9,8530,8640,110,0.9872685185185185,179.600000000000000000,2018-09-01 08:00:00,2018-09-30 23:55:00
2018,S121,10,8912,8928,16,0.9982078853046595,344.200000000000000000,2018-10-01 00:00:00,2018-10-31 23:55:00
2018,S121,11,8613,8640,27,0.996875,320.600000000000000000,2018-11-01 00:00:00,2018-11-30 23:55:00
2018,S121,12,8917,8928,11,0.9987679211469535,182.200000000000000000,2018-12-01 00:00:00,2018-12-31 23:55:00
2018,S122,1,8708,8928,220,0.975358422939068,638.400000000000000000,2018-01-01 00:00:00,2018-01-31 23:55:00
2018,S122,2,4973,8064,3091,0.6166914682539683,50.200000000000000000,2018-02-01 00:00:00,2018-02-28 23:50:00
2018,S122,3,6332,8928,2596,0.7092293906810035,131.200000000000000000,2018-03-01 00:00:00,2018-03-31 23:50:00
2018,S122,4,5040,8640,3600,0.5833333333333334,112.000000000000000000,2018-04-01 00:05:00,2018-04-30 23:55:00
2018,S122,5,8229,8928,699,0.9217069892473119,169.800000000000000000,2018-05-01 00:00:00,2018-05-31 23:55:00
2018,S122,6,8640,8640,0,1.0,234.199990000000000000,2018-06-01 00:00:00,2018-06-30 23:55:00
2018,S122,7,8911,8928,17,0.9980958781362007,130.200000000000000000,2018-07-01 00:00:00,2018-07-31 23:55:00
2018,S122,8,672,8928,8256,0.07526881720430108,0.600000000000000000,2018-08-01 00:00:00,2018-08-03 07:55:00
2018,S122,9,8415,8640,225,0.9739583333333334,195.600000000000000000,2018-09-01 08:00:00,2018-09-30 23:55:00
2018,S122,10,8904,8928,24,0.9973118279569892,301.000010000000000000,2018-10-01 00:00:00,2018-10-31 23:55:00
2018,S122,11,5967,8640,2673,0.690625,197.200000000000000000,2018-11-01 00:00:00,2018-11-30 23:55:00
2018,S122,12,8924,8928,4,0.9995519713261649,249.000000000000000000,2018-12-01 00:00:00,2018-12-31 23:55:00
2018,S123,1,8732,8928,196,0.9780465949820788,381.800000000000000000,2018-01-01 00:00:00,2018-01-31 23:55:00
2018,S123,2,4960,8064,3104,0.6150793650793651,23.200000000000000000,2018-02-01 00:00:00,2018-02-28 23:50:00
2018,S123,3,6483,8928,2445,0.7261424731182796,77.800000000000000000,2018-03-01 00:00:00,2018-03-31 23:50:00
2018,S123,4,6091,8640,2549,0.7049768518518519,199.200000000000000000,2018-04-01 00:05:00,2018-04-30 23:55:00
2018,S123,5,8882,8928,46,0.994847670250896,262.000000000000000000,2018-05-01 00:00:00,2018-05-31 23:55:00
2018,S123,6,8634,8640,6,0.9993055555555556,233.400000000000000000,2018-06-01 00:00:00,2018-06-30 23:55:00
2018,S123,7,8906,8928,22,0.9975358422939068,75.200000000000000000,2018-07-01 00:00:00,2018-07-31 23:55:00
2018,S123,8,664,8928,8264,0.07437275985663082,1.400000000000000000,2018-08-01 00:00:00,2018-08-03 07:55:00
2018,S123,9,8415,8640,225,0.9739583333333334,194.200000000000000000,2018-09-01 08:00:00,2018-09-30 23:55:00
2018,S123,10,8921,8928,7,0.9992159498207885,191.600010000000000000,2018-10-01 00:00:00,2018-10-31 23:55:00
2018,S123,11,8615,8640,25,0.9971064814814815,373.000000000000000000,2018-11-01 00:00:00,2018-11-30 23:55:00
2018,S123,12,8913,8928,15,0.9983198924731183,253.400010000000000000,2018-12-01 00:00:00,2018-12-31 23:55:00
2018,S215,1,0,8928,8928,0.0,0,,
2018,S215,2,0,8064,8064,0.0,0,,
2018,S215,3,0,8928,8928,0.0,0,,
2018,S215,4,4091,8640,4549,0.47349537037037037,111.447000000000000000,2018-04-16 15:20:00,2018-04-30 23:55:00
2018,S215,5,8923,8928,5,0.9994399641577061,220.052000000000000000,2018-05-01 00:00:00,2018-05-31 23:55:00
2018,S215,6,8640,8640,0,1.0,226.548000000000000000,2018-06-01 00:00:00,2018-06-30 23:55:00
2018,S215,7,8912,8928,16,0.9982078853046595,74.095000000000000000,2018-07-01 00:00:00,2018-07-31 23:55:00
2018,S215,8,672,8928,8256,0.07526881720430108,1.218000000000000000,2018-08-01 00:00:00,2018-08-03 07:55:00
2018,S215,9,8539,8640,101,0.9883101851851852,233.384900000000000000,2018-09-01 08:00:00,2018-09-30 23:55:00
2018,S215,10,8773,8928,155,0.9826388888888888,178.640000000000000000,2018-10-01 00:00:00,2018-10-31 23:55:00
2018,S215,11,8623,8640,17,0.9980324074074074,266.133000000000000000,2018-11-01 00:00:00,2018-11-30 23:55:00
2018,S215,12,8926,8928,2,0.9997759856630825,141.694000000000000000,2018-12-01 00:00:00,2018-12-31 23:55:00
2018,S24,1,8725,8928,203,0.9772625448028673,257.000000000000000000,2018-01-01 00:00:00,2018-01-31 23:55:00
2018,S24,2,4956,8064,3108,0.6145833333333334,14.800000000000000000,2018-02-01 00:00:00,2018-02-28 23:50:00
2018,S24,3,6475,8928,2453,0.7252464157706093,32.800000000000000000,2018-03-01 00:00:00,2018-03-31 23:50:00
2018,S24,4,6084,8640,2556,0.7041666666666667,42.000000000000000000,2018-04-01 00:05:00,2018-04-30 23:55:00
2018,S24,5,8896,8928,32,0.996415770609319,132.200000000000000000,2018-05-01 00:00:00,2018-05-31 23:55:00
2018,S24,6,8630,8640,10,0.9988425925925926,183.200000000000000000,2018-06-01 00:00:00,2018-06-30 23:55:00
2018,S24,7,8839,8928,89,0.9900313620071685,143.400000000000000000,2018-07-01 00:00:00,2018-07-31 23:55:00
2018,S24,8,672,8928,8256,0.07526881720430108,4.200000000000000000,2018-08-01 00:00:00,2018-08-03 07:55:00
2018,S24,9,8432,8640,208,0.975925925925926,117.000010000000000000,2018-09-01 08:00:00,2018-09-30 23:55:00
2018,S24,10,8921,8928,7,0.9992159498207885,235.600000000000000000,2018-10-01 00:00:00,2018-10-31 23:55:00
2018,S24,11,8604,8640,36,0.9958333333333333,170.200000000000000000,2018-11-01 00:00:00,2018-11-30 23:55:00
2018,S24,12,8911,8928,17,0.9980958781362007,172.800010000000000000,2018-12-01 00:00:00,2018-12-31 23:55:00
2018,S29,1,6517,8928,2411,0.7299507168458781,145.800000000000000000,2018-01-01 00:00:00,2018-01-31 23:55:00
2018,S29,2,4967,8064,3097,0.6159474206349206,0.200000000000000000,2018-02-01 00:00:00,2018-02-28 23:50:00
2018,S29,3,6483,8928,2445,0.7261424731182796,45.000000000000000000,2018-03-01 00:00:00,2018-03-31 23:50:00
2018,S29,4,6089,8640,2551,0.7047453703703703,71.800000000000000000,2018-04-01 00:05:00,2018-04-30 23:55:00
2018,S29,5,8904,8928,24,0.9973118279569892,92.800000000000000000,2018-05-01 00:00:00,2018-05-31 23:55:00
2018,S29,6,7999,8640,641,0.9258101851851852,190.200000000000000000,2018-06-01 00:00:00,2018-06-30 23:55:00
2018,S29,7,8904,8928,24,0.9973118279569892,157.800000000000000000,2018-07-01 00:00:00,2018-07-31 23:55:00
2018,S29,8,672,8928,8256,0.07526881720430108,3.000000000000000000,2018-08-01 00:00:00,2018-08-03 07:55:00
2018,S29,9,6575,8640,2065,0.7609953703703703,45.000000000000000000,2018-09-01 08:00:00,2018-09-30 23:55:00
2018,S29,10,8920,8928,8,0.9991039426523297,229.000000000000000000,2018-10-01 00:00:00,2018-10-31 23:55:00
2018,S29,11,8620,8640,20,0.9976851851851852,143.600000000000000000,2018-11-01 00:00:00,2018-11-30 23:55:00
2018,S29,12,8921,8928,7,0.9992159498207885,151.200000000000000000,2018-12-01 00:00:00,2018-12-31 23:55:00
2018,S33,1,7460,8928,1468,0.8355734767025089,298.200000000000000000,2018-01-01 00:00:00,2018-01-31 23:55:00
2018,S33,2,4964,8064,3100,0.6155753968253969,105.400000000000000000,2018-02-01 00:00:00,2018-02-28 23:50:00
2018,S33,3,6442,8928,2486,0.7215501792114696,199.400000000000000000,2018-03-01 00:00:00,2018-03-31 23:50:00
2018,S33,4,6000,8640,2640,0.6944444444444444,233.200020000000000000,2018-04-01 00:05:00,2018-04-30 23:55:00
2018,S33,5,8585,8928,343,0.961581541218638,337.600010000000000000,2018-05-01 00:00:00,2018-05-31 23:55:00
2018,S33,6,8145,8640,495,0.9427083333333334,321.000000000000000000,2018-06-01 00:00:00,2018-06-30 23:55:00
2018,S33,7,8675,8928,253,0.9716621863799283,142.800000000000000000,2018-07-01 00:00:00,2018-07-31 23:55:00
2018,S33,8,672,8928,8256,0.07526881720430108,0.400000000000000000,2018-08-01 00:00:00,2018-08-03 07:55:00
2018,S33,9,8415,8640,225,0.9739583333333334,144.200000000000000000,2018-09-01 08:00:00,2018-09-30 23:55:00
2018,S33,10,8924,8928,4,0.9995519713261649,254.200000000000000000,2018-10-01 00:00:00,2018-10-31 23:55:00
2018,S33,11,8613,8640,27,0.996875,434.000010000000000000,2018-11-01 00:00:00,2018-11-30 23:55:00
2018,S33,12,8907,8928,21,0.9976478494623656,367.399980000000000000,2018-12-01 00:00:00,2018-12-31 23:55:00
2018,S35,1,7205,8928,1723,0.8070116487455197,206.200010000000000000,2018-01-01 00:00:00,2018-01-31 23:55:00
2018,S35,2,4921,8064,3143,0.6102430555555556,59.000000000000000000,2018-02-01 00:00:00,2018-02-28 23:50:00
2018,S35,3,6270,8928,2658,0.7022849462365591,113.400000000000000000,2018-03-01 00:00:00,2018-03-31 23:50:00
2018,S35,4,5620,8640,3020,0.6504629629629629,212.599990000000000000,2018-04-01 00:05:00,2018-04-30 23:55:00
2018,S35,5,6690,8928,2238,0.7493279569892473,279.199990000000000000,2018-05-01 00:00:00,2018-05-31 23:55:00
2018,S35,6,8632,8640,8,0.9990740740740741,648.199990000000000000,2018-06-01 00:00:00,2018-06-30 23:55:00
2018,S35,7,8811,8928,117,0.9868951612903226,193.600000000000000000,2018-07-01 00:00:00,2018-07-31 23:55:00
2018,S35,8,672,8928,8256,0.07526881720430108,0.600000000000000000,2018-08-01 00:00:00,2018-08-03 07:55:00
2018,S35,9,8414,8640,226,0.9738425925925925,166.400000000000000000,2018-09-01 08:00:00,2018-09-30 23:55:00
2018,S35,10,8920,8928,8,0.9991039426523297,166.200000000000000000,2018-10-01 00:00:00,2018-10-31 23:55:00
2018,S35,11,8621,8640,19,0.997800925925926,331.600010000000000000,2018-11-01 00:00:00,2018-11-30 23:55:00
2018,S35,12,8906,8928,22,0.9975358422939068,354.600020000000000000,2018-12-01 00:00:00,2018-12-31 23:55:00
2018,S36,1,6556,8928,2372,0.7343189964157706,248.400000000000000000,2018-01-01 00:00:00,2018-01-31 23:55:00
2018,S36,2,4448,8064,3616,0.5515873015873016,35.200000000000000000,2018-02-01 00:00:00,2018-02-28 23:50:00
2018,S36,3,5852,8928,3076,0.6554659498207885,42.200000000000000000,2018-03-01 00:00:00,2018-03-31 23:50:00
2018,S36,4,5089,8640,3551,0.5890046296296296,201.799990000000000000,2018-04-01 00:05:00,2018-04-30 23:55:00
2018,S36,5,6436,8928,2492,0.7208781362007168,224.800000000000000000,2018-05-01 00:00:00,2018-05-31 23:55:00
2018,S36,6,7151,8640,1489,0.827662037037037,207.400020000000000000,2018-06-01 00:00:00,2018-06-30 23:55:00
2018,S36,7,7697,8928,1231,0.8621191756272402,98.600000000000000000,2018-07-01 00:00:00,2018-07-30 01:30:00
2018,S36,8,499,8928,8429,0.055891577060931896,0E-18,2018-08-01 14:25:00,2018-08-03 07:55:00
2018,S36,9,7281,8640,1359,0.8427083333333333,174.400000000000000000,2018-09-01 14:25:00,2018-09-30 23:55:00
2018,S36,10,5943,8928,2985,0.6656586021505376,48.000000000000000000,2018-10-01 00:00:00,2018-10-31 23:55:00
2018,S36,11,5576,8640,3064,0.6453703703703704,174.600000000000000000,2018-11-01 00:00:00,2018-11-30 22:10:00
2018,S36,12,4822,8928,4106,0.5400985663082437,0.400000000000000000,2018-12-01 07:25:00,2018-12-31 23:55:00
2018,S40,1,8754,8928,174,0.980510752688172,370.800000000000000000,2018-01-01 00:00:00,2018-01-31 23:55:00
2018,S40,2,4965,8064,3099,0.6156994047619048,30.400000000000000000,2018-02-01 00:00:00,2018-02-28 23:50:00
2018,S40,3,6475,8928,2453,0.7252464157706093,107.200000000000000000,2018-03-01 00:00:00,2018-03-31 23:50:00
2018,S40,4,6088,8640,2552,0.7046296296296296,179.600000000000000000,2018-04-01 00:05:00,2018-04-30 23:55:00
2018,S40,5,8900,8928,28,0.9968637992831542,255.200010000000000000,2018-05-01 00:00:00,2018-05-31 23:55:00
2018,S40,6,8632,8640,8,0.9990740740740741,239.800010000000000000,2018-06-01 00:00:00,2018-06-30 23:55:00
2018,S40,7,8906,8928,22,0.9975358422939068,139.400000000000000000,2018-07-01 00:00:00,2018-07-31 23:55:00
2018,S40,8,672,8928,8256,0.07526881720430108,0.400000000000000000,2018-08-01 00:00:00,2018-08-03 07:55:00
2018,S40,9,8414,8640,226,0.9738425925925925,158.400000000000000000,2018-09-01 08:00:00,2018-09-30 23:55:00
2018,S40,10,8921,8928,7,0.9992159498207885,315.399990000000000000,2018-10-01 00:00:00,2018-10-31 23:55:00
2018,S40,11,8623,8640,17,0.9980324074074074,426.000000000000000000,2018-11-01 00:00:00,2018-11-30 23:55:00
2018,S40,12,8921,8928,7,0.9992159498207885,220.000000000000000000,2018-12-01 00:00:00,2018-12-31 23:55:00
2018,S43,1,8586,8928,342,0.9616935483870968,388.200000000000000000,2018-01-01 00:00:00,2018-01-31 23:55:00
2018,S43,2,4959,8064,3105,0.6149553571428571,41.800000000000000000,2018-02-01 00:00:00,2018-02-28 23:50:00
2018,S43,3,5736,8928,3192,0.6424731182795699,22.800000000000000000,2018-03-01 00:00:00,2018-03-29 22:50:00
2018,S43,4,5786,8640,2854,0.669675925925926,108.600000000000000000,2018-04-02 10:45:00,2018-04-30 23:55:00
2018,S43,5,8906,8928,22,0.9975358422939068,260.400000000000000000,2018-05-01 00:00:00,2018-05-31 23:55:00
2018,S43,6,8629,8640,11,0.9987268518518518,227.200000000000000000,2018-06-01 00:00:00,2018-06-30 23:55:00
2018,S43,7,8904,8928,24,0.9973118279569892,110.600000000000000000,2018-07-01 00:00:00,2018-07-31 23:55:00
2018,S43,8,672,8928,8256,0.07526881720430108,1.800000000000000000,2018-08-01 00:00:00,2018-08-03 07:55:00
2018,S43,9,8414,8640,226,0.9738425925925925,186.399990000000000000,2018-09-01 08:00:00,2018-09-30 23:55:00
2018,S43,10,8496,8928,432,0.9516129032258065,257.800000000000000000,2018-10-01 00:00:00,2018-10-31 23:55:00
2018,S43,11,8109,8640,531,0.9385416666666667,220.000000000000000000,2018-11-01 00:00:00,2018-11-30 23:55:00
2018,S43,12,8913,8928,15,0.9983198924731183,133.600000000000000000,2018-12-01 00:00:00,2018-12-31 23:55:00
2018,S44,1,8737,8928,191,0.9786066308243727,313.399980000000000000,2018-01-01 00:00:00,2018-01-31 23:55:00
2018,S44,2,4959,8064,3105,0.6149553571428571,59.400010000000000000,2018-02-01 00:00:00,2018-02-28 23:50:00
2018,S44,3,6481,8928,2447,0.725918458781362,149.800000000000000000,2018-03-01 00:00:00,2018-03-31 23:50:00
2018,S44,4,5523,8640,3117,0.6392361111111111,260.200010000000000000,2018-04-01 00:05:00,2018-04-30 23:55:00
2018,S44,5,8907,8928,21,0.9976478494623656,320.200000000000000000,2018-05-01 00:00:00,2018-05-31 23:55:00
2018,S44,6,8630,8640,10,0.9988425925925926,305.000000000000000000,2018-06-01 00:00:00,2018-06-30 23:55:00
2018,S44,7,8906,8928,22,0.9975358422939068,81.800000000000000000,2018-07-01 00:00:00,2018-07-31 23:55:00
2018,S44,8,672,8928,8256,0.07526881720430108,0.200000000000000000,2018-08-01 00:00:00,2018-08-03 07:55:00
2018,S44,9,8413,8640,227,0.9737268518518518,125.200000000000000000,2018-09-01 08:00:00,2018-09-30 23:55:00
2018,S44,10,8918,8928,10,0.9988799283154122,368.000000000000000000,2018-10-01 00:00:00,2018-10-31 23:55:00
2018,S44,11,8623,8640,17,0.9980324074074074,301.800000000000000000,2018-11-01 00:00:00,2018-11-30 23:55:00
2018,S44,12,8913,8928,15,0.9983198924731183,321.200000000000000000,2018-12-01 00:00:00,2018-12-31 23:55:00
2018,S46,1,6620,8928,2308,0.7414874551971327,247.800000000000000000,2018-01-01 00:00:00,2018-01-31 23:55:00
2018,S46,2,4591,8064,3473,0.5693204365079365,25.800000000000000000,2018-02-01 00:00:00,2018-02-28 23:50:00
2018,S46,3,6233,8928,2695,0.6981406810035843,113.200000000000000000,2018-03-01 00:00:00,2018-03-31 23:50:00
2018,S46,4,5976,8640,2664,0.6916666666666667,208.400000000000000000,2018-04-01 00:05:00,2018-04-30 23:55:00
2018,S46,5,8110,8928,818,0.9083781362007168,197.400000000000000000,2018-05-01 00:00:00,2018-05-31 23:55:00
2018,S46,6,6719,8640,1921,0.7776620370370371,277.799990000000000000,2018-06-01 00:00:00,2018-06-30 00:30:00
2018,S46,7,8791,8928,137,0.984655017921147,93.200000000000000000,2018-07-01 09:25:00,2018-07-31 23:55:00
2018,S46,8,522,8928,8406,0.05846774193548387,1.000000000000000000,2018-08-01 00:00:00,2018-08-03 07:55:00
2018,S46,9,8414,8640,226,0.9738425925925925,249.800000000000000000,2018-09-01 08:00:00,2018-09-30 23:55:00
2018,S46,10,8559,8928,369,0.9586693548387096,230.600000000000000000,2018-10-01 00:00:00,2018-10-31 23:55:00
2018,S46,11,8243,8640,397,0.9540509259259259,329.799990000000000000,2018-11-01 00:00:00,2018-11-30 23:55:00
2018,S46,12,7795,8928,1133,0.8730958781362007,295.800000000000000000,2018-12-01 00:00:00,2018-12-31 23:55:00
2018,S50,1,6958,8928,1970,0.7793458781362007,302.800000000000000000,2018-01-01 00:00:00,2018-01-31 23:55:00
2018,S50,2,4661,8064,3403,0.5780009920634921,32.200000000000000000,2018-02-01 00:00:00,2018-02-28 23:50:00
2018,S50,3,6141,8928,2787,0.6878360215053764,80.000000000000000000,2018-03-01 00:00:00,2018-03-31 23:50:00
2018,S50,4,4634,8640,4006,0.5363425925925925,98.599990000000000000,2018-04-01 00:05:00,2018-04-30 23:55:00
2018,S50,5,7162,8928,1766,0.8021953405017921,215.199990000000000000,2018-05-01 00:00:00,2018-05-31 23:55:00
2018,S50,6,8589,8640,51,0.9940972222222222,560.400010000000000000,2018-06-01 00:00:00,2018-06-30 23:55:00
2018,S50,7,8893,8928,35,0.9960797491039427,141.399990000000000000,2018-07-01 00:00:00,2018-07-31 23:55:00
2018,S50,8,672,8928,8256,0.07526881720430108,0.800000000000000000,2018-08-01 00:00:00,2018-08-03 07:55:00
2018,S50,9,8524,8640,116,0.986574074074074,249.600000000000000000,2018-09-01 08:00:00,2018-09-30 23:55:00
2018,S50,10,8918,8928,10,0.9988799283154122,190.200000000000000000,2018-10-01 00:00:00,2018-10-31 23:55:00
2018,S50,11,8614,8640,26,0.9969907407407408,358.800020000000000000,2018-11-01 00:00:00,2018-11-30 23:55:00
2018,S50,12,8915,8928,13,0.9985439068100358,346.800000000000000000,2018-12-01 00:00:00,2018-12-31 23:55:00
2018,S55,1,8749,8928,179,0.9799507168458781,391.200000000000000000,2018-01-01 00:00:00,2018-01-31 23:55:00
2018,S55,2,4960,8064,3104,0.6150793650793651,13.000000000000000000,2018-02-01 00:00:00,2018-02-28 23:50:00
2018,S55,3,6477,8928,2451,0.7254704301075269,47.600000000000000000,2018-03-01 00:00:00,2018-03-31 23:50:00
2018,S55,4,6089,8640,2551,0.7047453703703703,118.600000000000000000,2018-04-01 00:05:00,2018-04-30 23:55:00
2018,S55,5,8914,8928,14,0.9984318996415771,249.600000000000000000,2018-05-01 00:00:00,2018-05-31 23:55:00
2018,S55,6,8634,8640,6,0.9993055555555556,241.800000000000000000,2018-06-01 00:00:00,2018-06-30 23:55:00
2018,S55,7,8903,8928,25,0.9971998207885304,106.400000000000000000,2018-07-01 00:00:00,2018-07-31 23:55:00
2018,S55,8,672,8928,8256,0.07526881720430108,1.800000000000000000,2018-08-01 00:00:00,2018-08-03 07:55:00
2018,S55,9,8407,8640,233,0.9730324074074074,177.600010000000000000,2018-09-01 08:00:00,2018-09-30 23:55:00
2018,S55,10,8922,8928,6,0.9993279569892473,291.799990000000000000,2018-10-01 00:00:00,2018-10-31 23:55:00
2018,S55,11,8622,8640,18,0.9979166666666667,286.000000000000000000,2018-11-01 00:00:00,2018-11-30 23:55:00
2018,S55,12,8924,8928,4,0.9995519713261649,281.800010000000000000,2018-12-01 00:00:00,2018-12-31 23:55:00
2018,S60,1,7685,8928,1243,0.8607750896057348,220.200000000000000000,2018-01-03 08:00:00,2018-01-31 23:55:00
2018,S60,2,3710,8064,4354,0.4600694444444444,32.400000000000000000,2018-02-01 00:00:00,2018-02-28 23:50:00
2018,S60,3,6461,8928,2467,0.7236783154121864,68.800000000000000000,2018-03-01 00:00:00,2018-03-31 23:50:00
2018,S60,4,6077,8640,2563,0.7033564814814814,132.000010000000000000,2018-04-01 00:05:00,2018-04-30 23:55:00
2018,S60,5,8891,8928,37,0.995855734767025,118.000000000000000000,2018-05-01 00:00:00,2018-05-31 23:55:00
2018,S60,6,7332,8640,1308,0.8486111111111111,149.400000000000000000,2018-06-01 00:00:00,2018-06-30 23:55:00
2018,S60,7,8466,8928,462,0.948252688172043,42.000000000000000000,2018-07-01 00:00:00,2018-07-31 23:55:00
2018,S60,8,671,8928,8257,0.07515681003584229,0.800000000000000000,2018-08-01 00:00:00,2018-08-03 07:55:00
2018,S60,9,8153,8640,487,0.9436342592592593,169.000000000000000000,2018-09-01 08:00:00,2018-09-30 23:55:00
2018,S60,10,8911,8928,17,0.9980958781362007,298.000010000000000000,2018-10-01 00:00:00,2018-10-31 23:55:00
2018,S60,11,7973,8640,667,0.9228009259259259,332.200000000000000000,2018-11-01 00:00:00,2018-11-30 23:55:00
2018,S60,12,8410,8928,518,0.9419802867383512,129.400000000000000000,2018-12-01 00:00:00,2018-12-30 05:55:00
2018,S61,1,8754,8928,174,0.980510752688172,389.000000000000000000,2018-01-01 00:00:00,2018-01-31 23:55:00
2018,S61,2,4963,8064,3101,0.6154513888888888,22.400000000000000000,2018-02-01 00:00:00,2018-02-28 23:50:00
2018,S61,3,6469,8928,2459,0.7245743727598566,24.800000000000000000,2018-03-01 00:00:00,2018-03-31 23:50:00
2018,S61,4,6035,8640,2605,0.6984953703703703,54.600000000000000000,2018-04-01 00:05:00,2018-04-30 23:55:00
2018,S61,5,8911,8928,17,0.9980958781362007,152.000010000000000000,2018-05-01 00:00:00,2018-05-31 23:55:00
2018,S61,6,8176,8640,464,0.9462962962962963,139.000000000000000000,2018-06-01 00:00:00,2018-06-30 23:55:00
2018,S61,7,8905,8928,23,0.9974238351254481,128.400000000000000000,2018-07-01 00:00:00,2018-07-31 23:55:00
2018,S61,8,672,8928,8256,0.07526881720430108,2.600000000000000000,2018-08-01 00:00:00,2018-08-03 07:55:00
2018,S61,9,8414,8640,226,0.9738425925925925,135.200000000000000000,2018-09-01 08:00:00,2018-09-30 23:55:00
2018,S61,10,8921,8928,7,0.9992159498207885,212.600000000000000000,2018-10-01 00:00:00,2018-10-31 23:55:00
2018,S61,11,8621,8640,19,0.997800925925926,174.400000000000000000,2018-11-01 00:00:00,2018-11-30 23:55:00
2018,S61,12,8922,8928,6,0.9993279569892473,160.800000000000000000,2018-12-01 00:00:00,2018-12-31 23:55:00
2018,S64,1,8750,8928,178,0.9800627240143369,398.600020000000000000,2018-01-01 00:00:00,2018-01-31 23:55:00
2018,S64,2,4960,8064,3104,0.6150793650793651,46.600000000000000000,2018-02-01 00:00:00,2018-02-28 23:50:00
2018,S64,3,6481,8928,2447,0.725918458781362,93.200000000000000000,2018-03-01 00:00:00,2018-03-31 23:50:00
2018,S64,4,6089,8640,2551,0.7047453703703703,160.000020000000000000,2018-04-01 00:05:00,2018-04-30 23:55:00
2018,S64,5,8907,8928,21,0.9976478494623656,195.000000000000000000,2018-05-01 00:00:00,2018-05-31 23:55:00
2018,S64,6,8629,8640,11,0.9987268518518518,298.000020000000000000,2018-06-01 00:00:00,2018-06-30 23:55:00
2018,S64,7,8903,8928,25,0.9971998207885304,117.600000000000000000,2018-07-01 00:00:00,2018-07-31 23:55:00
2018,S64,8,669,8928,8259,0.07493279569892473,0.400000000000000000,2018-08-01 00:00:00,2018-08-03 07:55:00
2018,S64,9,8413,8640,227,0.9737268518518518,106.200000000000000000,2018-09-01 08:00:00,2018-09-30 23:55:00
2018,S64,10,8920,8928,8,0.9991039426523297,369.600010000000000000,2018-10-01 00:00:00,2018-10-31 23:55:00
2018,S64,11,8622,8640,18,0.9979166666666667,399.200000000000000000,2018-11-01 00:00:00,2018-11-30 23:55:00
2018,S64,12,8922,8928,6,0.9993279569892473,181.000000000000000000,2018-12-01 00:00:00,2018-12-31 23:55:00
2018,S66,1,8233,8928,695,0.922155017921147,298.800000000000000000,2018-01-01 00:00:00,2018-01-31 23:55:00
2018,S66,2,4959,8064,3105,0.6149553571428571,106.200000000000000000,2018-02-01 00:00:00,2018-02-28 23:50:00
2018,S66,3,6469,8928,2459,0.7245743727598566,140.400000000000000000,2018-03-01 00:00:00,2018-03-31 23:50:00
2018,S66,4,6084,8640,2556,0.7041666666666667,203.999990000000000000,2018-04-01 00:05:00,2018-04-30 23:55:00
2018,S66,5,8390,8928,538,0.9397401433691757,265.200000000000000000,2018-05-01 00:00:00,2018-05-31 23:55:00
2018,S66,6,8160,8640,480,0.9444444444444444,176.600000000000000000,2018-06-01 00:00:00,2018-06-30 23:55:00
2018,S66,7,8528,8928,400,0.9551971326164874,127.200000000000000000,2018-07-01 00:00:00,2018-07-31 23:55:00
2018,S66,8,672,8928,8256,0.07526881720430108,1.800000000000000000,2018-08-01 00:00:00,2018-08-03 07:55:00
2018,S66,9,8413,8640,227,0.9737268518518518,109.400000000000000000,2018-09-01 08:00:00,2018-09-30 23:55:00
2018,S66,10,8741,8928,187,0.9790546594982079,343.399990000000000000,2018-10-01 00:00:00,2018-10-31 23:55:00
2018,S66,11,8616,8640,24,0.9972222222222222,315.200000000000000000,2018-11-01 00:00:00,2018-11-30 23:55:00
2018,S66,12,3460,8928,5468,0.3875448028673835,176.600000000000000000,2018-12-01 00:00:00,2018-12-14 02:35:00
2018,S69,1,7776,8928,1152,0.8709677419354839,331.400000000000000000,2018-01-01 00:00:00,2018-01-31 23:55:00
2018,S69,2,4961,8064,3103,0.615203373015873,88.000000000000000000,2018-02-01 00:00:00,2018-02-28 23:50:00
2018,S69,3,6371,8928,2557,0.713597670250896,68.600000000000000000,2018-03-01 00:00:00,2018-03-31 23:50:00
2018,S69,4,4514,8640,4126,0.5224537037037037,183.000000000000000000,2018-04-01 00:05:00,2018-04-29 04:35:00
2018,S69,5,7658,8928,1270,0.8577508960573477,212.800010000000000000,2018-05-04 12:20:00,2018-05-31 23:55:00
2018,S69,6,7695,8640,945,0.890625,382.200000000000000000,2018-06-01 00:00:00,2018-06-30 23:55:00
2018,S69,7,8370,8928,558,0.9375,163.200000000000000000,2018-07-01 00:00:00,2018-07-31 23:55:00
2018,S69,8,672,8928,8256,0.07526881720430108,0.800000000000000000,2018-08-01 00:00:00,2018-08-03 07:55:00
2018,S69,9,7131,8640,1509,0.8253472222222222,162.800000000000000000,2018-09-01 08:00:00,2018-09-30 23:55:00
2018,S69,10,8922,8928,6,0.9993279569892473,337.200000000000000000,2018-10-01 00:00:00,2018-10-31 23:55:00
2018,S69,11,8621,8640,19,0.997800925925926,375.400010000000000000,2018-11-01 00:00:00,2018-11-30 23:55:00
2018,S69,12,8924,8928,4,0.9995519713261649,187.600000000000000000,2018-12-01 00:00:00,2018-12-31 23:55:00
2018,S71,1,7304,8928,1624,0.818100358422939,286.600000000000000000,2018-01-01 00:00:00,2018-01-31 23:55:00
2018,S71,2,4947,8064,3117,0.6134672619047619,53.600000000000000000,2018-02-01 00:00:00,2018-02-28 23:50:00
2018,S71,3,6455,8928,2473,0.7230062724014337,199.000010000000000000,2018-03-01 00:00:00,2018-03-31 23:50:00
2018,S71,4,6055,8640,2585,0.7008101851851852,236.800000000000000000,2018-04-01 00:05:00,2018-04-30 23:55:00
2018,S71,5,8876,8928,52,0.9941756272401434,287.200010000000000000,2018-05-01 00:00:00,2018-05-31 23:55:00
2018,S71,6,8591,8640,49,0.9943287037037037,324.800010000000000000,2018-06-01 00:00:00,2018-06-30 23:55:00
2018,S71,7,8746,8928,182,0.9796146953405018,88.000000000000000000,2018-07-01 00:00:00,2018-07-31 23:55:00
2018,S71,8,672,8928,8256,0.07526881720430108,0.600000000000000000,2018-08-01 00:00:00,2018-08-03 07:55:00
2018,S71,9,8334,8640,306,0.9645833333333333,170.799990000000000000,2018-09-01 08:00:00,2018-09-30 23:55:00
2018,S71,10,8884,8928,44,0.9950716845878136,190.200000000000000000,2018-10-01 00:00:00,2018-10-31 23:55:00
2018,S71,11,8074,8640,566,0.9344907407407408,351.800000000000000000,2018-11-01 00:00:00,2018-11-30 23:55:00
2018,S71,12,3906,8928,5022,0.4375,109.600000000000000000,2018-12-01 00:00:00,2018-12-24 12:05:00
2018,S77,1,8744,8928,184,0.9793906810035843,310.800000000000000000,2018-01-01 00:00:00,2018-01-31 23:55:00
2018,S77,2,4961,8064,3103,0.615203373015873,33.200000000000000000,2018-02-01 00:00:00,2018-02-28 23:50:00
2018,S77,3,6474,8928,2454,0.7251344086021505,166.199980000000000000,2018-03-01 00:00:00,2018-03-31 23:50:00
2018,S77,4,6089,8640,2551,0.7047453703703703,169.000010000000000000,2018-04-01 00:05:00,2018-04-30 23:55:00
2018,S77,5,8910,8928,18,0.9979838709677419,187.000000000000000000,2018-05-01 00:00:00,2018-05-31 23:55:00
2018,S77,6,8632,8640,8,0.9990740740740741,297.200000000000000000,2018-06-01 00:00:00,2018-06-30 23:55:00
2018,S77,7,8904,8928,24,0.9973118279569892,65.400000000000000000,2018-07-01 00:00:00,2018-07-31 23:55:00
2018,S77,8,672,8928,8256,0.07526881720430108,0.800000000000000000,2018-08-01 00:00:00,2018-08-03 07:55:00
2018,S77,9,8413,8640,227,0.9737268518518518,152.800000000000000000,2018-09-01 08:00:00,2018-09-30 23:55:00
2018,S77,10,8916,8928,12,0.9986559139784946,162.800000000000000000,2018-10-01 00:00:00,2018-10-31 23:55:00
2018,S77,11,8613,8640,27,0.996875,335.800000000000000000,2018-11-01 00:00:00,2018-11-30 23:55:00
2018,S77,12,8906,8928,22,0.9975358422939068,275.800000000000000000,2018-12-01 00:00:00,2018-12-31 23:55:00
2018,S78,1,8740,8928,188,0.9789426523297491,339.600000000000000000,2018-01-01 00:00:00,2018-01-31 23:55:00
2018,S78,2,4960,8064,3104,0.6150793650793651,20.200000000000000000,2018-02-01 00:00:00,2018-02-28 23:50:00
2018,S78,3,6468,8928,2460,0.7244623655913979,48.800000000000000000,2018-03-01 00:00:00,2018-03-31 23:50:00
2018,S78,4,5885,8640,2755,0.6811342592592593,118.600000000000000000,2018-04-01 00:05:00,2018-04-30 23:55:00
2018,S78,5,8829,8928,99,0.9889112903225806,187.000000000000000000,2018-05-01 00:00:00,2018-05-31 23:55:00
2018,S78,6,8631,8640,9,0.9989583333333333,182.800000000000000000,2018-06-01 00:00:00,2018-06-30 23:55:00
2018,S78,7,8904,8928,24,0.9973118279569892,115.600000000000000000,2018-07-01 00:00:00,2018-07-31 23:55:00
2018,S78,8,672,8928,8256,0.07526881720430108,1.800000000000000000,2018-08-01 00:00:00,2018-08-03 07:55:00
2018,S78,9,8412,8640,228,0.9736111111111111,156.200000000000000000,2018-09-01 08:00:00,2018-09-30 23:55:00
2018,S78,10,8923,8928,5,0.9994399641577061,178.400000000000000000,2018-10-01 00:00:00,2018-10-31 23:55:00
2018,S78,11,8623,8640,17,0.9980324074074074,284.600000000000000000,2018-11-01 00:00:00,2018-11-30 23:55:00
2018,S78,12,8922,8928,6,0.9993279569892473,153.399990000000000000,2018-12-01 00:00:00,2018-12-31 23:55:00
2018,S79,1,8727,8928,201,0.977486559139785,391.600000000000000000,2018-01-01 00:00:00,2018-01-31 23:55:00
2018,S79,2,4961,8064,3103,0.615203373015873,12.600000000000000000,2018-02-01 00:00:00,2018-02-28 23:50:00
2018,S79,3,5600,8928,3328,0.6272401433691757,107.200000000000000000,2018-03-01 00:00:00,2018-03-31 23:20:00
2018,S79,4,5657,8640,2983,0.6547453703703704,79.400000000000000000,2018-04-01 20:10:00,2018-04-30 23:55:00
2018,S79,5,8901,8928,27,0.9969758064516129,217.600000000000000000,2018-05-01 00:00:00,2018-05-31 23:55:00
2018,S79,6,8634,8640,6,0.9993055555555556,178.400000000000000000,2018-06-01 00:00:00,2018-06-30 23:55:00
2018,S79,7,8887,8928,41,0.99540770609319,49.200000000000000000,2018-07-01 00:00:00,2018-07-31 23:55:00
2018,S79,8,672,8928,8256,0.07526881720430108,1.000000000000000000,2018-08-01 00:00:00,2018-08-03 07:55:00
2018,S79,9,8414,8640,226,0.9738425925925925,185.800010000000000000,2018-09-01 08:00:00,2018-09-30 23:55:00
2018,S79,10,8923,8928,5,0.9994399641577061,172.600000000000000000,2018-10-01 00:00:00,2018-10-31 23:55:00
2018,S79,11,8623,8640,17,0.9980324074074074,368.600000000000000000,2018-11-01 00:00:00,2018-11-30 23:55:00
2018,S79,12,8923,8928,5,0.9994399641577061,219.000000000000000000,2018-12-01 00:00:00,2018-12-31 23:55:00
2018,S81,1,8743,8928,185,0.9792786738351255,321.800000000000000000,2018-01-01 00:00:00,2018-01-31 23:55:00
2018,S81,2,4961,8064,3103,0.615203373015873,17.000000000000000000,2018-02-01 00:00:00,2018-02-28 23:50:00
2018,S81,3,6468,8928,2460,0.7244623655913979,55.600000000000000000,2018-03-01 00:00:00,2018-03-31 23:50:00
2018,S81,4,6089,8640,2551,0.7047453703703703,187.800010000000000000,2018-04-01 00:05:00,2018-04-30 23:55:00
2018,S81,5,8902,8928,26,0.9970878136200717,191.800000000000000000,2018-05-01 00:00:00,2018-05-31 23:55:00
2018,S81,6,8634,8640,6,0.9993055555555556,354.800000000000000000,2018-06-01 00:00:00,2018-06-30 23:55:00
2018,S81,7,8905,8928,23,0.9974238351254481,183.800000000000000000,2018-07-01 00:00:00,2018-07-31 23:55:00
2018,S81,8,672,8928,8256,0.07526881720430108,2.400000000000000000,2018-08-01 00:00:00,2018-08-03 07:55:00
2018,S81,9,8407,8640,233,0.9730324074074074,110.600000000000000000,2018-09-01 08:00:00,2018-09-30 23:55:00
2018,S81,10,8924,8928,4,0.9995519713261649,338.800000000000000000,2018-10-01 00:00:00,2018-10-31 23:55:00
2018,S81,11,8622,8640,18,0.9979166666666667,276.400000000000000000,2018-11-01 00:00:00,2018-11-30 23:55:00
2018,S81,12,8921,8928,7,0.9992159498207885,189.000000000000000000,2018-12-01 00:00:00,2018-12-31 23:55:00
2018,S82,1,8742,8928,186,0.9791666666666666,170.000000000000000000,2018-01-01 00:00:00,2018-01-31 23:55:00
2018,S82,2,4849,8064,3215,0.6013144841269841,26.200000000000000000,2018-02-01 00:00:00,2018-02-28 23:50:00
2018,S82,3,6391,8928,2537,0.7158378136200717,183.199990000000000000,2018-03-01 00:00:00,2018-03-31 23:50:00
2018,S82,4,6090,8640,2550,0.7048611111111112,80.000000000000000000,2018-04-01 00:05:00,2018-04-30 23:55:00
2018,S82,5,8760,8928,168,0.9811827956989247,486.200000000000000000,2018-05-01 00:00:00,2018-05-31 23:55:00
2018,S82,6,8596,8640,44,0.9949074074074075,361.599990000000000000,2018-06-01 00:00:00,2018-06-30 23:55:00
2018,S82,7,8844,8928,84,0.9905913978494624,161.199990000000000000,2018-07-01 00:00:00,2018-07-31 23:55:00
2018,S82,8,651,8928,8277,0.07291666666666667,0E-18,2018-08-01 00:00:00,2018-08-03 07:55:00
2018,S82,9,8343,8640,297,0.965625,156.400000000000000000,2018-09-01 08:00:00,2018-09-30 23:55:00
2018,S82,10,8874,8928,54,0.9939516129032258,342.199990000000000000,2018-10-01 00:00:00,2018-10-31 23:55:00
2018,S82,11,8576,8640,64,0.9925925925925926,279.200000000000000000,2018-11-01 00:00:00,2018-11-30 23:55:00
2018,S82,12,8898,8928,30,0.9966397849462365,184.600000000000000000,2018-12-01 00:00:00,2018-12-31 23:55:00
2018,S84,1,8663,8928,265,0.9703181003584229,209.200010000000000000,2018-01-01 00:00:00,2018-01-31 23:55:00
2018,S84,2,4951,8064,3113,0.6139632936507936,19.000000000000000000,2018-02-01 00:00:00,2018-02-28 23:50:00
2018,S84,3,6468,8928,2460,0.7244623655913979,31.400000000000000000,2018-03-01 00:00:00,2018-03-31 23:50:00
2018,S84,4,6090,8640,2550,0.7048611111111112,70.600010000000000000,2018-04-01 00:05:00,2018-04-30 23:55:00
2018,S84,5,8905,8928,23,0.9974238351254481,101.400000000000000000,2018-05-01 00:00:00,2018-05-31 23:55:00
2018,S84,6,8630,8640,10,0.9988425925925926,66.800000000000000000,2018-06-01 00:00:00,2018-06-30 23:55:00
2018,S84,7,8905,8928,23,0.9974238351254481,95.000000000000000000,2018-07-01 00:00:00,2018-07-31 23:55:00
2018,S84,8,672,8928,8256,0.07526881720430108,0E-18,2018-08-01 00:00:00,2018-08-03 07:55:00
2018,S84,9,8086,8640,554,0.9358796296296297,49.400000000000000000,2018-09-01 08:00:00,2018-09-30 23:55:00
2018,S84,10,8342,8928,586,0.9343637992831542,192.000000000000000000,2018-10-01 00:00:00,2018-10-31 23:55:00
2018,S84,11,8623,8640,17,0.9980324074074074,171.000000000000000000,2018-11-01 00:00:00,2018-11-30 23:55:00
2018,S84,12,5992,8928,2936,0.671146953405018,99.000000000000000000,2018-12-01 00:00:00,2018-12-27 13:00:00
2018,S88,1,8745,8928,183,0.979502688172043,407.800000000000000000,2018-01-01 00:00:00,2018-01-31 23:55:00
2018,S88,2,4961,8064,3103,0.615203373015873,72.400000000000000000,2018-02-01 00:00:00,2018-02-28 23:50:00
2018,S88,3,6468,8928,2460,0.7244623655913979,104.000000000000000000,2018-03-01 00:00:00,2018-03-31 23:50:00
2018,S88,4,6090,8640,2550,0.7048611111111112,256.600010000000000000,2018-04-01 00:05:00,2018-04-30 23:55:00
2018,S88,5,8901,8928,27,0.9969758064516129,248.400000000000000000,2018-05-01 00:00:00,2018-05-31 23:55:00
2018,S88,6,8634,8640,6,0.9993055555555556,233.200000000000000000,2018-06-01 00:00:00,2018-06-30 23:55:00
2018,S88,7,8905,8928,23,0.9974238351254481,112.000000000000000000,2018-07-01 00:00:00,2018-07-31 23:55:00
2018,S88,8,672,8928,8256,0.07526881720430108,1.600000000000000000,2018-08-01 00:00:00,2018-08-03 07:55:00
2018,S88,9,8413,8640,227,0.9737268518518518,224.000000000000000000,2018-09-01 08:00:00,2018-09-30 23:55:00
2018,S88,10,8923,8928,5,0.9994399641577061,223.400000000000000000,2018-10-01 00:00:00,2018-10-31 23:55:00
2018,S88,11,8623,8640,17,0.9980324074074074,347.800000000000000000,2018-11-01 00:00:00,2018-11-30 23:55:00
2018,S88,12,8915,8928,13,0.9985439068100358,265.200000000000000000,2018-12-01 00:00:00,2018-12-31 23:55:00
2018,S89,1,8742,8928,186,0.9791666666666666,258.399990000000000000,2018-01-01 00:00:00,2018-01-31 23:55:00
2018,S89,2,4960,8064,3104,0.6150793650793651,53.400000000000000000,2018-02-01 00:00:00,2018-02-28 23:50:00
2018,S89,3,6485,8928,2443,0.7263664874551972,175.999990000000000000,2018-03-01 00:00:00,2018-03-31 23:50:00
2018,S89,4,6088,8640,2552,0.7046296296296296,133.800000000000000000,2018-04-01 00:05:00,2018-04-30 23:55:00
2018,S89,5,8907,8928,21,0.9976478494623656,504.599990000000000000,2018-05-01 00:00:00,2018-05-31 23:55:00
2018,S89,6,8634,8640,6,0.9993055555555556,324.800010000000000000,2018-06-01 00:00:00,2018-06-30 23:55:00
2018,S89,7,8906,8928,22,0.9975358422939068,111.400000000000000000,2018-07-01 00:00:00,2018-07-31 23:55:00
2018,S89,8,672,8928,8256,0.07526881720430108,0.200000000000000000,2018-08-01 00:00:00,2018-08-03 07:55:00
2018,S89,9,8411,8640,229,0.9734953703703704,104.200000000000000000,2018-09-01 08:00:00,2018-09-30 23:55:00
2018,S89,10,8924,8928,4,0.9995519713261649,315.400000000000000000,2018-10-01 00:00:00,2018-10-31 23:55:00
2018,S89,11,8623,8640,17,0.9980324074074074,331.800000000000000000,2018-11-01 00:00:00,2018-11-30 23:55:00
2018,S89,12,8921,8928,7,0.9992159498207885,340.000010000000000000,2018-12-01 00:00:00,2018-12-31 23:55:00
2018,S90,1,8743,8928,185,0.9792786738351255,309.800000000000000000,2018-01-01 00:00:00,2018-01-31 23:55:00
2018,S90,2,4961,8064,3103,0.615203373015873,25.200000000000000000,2018-02-01 00:00:00,2018-02-28 23:50:00
2018,S90,3,6467,8928,2461,0.724350358422939,144.200000000000000000,2018-03-01 00:00:00,2018-03-31 23:50:00
2018,S90,4,6088,8640,2552,0.7046296296296296,186.599990000000000000,2018-04-01 00:05:00,2018-04-30 23:55:00
2018,S90,5,8912,8928,16,0.9982078853046595,205.400000000000000000,2018-05-01 00:00:00,2018-05-31 23:55:00
2018,S90,6,8634,8640,6,0.9993055555555556,241.200010000000000000,2018-06-01 00:00:00,2018-06-30 23:55:00
2018,S90,7,8906,8928,22,0.9975358422939068,106.200000000000000000,2018-07-01 00:00:00,2018-07-31 23:55:00
2018,S90,8,672,8928,8256,0.07526881720430108,1.200000000000000000,2018-08-01 00:00:00,2018-08-03 07:55:00
2018,S90,9,8415,8640,225,0.9739583333333334,224.000000000000000000,2018-09-01 08:00:00,2018-09-30 23:55:00
2018,S90,10,8924,8928,4,0.9995519713261649,244.400000000000000000,2018-10-01 00:00:00,2018-10-31 23:55:00
2018,S90,11,8617,8640,23,0.997337962962963,407.799990000000000000,2018-11-01 00:00:00,2018-11-30 23:55:00
2018,S90,12,8922,8928,6,0.9993279569892473,391.000000000000000000,2018-12-01 00:00:00,2018-12-31 23:55:00
2018,S900,1,8599,8928,329,0.963149641577061,369.600000000000000000,2018-01-01 00:00:00,2018-01-31 23:55:00
2018,S900,2,4959,8064,3105,0.6149553571428571,23.000000000000000000,2018-02-01 00:00:00,2018-02-28 23:50:00
2018,S900,3,6435,8928,2493,0.7207661290322581,88.000000000000000000,2018-03-01 00:00:00,2018-03-31 23:50:00
2018,S900,4,6089,8640,2551,0.7047453703703703,146.200000000000000000,2018-04-01 00:05:00,2018-04-30 23:55:00
2018,S900,5,8555,8928,373,0.9582213261648745,246.200010000000000000,2018-05-01 00:00:00,2018-05-31 23:55:00
2018,S900,6,8633,8640,7,0.9991898148148148,339.600000000000000000,2018-06-01 00:00:00,2018-06-30 23:55:00
2018,S900,7,8907,8928,21,0.9976478494623656,90.800000000000000000,2018-07-01 00:00:00,2018-07-31 23:55:00
2018,S900,8,672,8928,8256,0.07526881720430108,1.200000000000000000,2018-08-01 00:00:00,2018-08-03 07:55:00
2018,S900,9,8440,8640,200,0.9768518518518519,238.999990000000000000,2018-09-01 08:00:00,2018-09-30 23:55:00
2018,S900,10,8676,8928,252,0.9717741935483871,353.600010000000000000,2018-10-01 00:00:00,2018-10-31 03:30:00
2018,S900,11,8452,8640,188,0.9782407407407407,298.999990000000000000,2018-11-01 11:15:00,2018-11-30 23:55:00
2018,S900,12,8657,8928,271,0.9696460573476703,325.600010000000000000,2018-12-01 00:00:00,2018-12-31 23:55:00
2018,S91,1,8741,8928,187,0.9790546594982079,248.200000000000000000,2018-01-01 00:00:00,2018-01-31 23:55:00
2018,S91,2,4961,8064,3103,0.615203373015873,29.600000000000000000,2018-02-01 00:00:00,2018-02-28 23:50:00
2018,S91,3,6485,8928,2443,0.7263664874551972,94.600000000000000000,2018-03-01 00:00:00,2018-03-31 23:50:00
2018,S91,4,6089,8640,2551,0.7047453703703703,125.200010000000000000,2018-04-01 00:05:00,2018-04-30 23:55:00
2018,S91,5,8914,8928,14,0.9984318996415771,212.399980000000000000,2018-05-01 00:00:00,2018-05-31 23:55:00
2018,S91,6,8634,8640,6,0.9993055555555556,243.999990000000000000,2018-06-01 00:00:00,2018-06-30 23:55:00
2018,S91,7,8900,8928,28,0.9968637992831542,97.799990000000000000,2018-07-01 00:00:00,2018-07-31 23:55:00
2018,S91,8,672,8928,8256,0.07526881720430108,0.400000000000000000,2018-08-01 00:00:00,2018-08-03 07:55:00
2018,S91,9,8542,8640,98,0.9886574074074074,176.400000000000000000,2018-09-01 08:00:00,2018-09-30 23:55:00
2018,S91,10,8863,8928,65,0.9927195340501792,242.000000000000000000,2018-10-01 00:00:00,2018-10-31 23:55:00
2018,S91,11,8620,8640,20,0.9976851851851852,271.800000000000000000,2018-11-01 00:00:00,2018-11-30 23:55:00
2018,S91,12,3289,8928,5639,0.3683915770609319,100.800000000000000000,2018-12-01 00:00:00,2018-12-20 16:25:00
2018,S92,1,7419,8928,1509,0.8309811827956989,332.399990000000000000,2018-01-01 00:00:00,2018-01-31 23:55:00
2018,S92,2,4962,8064,3102,0.6153273809523809,42.600000000000000000,2018-02-01 00:00:00,2018-02-28 23:50:00
2018,S92,3,6468,8928,2460,0.7244623655913979,159.000000000000000000,2018-03-01 00:00:00,2018-03-31 23:50:00
2018,S92,4,5844,8640,2796,0.6763888888888889,162.200000000000000000,2018-04-01 00:05:00,2018-04-30 23:55:00
2018,S92,5,8907,8928,21,0.9976478494623656,183.999990000000000000,2018-05-01 00:00:00,2018-05-31 23:55:00
2018,S92,6,8631,8640,9,0.9989583333333333,145.200000000000000000,2018-06-01 00:00:00,2018-06-30 23:55:00
2018,S92,7,8905,8928,23,0.9974238351254481,76.200000000000000000,2018-07-01 00:00:00,2018-07-31 23:55:00
2018,S92,8,672,8928,8256,0.07526881720430108,0.800000000000000000,2018-08-01 00:00:00,2018-08-03 07:55:00
2018,S92,9,8412,8640,228,0.9736111111111111,147.200000000000000000,2018-09-01 08:00:00,2018-09-30 23:55:00
2018,S92,10,8921,8928,7,0.9992159498207885,184.800000000000000000,2018-10-01 00:00:00,2018-10-31 23:55:00
2018,S92,11,8622,8640,18,0.9979166666666667,339.000000000000000000,2018-11-01 00:00:00,2018-11-30 23:55:00
2018,S92,12,8214,8928,714,0.9200268817204301,247.200000000000000000,2018-12-01 00:00:00,2018-12-31 23:55:00
2018,S94,1,8733,8928,195,0.9781586021505376,336.600000000000000000,2018-01-01 00:00:00,2018-01-31 23:55:00
2018,S94,2,4961,8064,3103,0.615203373015873,12.400000000000000000,2018-02-01 00:00:00,2018-02-28 23:50:00
2018,S94,3,6484,8928,2444,0.7262544802867383,31.600000000000000000,2018-03-01 00:00:00,2018-03-31 23:50:00
2018,S94,4,6089,8640,2551,0.7047453703703703,69.000000000000000000,2018-04-01 00:05:00,2018-04-30 23:55:00
2018,S94,5,8903,8928,25,0.9971998207885304,122.400000000000000000,2018-05-01 00:00:00,2018-05-31 23:55:00
2018,S94,6,8631,8640,9,0.9989583333333333,151.000000000000000000,2018-06-01 00:00:00,2018-06-30 23:55:00
2018,S94,7,8904,8928,24,0.9973118279569892,133.000000000000000000,2018-07-01 00:00:00,2018-07-31 23:55:00
2018,S94,8,671,8928,8257,0.07515681003584229,3.600000000000000000,2018-08-01 00:00:00,2018-08-03 07:55:00
2018,S94,9,8410,8640,230,0.9733796296296297,147.200000000000000000,2018-09-01 08:00:00,2018-09-30 23:55:00
2018,S94,10,8921,8928,7,0.9992159498207885,309.400000000000000000,2018-10-01 00:00:00,2018-10-31 23:55:00
2018,S94,11,8621,8640,19,0.997800925925926,219.000000000000000000,2018-11-01 00:00:00,2018-11-30 23:55:00
2018,S94,12,8922,8928,6,0.9993279569892473,178.400000000000000000,2018-12-01 00:00:00,2018-12-31 23:55:00
2019,S07,1,8924,8928,4,0.9995519713261649,151.800010000000000000,2019-01-01 00:00:00,2019-01-31 23:55:00
2019,S07,2,8060,8064,4,0.9995039682539683,65.600000000000000000,2019-02-01 00:00:00,2019-02-28 23:55:00
2019,S07,3,8924,8928,4,0.9995519713261649,146.800000000000000000,2019-03-01 00:00:00,2019-03-31 23:55:00
2019,S07,4,7877,8640,763,0.9116898148148148,180.200000000000000000,2019-04-01 00:00:00,2019-04-30 23:55:00
2019,S07,5,8314,8928,614,0.9312275985663082,157.600000000000000000,2019-05-01 00:00:00,2019-05-31 23:55:00
2019,S07,6,7612,8640,1028,0.8810185185185185,213.400000000000000000,2019-06-01 00:00:00,2019-06-30 23:55:00
2019,S07,7,6879,8928,2049,0.770497311827957,19.800000000000000000,2019-07-01 00:00:00,2019-07-31 23:55:00
2019,S07,8,8914,8928,14,0.9984318996415771,42.000000000000000000,2019-08-01 00:00:00,2019-08-31 23:55:00
2019,S07,9,8637,8640,3,0.9996527777777777,68.000010000000000000,2019-09-01 00:00:00,2019-09-30 23:55:00
2019,S07,10,8925,8928,3,0.9996639784946236,133.800000000000000000,2019-10-01 00:00:00,2019-10-31 23:55:00
2019,S07,11,6896,8640,1744,0.7981481481481482,159.000000000000000000,2019-11-01 00:00:00,2019-11-30 23:55:00
2019,S07,12,8611,8928,317,0.9644937275985663,210.400000000000000000,2019-12-01 00:00:00,2019-12-31 23:55:00
2019,S08,1,8905,8928,23,0.9974238351254481,114.800010000000000000,2019-01-01 00:00:00,2019-01-31 23:55:00
2019,S08,2,8035,8064,29,0.9964037698412699,62.800000000000000000,2019-02-01 00:00:00,2019-02-28 23:55:00
2019,S08,3,8840,8928,88,0.9901433691756273,205.000000000000000000,2019-03-01 00:00:00,2019-03-31 23:55:00
2019,S08,4,7817,8640,823,0.9047453703703704,154.200000000000000000,2019-04-01 00:00:00,2019-04-30 23:55:00
2019,S08,5,8878,8928,50,0.994399641577061,173.200000000000000000,2019-05-01 00:00:00,2019-05-31 23:55:00
2019,S08,6,8527,8640,113,0.9869212962962963,252.200000000000000000,2019-06-01 00:00:00,2019-06-30 23:55:00
2019,S08,7,7530,8928,1398,0.8434139784946236,84.800000000000000000,2019-07-01 00:00:00,2019-07-31 23:55:00
2019,S08,8,8911,8928,17,0.9980958781362007,36.800000000000000000,2019-08-01 00:00:00,2019-08-31 23:55:00
2019,S08,9,8637,8640,3,0.9996527777777777,106.600010000000000000,2019-09-01 00:00:00,2019-09-30 23:55:00
2019,S08,10,8927,8928,1,0.9998879928315412,183.800000000000000000,2019-10-01 00:00:00,2019-10-31 23:55:00
2019,S08,11,6896,8640,1744,0.7981481481481482,238.999990000000000000,2019-11-01 00:00:00,2019-11-30 23:55:00
2019,S08,12,8921,8928,7,0.9992159498207885,336.400010000000000000,2019-12-01 00:00:00,2019-12-31 23:55:00
2019,S100,1,8906,8928,22,0.9975358422939068,97.400000000000000000,2019-01-01 00:00:00,2019-01-31 23:55:00
2019,S100,2,7307,8064,757,0.9061259920634921,76.200000000000000000,2019-02-01 00:00:00,2019-02-28 23:55:00
2019,S100,3,8915,8928,13,0.9985439068100358,190.800000000000000000,2019-03-01 00:00:00,2019-03-31 23:55:00
2019,S100,4,7874,8640,766,0.9113425925925925,222.400000000000000000,2019-04-01 00:00:00,2019-04-30 23:55:00
2019,S100,5,7608,8928,1320,0.8521505376344086,158.600000000000000000,2019-05-01 00:00:00,2019-05-31 23:55:00
2019,S100,6,8638,8640,2,0.9997685185185186,142.400000000000000000,2019-06-01 00:00:00,2019-06-30 23:55:00
2019,S100,7,7465,8928,1463,0.8361335125448028,98.400000000000000000,2019-07-01 00:00:00,2019-07-31 23:55:00
2019,S100,8,8904,8928,24,0.9973118279569892,79.000000000000000000,2019-08-01 00:00:00,2019-08-31 23:55:00
2019,S100,9,8609,8640,31,0.9964120370370371,137.000000000000000000,2019-09-01 00:00:00,2019-09-30 23:55:00
2019,S100,10,8923,8928,5,0.9994399641577061,295.400000000000000000,2019-10-01 00:00:00,2019-10-31 23:55:00
2019,S100,11,6891,8640,1749,0.7975694444444444,237.800000000000000000,2019-11-01 00:00:00,2019-11-30 23:55:00
2019,S100,12,8902,8928,26,0.9970878136200717,274.800000000000000000,2019-12-01 00:00:00,2019-12-31 23:55:00
2019,S104,1,8169,8928,759,0.914986559139785,106.800000000000000000,2019-01-03 14:55:00,2019-01-31 23:55:00
2019,S104,2,8060,8064,4,0.9995039682539683,114.199980000000000000,2019-02-01 00:00:00,2019-02-28 23:55:00
2019,S104,3,8926,8928,2,0.9997759856630825,209.800000000000000000,2019-03-01 00:00:00,2019-03-31 23:55:00
2019,S104,4,7877,8640,763,0.9116898148148148,186.600000000000000000,2019-04-01 00:00:00,2019-04-30 23:55:00
2019,S104,5,8928,8928,0,1.0,144.400000000000000000,2019-05-01 00:00:00,2019-05-31 23:55:00
2019,S104,6,8638,8640,2,0.9997685185185186,132.600000000000000000,2019-06-01 00:00:00,2019-06-30 23:55:00
2019,S104,7,7539,8928,1389,0.8444220430107527,79.400000000000000000,2019-07-01 00:00:00,2019-07-31 23:55:00
2019,S104,8,8919,8928,9,0.998991935483871,56.800000000000000000,2019-08-01 00:00:00,2019-08-31 23:55:00
2019,S104,9,8640,8640,0,1.0,113.800000000000000000,2019-09-01 00:00:00,2019-09-30 23:55:00
2019,S104,10,8927,8928,1,0.9998879928315412,217.600000000000000000,2019-10-01 00:00:00,2019-10-31 23:55:00
2019,S104,11,6891,8640,1749,0.7975694444444444,230.000000000000000000,2019-11-01 00:00:00,2019-11-30 23:55:00
2019,S104,12,8919,8928,9,0.998991935483871,301.800000000000000000,2019-12-01 00:00:00,2019-12-31 23:55:00
2019,S105,1,8924,8928,4,0.9995519713261649,107.400000000000000000,2019-01-01 00:00:00,2019-01-31 23:55:00
2019,S105,2,8055,8064,9,0.9988839285714286,54.400000000000000000,2019-02-01 00:00:00,2019-02-28 23:55:00
2019,S105,3,8926,8928,2,0.9997759856630825,201.800000000000000000,2019-03-01 00:00:00,2019-03-31 23:55:00
2019,S105,4,7878,8640,762,0.9118055555555555,214.600000000000000000,2019-04-01 00:00:00,2019-04-30 23:55:00
2019,S105,5,8928,8928,0,1.0,243.400000000000000000,2019-05-01 00:00:00,2019-05-31 23:55:00
2019,S105,6,8622,8640,18,0.9979166666666667,146.800000000000000000,2019-06-01 00:00:00,2019-06-30 23:55:00
2019,S105,7,7531,8928,1397,0.8435259856630825,97.600000000000000000,2019-07-01 00:00:00,2019-07-31 23:55:00
2019,S105,8,8917,8928,11,0.9987679211469535,47.800000000000000000,2019-08-01 00:00:00,2019-08-31 23:55:00
2019,S105,9,8639,8640,1,0.9998842592592593,137.800010000000000000,2019-09-01 00:00:00,2019-09-30 23:55:00
2019,S105,10,8927,8928,1,0.9998879928315412,297.800010000000000000,2019-10-01 00:00:00,2019-10-31 23:55:00
2019,S105,11,6896,8640,1744,0.7981481481481482,194.000000000000000000,2019-11-01 00:00:00,2019-11-30 23:55:00
2019,S105,12,8872,8928,56,0.9937275985663082,278.600000000000000000,2019-12-01 00:00:00,2019-12-31 23:55:00
2019,S106,1,8872,8928,56,0.9937275985663082,93.600000000000000000,2019-01-01 00:00:00,2019-01-31 23:55:00
2019,S106,2,8040,8064,24,0.9970238095238095,27.200000000000000000,2019-02-01 00:00:00,2019-02-28 23:55:00
2019,S106,3,8923,8928,5,0.9994399641577061,78.600000000000000000,2019-03-01 00:00:00,2019-03-31 23:55:00
2019,S106,4,5565,8640,3075,0.6440972222222222,59.400000000000000000,2019-04-01 00:00:00,2019-04-20 08:30:00
2019,S106,5,7055,8928,1873,0.7902105734767025,122.400000000000000000,2019-05-07 11:25:00,2019-05-31 23:55:00
2019,S106,6,8107,8640,533,0.9383101851851852,189.800000000000000000,2019-06-01 00:00:00,2019-06-30 23:55:00
2019,S106,7,7159,8928,1769,0.8018593189964157,34.800000000000000000,2019-07-01 00:00:00,2019-07-31 23:55:00
2019,S106,8,8917,8928,11,0.9987679211469535,62.600000000000000000,2019-08-01 00:00:00,2019-08-31 23:55:00
2019,S106,9,8628,8640,12,0.9986111111111111,80.199990000000000000,2019-09-01 00:00:00,2019-09-30 23:55:00
2019,S106,10,8893,8928,35,0.9960797491039427,192.800000000000000000,2019-10-01 00:00:00,2019-10-31 23:55:00
2019,S106,11,6887,8640,1753,0.7971064814814814,102.000000000000000000,2019-11-01 00:00:00,2019-11-30 23:55:00
2019,S106,12,8260,8928,668,0.9251792114695341,391.800000000000000000,2019-12-01 00:00:00,2019-12-31 23:55:00
2019,S107,1,8925,8928,3,0.9996639784946236,62.400000000000000000,2019-01-01 00:00:00,2019-01-31 23:55:00
2019,S107,2,8059,8064,5,0.9993799603174603,10.600000000000000000,2019-02-01 00:00:00,2019-02-28 23:55:00
2019,S107,3,8323,8928,605,0.9322356630824373,64.400000000000000000,2019-03-01 00:00:00,2019-03-31 23:55:00
2019,S107,4,7856,8640,784,0.9092592592592592,211.800000000000000000,2019-04-01 00:00:00,2019-04-30 23:55:00
2019,S107,5,8924,8928,4,0.9995519713261649,141.400000000000000000,2019-05-01 00:00:00,2019-05-31 23:55:00
2019,S107,6,7935,8640,705,0.9184027777777778,271.400000000000000000,2019-06-01 00:00:00,2019-06-30 23:55:00
2019,S107,7,7442,8928,1486,0.8335573476702509,17.600000000000000000,2019-07-01 00:00:00,2019-07-31 23:55:00
2019,S107,8,8909,8928,19,0.9978718637992832,2.000000000000000000,2019-08-01 00:00:00,2019-08-31 23:55:00
2019,S107,9,8589,8640,51,0.9940972222222222,20.000000000000000000,2019-09-01 00:00:00,2019-09-30 23:55:00
2019,S107,10,8927,8928,1,0.9998879928315412,71.800000000000000000,2019-10-01 00:00:00,2019-10-31 23:55:00
2019,S107,11,6896,8640,1744,0.7981481481481482,70.400000000000000000,2019-11-01 00:00:00,2019-11-30 23:55:00
2019,S107,12,8927,8928,1,0.9998879928315412,312.800000000000000000,2019-12-01 00:00:00,2019-12-31 23:55:00
2019,S108,1,4846,8928,4082,0.5427867383512545,80.600000000000000000,2019-01-01 00:00:00,2019-01-31 23:55:00
2019,S108,2,7603,8064,461,0.9428323412698413,20.000000000000000000,2019-02-01 00:00:00,2019-02-28 23:55:00
2019,S108,3,7951,8928,977,0.8905689964157706,61.200000000000000000,2019-03-01 00:00:00,2019-03-30 20:15:00
2019,S108,4,5404,8640,3236,0.625462962962963,152.800000000000000000,2019-04-02 09:50:00,2019-04-30 23:55:00
2019,S108,5,6713,8928,2215,0.7519041218637993,128.000000000000000000,2019-05-01 00:00:00,2019-05-31 23:55:00
2019,S108,6,4925,8640,3715,0.5700231481481481,36.200000000000000000,2019-06-01 00:00:00,2019-06-30 23:55:00
2019,S108,7,5434,8928,3494,0.608646953405018,19.800000000000000000,2019-07-01 00:00:00,2019-07-31 04:15:00
2019,S108,8,7420,8928,1508,0.8310931899641577,25.000000000000000000,2019-08-01 10:30:00,2019-08-31 23:55:00
2019,S108,9,7394,8640,1246,0.8557870370370371,29.200000000000000000,2019-09-01 00:00:00,2019-09-30 23:55:00
2019,S108,10,6903,8928,2025,0.7731854838709677,59.200000000000000000,2019-10-01 00:00:00,2019-10-31 22:20:00
2019,S108,11,5515,8640,3125,0.6383101851851852,41.800000000000000000,2019-11-01 13:10:00,2019-11-30 23:55:00
2019,S108,12,6634,8928,2294,0.7430555555555556,217.000000000000000000,2019-12-01 00:00:00,2019-12-31 23:55:00
2019,S109,1,2708,8928,6220,0.3033154121863799,41.000000000000000000,2019-01-03 11:20:00,2019-01-28 01:55:00
2019,S109,2,2608,8064,5456,0.32341269841269843,49.800000000000000000,2019-02-11 14:20:00,2019-02-28 23:55:00
2019,S109,3,8926,8928,2,0.9997759856630825,244.000000000000000000,2019-03-01 00:00:00,2019-03-31 23:55:00
2019,S109,4,4836,8640,3804,0.5597222222222222,154.000000000000000000,2019-04-01 00:00:00,2019-04-30 23:55:00
2019,S109,5,8257,8928,671,0.9248431899641577,122.400000000000000000,2019-05-01 00:00:00,2019-05-31 23:55:00
2019,S109,6,6943,8640,1697,0.803587962962963,145.800000000000000000,2019-06-01 00:00:00,2019-06-30 23:55:00
2019,S109,7,7505,8928,1423,0.8406137992831542,51.800000000000000000,2019-07-01 00:00:00,2019-07-31 23:55:00
2019,S109,8,8901,8928,27,0.9969758064516129,30.400000000000000000,2019-08-01 00:00:00,2019-08-31 23:55:00
2019,S109,9,8635,8640,5,0.9994212962962963,113.000000000000000000,2019-09-01 00:00:00,2019-09-30 23:55:00
2019,S109,10,8752,8928,176,0.9802867383512545,171.200000000000000000,2019-10-01 00:00:00,2019-10-31 23:55:00
2019,S109,11,6229,8640,2411,0.720949074074074,176.399990000000000000,2019-11-01 00:00:00,2019-11-28 16:20:00
2019,S109,12,7864,8928,1064,0.8808243727598566,220.400000000000000000,2019-12-04 15:55:00,2019-12-31 23:55:00
2019,S11,1,6587,8928,2341,0.7377912186379928,67.200000000000000000,2019-01-01 00:00:00,2019-01-31 11:05:00
2019,S11,2,4188,8064,3876,0.5193452380952381,23.200000000000000000,2019-02-11 06:30:00,2019-02-28 23:55:00
2019,S11,3,8922,8928,6,0.9993279569892473,140.399990000000000000,2019-03-01 00:00:00,2019-03-31 23:55:00
2019,S11,4,7876,8640,764,0.9115740740740741,139.400000000000000000,2019-04-01 00:00:00,2019-04-30 23:55:00
2019,S11,5,8924,8928,4,0.9995519713261649,228.800000000000000000,2019-05-01 00:00:00,2019-05-31 23:55:00
2019,S11,6,8638,8640,2,0.9997685185185186,237.000000000000000000,2019-06-01 00:00:00,2019-06-30 23:55:00
2019,S11,7,7539,8928,1389,0.8444220430107527,110.400000000000000000,2019-07-01 00:00:00,2019-07-31 23:55:00
2019,S11,8,8914,8928,14,0.9984318996415771,23.800000000000000000,2019-08-01 00:00:00,2019-08-31 23:55:00
2019,S11,9,8637,8640,3,0.9996527777777777,155.200000000000000000,2019-09-01 00:00:00,2019-09-30 23:55:00
2019,S11,10,8927,8928,1,0.9998879928315412,175.000000000000000000,2019-10-01 00:00:00,2019-10-31 23:55:00
2019,S11,11,6896,8640,1744,0.7981481481481482,214.000000000000000000,2019-11-01 00:00:00,2019-11-30 23:55:00
2019,S11,12,8918,8928,10,0.9988799283154122,255.200000000000000000,2019-12-01 00:00:00,2019-12-31 23:55:00
2019,S111,1,8924,8928,4,0.9995519713261649,127.400000000000000000,2019-01-01 00:00:00,2019-01-31 23:55:00
2019,S111,2,8059,8064,5,0.9993799603174603,19.000000000000000000,2019-02-01 00:00:00,2019-02-28 23:55:00
2019,S111,3,8923,8928,5,0.9994399641577061,70.000000000000000000,2019-03-01 00:00:00,2019-03-31 23:55:00
2019,S111,4,7878,8640,762,0.9118055555555555,263.200000000000000000,2019-04-01 00:00:00,2019-04-30 23:55:00
2019,S111,5,8915,8928,13,0.9985439068100358,186.400000000000000000,2019-05-01 00:00:00,2019-05-31 23:55:00
2019,S111,6,8637,8640,3,0.9996527777777777,243.600000000000000000,2019-06-01 00:00:00,2019-06-30 23:55:00
2019,S111,7,7538,8928,1390,0.8443100358422939,15.600000000000000000,2019-07-01 00:00:00,2019-07-31 23:55:00
2019,S111,8,8915,8928,13,0.9985439068100358,47.800000000000000000,2019-08-01 00:00:00,2019-08-31 23:55:00
2019,S111,9,8636,8640,4,0.999537037037037,66.400000000000000000,2019-09-01 00:00:00,2019-09-30 23:55:00
2019,S111,10,8900,8928,28,0.9968637992831542,105.200000000000000000,2019-10-01 00:00:00,2019-10-31 23:55:00
2019,S111,11,6894,8640,1746,0.7979166666666667,144.799990000000000000,2019-11-01 00:00:00,2019-11-30 23:55:00
2019,S111,12,8482,8928,446,0.9500448028673835,260.800000000000000000,2019-12-01 00:00:00,2019-12-31 23:55:00
2019,S112,1,8558,8928,370,0.9585573476702509,81.400000000000000000,2019-01-01 00:00:00,2019-01-31 23:55:00
2019,S112,2,7967,8064,97,0.9879712301587301,59.400000000000000000,2019-02-01 00:00:00,2019-02-28 23:55:00
2019,S112,3,8414,8928,514,0.9424283154121864,195.399990000000000000,2019-03-01 00:00:00,2019-03-31 23:55:00
2019,S112,4,7503,8640,1137,0.8684027777777777,132.200000000000000000,2019-04-01 00:00:00,2019-04-30 23:55:00
2019,S112,5,7866,8928,1062,0.8810483870967742,136.599990000000000000,2019-05-01 00:00:00,2019-05-31 19:30:00
2019,S112,6,7566,8640,1074,0.8756944444444444,176.000000000000000000,2019-06-01 07:35:00,2019-06-30 23:55:00
2019,S112,7,7138,8928,1790,0.7995071684587813,105.199990000000000000,2019-07-01 00:00:00,2019-07-31 23:55:00
2019,S112,8,8833,8928,95,0.9893593189964157,27.800000000000000000,2019-08-01 00:00:00,2019-08-31 23:55:00
2019,S112,9,7969,8640,671,0.922337962962963,80.200000000000000000,2019-09-01 00:00:00,2019-09-30 23:55:00
2019,S112,10,7918,8928,1010,0.8868727598566308,166.600000000000000000,2019-10-01 00:00:00,2019-10-31 23:55:00
2019,S112,11,5840,8640,2800,0.6759259259259259,137.800000000000000000,2019-11-01 00:00:00,2019-11-30 23:55:00
2019,S112,12,6206,8928,2722,0.6951164874551972,112.800000000000000000,2019-12-01 00:00:00,2019-12-31 23:55:00
2019,S113,1,8924,8928,4,0.9995519713261649,88.000000000000000000,2019-01-01 00:00:00,2019-01-31 23:55:00
2019,S113,2,8059,8064,5,0.9993799603174603,9.600000000000000000,2019-02-01 00:00:00,2019-02-28 23:55:00
2019,S113,3,8923,8928,5,0.9994399641577061,99.399990000000000000,2019-03-01 00:00:00,2019-03-31 23:55:00
2019,S113,4,7876,8640,764,0.9115740740740741,293.400000000000000000,2019-04-01 00:00:00,2019-04-30 23:55:00
2019,S113,5,8926,8928,2,0.9997759856630825,123.200000000000000000,2019-05-01 00:00:00,2019-05-31 23:55:00
2019,S113,6,8631,8640,9,0.9989583333333333,230.800010000000000000,2019-06-01 00:00:00,2019-06-30 23:55:00
2019,S113,7,7539,8928,1389,0.8444220430107527,25.200000000000000000,2019-07-01 00:00:00,2019-07-31 23:55:00
2019,S113,8,8917,8928,11,0.9987679211469535,89.000000000000000000,2019-08-01 00:00:00,2019-08-31 23:55:00
2019,S113,9,8635,8640,5,0.9994212962962963,15.200000000000000000,2019-09-01 00:00:00,2019-09-30 23:55:00
2019,S113,10,8927,8928,1,0.9998879928315412,82.400000000000000000,2019-10-01 00:00:00,2019-10-31 23:55:00
2019,S113,11,6896,8640,1744,0.7981481481481482,69.800000000000000000,2019-11-01 00:00:00,2019-11-30 23:55:00
2019,S113,12,8921,8928,7,0.9992159498207885,321.800000000000000000,2019-12-01 00:00:00,2019-12-31 23:55:00
2019,S114,1,8924,8928,4,0.9995519713261649,64.800000000000000000,2019-01-01 00:00:00,2019-01-31 23:55:00
2019,S114,2,8051,8064,13,0.9983878968253969,52.200000000000000000,2019-02-01 00:00:00,2019-02-28 23:55:00
2019,S114,3,8919,8928,9,0.998991935483871,183.800000000000000000,2019-03-01 00:00:00,2019-03-31 23:55:00
2019,S114,4,7877,8640,763,0.9116898148148148,204.000000000000000000,2019-04-01 00:00:00,2019-04-30 23:55:00
2019,S114,5,4487,8928,4441,0.5025761648745519,128.000000000000000000,2019-05-01 00:00:00,2019-05-27 11:40:00
2019,S114,6,4729,8640,3911,0.547337962962963,121.200000000000000000,2019-06-14 11:45:00,2019-06-30 23:55:00
2019,S114,7,7520,8928,1408,0.8422939068100358,71.200000000000000000,2019-07-01 00:00:00,2019-07-31 23:55:00
2019,S114,8,8813,8928,115,0.9871191756272402,66.600000000000000000,2019-08-01 00:00:00,2019-08-31 23:55:00
2019,S114,9,8589,8640,51,0.9940972222222222,101.600000000000000000,2019-09-01 00:00:00,2019-09-30 23:55:00
2019,S114,10,8927,8928,1,0.9998879928315412,190.000000000000000000,2019-10-01 00:00:00,2019-10-31 23:55:00
2019,S114,11,6608,8640,2032,0.7648148148148148,299.200010000000000000,2019-11-01 00:00:00,2019-11-30 23:55:00
2019,S114,12,8308,8928,620,0.9305555555555556,353.000010000000000000,2019-12-01 00:00:00,2019-12-31 23:55:00
2019,S115,1,8784,8928,144,0.9838709677419355,61.800000000000000000,2019-01-01 00:00:00,2019-01-31 23:55:00
2019,S115,2,7983,8064,81,0.9899553571428571,47.600000000000000000,2019-02-01 00:00:00,2019-02-28 23:55:00
2019,S115,3,8731,8928,197,0.9779345878136201,83.400000000000000000,2019-03-01 00:00:00,2019-03-31 23:55:00
2019,S115,4,4586,8640,4054,0.530787037037037,82.200000000000000000,2019-04-01 00:00:00,2019-04-17 16:05:00
2019,S115,5,6227,8928,2701,0.6974686379928315,217.400010000000000000,2019-05-09 10:35:00,2019-05-31 23:55:00
2019,S115,6,6788,8640,1852,0.7856481481481481,235.599990000000000000,2019-06-01 00:00:00,2019-06-30 23:55:00
2019,S115,7,6435,8928,2493,0.7207661290322581,15.800000000000000000,2019-07-01 00:00:00,2019-07-31 23:55:00
2019,S115,8,8526,8928,402,0.9549731182795699,21.000000000000000000,2019-08-01 00:00:00,2019-08-31 23:55:00
2019,S115,9,8588,8640,52,0.9939814814814815,103.200000000000000000,2019-09-01 00:00:00,2019-09-30 23:55:00
2019,S115,10,8912,8928,16,0.9982078853046595,239.600000000000000000,2019-10-01 00:00:00,2019-10-31 23:55:00
2019,S115,11,6887,8640,1753,0.7971064814814814,172.400000000000000000,2019-11-01 00:00:00,2019-11-30 23:55:00
2019,S115,12,6689,8928,2239,0.7492159498207885,191.000000000000000000,2019-12-01 00:00:00,2019-12-31 23:55:00
2019,S116,1,8099,8928,829,0.9071460573476703,74.200000000000000000,2019-01-01 00:00:00,2019-01-31 23:55:00
2019,S116,2,6742,8064,1322,0.8360615079365079,40.600000000000000000,2019-02-01 00:00:00,2019-02-28 23:55:00
2019,S116,3,8705,8928,223,0.9750224014336918,79.600000000000000000,2019-03-01 00:00:00,2019-03-31 23:55:00
2019,S116,4,7761,8640,879,0.8982638888888889,181.000000000000000000,2019-04-01 00:00:00,2019-04-30 23:55:00
2019,S116,5,8875,8928,53,0.9940636200716846,243.000000000000000000,2019-05-01 00:00:00,2019-05-31 23:55:00
2019,S116,6,8397,8640,243,0.971875,238.600000000000000000,2019-06-01 00:00:00,2019-06-30 23:55:00
2019,S116,7,7511,8928,1417,0.8412858422939068,40.400000000000000000,2019-07-01 00:00:00,2019-07-31 23:55:00
2019,S116,8,8912,8928,16,0.9982078853046595,24.000000000000000000,2019-08-01 00:00:00,2019-08-31 23:55:00
2019,S116,9,8634,8640,6,0.9993055555555556,148.000000000000000000,2019-09-01 00:00:00,2019-09-30 23:55:00
2019,S116,10,8927,8928,1,0.9998879928315412,132.800000000000000000,2019-10-01 00:00:00,2019-10-31 23:55:00
2019,S116,11,6895,8640,1745,0.7980324074074074,162.000000000000000000,2019-11-01 00:00:00,2019-11-30 23:55:00
2019,S116,12,8921,8928,7,0.9992159498207885,178.000000000000000000,2019-12-01 00:00:00,2019-12-31 23:55:00
2019,S117,1,7917,8928,1011,0.886760752688172,22.600000000000000000,2019-01-04 11:50:00,2019-01-31 23:55:00
2019,S117,2,8058,8064,6,0.9992559523809523,62.400000000000000000,2019-02-01 00:00:00,2019-02-28 23:55:00
2019,S117,3,7955,8928,973,0.8910170250896058,33.200000000000000000,2019-03-01 00:00:00,2019-03-31 23:55:00
2019,S117,4,7874,8640,766,0.9113425925925925,232.000000000000000000,2019-04-01 00:00:00,2019-04-30 23:55:00
2019,S117,5,8882,8928,46,0.994847670250896,183.200000000000000000,2019-05-01 00:00:00,2019-05-31 23:55:00
2019,S117,6,8636,8640,4,0.999537037037037,228.400000000000000000,2019-06-01 00:00:00,2019-06-30 23:55:00
2019,S117,7,7540,8928,1388,0.8445340501792115,18.200000000000000000,2019-07-01 00:00:00,2019-07-31 23:55:00
2019,S117,8,6896,8928,2032,0.7724014336917563,20.800000000000000000,2019-08-01 00:00:00,2019-08-31 23:55:00
2019,S117,9,8589,8640,51,0.9940972222222222,95.200000000000000000,2019-09-01 00:00:00,2019-09-30 23:55:00
2019,S117,10,8927,8928,1,0.9998879928315412,159.800000000000000000,2019-10-01 00:00:00,2019-10-31 23:55:00
2019,S117,11,6895,8640,1745,0.7980324074074074,154.200000000000000000,2019-11-01 00:00:00,2019-11-30 23:55:00
2019,S117,12,8927,8928,1,0.9998879928315412,207.800000000000000000,2019-12-01 00:00:00,2019-12-31 23:55:00
2019,S118,1,8802,8928,126,0.9858870967741935,118.000000000000000000,2019-01-01 00:00:00,2019-01-31 23:55:00
2019,S118,2,7944,8064,120,0.9851190476190477,10.400000000000000000,2019-02-01 00:00:00,2019-02-28 23:55:00
2019,S118,3,8917,8928,11,0.9987679211469535,54.800000000000000000,2019-03-01 00:00:00,2019-03-31 23:55:00
2019,S118,4,7868,8640,772,0.9106481481481481,307.800020000000000000,2019-04-01 00:00:00,2019-04-30 23:55:00
2019,S118,5,8924,8928,4,0.9995519713261649,203.800000000000000000,2019-05-01 00:00:00,2019-05-31 23:55:00
2019,S118,6,8451,8640,189,0.978125,268.800000000000000000,2019-06-01 00:00:00,2019-06-30 23:55:00
2019,S118,7,7539,8928,1389,0.8444220430107527,15.400000000000000000,2019-07-01 00:00:00,2019-07-31 23:55:00
2019,S118,8,8917,8928,11,0.9987679211469535,42.600000000000000000,2019-08-01 00:00:00,2019-08-31 23:55:00
2019,S118,9,8636,8640,4,0.999537037037037,62.400000000000000000,2019-09-01 00:00:00,2019-09-30 23:55:00
2019,S118,10,8927,8928,1,0.9998879928315412,79.600000000000000000,2019-10-01 00:00:00,2019-10-31 23:55:00
2019,S118,11,6473,8640,2167,0.7491898148148148,103.400000000000000000,2019-11-01 00:00:00,2019-11-30 23:55:00
2019,S118,12,6798,8928,2130,0.7614247311827957,215.200000000000000000,2019-12-01 00:00:00,2019-12-31 23:55:00
2019,S119,1,8847,8928,81,0.9909274193548387,127.399990000000000000,2019-01-01 00:00:00,2019-01-31 23:55:00
2019,S119,2,7841,8064,223,0.9723462301587301,22.800000000000000000,2019-02-01 00:00:00,2019-02-28 23:55:00
2019,S119,3,8716,8928,212,0.9762544802867383,89.800010000000000000,2019-03-01 00:00:00,2019-03-31 23:55:00
2019,S119,4,7795,8640,845,0.9021990740740741,320.200000000000000000,2019-04-01 00:00:00,2019-04-30 23:55:00
2019,S119,5,8765,8928,163,0.9817428315412187,236.800000000000000000,2019-05-01 00:00:00,2019-05-31 23:55:00
2019,S119,6,8224,8640,416,0.9518518518518518,275.400000000000000000,2019-06-01 00:00:00,2019-06-30 23:55:00
2019,S119,7,7515,8928,1413,0.8417338709677419,11.600000000000000000,2019-07-01 00:00:00,2019-07-31 23:55:00
2019,S119,8,8911,8928,17,0.9980958781362007,37.400000000000000000,2019-08-01 00:00:00,2019-08-31 23:55:00
2019,S119,9,8624,8640,16,0.9981481481481481,47.400000000000000000,2019-09-01 00:00:00,2019-09-30 23:55:00
2019,S119,10,8886,8928,42,0.9952956989247311,69.000000000000000000,2019-10-01 00:00:00,2019-10-31 23:55:00
2019,S119,11,6869,8640,1771,0.7950231481481481,72.200000000000000000,2019-11-01 00:00:00,2019-11-30 23:55:00
2019,S119,12,8763,8928,165,0.9815188172043011,326.200000000000000000,2019-12-01 00:00:00,2019-12-31 23:55:00
2019,S120,1,8925,8928,3,0.9996639784946236,89.600000000000000000,2019-01-01 00:00:00,2019-01-31 23:55:00
2019,S120,2,8060,8064,4,0.9995039682539683,19.200000000000000000,2019-02-01 00:00:00,2019-02-28 23:55:00
2019,S120,3,8924,8928,4,0.9995519713261649,78.200000000000000000,2019-03-01 00:00:00,2019-03-31 23:55:00
2019,S120,4,7875,8640,765,0.9114583333333334,279.800000000000000000,2019-04-01 00:00:00,2019-04-30 23:55:00
2019,S120,5,8925,8928,3,0.9996639784946236,193.200000000000000000,2019-05-01 00:00:00,2019-05-31 23:55:00
2019,S120,6,8637,8640,3,0.9996527777777777,241.000000000000000000,2019-06-01 00:00:00,2019-06-30 23:55:00
2019,S120,7,7540,8928,1388,0.8445340501792115,63.800000000000000000,2019-07-01 00:00:00,2019-07-31 23:55:00
2019,S120,8,8913,8928,15,0.9983198924731183,42.800000000000000000,2019-08-01 00:00:00,2019-08-31 23:55:00
2019,S120,9,8634,8640,6,0.9993055555555556,96.000000000000000000,2019-09-01 00:00:00,2019-09-30 23:55:00
2019,S120,10,8927,8928,1,0.9998879928315412,140.800000000000000000,2019-10-01 00:00:00,2019-10-31 23:55:00
2019,S120,11,6896,8640,1744,0.7981481481481482,156.000000000000000000,2019-11-01 00:00:00,2019-11-30 23:55:00
2019,S120,12,8921,8928,7,0.9992159498207885,322.800000000000000000,2019-12-01 00:00:00,2019-12-31 23:55:00
2019,S121,1,8920,8928,8,0.9991039426523297,102.800000000000000000,2019-01-01 00:00:00,2019-01-31 23:55:00
2019,S121,2,5641,8064,2423,0.6995287698412699,44.600000000000000000,2019-02-01 00:00:00,2019-02-28 23:55:00
2019,S121,3,8868,8928,60,0.9932795698924731,187.600010000000000000,2019-03-01 00:00:00,2019-03-31 23:55:00
2019,S121,4,7873,8640,767,0.9112268518518518,214.000000000000000000,2019-04-01 00:00:00,2019-04-30 23:55:00
2019,S121,5,8920,8928,8,0.9991039426523297,202.800000000000000000,2019-05-01 00:00:00,2019-05-31 23:55:00
2019,S121,6,8634,8640,6,0.9993055555555556,261.399990000000000000,2019-06-01 00:00:00,2019-06-30 23:55:00
2019,S121,7,7537,8928,1391,0.8441980286738351,90.000000000000000000,2019-07-01 00:00:00,2019-07-31 23:55:00
2019,S121,8,8909,8928,19,0.9978718637992832,32.000000000000000000,2019-08-01 00:00:00,2019-08-31 23:55:00
2019,S121,9,8589,8640,51,0.9940972222222222,130.400000000000000000,2019-09-01 00:00:00,2019-09-30 23:55:00
2019,S121,10,8925,8928,3,0.9996639784946236,221.600010000000000000,2019-10-01 00:00:00,2019-10-31 23:55:00
2019,S121,11,6895,8640,1745,0.7980324074074074,238.000010000000000000,2019-11-01 00:00:00,2019-11-30 23:55:00
2019,S121,12,8927,8928,1,0.9998879928315412,290.200000000000000000,2019-12-01 00:00:00,2019-12-31 23:55:00
2019,S122,1,8066,8928,862,0.9034498207885304,135.000000000000000000,2019-01-01 00:00:00,2019-01-31 23:55:00
2019,S122,2,5025,8064,3039,0.6231398809523809,33.600000000000000000,2019-02-01 00:00:00,2019-02-21 09:55:00
2019,S122,3,5505,8928,3423,0.6165994623655914,120.000000000000000000,2019-03-01 15:35:00,2019-03-31 23:55:00
2019,S122,4,6798,8640,1842,0.7868055555555555,135.400000000000000000,2019-04-01 00:00:00,2019-04-30 23:55:00
2019,S122,5,8639,8928,289,0.9676299283154122,148.399990000000000000,2019-05-01 00:00:00,2019-05-31 23:55:00
2019,S122,6,8124,8640,516,0.9402777777777778,181.200000000000000000,2019-06-01 00:00:00,2019-06-30 23:55:00
2019,S122,7,7178,8928,1750,0.8039874551971327,92.200000000000000000,2019-07-01 00:00:00,2019-07-31 23:55:00
2019,S122,8,7948,8928,980,0.8902329749103942,29.600000000000000000,2019-08-01 00:00:00,2019-08-31 23:55:00
2019,S122,9,8589,8640,51,0.9940972222222222,124.800000000000000000,2019-09-01 00:00:00,2019-09-30 23:55:00
2019,S122,10,8917,8928,11,0.9987679211469535,97.000000000000000000,2019-10-01 00:00:00,2019-10-31 23:55:00
2019,S122,11,6895,8640,1745,0.7980324074074074,199.799990000000000000,2019-11-01 00:00:00,2019-11-30 23:55:00
2019,S122,12,8917,8928,11,0.9987679211469535,332.600000000000000000,2019-12-01 00:00:00,2019-12-31 23:55:00
2019,S123,1,8924,8928,4,0.9995519713261649,91.200000000000000000,2019-01-01 00:00:00,2019-01-31 23:55:00
2019,S123,2,8058,8064,6,0.9992559523809523,41.000000000000000000,2019-02-01 00:00:00,2019-02-28 23:55:00
2019,S123,3,8926,8928,2,0.9997759856630825,120.199990000000000000,2019-03-01 00:00:00,2019-03-31 23:55:00
2019,S123,4,7875,8640,765,0.9114583333333334,361.400000000000000000,2019-04-01 00:00:00,2019-04-30 23:55:00
2019,S123,5,8927,8928,1,0.9998879928315412,216.000000000000000000,2019-05-01 00:00:00,2019-05-31 23:55:00
2019,S123,6,8638,8640,2,0.9997685185185186,217.400000000000000000,2019-06-01 00:00:00,2019-06-30 23:55:00
2019,S123,7,7538,8928,1390,0.8443100358422939,18.600000000000000000,2019-07-01 00:00:00,2019-07-31 23:55:00
2019,S123,8,8912,8928,16,0.9982078853046595,38.400000000000000000,2019-08-01 00:00:00,2019-08-31 23:55:00
2019,S123,9,8639,8640,1,0.9998842592592593,49.199990000000000000,2019-09-01 00:00:00,2019-09-30 23:55:00
2019,S123,10,8927,8928,1,0.9998879928315412,129.800000000000000000,2019-10-01 00:00:00,2019-10-31 23:55:00
2019,S123,11,6895,8640,1745,0.7980324074074074,152.800000000000000000,2019-11-01 00:00:00,2019-11-30 23:55:00
2019,S123,12,4590,8928,4338,0.5141129032258065,226.999990000000000000,2019-12-01 00:00:00,2019-12-16 22:55:00
2019,S215,1,8400,8928,528,0.9408602150537635,92.365000000000000000,2019-01-01 00:00:00,2019-01-31 23:55:00
2019,S215,2,8060,8064,4,0.9995039682539683,41.412000000000000000,2019-02-01 00:00:00,2019-02-28 23:55:00
2019,S215,3,8926,8928,2,0.9997759856630825,86.275000000000000000,2019-03-01 00:00:00,2019-03-31 23:55:00
2019,S215,4,7878,8640,762,0.9118055555555555,240.352000000000000000,2019-04-01 00:00:00,2019-04-30 23:55:00
2019,S215,5,8928,8928,0,1.0,129.108000000000000000,2019-05-01 00:00:00,2019-05-31 23:55:00
2019,S215,6,8640,8640,0,1.0,141.085000000000000000,2019-06-01 00:00:00,2019-06-30 23:55:00
2019,S215,7,7542,8928,1386,0.844758064516129,24.766000000000000000,2019-07-01 00:00:00,2019-07-31 23:55:00
2019,S215,8,8922,8928,6,0.9993279569892473,34.307000000000000000,2019-08-01 00:00:00,2019-08-31 23:55:00
2019,S215,9,8640,8640,0,1.0,22.127000000000000000,2019-09-01 00:00:00,2019-09-30 23:55:00
2019,S215,10,8927,8928,1,0.9998879928315412,80.388000000000000000,2019-10-01 00:00:00,2019-10-31 23:55:00
2019,S215,11,6896,8640,1744,0.7981481481481482,117.943000000000000000,2019-11-01 00:00:00,2019-11-30 23:55:00
2019,S215,12,8925,8928,3,0.9996639784946236,244.209000000000000000,2019-12-01 00:00:00,2019-12-31 23:55:00
2019,S24,1,8925,8928,3,0.9996639784946236,63.600000000000000000,2019-01-01 00:00:00,2019-01-31 23:55:00
2019,S24,2,8060,8064,4,0.9995039682539683,31.800000000000000000,2019-02-01 00:00:00,2019-02-28 23:55:00
2019,S24,3,8895,8928,33,0.9963037634408602,72.200000000000000000,2019-03-01 00:00:00,2019-03-31 23:55:00
2019,S24,4,7874,8640,766,0.9113425925925925,174.400000000000000000,2019-04-01 00:00:00,2019-04-30 23:55:00
2019,S24,5,8923,8928,5,0.9994399641577061,53.600000000000000000,2019-05-01 00:00:00,2019-05-31 23:55:00
2019,S24,6,8574,8640,66,0.9923611111111111,174.600000000000000000,2019-06-01 00:00:00,2019-06-30 23:55:00
2019,S24,7,7538,8928,1390,0.8443100358422939,6.000000000000000000,2019-07-01 00:00:00,2019-07-31 23:55:00
2019,S24,8,8915,8928,13,0.9985439068100358,12.000000000000000000,2019-08-01 00:00:00,2019-08-31 23:55:00
2019,S24,9,8633,8640,7,0.9991898148148148,22.800000000000000000,2019-09-01 00:00:00,2019-09-30 23:55:00
2019,S24,10,8794,8928,134,0.9849910394265233,168.400010000000000000,2019-10-01 00:00:00,2019-10-31 23:55:00
2019,S24,11,6895,8640,1745,0.7980324074074074,136.600000000000000000,2019-11-01 00:00:00,2019-11-30 23:55:00
2019,S24,12,8919,8928,9,0.998991935483871,425.400000000000000000,2019-12-01 00:00:00,2019-12-31 23:55:00
2019,S29,1,8923,8928,5,0.9994399641577061,79.000000000000000000,2019-01-01 00:00:00,2019-01-31 23:55:00
2019,S29,2,8060,8064,4,0.9995039682539683,44.000000000000000000,2019-02-01 00:00:00,2019-02-28 23:55:00
2019,S29,3,8925,8928,3,0.9996639784946236,67.000000000000000000,2019-03-01 00:00:00,2019-03-31 23:55:00
2019,S29,4,7877,8640,763,0.9116898148148148,152.000000000000000000,2019-04-01 00:00:00,2019-04-30 23:55:00
2019,S29,5,8924,8928,4,0.9995519713261649,116.200000000000000000,2019-05-01 00:00:00,2019-05-31 23:55:00
2019,S29,6,8588,8640,52,0.9939814814814815,202.600020000000000000,2019-06-01 00:00:00,2019-06-30 23:55:00
2019,S29,7,7539,8928,1389,0.8444220430107527,19.600000000000000000,2019-07-01 00:00:00,2019-07-31 23:55:00
2019,S29,8,8917,8928,11,0.9987679211469535,21.800000000000000000,2019-08-01 00:00:00,2019-08-31 23:55:00
2019,S29,9,8636,8640,4,0.999537037037037,53.400000000000000000,2019-09-01 00:00:00,2019-09-30 23:55:00
2019,S29,10,8927,8928,1,0.9998879928315412,218.400000000000000000,2019-10-01 00:00:00,2019-10-31 23:55:00
2019,S29,11,6896,8640,1744,0.7981481481481482,141.400000000000000000,2019-11-01 00:00:00,2019-11-30 23:55:00
2019,S29,12,8686,8928,242,0.972894265232975,448.200010000000000000,2019-12-01 00:00:00,2019-12-31 23:55:00
2019,S33,1,8926,8928,2,0.9997759856630825,112.200010000000000000,2019-01-01 00:00:00,2019-01-31 23:55:00
2019,S33,2,8052,8064,12,0.9985119047619048,62.200000000000000000,2019-02-01 00:00:00,2019-02-28 23:55:00
2019,S33,3,8920,8928,8,0.9991039426523297,87.400000000000000000,2019-03-01 00:00:00,2019-03-31 23:55:00
2019,S33,4,7874,8640,766,0.9113425925925925,250.800010000000000000,2019-04-01 00:00:00,2019-04-30 23:55:00
2019,S33,5,8924,8928,4,0.9995519713261649,368.600000000000000000,2019-05-01 00:00:00,2019-05-31 23:55:00
2019,S33,6,8121,8640,519,0.9399305555555556,246.800000000000000000,2019-06-01 00:00:00,2019-06-30 23:55:00
2019,S33,7,7540,8928,1388,0.8445340501792115,70.400000000000000000,2019-07-01 00:00:00,2019-07-31 23:55:00
2019,S33,8,8919,8928,9,0.998991935483871,26.200000000000000000,2019-08-01 00:00:00,2019-08-31 23:55:00
2019,S33,9,8590,8640,50,0.9942129629629629,158.000000000000000000,2019-09-01 00:00:00,2019-09-30 23:55:00
2019,S33,10,8923,8928,5,0.9994399641577061,198.000010000000000000,2019-10-01 00:00:00,2019-10-31 23:55:00
2019,S33,11,6894,8640,1746,0.7979166666666667,282.400000000000000000,2019-11-01 00:00:00,2019-11-30 23:55:00
2019,S33,12,8927,8928,1,0.9998879928315412,278.399990000000000000,2019-12-01 00:00:00,2019-12-31 23:55:00
2019,S35,1,8924,8928,4,0.9995519713261649,78.000000000000000000,2019-01-01 00:00:00,2019-01-31 23:55:00
2019,S35,2,8052,8064,12,0.9985119047619048,48.200000000000000000,2019-02-01 00:00:00,2019-02-28 23:55:00
2019,S35,3,8914,8928,14,0.9984318996415771,117.000000000000000000,2019-03-01 00:00:00,2019-03-31 23:55:00
2019,S35,4,7874,8640,766,0.9113425925925925,214.200000000000000000,2019-04-01 00:00:00,2019-04-30 23:55:00
2019,S35,5,8924,8928,4,0.9995519713261649,239.800010000000000000,2019-05-01 00:00:00,2019-05-31 23:55:00
2019,S35,6,8549,8640,91,0.9894675925925925,276.800000000000000000,2019-06-01 00:00:00,2019-06-30 23:55:00
2019,S35,7,7541,8928,1387,0.8446460573476703,82.400000000000000000,2019-07-01 00:00:00,2019-07-31 23:55:00
2019,S35,8,8920,8928,8,0.9991039426523297,17.600000000000000000,2019-08-01 00:00:00,2019-08-31 23:55:00
2019,S35,9,8636,8640,4,0.999537037037037,103.600000000000000000,2019-09-01 00:00:00,2019-09-30 23:55:00
2019,S35,10,8926,8928,2,0.9997759856630825,121.200000000000000000,2019-10-01 00:00:00,2019-10-31 23:55:00
2019,S35,11,6896,8640,1744,0.7981481481481482,208.000000000000000000,2019-11-01 00:00:00,2019-11-30 23:55:00
2019,S35,12,8432,8928,496,0.9444444444444444,201.399990000000000000,2019-12-01 00:00:00,2019-12-31 23:55:00
2019,S36,1,5395,8928,3533,0.6042786738351255,0E-18,2019-01-01 00:00:00,2019-01-31 23:55:00
2019,S36,2,3922,8064,4142,0.486359126984127,0E-18,2019-02-01 00:00:00,2019-02-28 23:55:00
2019,S36,3,3680,8928,5248,0.4121863799283154,0E-18,2019-03-01 00:00:00,2019-03-31 18:25:00
2019,S36,4,3717,8640,4923,0.43020833333333336,0E-18,2019-04-02 16:05:00,2019-04-30 23:55:00
2019,S36,5,4372,8928,4556,0.48969534050179214,0E-18,2019-05-01 00:00:00,2019-05-31 23:55:00
2019,S36,6,2426,8640,6214,0.28078703703703706,0E-18,2019-06-01 00:00:00,2019-06-30 22:40:00
2019,S36,7,3311,8928,5617,0.3708557347670251,0E-18,2019-07-01 14:40:00,2019-07-31 18:50:00
2019,S36,8,3890,8928,5038,0.4357078853046595,0E-18,2019-08-01 13:40:00,2019-08-31 23:55:00
2019,S36,9,4106,8640,4534,0.4752314814814815,0E-18,2019-09-01 00:00:00,2019-09-30 19:15:00
2019,S36,10,5073,8928,3855,0.5682123655913979,0E-18,2019-10-01 11:25:00,2019-10-31 17:15:00
2019,S36,11,2928,8640,5712,0.3388888888888889,0E-18,2019-11-01 08:40:00,2019-11-30 16:00:00
2019,S36,12,2547,8928,6381,0.2852822580645161,0E-18,2019-12-01 09:35:00,2019-12-31 20:50:00
2019,S40,1,8924,8928,4,0.9995519713261649,117.600000000000000000,2019-01-01 00:00:00,2019-01-31 23:55:00
2019,S40,2,8059,8064,5,0.9993799603174603,57.800000000000000000,2019-02-01 00:00:00,2019-02-28 23:55:00
2019,S40,3,8923,8928,5,0.9994399641577061,173.400000000000000000,2019-03-01 00:00:00,2019-03-31 23:55:00
2019,S40,4,7876,8640,764,0.9115740740740741,160.600000000000000000,2019-04-01 00:00:00,2019-04-30 23:55:00
2019,S40,5,8925,8928,3,0.9996639784946236,145.600000000000000000,2019-05-01 00:00:00,2019-05-31 23:55:00
2019,S40,6,7676,8640,964,0.888425925925926,205.400000000000000000,2019-06-01 00:00:00,2019-06-30 23:55:00
2019,S40,7,7539,8928,1389,0.8444220430107527,112.400010000000000000,2019-07-01 00:00:00,2019-07-31 23:55:00
2019,S40,8,8912,8928,16,0.9982078853046595,21.400000000000000000,2019-08-01 00:00:00,2019-08-31 23:55:00
2019,S40,9,8637,8640,3,0.9996527777777777,129.800000000000000000,2019-09-01 00:00:00,2019-09-30 23:55:00
2019,S40,10,8927,8928,1,0.9998879928315412,239.200010000000000000,2019-10-01 00:00:00,2019-10-31 23:55:00
2019,S40,11,6893,8640,1747,0.7978009259259259,175.600000000000000000,2019-11-01 00:00:00,2019-11-30 23:55:00
2019,S40,12,8754,8928,174,0.980510752688172,397.600000000000000000,2019-12-01 00:00:00,2019-12-31 23:55:00
2019,S43,1,8926,8928,2,0.9997759856630825,55.800000000000000000,2019-01-01 00:00:00,2019-01-31 23:55:00
2019,S43,2,8052,8064,12,0.9985119047619048,33.800000000000000000,2019-02-01 00:00:00,2019-02-28 23:55:00
2019,S43,3,8926,8928,2,0.9997759856630825,164.200000000000000000,2019-03-01 00:00:00,2019-03-31 23:55:00
2019,S43,4,7875,8640,765,0.9114583333333334,289.199990000000000000,2019-04-01 00:00:00,2019-04-30 23:55:00
2019,S43,5,8924,8928,4,0.9995519713261649,139.000000000000000000,2019-05-01 00:00:00,2019-05-31 23:55:00
2019,S43,6,8637,8640,3,0.9996527777777777,213.000000000000000000,2019-06-01 00:00:00,2019-06-30 23:55:00
2019,S43,7,7015,8928,1913,0.7857302867383512,50.400000000000000000,2019-07-01 00:00:00,2019-07-31 23:55:00
2019,S43,8,8679,8928,249,0.9721102150537635,28.600000000000000000,2019-08-01 00:00:00,2019-08-31 23:55:00
2019,S43,9,8343,8640,297,0.965625,21.600000000000000000,2019-09-01 00:00:00,2019-09-30 23:55:00
2019,S43,10,8570,8928,358,0.9599014336917563,145.600000000000000000,2019-10-01 00:00:00,2019-10-31 23:55:00
2019,S43,11,6896,8640,1744,0.7981481481481482,98.400000000000000000,2019-11-01 00:00:00,2019-11-30 23:55:00
2019,S43,12,8920,8928,8,0.9991039426523297,335.200000000000000000,2019-12-01 00:00:00,2019-12-31 23:55:00
2019,S44,1,8924,8928,4,0.9995519713261649,79.800000000000000000,2019-01-01 00:00:00,2019-01-31 23:55:00
2019,S44,2,6138,8064,1926,0.7611607142857143,113.000000000000000000,2019-02-01 00:00:00,2019-02-28 23:55:00
2019,S44,3,8925,8928,3,0.9996639784946236,124.000000000000000000,2019-03-01 00:00:00,2019-03-31 23:55:00
2019,S44,4,7877,8640,763,0.9116898148148148,172.200000000000000000,2019-04-01 00:00:00,2019-04-30 23:55:00
2019,S44,5,8925,8928,3,0.9996639784946236,211.599990000000000000,2019-05-01 00:00:00,2019-05-31 23:55:00
2019,S44,6,8637,8640,3,0.9996527777777777,343.799990000000000000,2019-06-01 00:00:00,2019-06-30 23:55:00
2019,S44,7,7539,8928,1389,0.8444220430107527,75.400000000000000000,2019-07-01 00:00:00,2019-07-31 23:55:00
2019,S44,8,8912,8928,16,0.9982078853046595,22.600000000000000000,2019-08-01 00:00:00,2019-08-31 23:55:00
2019,S44,9,8629,8640,11,0.9987268518518518,162.399990000000000000,2019-09-01 00:00:00,2019-09-30 23:55:00
2019,S44,10,8927,8928,1,0.9998879928315412,187.000000000000000000,2019-10-01 00:00:00,2019-10-31 23:55:00
2019,S44,11,6896,8640,1744,0.7981481481481482,237.800000000000000000,2019-11-01 00:00:00,2019-11-30 23:55:00
2019,S44,12,8921,8928,7,0.9992159498207885,249.600000000000000000,2019-12-01 00:00:00,2019-12-31 23:55:00
2019,S46,1,7435,8928,1493,0.8327732974910395,124.799990000000000000,2019-01-01 00:00:00,2019-01-31 03:20:00
2019,S46,2,6871,8064,1193,0.8520585317460317,62.000000000000000000,2019-02-01 08:50:00,2019-02-28 23:55:00
2019,S46,3,8678,8928,250,0.9719982078853047,137.800000000000000000,2019-03-01 00:00:00,2019-03-31 03:25:00
2019,S46,4,5313,8640,3327,0.6149305555555555,75.000010000000000000,2019-04-02 09:35:00,2019-04-30 23:55:00
2019,S46,5,7102,8928,1826,0.7954749103942652,109.800010000000000000,2019-05-01 00:00:00,2019-05-31 23:55:00
2019,S46,6,5109,8640,3531,0.5913194444444444,168.800000000000000000,2019-06-01 00:00:00,2019-06-30 23:55:00
2019,S46,7,5705,8928,3223,0.6390008960573477,45.800000000000000000,2019-07-01 00:00:00,2019-07-31 23:55:00
2019,S46,8,6457,8928,2471,0.7232302867383512,25.400000000000000000,2019-08-01 00:00:00,2019-08-31 23:55:00
2019,S46,9,5973,8640,2667,0.6913194444444445,55.200000000000000000,2019-09-01 00:00:00,2019-09-30 23:55:00
2019,S46,10,7538,8928,1390,0.8443100358422939,115.000000000000000000,2019-10-01 00:00:00,2019-10-31 23:55:00
2019,S46,11,6896,8640,1744,0.7981481481481482,136.600000000000000000,2019-11-01 00:00:00,2019-11-30 23:55:00
2019,S46,12,8920,8928,8,0.9991039426523297,230.600000000000000000,2019-12-01 00:00:00,2019-12-31 23:55:00
2019,S50,1,6544,8928,2384,0.7329749103942652,100.000000000000000000,2019-01-01 00:00:00,2019-01-31 23:55:00
2019,S50,2,8059,8064,5,0.9993799603174603,41.200000000000000000,2019-02-01 00:00:00,2019-02-28 23:55:00
2019,S50,3,8923,8928,5,0.9994399641577061,116.200000000000000000,2019-03-01 00:00:00,2019-03-31 23:55:00
2019,S50,4,7876,8640,764,0.9115740740740741,226.800000000000000000,2019-04-01 00:00:00,2019-04-30 23:55:00
2019,S50,5,8922,8928,6,0.9993279569892473,211.800000000000000000,2019-05-01 00:00:00,2019-05-31 23:55:00
2019,S50,6,8577,8640,63,0.9927083333333333,226.600000000000000000,2019-06-01 00:00:00,2019-06-30 23:55:00
2019,S50,7,7533,8928,1395,0.84375,60.400000000000000000,2019-07-01 00:00:00,2019-07-31 23:55:00
2019,S50,8,8912,8928,16,0.9982078853046595,27.800000000000000000,2019-08-01 00:00:00,2019-08-31 23:55:00
2019,S50,9,7555,8640,1085,0.8744212962962963,114.400000000000000000,2019-09-01 00:00:00,2019-09-30 23:55:00
2019,S50,10,8927,8928,1,0.9998879928315412,131.200000000000000000,2019-10-01 00:00:00,2019-10-31 23:55:00
2019,S50,11,6896,8640,1744,0.7981481481481482,201.999990000000000000,2019-11-01 00:00:00,2019-11-30 23:55:00
2019,S50,12,8919,8928,9,0.998991935483871,247.999990000000000000,2019-12-01 00:00:00,2019-12-31 23:55:00
2019,S55,1,8924,8928,4,0.9995519713261649,95.200000000000000000,2019-01-01 00:00:00,2019-01-31 23:55:00
2019,S55,2,5892,8064,2172,0.7306547619047619,92.000020000000000000,2019-02-01 00:00:00,2019-02-21 11:20:00
2019,S55,3,0,8928,8928,0.0,0,,
2019,S55,4,0,8640,8640,0.0,0,,
2019,S55,5,0,8928,8928,0.0,0,,
2019,S55,6,0,8640,8640,0.0,0,,
2019,S55,7,0,8928,8928,0.0,0,,
2019,S55,8,0,8928,8928,0.0,0,,
2019,S55,9,0,8640,8640,0.0,0,,
2019,S55,10,0,8928,8928,0.0,0,,
2019,S55,11,0,8640,8640,0.0,0,,
2019,S55,12,0,8928,8928,0.0,0,,
2019,S60,1,7194,8928,1734,0.8057795698924731,113.600000000000000000,2019-01-02 11:05:00,2019-01-31 23:55:00
2019,S60,2,8058,8064,6,0.9992559523809523,57.800000000000000000,2019-02-01 00:00:00,2019-02-28 23:55:00
2019,S60,3,8915,8928,13,0.9985439068100358,38.000000000000000000,2019-03-01 00:00:00,2019-03-31 23:55:00
2019,S60,4,7871,8640,769,0.9109953703703704,213.800000000000000000,2019-04-01 00:00:00,2019-04-30 23:55:00
2019,S60,5,8917,8928,11,0.9987679211469535,163.000000000000000000,2019-05-01 00:00:00,2019-05-31 23:55:00
2019,S60,6,8283,8640,357,0.9586805555555555,160.200000000000000000,2019-06-01 00:00:00,2019-06-30 23:55:00
2019,S60,7,7529,8928,1399,0.8433019713261649,65.800000000000000000,2019-07-01 00:00:00,2019-07-31 23:55:00
2019,S60,8,8911,8928,17,0.9980958781362007,23.600000000000000000,2019-08-01 00:00:00,2019-08-31 23:55:00
2019,S60,9,8584,8640,56,0.9935185185185185,117.599990000000000000,2019-09-01 00:00:00,2019-09-30 23:55:00
2019,S60,10,8927,8928,1,0.9998879928315412,108.800000000000000000,2019-10-01 00:00:00,2019-10-31 23:55:00
2019,S60,11,6559,8640,2081,0.7591435185185185,70.600000000000000000,2019-11-01 00:00:00,2019-11-30 23:55:00
2019,S60,12,6525,8928,2403,0.7308467741935484,174.800000000000000000,2019-12-01 00:00:00,2019-12-31 23:55:00
2019,S61,1,8925,8928,3,0.9996639784946236,75.600000000000000000,2019-01-01 00:00:00,2019-01-31 23:55:00
2019,S61,2,8060,8064,4,0.9995039682539683,43.000000000000000000,2019-02-01 00:00:00,2019-02-28 23:55:00
2019,S61,3,8923,8928,5,0.9994399641577061,98.800000000000000000,2019-03-01 00:00:00,2019-03-31 23:55:00
2019,S61,4,7875,8640,765,0.9114583333333334,267.400010000000000000,2019-04-01 00:00:00,2019-04-30 23:55:00
2019,S61,5,8921,8928,7,0.9992159498207885,170.800000000000000000,2019-05-01 00:00:00,2019-05-31 23:55:00
2019,S61,6,8637,8640,3,0.9996527777777777,226.200000000000000000,2019-06-01 00:00:00,2019-06-30 23:55:00
2019,S61,7,7542,8928,1386,0.844758064516129,54.600000000000000000,2019-07-01 00:00:00,2019-07-31 23:55:00
2019,S61,8,8917,8928,11,0.9987679211469535,38.800000000000000000,2019-08-01 00:00:00,2019-08-31 23:55:00
2019,S61,9,8594,8640,46,0.9946759259259259,16.600000000000000000,2019-09-01 00:00:00,2019-09-30 23:55:00
2019,S61,10,8927,8928,1,0.9998879928315412,128.200000000000000000,2019-10-01 00:00:00,2019-10-31 23:55:00
2019,S61,11,6896,8640,1744,0.7981481481481482,116.800000000000000000,2019-11-01 00:00:00,2019-11-30 23:55:00
2019,S61,12,8927,8928,1,0.9998879928315412,360.400010000000000000,2019-12-01 00:00:00,2019-12-31 23:55:00
2019,S64,1,8908,8928,20,0.9977598566308243,84.600000000000000000,2019-01-01 00:00:00,2019-01-31 23:55:00
2019,S64,2,8059,8064,5,0.9993799603174603,66.200000000000000000,2019-02-01 00:00:00,2019-02-28 23:55:00
2019,S64,3,8925,8928,3,0.9996639784946236,194.399990000000000000,2019-03-01 00:00:00,2019-03-31 23:55:00
2019,S64,4,7876,8640,764,0.9115740740740741,189.400000000000000000,2019-04-01 00:00:00,2019-04-30 23:55:00
2019,S64,5,8925,8928,3,0.9996639784946236,231.200000000000000000,2019-05-01 00:00:00,2019-05-31 23:55:00
2019,S64,6,8636,8640,4,0.999537037037037,214.600000000000000000,2019-06-01 00:00:00,2019-06-30 23:55:00
2019,S64,7,7538,8928,1390,0.8443100358422939,77.200000000000000000,2019-07-01 00:00:00,2019-07-31 23:55:00
2019,S64,8,8914,8928,14,0.9984318996415771,39.199990000000000000,2019-08-01 00:00:00,2019-08-31 23:55:00
2019,S64,9,8637,8640,3,0.9996527777777777,111.200000000000000000,2019-09-01 00:00:00,2019-09-30 23:55:00
2019,S64,10,8926,8928,2,0.9997759856630825,178.800000000000000000,2019-10-01 00:00:00,2019-10-31 23:55:00
2019,S64,11,6896,8640,1744,0.7981481481481482,217.400000000000000000,2019-11-01 00:00:00,2019-11-30 23:55:00
2019,S64,12,8921,8928,7,0.9992159498207885,355.800000000000000000,2019-12-01 00:00:00,2019-12-31 23:55:00
2019,S66,1,8426,8928,502,0.9437724014336918,92.400000000000000000,2019-01-02 15:25:00,2019-01-31 23:55:00
2019,S66,2,8058,8064,6,0.9992559523809523,88.800000000000000000,2019-02-01 00:00:00,2019-02-28 23:55:00
2019,S66,3,8925,8928,3,0.9996639784946236,222.400020000000000000,2019-03-01 00:00:00,2019-03-31 23:55:00
2019,S66,4,7209,8640,1431,0.834375,168.200000000000000000,2019-04-01 00:00:00,2019-04-30 23:55:00
2019,S66,5,8810,8928,118,0.9867831541218638,133.400000000000000000,2019-05-01 00:00:00,2019-05-31 23:55:00
2019,S66,6,8469,8640,171,0.9802083333333333,197.600000000000000000,2019-06-01 00:00:00,2019-06-30 23:55:00
2019,S66,7,7163,8928,1765,0.8023073476702509,82.000010000000000000,2019-07-01 00:00:00,2019-07-31 23:55:00
2019,S66,8,8915,8928,13,0.9985439068100358,63.400000000000000000,2019-08-01 00:00:00,2019-08-31 23:55:00
2019,S66,9,8634,8640,6,0.9993055555555556,86.600000000000000000,2019-09-01 00:00:00,2019-09-30 23:55:00
2019,S66,10,8927,8928,1,0.9998879928315412,201.600000000000000000,2019-10-01 00:00:00,2019-10-31 23:55:00
2019,S66,11,6896,8640,1744,0.7981481481481482,232.600000000000000000,2019-11-01 00:00:00,2019-11-30 23:55:00
2019,S66,12,8742,8928,186,0.9791666666666666,270.000000000000000000,2019-12-01 00:00:00,2019-12-31 23:55:00
2019,S69,1,8924,8928,4,0.9995519713261649,93.600000000000000000,2019-01-01 00:00:00,2019-01-31 23:55:00
2019,S69,2,8054,8064,10,0.9987599206349206,48.400000000000000000,2019-02-01 00:00:00,2019-02-28 23:55:00
2019,S69,3,4206,8928,4722,0.47110215053763443,156.000000000000000000,2019-03-01 00:00:00,2019-03-23 04:30:00
2019,S69,4,688,8640,7952,0.07962962962962963,21.200000000000000000,2019-04-02 11:35:00,2019-04-29 10:55:00
2019,S69,5,705,8928,8223,0.07896505376344086,23.400000000000000000,2019-05-08 13:20:00,2019-05-30 13:25:00
2019,S69,6,4951,8640,3689,0.5730324074074075,39.600000000000000000,2019-06-13 12:05:00,2019-06-30 23:55:00
2019,S69,7,7362,8928,1566,0.8245967741935484,107.000000000000000000,2019-07-01 00:00:00,2019-07-31 23:55:00
2019,S69,8,8890,8928,38,0.9957437275985663,37.200000000000000000,2019-08-01 00:00:00,2019-08-31 23:55:00
2019,S69,9,8591,8640,49,0.9943287037037037,98.400000000000000000,2019-09-01 00:00:00,2019-09-30 23:55:00
2019,S69,10,8927,8928,1,0.9998879928315412,188.000000000000000000,2019-10-01 00:00:00,2019-10-31 23:55:00
2019,S69,11,6895,8640,1745,0.7980324074074074,199.600000000000000000,2019-11-01 00:00:00,2019-11-30 23:55:00
2019,S69,12,8523,8928,405,0.9546370967741935,300.600010000000000000,2019-12-01 00:00:00,2019-12-31 23:55:00
2019,S71,1,2412,8928,6516,0.2701612903225806,35.800000000000000000,2019-01-04 10:00:00,2019-01-20 16:05:00
2019,S71,2,1085,8064,6979,0.1345486111111111,0.600000000000000000,2019-02-08 15:20:00,2019-02-12 09:40:00
2019,S71,3,1179,8928,7749,0.13205645161290322,0.600000000000000000,2019-03-01 10:50:00,2019-03-05 13:00:00
2019,S71,4,0,8640,8640,0.0,0,,
2019,S71,5,2458,8928,6470,0.2753136200716846,8.000000000000000000,2019-05-23 11:05:00,2019-05-31 23:55:00
2019,S71,6,8637,8640,3,0.9996527777777777,211.400010000000000000,2019-06-01 00:00:00,2019-06-30 23:55:00
2019,S71,7,7540,8928,1388,0.8445340501792115,38.800000000000000000,2019-07-01 00:00:00,2019-07-31 23:55:00
2019,S71,8,8914,8928,14,0.9984318996415771,26.200000000000000000,2019-08-01 00:00:00,2019-08-31 23:55:00
2019,S71,9,8637,8640,3,0.9996527777777777,139.800000000000000000,2019-09-01 00:00:00,2019-09-30 23:55:00
2019,S71,10,8926,8928,2,0.9997759856630825,120.000000000000000000,2019-10-01 00:00:00,2019-10-31 23:55:00
2019,S71,11,6896,8640,1744,0.7981481481481482,183.400000000000000000,2019-11-01 00:00:00,2019-11-30 23:55:00
2019,S71,12,8138,8928,790,0.9115143369175627,161.800000000000000000,2019-12-01 00:00:00,2019-12-31 23:55:00
2019,S77,1,8925,8928,3,0.9996639784946236,94.200000000000000000,2019-01-01 00:00:00,2019-01-31 23:55:00
2019,S77,2,8060,8064,4,0.9995039682539683,20.200000000000000000,2019-02-01 00:00:00,2019-02-28 23:55:00
2019,S77,3,8922,8928,6,0.9993279569892473,56.000000000000000000,2019-03-01 00:00:00,2019-03-31 23:55:00
2019,S77,4,7877,8640,763,0.9116898148148148,228.000010000000000000,2019-04-01 00:00:00,2019-04-30 23:55:00
2019,S77,5,8926,8928,2,0.9997759856630825,216.200000000000000000,2019-05-01 00:00:00,2019-05-31 23:55:00
2019,S77,6,8638,8640,2,0.9997685185185186,207.400000000000000000,2019-06-01 00:00:00,2019-06-30 23:55:00
2019,S77,7,7538,8928,1390,0.8443100358422939,36.600000000000000000,2019-07-01 00:00:00,2019-07-31 23:55:00
2019,S77,8,8914,8928,14,0.9984318996415771,34.999990000000000000,2019-08-01 00:00:00,2019-08-31 23:55:00
2019,S77,9,8636,8640,4,0.999537037037037,136.200000000000000000,2019-09-01 00:00:00,2019-09-30 23:55:00
2019,S77,10,8927,8928,1,0.9998879928315412,107.000000000000000000,2019-10-01 00:00:00,2019-10-31 23:55:00
2019,S77,11,6896,8640,1744,0.7981481481481482,197.999990000000000000,2019-11-01 00:00:00,2019-11-30 23:55:00
2019,S77,12,8920,8928,8,0.9991039426523297,279.600010000000000000,2019-12-01 00:00:00,2019-12-31 23:55:00
2019,S78,1,8925,8928,3,0.9996639784946236,129.400010000000000000,2019-01-01 00:00:00,2019-01-31 23:55:00
2019,S78,2,7912,8064,152,0.9811507936507936,34.200000000000000000,2019-02-01 00:00:00,2019-02-28 23:55:00
2019,S78,3,8910,8928,18,0.9979838709677419,91.600000000000000000,2019-03-01 00:00:00,2019-03-31 23:55:00
2019,S78,4,7839,8640,801,0.9072916666666667,312.400000000000000000,2019-04-01 00:00:00,2019-04-30 23:55:00
2019,S78,5,8924,8928,4,0.9995519713261649,143.400000000000000000,2019-05-01 00:00:00,2019-05-31 23:55:00
2019,S78,6,8636,8640,4,0.999537037037037,196.599980000000000000,2019-06-01 00:00:00,2019-06-30 23:55:00
2019,S78,7,7540,8928,1388,0.8445340501792115,14.200000000000000000,2019-07-01 00:00:00,2019-07-31 23:55:00
2019,S78,8,8915,8928,13,0.9985439068100358,41.600000000000000000,2019-08-01 00:00:00,2019-08-31 23:55:00
2019,S78,9,8635,8640,5,0.9994212962962963,19.800000000000000000,2019-09-01 00:00:00,2019-09-30 23:55:00
2019,S78,10,8926,8928,2,0.9997759856630825,47.600000000000000000,2019-10-01 00:00:00,2019-10-31 23:55:00
2019,S78,11,6895,8640,1745,0.7980324074074074,85.200000000000000000,2019-11-01 00:00:00,2019-11-30 23:55:00
2019,S78,12,8920,8928,8,0.9991039426523297,273.800000000000000000,2019-12-01 00:00:00,2019-12-31 23:55:00
2019,S79,1,8925,8928,3,0.9996639784946236,110.200000000000000000,2019-01-01 00:00:00,2019-01-31 23:55:00
2019,S79,2,8051,8064,13,0.9983878968253969,11.000000000000000000,2019-02-01 00:00:00,2019-02-28 23:55:00
2019,S79,3,8923,8928,5,0.9994399641577061,44.400000000000000000,2019-03-01 00:00:00,2019-03-31 23:55:00
2019,S79,4,7870,8640,770,0.9108796296296297,249.400000000000000000,2019-04-01 00:00:00,2019-04-30 23:55:00
2019,S79,5,8894,8928,34,0.9961917562724014,191.600000000000000000,2019-05-01 00:00:00,2019-05-31 23:55:00
2019,S79,6,8636,8640,4,0.999537037037037,211.399990000000000000,2019-06-01 00:00:00,2019-06-30 23:55:00
2019,S79,7,7494,8928,1434,0.8393817204301075,18.600000000000000000,2019-07-01 00:00:00,2019-07-31 23:55:00
2019,S79,8,8917,8928,11,0.9987679211469535,39.400000000000000000,2019-08-01 00:00:00,2019-08-31 23:55:00
2019,S79,9,8311,8640,329,0.9619212962962963,60.000000000000000000,2019-09-01 00:00:00,2019-09-30 23:55:00
2019,S79,10,8925,8928,3,0.9996639784946236,104.000010000000000000,2019-10-01 00:00:00,2019-10-31 23:55:00
2019,S79,11,6896,8640,1744,0.7981481481481482,135.400000000000000000,2019-11-01 00:00:00,2019-11-30 23:55:00
2019,S79,12,8910,8928,18,0.9979838709677419,254.000000000000000000,2019-12-01 00:00:00,2019-12-31 23:55:00
2019,S81,1,8923,8928,5,0.9994399641577061,80.000000000000000000,2019-01-01 00:00:00,2019-01-31 23:55:00
2019,S81,2,8060,8064,4,0.9995039682539683,54.599990000000000000,2019-02-01 00:00:00,2019-02-28 23:55:00
2019,S81,3,8925,8928,3,0.9996639784946236,69.400000000000000000,2019-03-01 00:00:00,2019-03-31 23:55:00
2019,S81,4,7877,8640,763,0.9116898148148148,195.400000000000000000,2019-04-01 00:00:00,2019-04-30 23:55:00
2019,S81,5,8923,8928,5,0.9994399641577061,152.400000000000000000,2019-05-01 00:00:00,2019-05-31 23:55:00
2019,S81,6,8637,8640,3,0.9996527777777777,312.399990000000000000,2019-06-01 00:00:00,2019-06-30 23:55:00
2019,S81,7,7538,8928,1390,0.8443100358422939,41.400000000000000000,2019-07-01 00:00:00,2019-07-31 23:55:00
2019,S81,8,8913,8928,15,0.9983198924731183,32.800000000000000000,2019-08-01 00:00:00,2019-08-31 23:55:00
2019,S81,9,8635,8640,5,0.9994212962962963,109.200000000000000000,2019-09-01 00:00:00,2019-09-30 23:55:00
2019,S81,10,8927,8928,1,0.9998879928315412,188.400000000000000000,2019-10-01 00:00:00,2019-10-31 23:55:00
2019,S81,11,6896,8640,1744,0.7981481481481482,161.600000000000000000,2019-11-01 00:00:00,2019-11-30 23:55:00
2019,S81,12,8922,8928,6,0.9993279569892473,419.600000000000000000,2019-12-01 00:00:00,2019-12-31 23:55:00
2019,S82,1,8853,8928,75,0.9915994623655914,76.000000000000000000,2019-01-01 00:00:00,2019-01-31 23:55:00
2019,S82,2,8047,8064,17,0.9978918650793651,86.599990000000000000,2019-02-01 00:00:00,2019-02-28 23:55:00
2019,S82,3,8712,8928,216,0.9758064516129032,105.400000000000000000,2019-03-01 00:00:00,2019-03-31 23:55:00
2019,S82,4,7635,8640,1005,0.8836805555555556,203.000000000000000000,2019-04-01 00:00:00,2019-04-30 23:55:00
2019,S82,5,8778,8928,150,0.9831989247311828,277.600000000000000000,2019-05-01 00:00:00,2019-05-31 23:55:00
2019,S82,6,8620,8640,20,0.9976851851851852,272.199990000000000000,2019-06-01 00:00:00,2019-06-30 23:55:00
2019,S82,7,7538,8928,1390,0.8443100358422939,82.200000000000000000,2019-07-01 00:00:00,2019-07-31 23:55:00
2019,S82,8,8914,8928,14,0.9984318996415771,10.600000000000000000,2019-08-01 00:00:00,2019-08-31 23:55:00
2019,S82,9,8633,8640,7,0.9991898148148148,187.400000000000000000,2019-09-01 00:00:00,2019-09-30 23:55:00
2019,S82,10,8927,8928,1,0.9998879928315412,209.600000000000000000,2019-10-01 00:00:00,2019-10-31 23:55:00
2019,S82,11,6892,8640,1748,0.7976851851851852,227.600010000000000000,2019-11-01 00:00:00,2019-11-30 23:55:00
2019,S82,12,8921,8928,7,0.9992159498207885,229.200000000000000000,2019-12-01 00:00:00,2019-12-31 23:55:00
2019,S84,1,6042,8928,2886,0.676747311827957,40.800000000000000000,2019-01-03 09:20:00,2019-01-31 23:55:00
2019,S84,2,3731,8064,4333,0.4626736111111111,0.200000000000000000,2019-02-01 00:00:00,2019-02-28 23:55:00
2019,S84,3,1187,8928,7741,0.13295250896057348,13.800000000000000000,2019-03-01 00:00:00,2019-03-21 00:15:00
2019,S84,4,2938,8640,5702,0.3400462962962963,57.800000000000000000,2019-04-03 11:25:00,2019-04-13 16:10:00
2019,S84,5,7310,8928,1618,0.8187724014336918,23.000000000000000000,2019-05-02 11:50:00,2019-05-31 23:55:00
2019,S84,6,8637,8640,3,0.9996527777777777,97.800000000000000000,2019-06-01 00:00:00,2019-06-30 23:55:00
2019,S84,7,7540,8928,1388,0.8445340501792115,25.600000000000000000,2019-07-01 00:00:00,2019-07-31 23:55:00
2019,S84,8,8914,8928,14,0.9984318996415771,7.400000000000000000,2019-08-01 00:00:00,2019-08-31 23:55:00
2019,S84,9,8636,8640,4,0.999537037037037,11.800000000000000000,2019-09-01 00:00:00,2019-09-30 23:55:00
2019,S84,10,8921,8928,7,0.9992159498207885,74.200000000000000000,2019-10-01 00:00:00,2019-10-31 23:55:00
2019,S84,11,6887,8640,1753,0.7971064814814814,22.200000000000000000,2019-11-01 00:00:00,2019-11-30 23:55:00
2019,S84,12,7706,8928,1222,0.8631272401433692,0E-18,2019-12-01 00:00:00,2019-12-31 23:55:00
2019,S88,1,8923,8928,5,0.9994399641577061,114.400000000000000000,2019-01-01 00:00:00,2019-01-31 23:55:00
2019,S88,2,8059,8064,5,0.9993799603174603,60.400000000000000000,2019-02-01 00:00:00,2019-02-28 23:55:00
2019,S88,3,8923,8928,5,0.9994399641577061,149.600000000000000000,2019-03-01 00:00:00,2019-03-31 23:55:00
2019,S88,4,7865,8640,775,0.9103009259259259,280.400000000000000000,2019-04-01 00:00:00,2019-04-30 23:55:00
2019,S88,5,8923,8928,5,0.9994399641577061,188.399990000000000000,2019-05-01 00:00:00,2019-05-31 23:55:00
2019,S88,6,8637,8640,3,0.9996527777777777,227.400000000000000000,2019-06-01 00:00:00,2019-06-30 23:55:00
2019,S88,7,7538,8928,1390,0.8443100358422939,24.200000000000000000,2019-07-01 00:00:00,2019-07-31 23:55:00
2019,S88,8,8920,8928,8,0.9991039426523297,32.600000000000000000,2019-08-01 00:00:00,2019-08-31 23:55:00
2019,S88,9,8640,8640,0,1.0,71.800000000000000000,2019-09-01 00:00:00,2019-09-30 23:55:00
2019,S88,10,8927,8928,1,0.9998879928315412,117.400000000000000000,2019-10-01 00:00:00,2019-10-31 23:55:00
2019,S88,11,6895,8640,1745,0.7980324074074074,132.800000000000000000,2019-11-01 00:00:00,2019-11-30 23:55:00
2019,S88,12,8921,8928,7,0.9992159498207885,277.199980000000000000,2019-12-01 00:00:00,2019-12-31 23:55:00
2019,S89,1,8923,8928,5,0.9994399641577061,146.199990000000000000,2019-01-01 00:00:00,2019-01-31 23:55:00
2019,S89,2,8059,8064,5,0.9993799603174603,87.799990000000000000,2019-02-01 00:00:00,2019-02-28 23:55:00
2019,S89,3,8915,8928,13,0.9985439068100358,125.600000000000000000,2019-03-01 00:00:00,2019-03-31 23:55:00
2019,S89,4,7876,8640,764,0.9115740740740741,227.800010000000000000,2019-04-01 00:00:00,2019-04-30 23:55:00
2019,S89,5,8923,8928,5,0.9994399641577061,275.600000000000000000,2019-05-01 00:00:00,2019-05-31 23:55:00
2019,S89,6,8636,8640,4,0.999537037037037,302.000020000000000000,2019-06-01 00:00:00,2019-06-30 23:55:00
2019,S89,7,7539,8928,1389,0.8444220430107527,61.400000000000000000,2019-07-01 00:00:00,2019-07-31 23:55:00
2019,S89,8,8915,8928,13,0.9985439068100358,17.400000000000000000,2019-08-01 00:00:00,2019-08-31 23:55:00
2019,S89,9,8635,8640,5,0.9994212962962963,123.000000000000000000,2019-09-01 00:00:00,2019-09-30 23:55:00
2019,S89,10,8927,8928,1,0.9998879928315412,238.400000000000000000,2019-10-01 00:00:00,2019-10-31 23:55:00
2019,S89,11,6896,8640,1744,0.7981481481481482,249.800000000000000000,2019-11-01 00:00:00,2019-11-30 23:55:00
2019,S89,12,8920,8928,8,0.9991039426523297,243.399990000000000000,2019-12-01 00:00:00,2019-12-31 23:55:00
2019,S90,1,8925,8928,3,0.9996639784946236,101.200000000000000000,2019-01-01 00:00:00,2019-01-31 23:55:00
2019,S90,2,8059,8064,5,0.9993799603174603,22.000000000000000000,2019-02-01 00:00:00,2019-02-28 23:55:00
2019,S90,3,8924,8928,4,0.9995519713261649,94.200000000000000000,2019-03-01 00:00:00,2019-03-31 23:55:00
2019,S90,4,7875,8640,765,0.9114583333333334,233.200000000000000000,2019-04-01 00:00:00,2019-04-30 23:55:00
2019,S90,5,8924,8928,4,0.9995519713261649,171.200000000000000000,2019-05-01 00:00:00,2019-05-31 23:55:00
2019,S90,6,8636,8640,4,0.999537037037037,243.600000000000000000,2019-06-01 00:00:00,2019-06-30 23:55:00
2019,S90,7,7538,8928,1390,0.8443100358422939,49.800000000000000000,2019-07-01 00:00:00,2019-07-31 23:55:00
2019,S90,8,8913,8928,15,0.9983198924731183,46.000000000000000000,2019-08-01 00:00:00,2019-08-31 23:55:00
2019,S90,9,8637,8640,3,0.9996527777777777,77.400000000000000000,2019-09-01 00:00:00,2019-09-30 23:55:00
2019,S90,10,8927,8928,1,0.9998879928315412,152.400000000000000000,2019-10-01 00:00:00,2019-10-31 23:55:00
2019,S90,11,6896,8640,1744,0.7981481481481482,145.200000000000000000,2019-11-01 00:00:00,2019-11-30 23:55:00
2019,S90,12,8921,8928,7,0.9992159498207885,280.000000000000000000,2019-12-01 00:00:00,2019-12-31 23:55:00
2019,S900,1,8926,8928,2,0.9997759856630825,80.400000000000000000,2019-01-01 00:00:00,2019-01-31 23:55:00
2019,S900,2,8060,8064,4,0.9995039682539683,51.400000000000000000,2019-02-01 00:00:00,2019-02-28 23:55:00
2019,S900,3,8901,8928,27,0.9969758064516129,156.200000000000000000,2019-03-01 00:00:00,2019-03-31 23:55:00
2019,S900,4,7863,8640,777,0.9100694444444445,142.800000000000000000,2019-04-01 00:00:00,2019-04-30 23:55:00
2019,S900,5,8908,8928,20,0.9977598566308243,135.800000000000000000,2019-05-01 00:00:00,2019-05-31 23:55:00
2019,S900,6,8626,8640,14,0.9983796296296297,213.200000000000000000,2019-06-01 00:00:00,2019-06-30 23:55:00
2019,S900,7,7373,8928,1555,0.825828853046595,58.400000000000000000,2019-07-01 00:00:00,2019-07-31 23:55:00
2019,S900,8,8910,8928,18,0.9979838709677419,77.600000000000000000,2019-08-01 00:00:00,2019-08-31 23:55:00
2019,S900,9,8585,8640,55,0.9936342592592593,163.599990000000000000,2019-09-01 00:00:00,2019-09-30 23:55:00
2019,S900,10,8926,8928,2,0.9997759856630825,184.600010000000000000,2019-10-01 00:00:00,2019-10-31 23:55:00
2019,S900,11,6859,8640,1781,0.7938657407407408,126.800000000000000000,2019-11-01 00:00:00,2019-11-30 23:55:00
2019,S900,12,8759,8928,169,0.9810707885304659,311.000010000000000000,2019-12-01 00:00:00,2019-12-31 23:55:00
2019,S91,1,2686,8928,6242,0.3008512544802867,39.200000000000000000,2019-01-03 13:10:00,2019-01-17 18:50:00
2019,S91,2,0,8064,8064,0.0,0,,
2019,S91,3,0,8928,8928,0.0,0,,
2019,S91,4,0,8640,8640,0.0,0,,
2019,S91,5,0,8928,8928,0.0,0,,
2019,S91,6,0,8640,8640,0.0,0,,
2019,S91,7,7239,8928,1689,0.8108198924731183,53.400000000000000000,2019-07-01 12:15:00,2019-07-31 23:55:00
2019,S91,8,8790,8928,138,0.9845430107526881,92.199990000000000000,2019-08-01 00:00:00,2019-08-31 23:55:00
2019,S91,9,8636,8640,4,0.999537037037037,234.000000000000000000,2019-09-01 00:00:00,2019-09-30 23:55:00
2019,S91,10,8927,8928,1,0.9998879928315412,231.000010000000000000,2019-10-01 00:00:00,2019-10-31 23:55:00
2019,S91,11,6896,8640,1744,0.7981481481481482,186.800000000000000000,2019-11-01 00:00:00,2019-11-30 23:55:00
2019,S91,12,8918,8928,10,0.9988799283154122,333.800000000000000000,2019-12-01 00:00:00,2019-12-31 23:55:00
2019,S92,1,8925,8928,3,0.9996639784946236,91.600000000000000000,2019-01-01 00:00:00,2019-01-31 23:55:00
2019,S92,2,8060,8064,4,0.9995039682539683,30.400000000000000000,2019-02-01 00:00:00,2019-02-28 23:55:00
2019,S92,3,8926,8928,2,0.9997759856630825,53.599990000000000000,2019-03-01 00:00:00,2019-03-31 23:55:00
2019,S92,4,7876,8640,764,0.9115740740740741,218.000000000000000000,2019-04-01 00:00:00,2019-04-30 23:55:00
2019,S92,5,8924,8928,4,0.9995519713261649,234.999990000000000000,2019-05-01 00:00:00,2019-05-31 23:55:00
2019,S92,6,8637,8640,3,0.9996527777777777,225.800000000000000000,2019-06-01 00:00:00,2019-06-30 23:55:00
2019,S92,7,7538,8928,1390,0.8443100358422939,32.600000000000000000,2019-07-01 00:00:00,2019-07-31 23:55:00
2019,S92,8,8916,8928,12,0.9986559139784946,16.400000000000000000,2019-08-01 00:00:00,2019-08-31 23:55:00
2019,S92,9,8635,8640,5,0.9994212962962963,90.200010000000000000,2019-09-01 00:00:00,2019-09-30 23:55:00
2019,S92,10,8927,8928,1,0.9998879928315412,45.800000000000000000,2019-10-01 00:00:00,2019-10-31 23:55:00
2019,S92,11,6896,8640,1744,0.7981481481481482,215.799990000000000000,2019-11-01 00:00:00,2019-11-30 23:55:00
2019,S92,12,8241,8928,687,0.9230510752688172,196.400000000000000000,2019-12-01 00:00:00,2019-12-31 23:55:00
2019,S94,1,8908,8928,20,0.9977598566308243,75.000000000000000000,2019-01-01 00:00:00,2019-01-31 23:55:00
2019,S94,2,8058,8064,6,0.9992559523809523,53.000000000000000000,2019-02-01 00:00:00,2019-02-28 23:55:00
2019,S94,3,8919,8928,9,0.998991935483871,60.800000000000000000,2019-03-01 00:00:00,2019-03-31 23:55:00
2019,S94,4,7873,8640,767,0.9112268518518518,175.600000000000000000,2019-04-01 00:00:00,2019-04-30 23:55:00
2019,S94,5,8925,8928,3,0.9996639784946236,58.400000000000000000,2019-05-01 00:00:00,2019-05-31 23:55:00
2019,S94,6,8637,8640,3,0.9996527777777777,172.200000000000000000,2019-06-01 00:00:00,2019-06-30 23:55:00
2019,S94,7,7537,8928,1391,0.8441980286738351,31.600000000000000000,2019-07-01 00:00:00,2019-07-31 23:55:00
2019,S94,8,8916,8928,12,0.9986559139784946,12.800000000000000000,2019-08-01 00:00:00,2019-08-31 23:55:00
2019,S94,9,8638,8640,2,0.9997685185185186,30.400000000000000000,2019-09-01 00:00:00,2019-09-30 23:55:00
2019,S94,10,8926,8928,2,0.9997759856630825,159.000000000000000000,2019-10-01 00:00:00,2019-10-31 23:55:00
2019,S94,11,6896,8640,1744,0.7981481481481482,159.600010000000000000,2019-11-01 00:00:00,2019-11-30 23:55:00
2019,S94,12,8921,8928,7,0.9992159498207885,361.800000000000000000,2019-12-01 00:00:00,2019-12-31 23:55:00
2020,S07,1,8907,8928,21,0.9976478494623656,103.200000000000000000,2020-01-01 00:00:00,2020-01-31 23:55:00
2020,S07,2,8352,8352,0,1.0,127.200000000000000000,2020-02-01 00:00:00,2020-02-29 23:55:00
2020,S07,3,8918,8928,10,0.9988799283154122,138.800000000000000000,2020-03-01 00:00:00,2020-03-31 23:55:00
2020,S07,4,8640,8640,0,1.0,187.200000000000000000,2020-04-01 00:00:00,2020-04-30 23:55:00
2020,S07,5,8925,8928,3,0.9996639784946236,317.000000000000000000,2020-05-01 00:00:00,2020-05-31 23:55:00
2020,S07,6,7552,8640,1088,0.8740740740740741,293.000000000000000000,2020-06-01 00:00:00,2020-06-30 23:55:00
2020,S07,7,7841,8928,1087,0.8782482078853047,161.400000000000000000,2020-07-01 00:00:00,2020-07-31 03:55:00
2020,S07,8,7035,8928,1893,0.7879704301075269,184.999990000000000000,2020-08-01 03:35:00,2020-08-31 23:55:00
2020,S07,9,8634,8640,6,0.9993055555555556,290.400000000000000000,2020-09-01 00:00:00,2020-09-30 23:55:00
2020,S07,10,8914,8928,14,0.9984318996415771,147.200000000000000000,2020-10-01 00:00:00,2020-10-31 23:55:00
2020,S07,11,7684,8640,956,0.8893518518518518,323.200000000000000000,2020-11-01 00:00:00,2020-11-30 23:55:00
2020,S07,12,8689,8928,239,0.9732302867383512,299.800020000000000000,2020-12-01 00:00:00,2020-12-31 23:55:00
2020,S08,1,8909,8928,19,0.9978718637992832,125.800000000000000000,2020-01-01 00:00:00,2020-01-31 23:55:00
2020,S08,2,8352,8352,0,1.0,150.200000000000000000,2020-02-01 00:00:00,2020-02-29 23:55:00
2020,S08,3,8928,8928,0,1.0,150.199990000000000000,2020-03-01 00:00:00,2020-03-31 23:55:00
2020,S08,4,8640,8640,0,1.0,195.600000000000000000,2020-04-01 00:00:00,2020-04-30 23:55:00
2020,S08,5,8928,8928,0,1.0,215.400000000000000000,2020-05-01 00:00:00,2020-05-31 23:55:00
2020,S08,6,7705,8640,935,0.8917824074074074,260.800000000000000000,2020-06-01 00:00:00,2020-06-30 23:55:00
2020,S08,7,7842,8928,1086,0.8783602150537635,201.800000000000000000,2020-07-01 00:00:00,2020-07-31 03:55:00
2020,S08,8,7029,8928,1899,0.7872983870967742,141.199990000000000000,2020-08-01 03:35:00,2020-08-31 23:55:00
2020,S08,9,8632,8640,8,0.9990740740740741,280.600000000000000000,2020-09-01 00:00:00,2020-09-30 23:55:00
2020,S08,10,8924,8928,4,0.9995519713261649,139.800000000000000000,2020-10-01 00:00:00,2020-10-31 23:55:00
2020,S08,11,8637,8640,3,0.9996527777777777,348.200000000000000000,2020-11-01 00:00:00,2020-11-30 23:55:00
2020,S08,12,8925,8928,3,0.9996639784946236,244.000000000000000000,2020-12-01 00:00:00,2020-12-31 23:55:00
2020,S100,1,8895,8928,33,0.9963037634408602,204.799990000000000000,2020-01-01 00:00:00,2020-01-31 23:55:00
2020,S100,2,7764,8352,588,0.9295977011494253,121.000000000000000000,2020-02-01 00:00:00,2020-02-27 23:00:00
2020,S100,3,8484,8928,444,0.9502688172043011,258.599990000000000000,2020-03-02 12:50:00,2020-03-31 23:55:00
2020,S100,4,8640,8640,0,1.0,187.600000000000000000,2020-04-01 00:00:00,2020-04-30 23:55:00
2020,S100,5,8927,8928,1,0.9998879928315412,234.600000000000000000,2020-05-01 00:00:00,2020-05-31 23:55:00
2020,S100,6,7706,8640,934,0.8918981481481482,202.400000000000000000,2020-06-01 00:00:00,2020-06-30 23:55:00
2020,S100,7,7839,8928,1089,0.8780241935483871,156.000000000000000000,2020-07-01 00:00:00,2020-07-31 03:55:00
2020,S100,8,7030,8928,1898,0.787410394265233,147.000000000000000000,2020-08-01 03:35:00,2020-08-31 23:55:00
2020,S100,9,8633,8640,7,0.9991898148148148,245.600000000000000000,2020-09-01 00:00:00,2020-09-30 23:55:00
2020,S100,10,8924,8928,4,0.9995519713261649,244.000010000000000000,2020-10-01 00:00:00,2020-10-31 23:55:00
2020,S100,11,8635,8640,5,0.9994212962962963,320.400010000000000000,2020-11-01 00:00:00,2020-11-30 23:55:00
2020,S100,12,8914,8928,14,0.9984318996415771,245.999990000000000000,2020-12-01 00:00:00,2020-12-31 23:55:00
2020,S104,1,8909,8928,19,0.9978718637992832,135.600000000000000000,2020-01-01 00:00:00,2020-01-31 23:55:00
2020,S104,2,8352,8352,0,1.0,75.400000000000000000,2020-02-01 00:00:00,2020-02-29 23:55:00
2020,S104,3,8928,8928,0,1.0,182.000000000000000000,2020-03-01 00:00:00,2020-03-31 23:55:00
2020,S104,4,8640,8640,0,1.0,205.400000000000000000,2020-04-01 00:00:00,2020-04-30 23:55:00
2020,S104,5,8927,8928,1,0.9998879928315412,157.400000000000000000,2020-05-01 00:00:00,2020-05-31 23:55:00
2020,S104,6,7707,8640,933,0.8920138888888889,134.000000000000000000,2020-06-01 00:00:00,2020-06-30 23:55:00
2020,S104,7,7838,8928,1090,0.8779121863799283,176.000000000000000000,2020-07-01 00:00:00,2020-07-31 03:55:00
2020,S104,8,7027,8928,1901,0.7870743727598566,109.200000000000000000,2020-08-01 03:35:00,2020-08-31 23:55:00
2020,S104,9,8636,8640,4,0.999537037037037,252.800000000000000000,2020-09-01 00:00:00,2020-09-30 23:55:00
2020,S104,10,8926,8928,2,0.9997759856630825,142.000000000000000000,2020-10-01 00:00:00,2020-10-31 23:55:00
2020,S104,11,8628,8640,12,0.9986111111111111,315.999980000000000000,2020-11-01 00:00:00,2020-11-30 23:55:00
2020,S104,12,8820,8928,108,0.9879032258064516,171.800000000000000000,2020-12-01 00:00:00,2020-12-31 23:55:00
2020,S105,1,2134,8928,6794,0.23902329749103943,16.800000000000000000,2020-01-01 00:00:00,2020-01-08 09:45:00
2020,S105,2,0,8352,8352,0.0,0,,
2020,S105,3,0,8928,8928,0.0,0,,
2020,S105,4,0,8640,8640,0.0,0,,
2020,S105,5,0,8928,8928,0.0,0,,
2020,S105,6,0,8640,8640,0.0,0,,
2020,S105,7,0,8928,8928,0.0,0,,
2020,S105,8,0,8928,8928,0.0,0,,
2020,S105,9,0,8640,8640,0.0,0,,
2020,S105,10,0,8928,8928,0.0,0,,
2020,S105,11,0,8640,8640,0.0,0,,
2020,S105,12,0,8928,8928,0.0,0,,
2020,S106,1,8906,8928,22,0.9975358422939068,133.600000000000000000,2020-01-01 00:00:00,2020-01-31 23:55:00
2020,S106,2,8346,8352,6,0.9992816091954023,75.000000000000000000,2020-02-01 00:00:00,2020-02-29 23:55:00
2020,S106,3,8907,8928,21,0.9976478494623656,152.400000000000000000,2020-03-01 00:00:00,2020-03-31 23:55:00
2020,S106,4,8636,8640,4,0.999537037037037,177.200000000000000000,2020-04-01 00:00:00,2020-04-30 23:55:00
2020,S106,5,6602,8928,2326,0.7394713261648745,162.400000000000000000,2020-05-01 00:00:00,2020-05-31 06:10:00
2020,S106,6,5914,8640,2726,0.6844907407407408,144.400000000000000000,2020-06-01 08:30:00,2020-06-30 23:55:00
2020,S106,7,7818,8928,1110,0.8756720430107527,96.000000000000000000,2020-07-01 00:00:00,2020-07-31 03:55:00
2020,S106,8,7014,8928,1914,0.7856182795698925,147.400000000000000000,2020-08-01 03:35:00,2020-08-31 23:55:00
2020,S106,9,8604,8640,36,0.9958333333333333,184.999990000000000000,2020-09-01 00:00:00,2020-09-30 23:55:00
2020,S106,10,8232,8928,696,0.9220430107526881,87.800000000000000000,2020-10-01 00:00:00,2020-10-31 23:55:00
2020,S106,11,8388,8640,252,0.9708333333333333,224.000000000000000000,2020-11-01 00:00:00,2020-11-30 04:25:00
2020,S106,12,5857,8928,3071,0.6560259856630825,160.400000000000000000,2020-12-11 13:10:00,2020-12-31 23:55:00
2020,S107,1,8907,8928,21,0.9976478494623656,73.400000000000000000,2020-01-01 00:00:00,2020-01-31 23:55:00
2020,S107,2,8352,8352,0,1.0,82.600000000000000000,2020-02-01 00:00:00,2020-02-29 23:55:00
2020,S107,3,8928,8928,0,1.0,8.200000000000000000,2020-03-01 00:00:00,2020-03-31 23:55:00
2020,S107,4,7525,8640,1115,0.8709490740740741,122.400000000000000000,2020-04-01 00:00:00,2020-04-27 03:00:00
2020,S107,5,7329,8928,1599,0.8209005376344086,147.400000000000000000,2020-05-06 11:35:00,2020-05-31 23:55:00
2020,S107,6,7700,8640,940,0.8912037037037037,262.000010000000000000,2020-06-01 00:00:00,2020-06-30 23:55:00
2020,S107,7,7837,8928,1091,0.8778001792114696,126.200000000000000000,2020-07-01 00:00:00,2020-07-31 03:55:00
2020,S107,8,7026,8928,1902,0.7869623655913979,176.000000000000000000,2020-08-01 03:35:00,2020-08-31 23:55:00
2020,S107,9,8629,8640,11,0.9987268518518518,216.000000000000000000,2020-09-01 00:00:00,2020-09-30 23:55:00
2020,S107,10,8919,8928,9,0.998991935483871,97.400000000000000000,2020-10-01 00:00:00,2020-10-31 23:55:00
2020,S107,11,8630,8640,10,0.9988425925925926,364.200020000000000000,2020-11-01 00:00:00,2020-11-30 23:55:00
2020,S107,12,8926,8928,2,0.9997759856630825,182.000000000000000000,2020-12-01 00:00:00,2020-12-31 23:55:00
2020,S108,1,7577,8928,1351,0.8486783154121864,111.200000000000000000,2020-01-01 00:00:00,2020-01-31 23:55:00
2020,S108,2,7470,8352,882,0.8943965517241379,95.400000000000000000,2020-02-01 00:00:00,2020-02-29 23:55:00
2020,S108,3,7483,8928,1445,0.838149641577061,72.000000000000000000,2020-03-01 00:00:00,2020-03-31 23:55:00
2020,S108,4,7351,8640,1289,0.8508101851851851,255.800000000000000000,2020-04-01 00:00:00,2020-04-30 19:15:00
2020,S108,5,6425,8928,2503,0.7196460573476703,272.599990000000000000,2020-05-03 10:50:00,2020-05-31 23:55:00
2020,S108,6,3725,8640,4915,0.43113425925925924,171.400000000000000000,2020-06-01 00:00:00,2020-06-30 23:55:00
2020,S108,7,5852,8928,3076,0.6554659498207885,129.600000000000000000,2020-07-01 00:00:00,2020-07-31 03:55:00
2020,S108,8,7026,8928,1902,0.7869623655913979,158.200000000000000000,2020-08-01 03:35:00,2020-08-31 23:55:00
2020,S108,9,8611,8640,29,0.9966435185185185,315.600000000000000000,2020-09-01 00:00:00,2020-09-30 23:55:00
2020,S108,10,7121,8928,1807,0.797603046594982,129.600000000000000000,2020-10-01 00:00:00,2020-10-31 23:55:00
2020,S108,11,8629,8640,11,0.9987268518518518,267.200000000000000000,2020-11-01 00:00:00,2020-11-30 23:55:00
2020,S108,12,8920,8928,8,0.9991039426523297,304.800000000000000000,2020-12-01 00:00:00,2020-12-31 23:55:00
2020,S109,1,8908,8928,20,0.9977598566308243,151.000000000000000000,2020-01-01 00:00:00,2020-01-31 23:55:00
2020,S109,2,8339,8352,13,0.9984434865900383,151.400000000000000000,2020-02-01 00:00:00,2020-02-29 23:55:00
2020,S109,3,6426,8928,2502,0.719758064516129,42.400000000000000000,2020-03-01 00:00:00,2020-03-31 23:55:00
2020,S109,4,8640,8640,0,1.0,247.599990000000000000,2020-04-01 00:00:00,2020-04-30 23:55:00
2020,S109,5,8928,8928,0,1.0,202.599990000000000000,2020-05-01 00:00:00,2020-05-31 23:55:00
2020,S109,6,7701,8640,939,0.8913194444444444,231.200000000000000000,2020-06-01 00:00:00,2020-06-30 23:55:00
2020,S109,7,7839,8928,1089,0.8780241935483871,207.400000000000000000,2020-07-01 00:00:00,2020-07-31 03:55:00
2020,S109,8,7025,8928,1903,0.786850358422939,159.200000000000000000,2020-08-01 03:35:00,2020-08-31 23:55:00
2020,S109,9,8625,8640,15,0.9982638888888888,234.600000000000000000,2020-09-01 00:00:00,2020-09-30 23:55:00
2020,S109,10,8914,8928,14,0.9984318996415771,148.400000000000000000,2020-10-01 00:00:00,2020-10-31 23:55:00
2020,S109,11,7278,8640,1362,0.8423611111111111,343.200000000000000000,2020-11-01 00:00:00,2020-11-26 07:10:00
2020,S109,12,6406,8928,2522,0.7175179211469535,216.800000000000000000,2020-12-01 14:55:00,2020-12-31 23:55:00
2020,S11,1,8909,8928,19,0.9978718637992832,137.600000000000000000,2020-01-01 00:00:00,2020-01-31 23:55:00
2020,S11,2,8350,8352,2,0.9997605363984674,43.600000000000000000,2020-02-01 00:00:00,2020-02-29 23:55:00
2020,S11,3,8928,8928,0,1.0,187.800010000000000000,2020-03-01 00:00:00,2020-03-31 23:55:00
2020,S11,4,8640,8640,0,1.0,271.400010000000000000,2020-04-01 00:00:00,2020-04-30 23:55:00
2020,S11,5,8927,8928,1,0.9998879928315412,219.800000000000000000,2020-05-01 00:00:00,2020-05-31 23:55:00
2020,S11,6,7707,8640,933,0.8920138888888889,320.000000000000000000,2020-06-01 00:00:00,2020-06-30 23:55:00
2020,S11,7,7845,8928,1083,0.8786962365591398,266.399990000000000000,2020-07-01 00:00:00,2020-07-31 03:55:00
2020,S11,8,7033,8928,1895,0.7877464157706093,259.799990000000000000,2020-08-01 03:35:00,2020-08-31 23:55:00
2020,S11,9,8627,8640,13,0.9984953703703704,319.000010000000000000,2020-09-01 00:00:00,2020-09-30 23:55:00
2020,S11,10,8916,8928,12,0.9986559139784946,270.800010000000000000,2020-10-01 00:00:00,2020-10-31 23:55:00
2020,S11,11,8635,8640,5,0.9994212962962963,270.800010000000000000,2020-11-01 00:00:00,2020-11-30 23:55:00
2020,S11,12,8926,8928,2,0.9997759856630825,228.800000000000000000,2020-12-01 00:00:00,2020-12-31 23:55:00
2020,S111,1,8909,8928,19,0.9978718637992832,145.200000000000000000,2020-01-01 00:00:00,2020-01-31 23:55:00
2020,S111,2,8352,8352,0,1.0,103.400000000000000000,2020-02-01 00:00:00,2020-02-29 23:55:00
2020,S111,3,8927,8928,1,0.9998879928315412,108.200000000000000000,2020-03-01 00:00:00,2020-03-31 23:55:00
2020,S111,4,8289,8640,351,0.959375,259.400010000000000000,2020-04-01 00:00:00,2020-04-30 23:55:00
2020,S111,5,8526,8928,402,0.9549731182795699,248.600000000000000000,2020-05-01 00:00:00,2020-05-31 23:55:00
2020,S111,6,7587,8640,1053,0.878125,296.800000000000000000,2020-06-01 00:00:00,2020-06-30 23:55:00
2020,S111,7,7822,8928,1106,0.8761200716845878,113.600000000000000000,2020-07-01 00:00:00,2020-07-31 03:55:00
2020,S111,8,6597,8928,2331,0.7389112903225806,230.800000000000000000,2020-08-01 03:35:00,2020-08-31 23:55:00
2020,S111,9,8347,8640,293,0.966087962962963,258.800000000000000000,2020-09-01 00:00:00,2020-09-30 23:55:00
2020,S111,10,8918,8928,10,0.9988799283154122,192.800000000000000000,2020-10-01 00:00:00,2020-10-31 23:55:00
2020,S111,11,8630,8640,10,0.9988425925925926,216.800000000000000000,2020-11-01 00:00:00,2020-11-30 23:55:00
2020,S111,12,8924,8928,4,0.9995519713261649,287.200000000000000000,2020-12-01 00:00:00,2020-12-31 23:55:00
2020,S112,1,8108,8928,820,0.9081541218637993,89.000000000000000000,2020-01-01 00:00:00,2020-01-31 23:55:00
2020,S112,2,7276,8352,1076,0.8711685823754789,51.400000000000000000,2020-02-01 00:00:00,2020-02-29 23:55:00
2020,S112,3,8091,8928,837,0.90625,213.400000000000000000,2020-03-01 00:00:00,2020-03-31 23:55:00
2020,S112,4,8639,8640,1,0.9998842592592593,294.199980000000000000,2020-04-01 00:00:00,2020-04-30 23:55:00
2020,S112,5,8320,8928,608,0.931899641577061,214.199990000000000000,2020-05-01 00:00:00,2020-05-31 23:55:00
2020,S112,6,6238,8640,2402,0.7219907407407408,109.000000000000000000,2020-06-01 00:00:00,2020-06-30 23:55:00
2020,S112,7,6501,8928,2427,0.7281586021505376,181.800000000000000000,2020-07-01 00:00:00,2020-07-31 03:55:00
2020,S112,8,6704,8928,2224,0.7508960573476703,129.600000000000000000,2020-08-01 03:35:00,2020-08-31 23:55:00
2020,S112,9,7781,8640,859,0.9005787037037037,196.200000000000000000,2020-09-01 00:00:00,2020-09-30 23:55:00
2020,S112,10,8926,8928,2,0.9997759856630825,230.800010000000000000,2020-10-01 00:00:00,2020-10-31 23:55:00
2020,S112,11,8637,8640,3,0.9996527777777777,272.600000000000000000,2020-11-01 00:00:00,2020-11-30 23:55:00
2020,S112,12,8916,8928,12,0.9986559139784946,237.400000000000000000,2020-12-01 00:00:00,2020-12-31 23:55:00
2020,S113,1,8909,8928,19,0.9978718637992832,167.400000000000000000,2020-01-01 00:00:00,2020-01-31 23:55:00
2020,S113,2,8352,8352,0,1.0,124.400000000000000000,2020-02-01 00:00:00,2020-02-29 23:55:00
2020,S113,3,8927,8928,1,0.9998879928315412,56.600000000000000000,2020-03-01 00:00:00,2020-03-31 23:55:00
2020,S113,4,8640,8640,0,1.0,278.800000000000000000,2020-04-01 00:00:00,2020-04-30 23:55:00
2020,S113,5,8920,8928,8,0.9991039426523297,193.800000000000000000,2020-05-01 00:00:00,2020-05-31 23:55:00
2020,S113,6,7707,8640,933,0.8920138888888889,378.800000000000000000,2020-06-01 00:00:00,2020-06-30 23:55:00
2020,S113,7,7845,8928,1083,0.8786962365591398,145.000000000000000000,2020-07-01 00:00:00,2020-07-31 03:55:00
2020,S113,8,7025,8928,1903,0.786850358422939,210.999990000000000000,2020-08-01 03:35:00,2020-08-31 23:55:00
2020,S113,9,8625,8640,15,0.9982638888888888,288.400000000000000000,2020-09-01 00:00:00,2020-09-30 23:55:00
2020,S113,10,8915,8928,13,0.9985439068100358,143.400000000000000000,2020-10-01 00:00:00,2020-10-31 23:55:00
2020,S113,11,8627,8640,13,0.9984953703703704,364.599990000000000000,2020-11-01 00:00:00,2020-11-30 23:55:00
2020,S113,12,8924,8928,4,0.9995519713261649,246.999990000000000000,2020-12-01 00:00:00,2020-12-31 23:55:00
2020,S114,1,8611,8928,317,0.9644937275985663,84.600000000000000000,2020-01-01 00:00:00,2020-01-31 23:55:00
2020,S114,2,8293,8352,59,0.9929358237547893,78.200000000000000000,2020-02-01 00:00:00,2020-02-29 23:55:00
2020,S114,3,8895,8928,33,0.9963037634408602,184.000000000000000000,2020-03-01 00:00:00,2020-03-31 23:55:00
2020,S114,4,8459,8640,181,0.9790509259259259,318.000000000000000000,2020-04-01 00:00:00,2020-04-30 23:55:00
2020,S114,5,8610,8928,318,0.9643817204301075,230.000000000000000000,2020-05-01 00:00:00,2020-05-31 23:55:00
2020,S114,6,7623,8640,1017,0.8822916666666667,280.800000000000000000,2020-06-01 00:00:00,2020-06-30 23:55:00
2020,S114,7,7843,8928,1085,0.8784722222222222,255.800000000000000000,2020-07-01 00:00:00,2020-07-31 03:55:00
2020,S114,8,7025,8928,1903,0.786850358422939,174.599990000000000000,2020-08-01 03:35:00,2020-08-31 23:55:00
2020,S114,9,8337,8640,303,0.9649305555555555,295.200000000000000000,2020-09-01 00:00:00,2020-09-30 23:55:00
2020,S114,10,8919,8928,9,0.998991935483871,202.000000000000000000,2020-10-01 00:00:00,2020-10-31 23:55:00
2020,S114,11,8593,8640,47,0.9945601851851852,282.399980000000000000,2020-11-01 00:00:00,2020-11-30 23:55:00
2020,S114,12,8794,8928,134,0.9849910394265233,213.400000000000000000,2020-12-01 00:00:00,2020-12-31 23:55:00
2020,S115,1,8909,8928,19,0.9978718637992832,259.399990000000000000,2020-01-01 00:00:00,2020-01-31 23:55:00
2020,S115,2,8352,8352,0,1.0,145.400000000000000000,2020-02-01 00:00:00,2020-02-29 23:55:00
2020,S115,3,8927,8928,1,0.9998879928315412,140.800000000000000000,2020-03-01 00:00:00,2020-03-31 23:55:00
2020,S115,4,7161,8640,1479,0.8288194444444444,132.800010000000000000,2020-04-01 00:00:00,2020-04-30 23:55:00
2020,S115,5,8444,8928,484,0.9457885304659498,150.800010000000000000,2020-05-01 00:00:00,2020-05-31 23:55:00
2020,S115,6,7688,8640,952,0.8898148148148148,385.599980000000000000,2020-06-01 00:00:00,2020-06-30 23:55:00
2020,S115,7,7840,8928,1088,0.8781362007168458,464.800000000000000000,2020-07-01 00:00:00,2020-07-31 03:55:00
2020,S115,8,7023,8928,1905,0.7866263440860215,135.200000000000000000,2020-08-01 03:35:00,2020-08-31 23:55:00
2020,S115,9,8628,8640,12,0.9986111111111111,414.800000000000000000,2020-09-01 00:00:00,2020-09-30 23:55:00
2020,S115,10,8839,8928,89,0.9900313620071685,270.000010000000000000,2020-10-01 00:00:00,2020-10-31 23:55:00
2020,S115,11,8629,8640,11,0.9987268518518518,391.000000000000000000,2020-11-01 00:00:00,2020-11-30 23:55:00
2020,S115,12,6832,8928,2096,0.7652329749103942,241.400000000000000000,2020-12-01 00:00:00,2020-12-31 23:55:00
2020,S116,1,8909,8928,19,0.9978718637992832,177.200000000000000000,2020-01-01 00:00:00,2020-01-31 23:55:00
2020,S116,2,8352,8352,0,1.0,53.000000000000000000,2020-02-01 00:00:00,2020-02-29 23:55:00
2020,S116,3,8928,8928,0,1.0,168.399990000000000000,2020-03-01 00:00:00,2020-03-31 23:55:00
2020,S116,4,8639,8640,1,0.9998842592592593,217.000000000000000000,2020-04-01 00:00:00,2020-04-30 23:55:00
2020,S116,5,6914,8928,2014,0.7744175627240143,182.000000000000000000,2020-05-01 00:00:00,2020-05-31 23:55:00
2020,S116,6,7704,8640,936,0.8916666666666667,280.600000000000000000,2020-06-01 00:00:00,2020-06-30 23:55:00
2020,S116,7,7839,8928,1089,0.8780241935483871,192.200000000000000000,2020-07-01 00:00:00,2020-07-31 03:55:00
2020,S116,8,4070,8928,4858,0.45586917562724016,36.000000000000000000,2020-08-01 03:35:00,2020-08-31 23:55:00
2020,S116,9,8617,8640,23,0.997337962962963,360.600000000000000000,2020-09-01 00:00:00,2020-09-30 23:55:00
2020,S116,10,8919,8928,9,0.998991935483871,128.600000000000000000,2020-10-01 00:00:00,2020-10-31 23:55:00
2020,S116,11,8636,8640,4,0.999537037037037,206.400000000000000000,2020-11-01 00:00:00,2020-11-30 23:55:00
2020,S116,12,8928,8928,0,1.0,262.400000000000000000,2020-12-01 00:00:00,2020-12-31 23:55:00
2020,S117,1,8909,8928,19,0.9978718637992832,283.600020000000000000,2020-01-01 00:00:00,2020-01-31 23:55:00
2020,S117,2,8347,8352,5,0.9994013409961686,61.400000000000000000,2020-02-01 00:00:00,2020-02-29 23:55:00
2020,S117,3,8639,8928,289,0.9676299283154122,62.200000000000000000,2020-03-01 00:00:00,2020-03-31 23:55:00
2020,S117,4,8640,8640,0,1.0,172.000000000000000000,2020-04-01 00:00:00,2020-04-30 23:55:00
2020,S117,5,8924,8928,4,0.9995519713261649,290.600010000000000000,2020-05-01 00:00:00,2020-05-31 23:55:00
2020,S117,6,7701,8640,939,0.8913194444444444,333.000000000000000000,2020-06-01 00:00:00,2020-06-30 23:55:00
2020,S117,7,7839,8928,1089,0.8780241935483871,151.400000000000000000,2020-07-01 00:00:00,2020-07-31 03:55:00
2020,S117,8,7025,8928,1903,0.786850358422939,89.600000000000000000,2020-08-01 03:35:00,2020-08-31 23:55:00
2020,S117,9,8634,8640,6,0.9993055555555556,364.200010000000000000,2020-09-01 00:00:00,2020-09-30 23:55:00
2020,S117,10,8915,8928,13,0.9985439068100358,256.400000000000000000,2020-10-01 00:00:00,2020-10-31 23:55:00
2020,S117,11,8632,8640,8,0.9990740740740741,313.000000000000000000,2020-11-01 00:00:00,2020-11-30 23:55:00
2020,S117,12,4416,8928,4512,0.4946236559139785,91.400000000000000000,2020-12-01 00:00:00,2020-12-16 07:55:00
2020,S118,1,8351,8928,577,0.9353718637992832,147.200000000000000000,2020-01-01 00:00:00,2020-01-31 23:55:00
2020,S118,2,8352,8352,0,1.0,103.200000000000000000,2020-02-01 00:00:00,2020-02-29 23:55:00
2020,S118,3,8928,8928,0,1.0,115.800000000000000000,2020-03-01 00:00:00,2020-03-31 23:55:00
2020,S118,4,8640,8640,0,1.0,305.600020000000000000,2020-04-01 00:00:00,2020-04-30 23:55:00
2020,S118,5,8849,8928,79,0.9911514336917563,325.200000000000000000,2020-05-01 00:00:00,2020-05-31 23:55:00
2020,S118,6,6956,8640,1684,0.8050925925925926,230.200000000000000000,2020-06-01 00:00:00,2020-06-30 23:55:00
2020,S118,7,7841,8928,1087,0.8782482078853047,145.000000000000000000,2020-07-01 00:00:00,2020-07-31 03:55:00
2020,S118,8,7029,8928,1899,0.7872983870967742,265.400000000000000000,2020-08-01 03:35:00,2020-08-31 23:55:00
2020,S118,9,8634,8640,6,0.9993055555555556,316.000000000000000000,2020-09-01 00:00:00,2020-09-30 23:55:00
2020,S118,10,8509,8928,419,0.9530689964157706,163.200000000000000000,2020-10-01 00:00:00,2020-10-31 23:55:00
2020,S118,11,7968,8640,672,0.9222222222222223,43.000000000000000000,2020-11-01 00:00:00,2020-11-30 23:55:00
2020,S118,12,8924,8928,4,0.9995519713261649,323.000020000000000000,2020-12-01 00:00:00,2020-12-31 23:55:00
2020,S119,1,8909,8928,19,0.9978718637992832,140.600000000000000000,2020-01-01 00:00:00,2020-01-31 23:55:00
2020,S119,2,8341,8352,11,0.9986829501915708,114.000000000000000000,2020-02-01 00:00:00,2020-02-29 23:55:00
2020,S119,3,8869,8928,59,0.993391577060932,78.600000000000000000,2020-03-01 00:00:00,2020-03-31 23:55:00
2020,S119,4,8640,8640,0,1.0,327.000010000000000000,2020-04-01 00:00:00,2020-04-30 23:55:00
2020,S119,5,8926,8928,2,0.9997759856630825,341.800000000000000000,2020-05-01 00:00:00,2020-05-31 23:55:00
2020,S119,6,7172,8640,1468,0.8300925925925926,438.000000000000000000,2020-06-01 00:00:00,2020-06-30 23:55:00
2020,S119,7,7104,8928,1824,0.7956989247311828,152.800000000000000000,2020-07-01 00:00:00,2020-07-31 03:55:00
2020,S119,8,7026,8928,1902,0.7869623655913979,218.599990000000000000,2020-08-01 03:35:00,2020-08-31 23:55:00
2020,S119,9,8539,8640,101,0.9883101851851852,345.999990000000000000,2020-09-01 00:00:00,2020-09-30 23:55:00
2020,S119,10,8900,8928,28,0.9968637992831542,188.000000000000000000,2020-10-01 00:00:00,2020-10-31 23:55:00
2020,S119,11,8579,8640,61,0.9929398148148149,279.000000000000000000,2020-11-01 00:00:00,2020-11-30 23:55:00
2020,S119,12,8656,8928,272,0.9695340501792115,323.800000000000000000,2020-12-01 00:00:00,2020-12-31 23:55:00
2020,S120,1,8909,8928,19,0.9978718637992832,139.000000000000000000,2020-01-01 00:00:00,2020-01-31 23:55:00
2020,S120,2,8352,8352,0,1.0,110.200000000000000000,2020-02-01 00:00:00,2020-02-29 23:55:00
2020,S120,3,8928,8928,0,1.0,140.400000000000000000,2020-03-01 00:00:00,2020-03-31 23:55:00
2020,S120,4,8640,8640,0,1.0,247.600000000000000000,2020-04-01 00:00:00,2020-04-30 23:55:00
2020,S120,5,8928,8928,0,1.0,300.200000000000000000,2020-05-01 00:00:00,2020-05-31 23:55:00
2020,S120,6,7707,8640,933,0.8920138888888889,366.600000000000000000,2020-06-01 00:00:00,2020-06-30 23:55:00
2020,S120,7,7844,8928,1084,0.878584229390681,143.200000000000000000,2020-07-01 00:00:00,2020-07-31 03:55:00
2020,S120,8,7031,8928,1897,0.7875224014336918,199.800000000000000000,2020-08-01 03:35:00,2020-08-31 23:55:00
2020,S120,9,8636,8640,4,0.999537037037037,337.800000000000000000,2020-09-01 00:00:00,2020-09-30 23:55:00
2020,S120,10,8924,8928,4,0.9995519713261649,189.400000000000000000,2020-10-01 00:00:00,2020-10-31 23:55:00
2020,S120,11,8630,8640,10,0.9988425925925926,225.600000000000000000,2020-11-01 00:00:00,2020-11-30 23:55:00
2020,S120,12,8920,8928,8,0.9991039426523297,247.600000000000000000,2020-12-01 00:00:00,2020-12-31 23:55:00
2020,S121,1,8909,8928,19,0.9978718637992832,124.200010000000000000,2020-01-01 00:00:00,2020-01-31 23:55:00
2020,S121,2,8352,8352,0,1.0,62.200000000000000000,2020-02-01 00:00:00,2020-02-29 23:55:00
2020,S121,3,8928,8928,0,1.0,181.399990000000000000,2020-03-01 00:00:00,2020-03-31 23:55:00
2020,S121,4,8639,8640,1,0.9998842592592593,270.000000000000000000,2020-04-01 00:00:00,2020-04-30 23:55:00
2020,S121,5,8919,8928,9,0.998991935483871,282.999990000000000000,2020-05-01 00:00:00,2020-05-31 23:55:00
2020,S121,6,7699,8640,941,0.891087962962963,318.000000000000000000,2020-06-01 00:00:00,2020-06-30 23:55:00
2020,S121,7,7840,8928,1088,0.8781362007168458,267.400000000000000000,2020-07-01 00:00:00,2020-07-31 03:55:00
2020,S121,8,7017,8928,1911,0.7859543010752689,198.000000000000000000,2020-08-01 03:35:00,2020-08-31 23:55:00
2020,S121,9,8606,8640,34,0.9960648148148148,271.799990000000000000,2020-09-01 00:00:00,2020-09-30 23:55:00
2020,S121,10,8918,8928,10,0.9988799283154122,205.800000000000000000,2020-10-01 00:00:00,2020-10-31 23:55:00
2020,S121,11,8627,8640,13,0.9984953703703704,270.400000000000000000,2020-11-01 00:00:00,2020-11-30 23:55:00
2020,S121,12,8924,8928,4,0.9995519713261649,208.000000000000000000,2020-12-01 00:00:00,2020-12-31 23:55:00
2020,S122,1,8908,8928,20,0.9977598566308243,46.200000000000000000,2020-01-01 00:00:00,2020-01-31 23:55:00
2020,S122,2,3472,8352,4880,0.4157088122605364,87.400000000000000000,2020-02-01 00:00:00,2020-02-13 01:15:00
2020,S122,3,7347,8928,1581,0.8229166666666666,101.600020000000000000,2020-03-06 11:45:00,2020-03-31 23:55:00
2020,S122,4,5962,8640,2678,0.6900462962962963,157.600000000000000000,2020-04-01 00:00:00,2020-04-25 10:15:00
2020,S122,5,7933,8928,995,0.8885528673835126,173.600000000000000000,2020-05-04 10:30:00,2020-05-31 23:55:00
2020,S122,6,7707,8640,933,0.8920138888888889,198.800000000000000000,2020-06-01 00:00:00,2020-06-30 23:55:00
2020,S122,7,7842,8928,1086,0.8783602150537635,141.800000000000000000,2020-07-01 00:00:00,2020-07-31 03:55:00
2020,S122,8,7026,8928,1902,0.7869623655913979,93.000000000000000000,2020-08-01 03:35:00,2020-08-31 23:55:00
2020,S122,9,6453,8640,2187,0.746875,191.000000000000000000,2020-09-01 00:00:00,2020-09-23 10:30:00
2020,S122,10,0,8928,8928,0.0,0,,
2020,S122,11,0,8640,8640,0.0,0,,
2020,S122,12,3752,8928,5176,0.42025089605734767,87.200000000000000000,2020-12-01 13:50:00,2020-12-14 14:30:00
2020,S123,1,6991,8928,1937,0.7830421146953405,181.000000000000000000,2020-01-07 15:50:00,2020-01-31 23:55:00
2020,S123,2,8352,8352,0,1.0,116.600000000000000000,2020-02-01 00:00:00,2020-02-29 23:55:00
2020,S123,3,8928,8928,0,1.0,113.800000000000000000,2020-03-01 00:00:00,2020-03-31 23:55:00
2020,S123,4,8640,8640,0,1.0,306.000000000000000000,2020-04-01 00:00:00,2020-04-30 23:55:00
2020,S123,5,8922,8928,6,0.9993279569892473,233.400000000000000000,2020-05-01 00:00:00,2020-05-31 23:55:00
2020,S123,6,7707,8640,933,0.8920138888888889,319.600000000000000000,2020-06-01 00:00:00,2020-06-30 23:55:00
2020,S123,7,7846,8928,1082,0.8788082437275986,144.000000000000000000,2020-07-01 00:00:00,2020-07-31 03:55:00
2020,S123,8,7033,8928,1895,0.7877464157706093,212.200000000000000000,2020-08-01 03:35:00,2020-08-31 23:55:00
2020,S123,9,8637,8640,3,0.9996527777777777,252.200000000000000000,2020-09-01 00:00:00,2020-09-30 23:55:00
2020,S123,10,8928,8928,0,1.0,178.400000000000000000,2020-10-01 00:00:00,2020-10-31 23:55:00
2020,S123,11,8636,8640,4,0.999537037037037,337.800010000000000000,2020-11-01 00:00:00,2020-11-30 23:55:00
2020,S123,12,8924,8928,4,0.9995519713261649,372.199990000000000000,2020-12-01 00:00:00,2020-12-31 23:55:00
2020,S201,1,0,8928,8928,0.0,0,,
2020,S201,2,0,8352,8352,0.0,0,,
2020,S201,3,0,8928,8928,0.0,0,,
2020,S201,4,0,8640,8640,0.0,0,,
2020,S201,5,0,8928,8928,0.0,0,,
2020,S201,6,4454,8640,4186,0.5155092592592593,170.200000000000000000,2020-06-15 12:50:00,2020-06-30 23:55:00
2020,S201,7,7846,8928,1082,0.8788082437275986,192.400000000000000000,2020-07-01 00:00:00,2020-07-31 03:55:00
2020,S201,8,7033,8928,1895,0.7877464157706093,113.200000000000000000,2020-08-01 03:35:00,2020-08-31 23:55:00
2020,S201,9,8637,8640,3,0.9996527777777777,395.000000000000000000,2020-09-01 00:00:00,2020-09-30 23:55:00
2020,S201,10,8928,8928,0,1.0,224.600000000000000000,2020-10-01 00:00:00,2020-10-31 23:55:00
2020,S201,11,8640,8640,0,1.0,281.799990000000000000,2020-11-01 00:00:00,2020-11-30 23:55:00
2020,S201,12,8928,8928,0,1.0,201.800000000000000000,2020-12-01 00:00:00,2020-12-31 23:55:00
2020,S202,1,0,8928,8928,0.0,0,,
2020,S202,2,0,8352,8352,0.0,0,,
2020,S202,3,0,8928,8928,0.0,0,,
2020,S202,4,0,8640,8640,0.0,0,,
2020,S202,5,0,8928,8928,0.0,0,,
2020,S202,6,4454,8640,4186,0.5155092592592593,178.366000000000000000,2020-06-15 12:50:00,2020-06-30 23:55:00
2020,S202,7,7846,8928,1082,0.8788082437275986,241.188000000000000000,2020-07-01 00:00:00,2020-07-31 03:55:00
2020,S202,8,7033,8928,1895,0.7877464157706093,160.186000000000000000,2020-08-01 03:35:00,2020-08-31 23:55:00
2020,S202,9,8637,8640,3,0.9996527777777777,374.306000000000000000,2020-09-01 00:00:00,2020-09-30 23:55:00
2020,S202,10,8928,8928,0,1.0,196.546000000000000000,2020-10-01 00:00:00,2020-10-31 23:55:00
2020,S202,11,8640,8640,0,1.0,277.951990000000000000,2020-11-01 00:00:00,2020-11-30 23:55:00
2020,S202,12,8928,8928,0,1.0,259.569990000000000000,2020-12-01 00:00:00,2020-12-31 23:55:00
2020,S203,1,0,8928,8928,0.0,0,,
2020,S203,2,0,8352,8352,0.0,0,,
2020,S203,3,0,8928,8928,0.0,0,,
2020,S203,4,0,8640,8640,0.0,0,,
2020,S203,5,0,8928,8928,0.0,0,,
2020,S203,6,4454,8640,4186,0.5155092592592593,289.842000000000000000,2020-06-15 12:50:00,2020-06-30 23:55:00
2020,S203,7,7846,8928,1082,0.8788082437275986,267.732000000000000000,2020-07-01 00:00:00,2020-07-31 03:55:00
2020,S203,8,7033,8928,1895,0.7877464157706093,190.749000000000000000,2020-08-01 03:35:00,2020-08-31 23:55:00
2020,S203,9,8637,8640,3,0.9996527777777777,447.225000000000000000,2020-09-01 00:00:00,2020-09-30 23:55:00
2020,S203,10,4202,8928,4726,0.4706541218637993,52.662000000000000000,2020-10-01 00:00:00,2020-10-31 13:35:00
2020,S203,11,8198,8640,442,0.9488425925925926,264.113990000000000000,2020-11-02 12:50:00,2020-11-30 23:55:00
2020,S203,12,8928,8928,0,1.0,265.521000000000000000,2020-12-01 00:00:00,2020-12-31 23:55:00
2020,S204,1,0,8928,8928,0.0,0,,
2020,S204,2,0,8352,8352,0.0,0,,
2020,S204,3,0,8928,8928,0.0,0,,
2020,S204,4,0,8640,8640,0.0,0,,
2020,S204,5,0,8928,8928,0.0,0,,
2020,S204,6,4454,8640,4186,0.5155092592592593,166.227000000000000000,2020-06-15 12:50:00,2020-06-30 23:55:00
2020,S204,7,7846,8928,1082,0.8788082437275986,164.418000000000000000,2020-07-01 00:00:00,2020-07-31 03:55:00
2020,S204,8,7033,8928,1895,0.7877464157706093,143.313000000000000000,2020-08-01 03:35:00,2020-08-31 23:55:00
2020,S204,9,8637,8640,3,0.9996527777777777,214.467000000000000000,2020-09-01 00:00:00,2020-09-30 23:55:00
2020,S204,10,8928,8928,0,1.0,132.057000000000000000,2020-10-01 00:00:00,2020-10-31 23:55:00
2020,S204,11,8640,8640,0,1.0,401.999990000000000000,2020-11-01 00:00:00,2020-11-30 23:55:00
2020,S204,12,8928,8928,0,1.0,256.677000000000000000,2020-12-01 00:00:00,2020-12-31 23:55:00
2020,S205,1,0,8928,8928,0.0,0,,
2020,S205,2,0,8352,8352,0.0,0,,
2020,S205,3,0,8928,8928,0.0,0,,
2020,S205,4,0,8640,8640,0.0,0,,
2020,S205,5,0,8928,8928,0.0,0,,
2020,S205,6,48,8640,8592,0.005555555555555556,5.100000000000000000,2020-06-15 12:50:00,2020-06-23 09:45:00
2020,S205,7,0,8928,8928,0.0,0,,
2020,S205,8,0,8928,8928,0.0,0,,
2020,S205,9,0,8640,8640,0.0,0,,
2020,S205,10,7322,8928,1606,0.8201164874551972,84.252000000000000000,2020-10-06 13:50:00,2020-10-31 23:55:00
2020,S205,11,8640,8640,0,1.0,309.876010000000000000,2020-11-01 00:00:00,2020-11-30 23:55:00
2020,S205,12,8928,8928,0,1.0,217.056000000000000000,2020-12-01 00:00:00,2020-12-31 23:55:00
2020,S207,1,0,8928,8928,0.0,0,,
2020,S207,2,0,8352,8352,0.0,0,,
2020,S207,3,0,8928,8928,0.0,0,,
2020,S207,4,0,8640,8640,0.0,0,,
2020,S207,5,0,8928,8928,0.0,0,,
2020,S207,6,3948,8640,4692,0.45694444444444443,192.357000000000000000,2020-06-15 12:50:00,2020-06-30 18:00:00
2020,S207,7,6633,8928,2295,0.7429435483870968,147.132000000000000000,2020-07-01 00:20:00,2020-07-31 03:55:00
2020,S207,8,7033,8928,1895,0.7877464157706093,231.350980000000000000,2020-08-01 03:35:00,2020-08-31 23:55:00
2020,S207,9,8637,8640,3,0.9996527777777777,263.913000000000000000,2020-09-01 00:00:00,2020-09-30 23:55:00
2020,S207,10,8928,8928,0,1.0,110.952000000000000000,2020-10-01 00:00:00,2020-10-31 23:55:00
2020,S207,11,8640,8640,0,1.0,419.888990000000000000,2020-11-01 00:00:00,2020-11-30 23:55:00
2020,S207,12,8927,8928,1,0.9998879928315412,187.130990000000000000,2020-12-01 00:00:00,2020-12-31 23:55:00
2020,S208,1,0,8928,8928,0.0,0,,
2020,S208,2,0,8352,8352,0.0,0,,
2020,S208,3,0,8928,8928,0.0,0,,
2020,S208,4,0,8640,8640,0.0,0,,
2020,S208,5,0,8928,8928,0.0,0,,
2020,S208,6,4454,8640,4186,0.5155092592592593,112.404000000000000000,2020-06-15 12:50:00,2020-06-30 23:55:00
2020,S208,7,7846,8928,1082,0.8788082437275986,172.992000000000000000,2020-07-01 00:00:00,2020-07-31 03:55:00
2020,S208,8,7033,8928,1895,0.7877464157706093,222.564000000000000000,2020-08-01 03:35:00,2020-08-31 23:55:00
2020,S208,9,8637,8640,3,0.9996527777777777,184.008000000000000000,2020-09-01 00:00:00,2020-09-30 23:55:00
2020,S208,10,8928,8928,0,1.0,100.571990000000000000,2020-10-01 00:00:00,2020-10-31 23:55:00
2020,S208,11,8640,8640,0,1.0,251.328000000000000000,2020-11-01 00:00:00,2020-11-30 23:55:00
2020,S208,12,8928,8928,0,1.0,218.076000000000000000,2020-12-01 00:00:00,2020-12-31 23:55:00
2020,S209,1,0,8928,8928,0.0,0,,
2020,S209,2,0,8352,8352,0.0,0,,
2020,S209,3,0,8928,8928,0.0,0,,
2020,S209,4,0,8640,8640,0.0,0,,
2020,S209,5,0,8928,8928,0.0,0,,
2020,S209,6,4454,8640,4186,0.5155092592592593,180.992000000000000000,2020-06-15 12:50:00,2020-06-30 23:55:00
2020,S209,7,7846,8928,1082,0.8788082437275986,209.474000000000000000,2020-07-01 00:00:00,2020-07-31 03:55:00
2020,S209,8,7033,8928,1895,0.7877464157706093,82.820000000000000000,2020-08-01 03:35:00,2020-08-31 23:55:00
2020,S209,9,7192,8640,1448,0.8324074074074074,158.166000000000000000,2020-09-01 00:00:00,2020-09-30 14:50:00
2020,S209,10,7571,8928,1357,0.8480062724014337,108.676000000000000000,2020-10-05 17:05:00,2020-10-31 23:55:00
2020,S209,11,8640,8640,0,1.0,301.586000000000000000,2020-11-01 00:00:00,2020-11-30 23:55:00
2020,S209,12,8923,8928,5,0.9994399641577061,322.796000000000000000,2020-12-01 00:00:00,2020-12-31 23:55:00
2020,S210,1,0,8928,8928,0.0,0,,
2020,S210,2,0,8352,8352,0.0,0,,
2020,S210,3,0,8928,8928,0.0,0,,
2020,S210,4,0,8640,8640,0.0,0,,
2020,S210,5,0,8928,8928,0.0,0,,
2020,S210,6,4124,8640,4516,0.4773148148148148,81.405000000000000000,2020-06-15 12:50:00,2020-06-30 19:20:00
2020,S210,7,5885,8928,3043,0.6591621863799283,149.343000000000000000,2020-07-01 08:10:00,2020-07-31 03:55:00
2020,S210,8,7033,8928,1895,0.7877464157706093,126.429000000000000000,2020-08-01 03:35:00,2020-08-31 23:55:00
2020,S210,9,8637,8640,3,0.9996527777777777,317.580010000000000000,2020-09-01 00:00:00,2020-09-30 23:55:00
2020,S210,10,8928,8928,0,1.0,188.739000000000000000,2020-10-01 00:00:00,2020-10-31 23:55:00
2020,S210,11,8640,8640,0,1.0,361.398000000000000000,2020-11-01 00:00:00,2020-11-30 23:55:00
2020,S210,12,8928,8928,0,1.0,210.045000000000000000,2020-12-01 00:00:00,2020-12-31 23:55:00
2020,S211,1,0,8928,8928,0.0,0,,
2020,S211,2,0,8352,8352,0.0,0,,
2020,S211,3,0,8928,8928,0.0,0,,
2020,S211,4,0,8640,8640,0.0,0,,
2020,S211,5,0,8928,8928,0.0,0,,
2020,S211,6,4454,8640,4186,0.5155092592592593,108.402000000000000000,2020-06-15 12:50:00,2020-06-30 23:55:00
2020,S211,7,7846,8928,1082,0.8788082437275986,163.821000000000000000,2020-07-01 00:00:00,2020-07-31 03:55:00
2020,S211,8,4337,8928,4591,0.4857750896057348,74.907000000000000000,2020-08-01 03:35:00,2020-08-31 14:25:00
2020,S211,9,8189,8640,451,0.9478009259259259,255.577000000000000000,2020-09-01 10:10:00,2020-09-30 23:55:00
2020,S211,10,8928,8928,0,1.0,244.615020000000000000,2020-10-01 00:00:00,2020-10-31 23:55:00
2020,S211,11,8640,8640,0,1.0,348.145000000000000000,2020-11-01 00:00:00,2020-11-30 23:55:00
2020,S211,12,8928,8928,0,1.0,219.849000000000000000,2020-12-01 00:00:00,2020-12-31 23:55:00
2020,S212,1,0,8928,8928,0.0,0,,
2020,S212,2,0,8352,8352,0.0,0,,
2020,S212,3,0,8928,8928,0.0,0,,
2020,S212,4,0,8640,8640,0.0,0,,
2020,S212,5,0,8928,8928,0.0,0,,
2020,S212,6,4454,8640,4186,0.5155092592592593,284.800000000000000000,2020-06-15 12:50:00,2020-06-30 23:55:00
2020,S212,7,7846,8928,1082,0.8788082437275986,180.800000000000000000,2020-07-01 00:00:00,2020-07-31 03:55:00
2020,S212,8,7033,8928,1895,0.7877464157706093,245.800000000000000000,2020-08-01 03:35:00,2020-08-31 23:55:00
2020,S212,9,8637,8640,3,0.9996527777777777,288.800000000000000000,2020-09-01 00:00:00,2020-09-30 23:55:00
2020,S212,10,8928,8928,0,1.0,141.400000000000000000,2020-10-01 00:00:00,2020-10-31 23:55:00
2020,S212,11,8640,8640,0,1.0,353.400010000000000000,2020-11-01 00:00:00,2020-11-30 23:55:00
2020,S212,12,8928,8928,0,1.0,269.599990000000000000,2020-12-01 00:00:00,2020-12-31 23:55:00
2020,S213,1,0,8928,8928,0.0,0,,
2020,S213,2,0,8352,8352,0.0,0,,
2020,S213,3,0,8928,8928,0.0,0,,
2020,S213,4,0,8640,8640,0.0,0,,
2020,S213,5,0,8928,8928,0.0,0,,
2020,S213,6,4454,8640,4186,0.5155092592592593,223.800000000000000000,2020-06-15 12:50:00,2020-06-30 23:55:00
2020,S213,7,7846,8928,1082,0.8788082437275986,125.600000000000000000,2020-07-01 00:00:00,2020-07-31 03:55:00
2020,S213,8,7033,8928,1895,0.7877464157706093,197.200000000000000000,2020-08-01 03:35:00,2020-08-31 23:55:00
2020,S213,9,8637,8640,3,0.9996527777777777,376.000000000000000000,2020-09-01 00:00:00,2020-09-30 23:55:00
2020,S213,10,8928,8928,0,1.0,192.200000000000000000,2020-10-01 00:00:00,2020-10-31 23:55:00
2020,S213,11,8640,8640,0,1.0,207.600000000000000000,2020-11-01 00:00:00,2020-11-30 23:55:00
2020,S213,12,8928,8928,0,1.0,252.800010000000000000,2020-12-01 00:00:00,2020-12-31 23:55:00
2020,S214,1,0,8928,8928,0.0,0,,
2020,S214,2,0,8352,8352,0.0,0,,
2020,S214,3,0,8928,8928,0.0,0,,
2020,S214,4,0,8640,8640,0.0,0,,
2020,S214,5,0,8928,8928,0.0,0,,
2020,S214,6,4454,8640,4186,0.5155092592592593,273.830000000000000000,2020-06-15 12:50:00,2020-06-30 23:55:00
2020,S214,7,7846,8928,1082,0.8788082437275986,130.414000000000000000,2020-07-01 00:00:00,2020-07-31 03:55:00
2020,S214,8,5022,8928,3906,0.5625,96.136000000000000000,2020-08-01 03:35:00,2020-08-31 23:55:00
2020,S214,9,8635,8640,5,0.9994212962962963,278.952000000000000000,2020-09-01 00:00:00,2020-09-30 23:55:00
2020,S214,10,8069,8928,859,0.9037858422939068,141.840000000000000000,2020-10-01 00:00:00,2020-10-31 23:55:00
2020,S214,11,8640,8640,0,1.0,333.127000000000000000,2020-11-01 00:00:00,2020-11-30 23:55:00
2020,S214,12,8928,8928,0,1.0,213.548000000000000000,2020-12-01 00:00:00,2020-12-31 23:55:00
2020,S215,1,8909,8928,19,0.9978718637992832,161.384990000000000000,2020-01-01 00:00:00,2020-01-31 23:55:00
2020,S215,2,8352,8352,0,1.0,98.252000000000000000,2020-02-01 00:00:00,2020-02-29 23:55:00
2020,S215,3,8928,8928,0,1.0,74.501000000000000000,2020-03-01 00:00:00,2020-03-31 23:55:00
2020,S215,4,8640,8640,0,1.0,269.381010000000000000,2020-04-01 00:00:00,2020-04-30 23:55:00
2020,S215,5,8928,8928,0,1.0,219.849000000000000000,2020-05-01 00:00:00,2020-05-31 23:55:00
2020,S215,6,6592,8640,2048,0.762962962962963,252.532000000000000000,2020-06-01 00:00:00,2020-06-30 23:55:00
2020,S215,7,7846,8928,1082,0.8788082437275986,165.648000000000000000,2020-07-01 00:00:00,2020-07-31 03:55:00
2020,S215,8,7033,8928,1895,0.7877464157706093,201.782000000000000000,2020-08-01 03:35:00,2020-08-31 23:55:00
2020,S215,9,7939,8640,701,0.9188657407407408,205.030000000000000000,2020-09-01 00:00:00,2020-09-30 23:55:00
2020,S215,10,8899,8928,29,0.9967517921146953,165.241990000000000000,2020-10-01 00:00:00,2020-10-31 23:55:00
2020,S215,11,8640,8640,0,1.0,354.235000000000000000,2020-11-01 00:00:00,2020-11-30 23:55:00
2020,S215,12,8928,8928,0,1.0,268.366000000000000000,2020-12-01 00:00:00,2020-12-31 23:55:00
2020,S216,1,0,8928,8928,0.0,0,,
2020,S216,2,0,8352,8352,0.0,0,,
2020,S216,3,0,8928,8928,0.0,0,,
2020,S216,4,0,8640,8640,0.0,0,,
2020,S216,5,0,8928,8928,0.0,0,,
2020,S216,6,4454,8640,4186,0.5155092592592593,173.400000000000000000,2020-06-15 12:50:00,2020-06-30 23:55:00
2020,S216,7,7846,8928,1082,0.8788082437275986,190.740000000000000000,2020-07-01 00:00:00,2020-07-31 03:55:00
2020,S216,8,7033,8928,1895,0.7877464157706093,164.832000000000000000,2020-08-01 03:35:00,2020-08-31 23:55:00
2020,S216,9,8637,8640,3,0.9996527777777777,242.760000000000000000,2020-09-01 00:00:00,2020-09-30 23:55:00
2020,S216,10,8928,8928,0,1.0,164.220000000000000000,2020-10-01 00:00:00,2020-10-31 23:55:00
2020,S216,11,6868,8640,1772,0.7949074074074074,346.188010000000000000,2020-11-01 00:00:00,2020-11-30 23:55:00
2020,S216,12,8928,8928,0,1.0,352.104000000000000000,2020-12-01 00:00:00,2020-12-31 23:55:00
2020,S217,1,0,8928,8928,0.0,0,,
2020,S217,2,0,8352,8352,0.0,0,,
2020,S217,3,0,8928,8928,0.0,0,,
2020,S217,4,0,8640,8640,0.0,0,,
2020,S217,5,0,8928,8928,0.0,0,,
2020,S217,6,4454,8640,4186,0.5155092592592593,160.358000000000000000,2020-06-15 12:50:00,2020-06-30 23:55:00
2020,S217,7,7846,8928,1082,0.8788082437275986,184.983000000000000000,2020-07-01 00:00:00,2020-07-31 03:55:00
2020,S217,8,7033,8928,1895,0.7877464157706093,160.555000000000000000,2020-08-01 03:35:00,2020-08-31 23:55:00
2020,S217,9,8637,8640,3,0.9996527777777777,245.462000000000000000,2020-09-01 00:00:00,2020-09-30 23:55:00
2020,S217,10,8928,8928,0,1.0,146.371000000000000000,2020-10-01 00:00:00,2020-10-31 23:55:00
2020,S217,11,8640,8640,0,1.0,346.916970000000000000,2020-11-01 00:00:00,2020-11-30 23:55:00
2020,S217,12,8928,8928,0,1.0,351.644990000000000000,2020-12-01 00:00:00,2020-12-31 23:55:00
2020,S218,1,0,8928,8928,0.0,0,,
2020,S218,2,0,8352,8352,0.0,0,,
2020,S218,3,0,8928,8928,0.0,0,,
2020,S218,4,0,8640,8640,0.0,0,,
2020,S218,5,0,8928,8928,0.0,0,,
2020,S218,6,4454,8640,4186,0.5155092592592593,234.804000000000000000,2020-06-15 12:50:00,2020-06-30 23:55:00
2020,S218,7,7846,8928,1082,0.8788082437275986,268.872000000000000000,2020-07-01 00:00:00,2020-07-31 03:55:00
2020,S218,8,7033,8928,1895,0.7877464157706093,174.216000000000000000,2020-08-01 03:35:00,2020-08-31 23:55:00
2020,S218,9,8637,8640,3,0.9996527777777777,367.200000000000000000,2020-09-01 00:00:00,2020-09-30 23:55:00
2020,S218,10,8927,8928,1,0.9998879928315412,185.436000000000000000,2020-10-01 00:00:00,2020-10-31 23:55:00
2020,S218,11,8640,8640,0,1.0,259.692000000000000000,2020-11-01 00:00:00,2020-11-30 23:55:00
2020,S218,12,8928,8928,0,1.0,283.559990000000000000,2020-12-01 00:00:00,2020-12-31 23:55:00
2020,S219,1,0,8928,8928,0.0,0,,
2020,S219,2,0,8352,8352,0.0,0,,
2020,S219,3,0,8928,8928,0.0,0,,
2020,S219,4,0,8640,8640,0.0,0,,
2020,S219,5,0,8928,8928,0.0,0,,
2020,S219,6,4454,8640,4186,0.5155092592592593,194.769000000000000000,2020-06-15 12:50:00,2020-06-30 23:55:00
2020,S219,7,7846,8928,1082,0.8788082437275986,215.270990000000000000,2020-07-01 00:00:00,2020-07-31 03:55:00
2020,S219,8,7033,8928,1895,0.7877464157706093,175.272000000000000000,2020-08-01 03:35:00,2020-08-31 23:55:00
2020,S219,9,8567,8640,73,0.991550925925926,202.005000000000000000,2020-09-01 00:00:00,2020-09-30 23:55:00
2020,S219,10,8928,8928,0,1.0,127.635000000000000000,2020-10-01 00:00:00,2020-10-31 23:55:00
2020,S219,11,8640,8640,0,1.0,365.820010000000000000,2020-11-01 00:00:00,2020-11-30 23:55:00
2020,S219,12,8924,8928,4,0.9995519713261649,321.800990000000000000,2020-12-01 00:00:00,2020-12-31 23:55:00
2020,S220,1,0,8928,8928,0.0,0,,
2020,S220,2,0,8352,8352,0.0,0,,
2020,S220,3,0,8928,8928,0.0,0,,
2020,S220,4,0,8640,8640,0.0,0,,
2020,S220,5,0,8928,8928,0.0,0,,
2020,S220,6,4454,8640,4186,0.5155092592592593,190.008000000000000000,2020-06-15 12:50:00,2020-06-30 23:55:00
2020,S220,7,7846,8928,1082,0.8788082437275986,186.354000000000000000,2020-07-01 00:00:00,2020-07-31 03:55:00
2020,S220,8,7033,8928,1895,0.7877464157706093,124.642000000000000000,2020-08-01 03:35:00,2020-08-31 23:55:00
2020,S220,9,8637,8640,3,0.9996527777777777,172.956000000000000000,2020-09-01 00:00:00,2020-09-30 23:55:00
2020,S220,10,8928,8928,0,1.0,82.418000000000000000,2020-10-01 00:00:00,2020-10-31 23:55:00
2020,S220,11,8640,8640,0,1.0,309.372020000000000000,2020-11-01 00:00:00,2020-11-30 23:55:00
2020,S220,12,8928,8928,0,1.0,237.510000000000000000,2020-12-01 00:00:00,2020-12-31 23:55:00
2020,S221,1,0,8928,8928,0.0,0,,
2020,S221,2,0,8352,8352,0.0,0,,
2020,S221,3,0,8928,8928,0.0,0,,
2020,S221,4,0,8640,8640,0.0,0,,
2020,S221,5,0,8928,8928,0.0,0,,
2020,S221,6,4454,8640,4186,0.5155092592592593,228.096000000000000000,2020-06-15 12:50:00,2020-06-30 23:55:00
2020,S221,7,7846,8928,1082,0.8788082437275986,195.228000000000000000,2020-07-01 00:00:00,2020-07-31 03:55:00
2020,S221,8,7032,8928,1896,0.7876344086021505,211.860000000000000000,2020-08-01 03:35:00,2020-08-31 23:55:00
2020,S221,9,8637,8640,3,0.9996527777777777,230.076000000000000000,2020-09-01 00:00:00,2020-09-30 23:55:00
2020,S221,10,8928,8928,0,1.0,120.186000000000000000,2020-10-01 00:00:00,2020-10-31 23:55:00
2020,S221,11,8640,8640,0,1.0,365.112000000000000000,2020-11-01 00:00:00,2020-11-30 23:55:00
2020,S221,12,8927,8928,1,0.9998879928315412,310.266000000000000000,2020-12-01 00:00:00,2020-12-31 23:55:00
2020,S222,1,0,8928,8928,0.0,0,,
2020,S222,2,0,8352,8352,0.0,0,,
2020,S222,3,0,8928,8928,0.0,0,,
2020,S222,4,0,8640,8640,0.0,0,,
2020,S222,5,0,8928,8928,0.0,0,,
2020,S222,6,4454,8640,4186,0.5155092592592593,246.426000000000000000,2020-06-15 12:50:00,2020-06-30 23:55:00
2020,S222,7,7846,8928,1082,0.8788082437275986,181.101000000000000000,2020-07-01 00:00:00,2020-07-31 03:55:00
2020,S222,8,7033,8928,1895,0.7877464157706093,255.672000000000000000,2020-08-01 03:35:00,2020-08-31 23:55:00
2020,S222,9,8637,8640,3,0.9996527777777777,391.749000000000000000,2020-09-01 00:00:00,2020-09-30 23:55:00
2020,S222,10,8928,8928,0,1.0,178.689000000000000000,2020-10-01 00:00:00,2020-10-31 23:55:00
2020,S222,11,8640,8640,0,1.0,244.215000000000000000,2020-11-01 00:00:00,2020-11-30 23:55:00
2020,S222,12,8928,8928,0,1.0,277.380000000000000000,2020-12-01 00:00:00,2020-12-31 23:55:00
2020,S223,1,0,8928,8928,0.0,0,,
2020,S223,2,0,8352,8352,0.0,0,,
2020,S223,3,0,8928,8928,0.0,0,,
2020,S223,4,0,8640,8640,0.0,0,,
2020,S223,5,0,8928,8928,0.0,0,,
2020,S223,6,4454,8640,4186,0.5155092592592593,210.105000000000000000,2020-06-15 12:50:00,2020-06-30 23:55:00
2020,S223,7,7846,8928,1082,0.8788082437275986,170.723000000000000000,2020-07-01 00:00:00,2020-07-31 03:55:00
2020,S223,8,6754,8928,2174,0.7564964157706093,139.664000000000000000,2020-08-01 03:35:00,2020-08-31 23:55:00
2020,S223,9,8637,8640,3,0.9996527777777777,415.744000000000000000,2020-09-01 00:00:00,2020-09-30 23:55:00
2020,S223,10,8928,8928,0,1.0,152.453000000000000000,2020-10-01 00:00:00,2020-10-31 23:55:00
2020,S223,11,8640,8640,0,1.0,210.308000000000000000,2020-11-01 00:00:00,2020-11-30 23:55:00
2020,S223,12,8928,8928,0,1.0,189.805000000000000000,2020-12-01 00:00:00,2020-12-31 23:55:00
2020,S224,1,0,8928,8928,0.0,0,,
2020,S224,2,0,8352,8352,0.0,0,,
2020,S224,3,0,8928,8928,0.0,0,,
2020,S224,4,0,8640,8640,0.0,0,,
2020,S224,5,0,8928,8928,0.0,0,,
2020,S224,6,4454,8640,4186,0.5155092592592593,128.037000000000000000,2020-06-15 12:50:00,2020-06-30 23:55:00
2020,S224,7,7846,8928,1082,0.8788082437275986,135.876000000000000000,2020-07-01 00:00:00,2020-07-31 03:55:00
2020,S224,8,5883,8928,3045,0.6589381720430108,137.484000000000000000,2020-08-01 03:35:00,2020-08-31 23:55:00
2020,S224,9,8637,8640,3,0.9996527777777777,218.888990000000000000,2020-09-01 00:00:00,2020-09-30 23:55:00
2020,S224,10,8928,8928,0,1.0,82.209000000000000000,2020-10-01 00:00:00,2020-10-31 23:55:00
2020,S224,11,8640,8640,0,1.0,379.286990000000000000,2020-11-01 00:00:00,2020-11-30 23:55:00
2020,S224,12,8619,8928,309,0.9653897849462365,227.130000000000000000,2020-12-01 00:00:00,2020-12-31 21:25:00
2020,S226,1,0,8928,8928,0.0,0,,
2020,S226,2,0,8352,8352,0.0,0,,
2020,S226,3,0,8928,8928,0.0,0,,
2020,S226,4,0,8640,8640,0.0,0,,
2020,S226,5,0,8928,8928,0.0,0,,
2020,S226,6,4454,8640,4186,0.5155092592592593,268.163000000000000000,2020-06-15 12:50:00,2020-06-30 23:55:00
2020,S226,7,7846,8928,1082,0.8788082437275986,213.353000000000000000,2020-07-01 00:00:00,2020-07-31 03:55:00
2020,S226,8,7033,8928,1895,0.7877464157706093,123.627000000000000000,2020-08-01 03:35:00,2020-08-31 23:55:00
2020,S226,9,8637,8640,3,0.9996527777777777,432.593000000000000000,2020-09-01 00:00:00,2020-09-30 23:55:00
2020,S226,10,8928,8928,0,1.0,179.858000000000000000,2020-10-01 00:00:00,2020-10-31 23:55:00
2020,S226,11,8640,8640,0,1.0,217.413000000000000000,2020-11-01 00:00:00,2020-11-30 23:55:00
2020,S226,12,8928,8928,0,1.0,290.087000000000000000,2020-12-01 00:00:00,2020-12-31 23:55:00
2020,S227,1,0,8928,8928,0.0,0,,
2020,S227,2,0,8352,8352,0.0,0,,
2020,S227,3,0,8928,8928,0.0,0,,
2020,S227,4,0,8640,8640,0.0,0,,
2020,S227,5,0,8928,8928,0.0,0,,
2020,S227,6,4454,8640,4186,0.5155092592592593,72.400000000000000000,2020-06-15 12:50:00,2020-06-30 23:55:00
2020,S227,7,7842,8928,1086,0.8783602150537635,177.000000000000000000,2020-07-01 00:00:00,2020-07-31 03:55:00
2020,S227,8,6987,8928,1941,0.7825940860215054,106.800000000000000000,2020-08-01 03:35:00,2020-08-31 23:55:00
2020,S227,9,8452,8640,188,0.9782407407407407,307.600010000000000000,2020-09-01 00:00:00,2020-09-30 23:55:00
2020,S227,10,8164,8928,764,0.9144265232974911,136.599990000000000000,2020-10-01 00:00:00,2020-10-31 23:55:00
2020,S227,11,8640,8640,0,1.0,330.200000000000000000,2020-11-01 00:00:00,2020-11-30 23:55:00
2020,S227,12,8928,8928,0,1.0,193.400000000000000000,2020-12-01 00:00:00,2020-12-31 23:55:00
2020,S228,1,0,8928,8928,0.0,0,,
2020,S228,2,0,8352,8352,0.0,0,,
2020,S228,3,0,8928,8928,0.0,0,,
2020,S228,4,0,8640,8640,0.0,0,,
2020,S228,5,0,8928,8928,0.0,0,,
2020,S228,6,4454,8640,4186,0.5155092592592593,227.898000000000000000,2020-06-15 12:50:00,2020-06-30 23:55:00
2020,S228,7,5867,8928,3061,0.6571460573476703,196.416000000000000000,2020-07-01 00:00:00,2020-07-31 03:55:00
2020,S228,8,7033,8928,1895,0.7877464157706093,203.742000000000000000,2020-08-01 03:35:00,2020-08-31 23:55:00
2020,S228,9,8637,8640,3,0.9996527777777777,389.466000000000000000,2020-09-01 00:00:00,2020-09-30 23:55:00
2020,S228,10,8928,8928,0,1.0,231.462000000000000000,2020-10-01 00:00:00,2020-10-31 23:55:00
2020,S228,11,8640,8640,0,1.0,248.688000000000000000,2020-11-01 00:00:00,2020-11-30 23:55:00
2020,S228,12,8903,8928,25,0.9971998207885304,339.966000000000000000,2020-12-01 00:00:00,2020-12-31 23:55:00
2020,S229,1,0,8928,8928,0.0,0,,
2020,S229,2,0,8352,8352,0.0,0,,
2020,S229,3,0,8928,8928,0.0,0,,
2020,S229,4,0,8640,8640,0.0,0,,
2020,S229,5,0,8928,8928,0.0,0,,
2020,S229,6,4454,8640,4186,0.5155092592592593,211.526000000000000000,2020-06-15 12:50:00,2020-06-30 23:55:00
2020,S229,7,7846,8928,1082,0.8788082437275986,261.869990000000000000,2020-07-01 00:00:00,2020-07-31 03:55:00
2020,S229,8,7033,8928,1895,0.7877464157706093,155.498000000000000000,2020-08-01 03:35:00,2020-08-31 23:55:00
2020,S229,9,8637,8640,3,0.9996527777777777,316.680000000000000000,2020-09-01 00:00:00,2020-09-30 23:55:00
2020,S229,10,8928,8928,0,1.0,190.008000000000000000,2020-10-01 00:00:00,2020-10-31 23:55:00
2020,S229,11,8640,8640,0,1.0,243.803010000000000000,2020-11-01 00:00:00,2020-11-30 23:55:00
2020,S229,12,8910,8928,18,0.9979838709677419,212.541000000000000000,2020-12-01 00:00:00,2020-12-31 23:55:00
2020,S230,1,0,8928,8928,0.0,0,,
2020,S230,2,0,8352,8352,0.0,0,,
2020,S230,3,0,8928,8928,0.0,0,,
2020,S230,4,0,8640,8640,0.0,0,,
2020,S230,5,0,8928,8928,0.0,0,,
2020,S230,6,4454,8640,4186,0.5155092592592593,199.000000000000000000,2020-06-15 12:50:00,2020-06-30 23:55:00
2020,S230,7,7846,8928,1082,0.8788082437275986,257.800010000000000000,2020-07-01 00:00:00,2020-07-31 03:55:00
2020,S230,8,7033,8928,1895,0.7877464157706093,161.200000000000000000,2020-08-01 03:35:00,2020-08-31 23:55:00
2020,S230,9,8637,8640,3,0.9996527777777777,352.800000000000000000,2020-09-01 00:00:00,2020-09-30 23:55:00
2020,S230,10,8928,8928,0,1.0,189.000000000000000000,2020-10-01 00:00:00,2020-10-31 23:55:00
2020,S230,11,8072,8640,568,0.9342592592592592,229.200000000000000000,2020-11-01 00:00:00,2020-11-30 18:15:00
2020,S230,12,8343,8928,585,0.9344758064516129,260.000000000000000000,2020-12-01 07:30:00,2020-12-31 23:55:00
2020,S24,1,8906,8928,22,0.9975358422939068,88.400000000000000000,2020-01-01 00:00:00,2020-01-31 23:55:00
2020,S24,2,8352,8352,0,1.0,65.400000000000000000,2020-02-01 00:00:00,2020-02-29 23:55:00
2020,S24,3,8923,8928,5,0.9994399641577061,108.800010000000000000,2020-03-01 00:00:00,2020-03-31 23:55:00
2020,S24,4,8638,8640,2,0.9997685185185186,188.000000000000000000,2020-04-01 00:00:00,2020-04-30 23:55:00
2020,S24,5,8906,8928,22,0.9975358422939068,256.200000000000000000,2020-05-01 00:00:00,2020-05-31 23:55:00
2020,S24,6,7703,8640,937,0.8915509259259259,214.200000000000000000,2020-06-01 00:00:00,2020-06-30 23:55:00
2020,S24,7,7840,8928,1088,0.8781362007168458,128.200000000000000000,2020-07-01 00:00:00,2020-07-31 03:55:00
2020,S24,8,7025,8928,1903,0.786850358422939,99.000000000000000000,2020-08-01 03:35:00,2020-08-31 23:55:00
2020,S24,9,8630,8640,10,0.9988425925925926,150.200000000000000000,2020-09-01 00:00:00,2020-09-30 23:55:00
2020,S24,10,8871,8928,57,0.9936155913978495,79.200000000000000000,2020-10-01 00:00:00,2020-10-31 23:55:00
2020,S24,11,8626,8640,14,0.9983796296296297,219.599990000000000000,2020-11-01 00:00:00,2020-11-30 23:55:00
2020,S24,12,8925,8928,3,0.9996639784946236,253.400020000000000000,2020-12-01 00:00:00,2020-12-31 23:55:00
2020,S29,1,8909,8928,19,0.9978718637992832,123.000000000000000000,2020-01-01 00:00:00,2020-01-31 23:55:00
2020,S29,2,8352,8352,0,1.0,68.400000000000000000,2020-02-01 00:00:00,2020-02-29 23:55:00
2020,S29,3,8928,8928,0,1.0,84.600000000000000000,2020-03-01 00:00:00,2020-03-31 23:55:00
2020,S29,4,8640,8640,0,1.0,226.400000000000000000,2020-04-01 00:00:00,2020-04-30 23:55:00
2020,S29,5,7880,8928,1048,0.8826164874551972,306.999990000000000000,2020-05-01 00:00:00,2020-05-31 23:55:00
2020,S29,6,4867,8640,3773,0.5633101851851852,128.599990000000000000,2020-06-01 00:00:00,2020-06-30 23:55:00
2020,S29,7,4895,8928,4033,0.5482750896057348,191.800000000000000000,2020-07-01 00:00:00,2020-07-29 10:00:00
2020,S29,8,4506,8928,4422,0.5047043010752689,46.000000000000000000,2020-08-07 10:45:00,2020-08-31 23:55:00
2020,S29,9,5994,8640,2646,0.69375,142.200000000000000000,2020-09-01 00:00:00,2020-09-30 23:55:00
2020,S29,10,5166,8928,3762,0.5786290322580645,39.800000000000000000,2020-10-01 00:00:00,2020-10-31 19:35:00
2020,S29,11,4198,8640,4442,0.4858796296296296,181.200000000000000000,2020-11-01 07:10:00,2020-11-30 18:05:00
2020,S29,12,6239,8928,2689,0.6988127240143369,226.000010000000000000,2020-12-01 08:20:00,2020-12-31 23:55:00
2020,S33,1,8908,8928,20,0.9977598566308243,209.400000000000000000,2020-01-01 00:00:00,2020-01-31 23:55:00
2020,S33,2,8352,8352,0,1.0,96.000000000000000000,2020-02-01 00:00:00,2020-02-29 23:55:00
2020,S33,3,8928,8928,0,1.0,133.200000000000000000,2020-03-01 00:00:00,2020-03-31 23:55:00
2020,S33,4,8640,8640,0,1.0,365.599970000000000000,2020-04-01 00:00:00,2020-04-30 23:55:00
2020,S33,5,8920,8928,8,0.9991039426523297,282.200000000000000000,2020-05-01 00:00:00,2020-05-31 23:55:00
2020,S33,6,7370,8640,1270,0.8530092592592593,305.999990000000000000,2020-06-01 00:00:00,2020-06-30 23:55:00
2020,S33,7,7842,8928,1086,0.8783602150537635,239.200000000000000000,2020-07-01 00:00:00,2020-07-31 03:55:00
2020,S33,8,7035,8928,1893,0.7879704301075269,236.000000000000000000,2020-08-01 03:35:00,2020-08-31 23:55:00
2020,S33,9,8552,8640,88,0.9898148148148148,385.600010000000000000,2020-09-01 00:00:00,2020-09-30 23:55:00
2020,S33,10,8927,8928,1,0.9998879928315412,199.200000000000000000,2020-10-01 00:00:00,2020-10-31 23:55:00
2020,S33,11,8640,8640,0,1.0,317.800000000000000000,2020-11-01 00:00:00,2020-11-30 23:55:00
2020,S33,12,8927,8928,1,0.9998879928315412,373.000020000000000000,2020-12-01 00:00:00,2020-12-31 23:55:00
2020,S35,1,8908,8928,20,0.9977598566308243,129.600000000000000000,2020-01-01 00:00:00,2020-01-31 23:55:00
2020,S35,2,8352,8352,0,1.0,76.400000000000000000,2020-02-01 00:00:00,2020-02-29 23:55:00
2020,S35,3,8928,8928,0,1.0,196.600020000000000000,2020-03-01 00:00:00,2020-03-31 23:55:00
2020,S35,4,8636,8640,4,0.999537037037037,279.200010000000000000,2020-04-01 00:00:00,2020-04-30 23:55:00
2020,S35,5,6527,8928,2401,0.7310707885304659,184.800000000000000000,2020-05-01 00:00:00,2020-05-31 23:55:00
2020,S35,6,6781,8640,1859,0.7848379629629629,160.800000000000000000,2020-06-01 00:00:00,2020-06-30 23:55:00
2020,S35,7,7787,8928,1141,0.8721998207885304,164.600000000000000000,2020-07-01 00:00:00,2020-07-31 03:55:00
2020,S35,8,6841,8928,2087,0.7662410394265233,210.600000000000000000,2020-08-01 03:35:00,2020-08-31 23:55:00
2020,S35,9,7847,8640,793,0.9082175925925926,369.200000000000000000,2020-09-01 00:00:00,2020-09-30 23:55:00
2020,S35,10,8915,8928,13,0.9985439068100358,207.200000000000000000,2020-10-01 00:00:00,2020-10-31 23:55:00
2020,S35,11,8561,8640,79,0.9908564814814815,288.000000000000000000,2020-11-01 00:00:00,2020-11-30 23:55:00
2020,S35,12,8639,8928,289,0.9676299283154122,221.400000000000000000,2020-12-01 00:00:00,2020-12-31 23:55:00
2020,S36,1,2203,8928,6725,0.24675179211469533,0E-18,2020-01-01 12:50:00,2020-01-31 18:45:00
2020,S36,2,2164,8352,6188,0.25909961685823757,0E-18,2020-02-01 10:05:00,2020-02-29 22:30:00
2020,S36,3,1320,8928,7608,0.1478494623655914,0E-18,2020-03-01 14:10:00,2020-03-31 18:15:00
2020,S36,4,1338,8640,7302,0.15486111111111112,0E-18,2020-04-01 15:05:00,2020-04-30 13:40:00
2020,S36,5,1389,8928,7539,0.1555779569892473,0E-18,2020-05-01 11:45:00,2020-05-31 23:55:00
2020,S36,6,1920,8640,6720,0.2222222222222222,0E-18,2020-06-01 00:00:00,2020-06-27 22:45:00
2020,S36,7,1305,8928,7623,0.1461693548387097,0E-18,2020-07-02 16:30:00,2020-07-25 16:00:00
2020,S36,8,1606,8928,7322,0.17988351254480286,365.999990000000000000,2020-08-01 03:35:00,2020-08-31 23:55:00
2020,S36,9,2214,8640,6426,0.25625,167.400000000000000000,2020-09-01 00:00:00,2020-09-30 23:55:00
2020,S36,10,1199,8928,7729,0.13429659498207885,0E-18,2020-10-01 00:00:00,2020-10-22 20:00:00
2020,S36,11,1688,8640,6952,0.19537037037037036,217.000000000000000000,2020-11-06 15:05:00,2020-11-28 22:35:00
2020,S36,12,1725,8928,7203,0.19321236559139784,123.400000000000000000,2020-12-02 14:45:00,2020-12-21 18:30:00
2020,S40,1,8909,8928,19,0.9978718637992832,114.000000000000000000,2020-01-01 00:00:00,2020-01-31 23:55:00
2020,S40,2,8352,8352,0,1.0,135.600000000000000000,2020-02-01 00:00:00,2020-02-29 23:55:00
2020,S40,3,8928,8928,0,1.0,197.000000000000000000,2020-03-01 00:00:00,2020-03-31 23:55:00
2020,S40,4,8565,8640,75,0.9913194444444444,260.599980000000000000,2020-04-01 00:00:00,2020-04-30 23:55:00
2020,S40,5,8897,8928,31,0.9965277777777778,215.600010000000000000,2020-05-01 00:00:00,2020-05-31 23:55:00
2020,S40,6,7216,8640,1424,0.8351851851851851,178.000000000000000000,2020-06-01 00:00:00,2020-06-30 23:55:00
2020,S40,7,7699,8928,1229,0.8623431899641577,168.800000000000000000,2020-07-01 00:00:00,2020-07-31 03:55:00
2020,S40,8,6966,8928,1962,0.780241935483871,110.200000000000000000,2020-08-01 03:35:00,2020-08-31 23:55:00
2020,S40,9,8615,8640,25,0.9971064814814815,267.600000000000000000,2020-09-01 00:00:00,2020-09-30 23:55:00
2020,S40,10,8717,8928,211,0.9763664874551972,208.400000000000000000,2020-10-01 00:00:00,2020-10-31 23:55:00
2020,S40,11,8629,8640,11,0.9987268518518518,314.000000000000000000,2020-11-01 00:00:00,2020-11-30 23:55:00
2020,S40,12,8917,8928,11,0.9987679211469535,331.800000000000000000,2020-12-01 00:00:00,2020-12-31 23:55:00
2020,S43,1,8909,8928,19,0.9978718637992832,168.800000000000000000,2020-01-01 00:00:00,2020-01-31 23:55:00
2020,S43,2,8352,8352,0,1.0,116.600000000000000000,2020-02-01 00:00:00,2020-02-29 23:55:00
2020,S43,3,8928,8928,0,1.0,126.200000000000000000,2020-03-01 00:00:00,2020-03-31 23:55:00
2020,S43,4,8639,8640,1,0.9998842592592593,262.000000000000000000,2020-04-01 00:00:00,2020-04-30 23:55:00
2020,S43,5,8920,8928,8,0.9991039426523297,177.200000000000000000,2020-05-01 00:00:00,2020-05-31 23:55:00
2020,S43,6,7700,8640,940,0.8912037037037037,285.800000000000000000,2020-06-01 00:00:00,2020-06-30 23:55:00
2020,S43,7,7840,8928,1088,0.8781362007168458,140.800000000000000000,2020-07-01 00:00:00,2020-07-31 03:55:00
2020,S43,8,7023,8928,1905,0.7866263440860215,200.400000000000000000,2020-08-01 03:35:00,2020-08-31 23:55:00
2020,S43,9,8631,8640,9,0.9989583333333333,243.600000000000000000,2020-09-01 00:00:00,2020-09-30 23:55:00
2020,S43,10,8730,8928,198,0.9778225806451613,150.600000000000000000,2020-10-01 00:00:00,2020-10-31 23:55:00
2020,S43,11,8586,8640,54,0.99375,284.800000000000000000,2020-11-01 00:00:00,2020-11-30 23:55:00
2020,S43,12,8923,8928,5,0.9994399641577061,254.000000000000000000,2020-12-01 00:00:00,2020-12-31 23:55:00
2020,S44,1,8909,8928,19,0.9978718637992832,241.800000000000000000,2020-01-01 00:00:00,2020-01-31 23:55:00
2020,S44,2,8352,8352,0,1.0,85.600000000000000000,2020-02-01 00:00:00,2020-02-29 23:55:00
2020,S44,3,8641,8928,287,0.9678539426523297,111.200000000000000000,2020-03-01 00:00:00,2020-03-31 23:55:00
2020,S44,4,8638,8640,2,0.9997685185185186,325.800000000000000000,2020-04-01 00:00:00,2020-04-30 23:55:00
2020,S44,5,8927,8928,1,0.9998879928315412,232.000000000000000000,2020-05-01 00:00:00,2020-05-31 23:55:00
2020,S44,6,7707,8640,933,0.8920138888888889,383.000020000000000000,2020-06-01 00:00:00,2020-06-30 23:55:00
2020,S44,7,7839,8928,1089,0.8780241935483871,330.200020000000000000,2020-07-01 00:00:00,2020-07-31 03:55:00
2020,S44,8,7033,8928,1895,0.7877464157706093,240.400000000000000000,2020-08-01 03:35:00,2020-08-31 23:55:00
2020,S44,9,8632,8640,8,0.9990740740740741,436.799980000000000000,2020-09-01 00:00:00,2020-09-30 23:55:00
2020,S44,10,8923,8928,5,0.9994399641577061,214.200000000000000000,2020-10-01 00:00:00,2020-10-31 23:55:00
2020,S44,11,8628,8640,12,0.9986111111111111,230.799980000000000000,2020-11-01 00:00:00,2020-11-30 23:55:00
2020,S44,12,8921,8928,7,0.9992159498207885,338.600000000000000000,2020-12-01 00:00:00,2020-12-31 23:55:00
2020,S46,1,8909,8928,19,0.9978718637992832,92.800000000000000000,2020-01-01 00:00:00,2020-01-31 23:55:00
2020,S46,2,8352,8352,0,1.0,77.400000000000000000,2020-02-01 00:00:00,2020-02-29 23:55:00
2020,S46,3,8928,8928,0,1.0,177.599990000000000000,2020-03-01 00:00:00,2020-03-31 23:55:00
2020,S46,4,8640,8640,0,1.0,221.600010000000000000,2020-04-01 00:00:00,2020-04-30 23:55:00
2020,S46,5,8926,8928,2,0.9997759856630825,210.000000000000000000,2020-05-01 00:00:00,2020-05-31 23:55:00
2020,S46,6,7707,8640,933,0.8920138888888889,281.600010000000000000,2020-06-01 00:00:00,2020-06-30 23:55:00
2020,S46,7,7846,8928,1082,0.8788082437275986,146.200000000000000000,2020-07-01 00:00:00,2020-07-31 03:55:00
2020,S46,8,7033,8928,1895,0.7877464157706093,180.400000000000000000,2020-08-01 03:35:00,2020-08-31 23:55:00
2020,S46,9,8637,8640,3,0.9996527777777777,344.000000000000000000,2020-09-01 00:00:00,2020-09-30 23:55:00
2020,S46,10,8928,8928,0,1.0,137.200000000000000000,2020-10-01 00:00:00,2020-10-31 23:55:00
2020,S46,11,8637,8640,3,0.9996527777777777,258.800010000000000000,2020-11-01 00:00:00,2020-11-30 23:55:00
2020,S46,12,1070,8928,7858,0.11984767025089606,46.400000000000000000,2020-12-01 00:00:00,2020-12-04 17:10:00
2020,S50,1,8909,8928,19,0.9978718637992832,121.800000000000000000,2020-01-01 00:00:00,2020-01-31 23:55:00
2020,S50,2,8350,8352,2,0.9997605363984674,91.000000000000000000,2020-02-01 00:00:00,2020-02-29 23:55:00
2020,S50,3,8928,8928,0,1.0,138.799990000000000000,2020-03-01 00:00:00,2020-03-31 23:55:00
2020,S50,4,8640,8640,0,1.0,289.000010000000000000,2020-04-01 00:00:00,2020-04-30 23:55:00
2020,S50,5,8928,8928,0,1.0,241.400000000000000000,2020-05-01 00:00:00,2020-05-31 23:55:00
2020,S50,6,7707,8640,933,0.8920138888888889,288.800000000000000000,2020-06-01 00:00:00,2020-06-30 23:55:00
2020,S50,7,7844,8928,1084,0.878584229390681,127.600000000000000000,2020-07-01 00:00:00,2020-07-31 03:55:00
2020,S50,8,7032,8928,1896,0.7876344086021505,111.400000000000000000,2020-08-01 03:35:00,2020-08-31 23:55:00
2020,S50,9,8629,8640,11,0.9987268518518518,398.000000000000000000,2020-09-01 00:00:00,2020-09-30 23:55:00
2020,S50,10,8923,8928,5,0.9994399641577061,195.600000000000000000,2020-10-01 00:00:00,2020-10-31 23:55:00
2020,S50,11,8636,8640,4,0.999537037037037,233.200000000000000000,2020-11-01 00:00:00,2020-11-30 23:55:00
2020,S50,12,8917,8928,11,0.9987679211469535,205.600000000000000000,2020-12-01 00:00:00,2020-12-31 23:55:00
2020,S60,1,8051,8928,877,0.9017697132616488,195.400000000000000000,2020-01-01 00:00:00,2020-01-31 23:55:00
2020,S60,2,8352,8352,0,1.0,60.000000000000000000,2020-02-01 00:00:00,2020-02-29 23:55:00
2020,S60,3,8928,8928,0,1.0,69.400000000000000000,2020-03-01 00:00:00,2020-03-31 23:55:00
2020,S60,4,4682,8640,3958,0.5418981481481482,164.599990000000000000,2020-04-01 00:00:00,2020-04-17 06:05:00
2020,S60,5,0,8928,8928,0.0,0,,
2020,S60,6,5383,8640,3257,0.6230324074074074,271.200000000000000000,2020-06-11 15:55:00,2020-06-30 23:55:00
2020,S60,7,7450,8928,1478,0.8344534050179212,170.000000000000000000,2020-07-01 00:00:00,2020-07-31 03:55:00
2020,S60,8,7023,8928,1905,0.7866263440860215,120.600000000000000000,2020-08-01 03:35:00,2020-08-31 23:55:00
2020,S60,9,8630,8640,10,0.9988425925925926,302.800000000000000000,2020-09-01 00:00:00,2020-09-30 23:55:00
2020,S60,10,8925,8928,3,0.9996639784946236,189.600000000000000000,2020-10-01 00:00:00,2020-10-31 23:55:00
2020,S60,11,8635,8640,5,0.9994212962962963,214.200000000000000000,2020-11-01 00:00:00,2020-11-30 23:55:00
2020,S60,12,8912,8928,16,0.9982078853046595,316.800000000000000000,2020-12-01 00:00:00,2020-12-31 23:55:00
2020,S61,1,8909,8928,19,0.9978718637992832,137.000000000000000000,2020-01-01 00:00:00,2020-01-31 23:55:00
2020,S61,2,8352,8352,0,1.0,105.600000000000000000,2020-02-01 00:00:00,2020-02-29 23:55:00
2020,S61,3,8928,8928,0,1.0,133.399990000000000000,2020-03-01 00:00:00,2020-03-31 23:55:00
2020,S61,4,8640,8640,0,1.0,237.800010000000000000,2020-04-01 00:00:00,2020-04-30 23:55:00
2020,S61,5,8928,8928,0,1.0,205.400000000000000000,2020-05-01 00:00:00,2020-05-31 23:55:00
2020,S61,6,7707,8640,933,0.8920138888888889,374.200000000000000000,2020-06-01 00:00:00,2020-06-30 23:55:00
2020,S61,7,7843,8928,1085,0.8784722222222222,145.800000000000000000,2020-07-01 00:00:00,2020-07-31 03:55:00
2020,S61,8,7028,8928,1900,0.7871863799283154,173.399990000000000000,2020-08-01 03:35:00,2020-08-31 23:55:00
2020,S61,9,8628,8640,12,0.9986111111111111,289.000000000000000000,2020-09-01 00:00:00,2020-09-30 23:55:00
2020,S61,10,8800,8928,128,0.985663082437276,118.000010000000000000,2020-10-01 00:00:00,2020-10-31 23:55:00
2020,S61,11,8630,8640,10,0.9988425925925926,348.400000000000000000,2020-11-01 00:00:00,2020-11-30 23:55:00
2020,S61,12,8922,8928,6,0.9993279569892473,256.399990000000000000,2020-12-01 00:00:00,2020-12-31 23:55:00
2020,S64,1,6096,8928,2832,0.6827956989247311,53.000000000000000000,2020-01-01 00:00:00,2020-01-28 23:15:00
2020,S64,2,0,8352,8352,0.0,0,,
2020,S64,3,0,8928,8928,0.0,0,,
2020,S64,4,0,8640,8640,0.0,0,,
2020,S64,5,0,8928,8928,0.0,0,,
2020,S64,6,0,8640,8640,0.0,0,,
2020,S64,7,0,8928,8928,0.0,0,,
2020,S64,8,0,8928,8928,0.0,0,,
2020,S64,9,0,8640,8640,0.0,0,,
2020,S64,10,0,8928,8928,0.0,0,,
2020,S64,11,0,8640,8640,0.0,0,,
2020,S64,12,0,8928,8928,0.0,0,,
2020,S66,1,8909,8928,19,0.9978718637992832,203.600000000000000000,2020-01-01 00:00:00,2020-01-31 23:55:00
2020,S66,2,8352,8352,0,1.0,87.000000000000000000,2020-02-01 00:00:00,2020-02-29 23:55:00
2020,S66,3,8928,8928,0,1.0,219.999990000000000000,2020-03-01 00:00:00,2020-03-31 23:55:00
2020,S66,4,8640,8640,0,1.0,322.399980000000000000,2020-04-01 00:00:00,2020-04-30 23:55:00
2020,S66,5,8927,8928,1,0.9998879928315412,238.000000000000000000,2020-05-01 00:00:00,2020-05-31 23:55:00
2020,S66,6,7474,8640,1166,0.8650462962962963,264.400000000000000000,2020-06-01 00:00:00,2020-06-30 23:55:00
2020,S66,7,7846,8928,1082,0.8788082437275986,168.200000000000000000,2020-07-01 00:00:00,2020-07-31 03:55:00
2020,S66,8,7041,8928,1887,0.7886424731182796,136.200000000000000000,2020-08-01 03:35:00,2020-08-31 23:55:00
2020,S66,9,8349,8640,291,0.9663194444444444,224.800000000000000000,2020-09-01 00:00:00,2020-09-30 23:55:00
2020,S66,10,8927,8928,1,0.9998879928315412,229.200000000000000000,2020-10-01 00:00:00,2020-10-31 23:55:00
2020,S66,11,8627,8640,13,0.9984953703703704,334.600010000000000000,2020-11-01 00:00:00,2020-11-30 23:55:00
2020,S66,12,8921,8928,7,0.9992159498207885,213.000000000000000000,2020-12-01 00:00:00,2020-12-31 23:55:00
2020,S69,1,8909,8928,19,0.9978718637992832,90.600000000000000000,2020-01-01 00:00:00,2020-01-31 23:55:00
2020,S69,2,8352,8352,0,1.0,118.400000000000000000,2020-02-01 00:00:00,2020-02-29 23:55:00
2020,S69,3,8927,8928,1,0.9998879928315412,190.000000000000000000,2020-03-01 00:00:00,2020-03-31 23:55:00
2020,S69,4,8640,8640,0,1.0,228.400000000000000000,2020-04-01 00:00:00,2020-04-30 23:55:00
2020,S69,5,8921,8928,7,0.9992159498207885,242.000000000000000000,2020-05-01 00:00:00,2020-05-31 23:55:00
2020,S69,6,7366,8640,1274,0.8525462962962963,176.600000000000000000,2020-06-01 00:00:00,2020-06-30 23:55:00
2020,S69,7,5872,8928,3056,0.6577060931899642,134.200000000000000000,2020-07-01 00:00:00,2020-07-22 18:20:00
2020,S69,8,4169,8928,4759,0.4669578853046595,43.800000000000000000,2020-08-17 12:30:00,2020-08-31 23:55:00
2020,S69,9,8630,8640,10,0.9988425925925926,289.000000000000000000,2020-09-01 00:00:00,2020-09-30 23:55:00
2020,S69,10,8919,8928,9,0.998991935483871,140.200000000000000000,2020-10-01 00:00:00,2020-10-31 23:55:00
2020,S69,11,8637,8640,3,0.9996527777777777,330.400000000000000000,2020-11-01 00:00:00,2020-11-30 23:55:00
2020,S69,12,8923,8928,5,0.9994399641577061,294.200000000000000000,2020-12-01 00:00:00,2020-12-31 23:55:00
2020,S71,1,8896,8928,32,0.996415770609319,198.000000000000000000,2020-01-01 00:00:00,2020-01-31 23:55:00
2020,S71,2,8352,8352,0,1.0,87.200000000000000000,2020-02-01 00:00:00,2020-02-29 23:55:00
2020,S71,3,8928,8928,0,1.0,50.200000000000000000,2020-03-01 00:00:00,2020-03-31 23:55:00
2020,S71,4,8634,8640,6,0.9993055555555556,322.200000000000000000,2020-04-01 00:00:00,2020-04-30 23:55:00
2020,S71,5,8918,8928,10,0.9988799283154122,301.600010000000000000,2020-05-01 00:00:00,2020-05-31 23:55:00
2020,S71,6,6929,8640,1711,0.8019675925925925,229.600000000000000000,2020-06-01 00:00:00,2020-06-30 23:55:00
2020,S71,7,7825,8928,1103,0.8764560931899642,243.400020000000000000,2020-07-01 00:00:00,2020-07-31 03:55:00
2020,S71,8,6178,8928,2750,0.6919802867383512,148.800000000000000000,2020-08-01 03:35:00,2020-08-31 23:55:00
2020,S71,9,8631,8640,9,0.9989583333333333,417.000000000000000000,2020-09-01 00:00:00,2020-09-30 23:55:00
2020,S71,10,8924,8928,4,0.9995519713261649,191.800010000000000000,2020-10-01 00:00:00,2020-10-31 23:55:00
2020,S71,11,8636,8640,4,0.999537037037037,263.000020000000000000,2020-11-01 00:00:00,2020-11-30 23:55:00
2020,S71,12,8928,8928,0,1.0,210.200000000000000000,2020-12-01 00:00:00,2020-12-31 23:55:00
2020,S77,1,8909,8928,19,0.9978718637992832,170.800000000000000000,2020-01-01 00:00:00,2020-01-31 23:55:00
2020,S77,2,8352,8352,0,1.0,101.600000000000000000,2020-02-01 00:00:00,2020-02-29 23:55:00
2020,S77,3,8928,8928,0,1.0,175.799990000000000000,2020-03-01 00:00:00,2020-03-31 23:55:00
2020,S77,4,8640,8640,0,1.0,334.399990000000000000,2020-04-01 00:00:00,2020-04-30 23:55:00
2020,S77,5,8916,8928,12,0.9986559139784946,265.999990000000000000,2020-05-01 00:00:00,2020-05-31 23:55:00
2020,S77,6,7699,8640,941,0.891087962962963,335.400000000000000000,2020-06-01 00:00:00,2020-06-30 23:55:00
2020,S77,7,7842,8928,1086,0.8783602150537635,164.600000000000000000,2020-07-01 00:00:00,2020-07-31 03:55:00
2020,S77,8,7036,8928,1892,0.7880824372759857,175.999990000000000000,2020-08-01 03:35:00,2020-08-31 23:55:00
2020,S77,9,8634,8640,6,0.9993055555555556,371.800010000000000000,2020-09-01 00:00:00,2020-09-30 23:55:00
2020,S77,10,8907,8928,21,0.9976478494623656,152.200000000000000000,2020-10-01 00:00:00,2020-10-31 23:55:00
2020,S77,11,8576,8640,64,0.9925925925925926,218.600000000000000000,2020-11-01 00:00:00,2020-11-30 23:55:00
2020,S77,12,8877,8928,51,0.9942876344086021,234.000010000000000000,2020-12-01 00:00:00,2020-12-31 23:55:00
2020,S78,1,8909,8928,19,0.9978718637992832,183.799990000000000000,2020-01-01 00:00:00,2020-01-31 23:55:00
2020,S78,2,8352,8352,0,1.0,96.400000000000000000,2020-02-01 00:00:00,2020-02-29 23:55:00
2020,S78,3,8928,8928,0,1.0,91.000000000000000000,2020-03-01 00:00:00,2020-03-31 23:55:00
2020,S78,4,8638,8640,2,0.9997685185185186,292.999990000000000000,2020-04-01 00:00:00,2020-04-30 23:55:00
2020,S78,5,8927,8928,1,0.9998879928315412,239.800000000000000000,2020-05-01 00:00:00,2020-05-31 23:55:00
2020,S78,6,7707,8640,933,0.8920138888888889,390.000010000000000000,2020-06-01 00:00:00,2020-06-30 23:55:00
2020,S78,7,7845,8928,1083,0.8786962365591398,156.800010000000000000,2020-07-01 00:00:00,2020-07-31 03:55:00
2020,S78,8,7025,8928,1903,0.786850358422939,190.199990000000000000,2020-08-01 03:35:00,2020-08-31 23:55:00
2020,S78,9,8624,8640,16,0.9981481481481481,315.400000000000000000,2020-09-01 00:00:00,2020-09-30 23:55:00
2020,S78,10,8919,8928,9,0.998991935483871,171.400000000000000000,2020-10-01 00:00:00,2020-10-31 23:55:00
2020,S78,11,8633,8640,7,0.9991898148148148,392.600010000000000000,2020-11-01 00:00:00,2020-11-30 23:55:00
2020,S78,12,8920,8928,8,0.9991039426523297,269.200010000000000000,2020-12-01 00:00:00,2020-12-31 23:55:00
2020,S79,1,8849,8928,79,0.9911514336917563,134.800000000000000000,2020-01-01 00:00:00,2020-01-31 23:55:00
2020,S79,2,8314,8352,38,0.9954501915708812,95.000000000000000000,2020-02-01 00:00:00,2020-02-29 23:55:00
2020,S79,3,8827,8928,101,0.9886872759856631,135.199990000000000000,2020-03-01 00:00:00,2020-03-31 23:55:00
2020,S79,4,8570,8640,70,0.9918981481481481,294.999990000000000000,2020-04-01 00:00:00,2020-04-30 23:55:00
2020,S79,5,8919,8928,9,0.998991935483871,281.800000000000000000,2020-05-01 00:00:00,2020-05-31 23:55:00
2020,S79,6,7703,8640,937,0.8915509259259259,329.400000000000000000,2020-06-01 00:00:00,2020-06-30 23:55:00
2020,S79,7,7835,8928,1093,0.8775761648745519,119.200000000000000000,2020-07-01 00:00:00,2020-07-31 03:55:00
2020,S79,8,7015,8928,1913,0.7857302867383512,266.399990000000000000,2020-08-01 03:35:00,2020-08-31 23:55:00
2020,S79,9,8627,8640,13,0.9984953703703704,294.200000000000000000,2020-09-01 00:00:00,2020-09-30 23:55:00
2020,S79,10,8887,8928,41,0.99540770609319,169.600000000000000000,2020-10-01 00:00:00,2020-10-31 23:55:00
2020,S79,11,8528,8640,112,0.987037037037037,244.200000000000000000,2020-11-01 00:00:00,2020-11-30 23:55:00
2020,S79,12,8835,8928,93,0.9895833333333334,286.800000000000000000,2020-12-01 00:00:00,2020-12-31 23:55:00
2020,S81,1,8909,8928,19,0.9978718637992832,153.000000000000000000,2020-01-01 00:00:00,2020-01-31 23:55:00
2020,S81,2,8350,8352,2,0.9997605363984674,120.400000000000000000,2020-02-01 00:00:00,2020-02-29 23:55:00
2020,S81,3,8928,8928,0,1.0,91.200000000000000000,2020-03-01 00:00:00,2020-03-31 23:55:00
2020,S81,4,8640,8640,0,1.0,335.000010000000000000,2020-04-01 00:00:00,2020-04-30 23:55:00
2020,S81,5,8928,8928,0,1.0,267.200000000000000000,2020-05-01 00:00:00,2020-05-31 23:55:00
2020,S81,6,7707,8640,933,0.8920138888888889,231.000000000000000000,2020-06-01 00:00:00,2020-06-30 23:55:00
2020,S81,7,7844,8928,1084,0.878584229390681,149.000000000000000000,2020-07-01 00:00:00,2020-07-31 03:55:00
2020,S81,8,7027,8928,1901,0.7870743727598566,131.800000000000000000,2020-08-01 03:35:00,2020-08-31 23:55:00
2020,S81,9,8626,8640,14,0.9983796296296297,189.200000000000000000,2020-09-01 00:00:00,2020-09-30 23:55:00
2020,S81,10,8919,8928,9,0.998991935483871,86.200000000000000000,2020-10-01 00:00:00,2020-10-31 23:55:00
2020,S81,11,8629,8640,11,0.9987268518518518,301.400000000000000000,2020-11-01 00:00:00,2020-11-30 23:55:00
2020,S81,12,8920,8928,8,0.9991039426523297,214.600000000000000000,2020-12-01 00:00:00,2020-12-31 23:55:00
2020,S82,1,8908,8928,20,0.9977598566308243,297.000000000000000000,2020-01-01 00:00:00,2020-01-31 23:55:00
2020,S82,2,8352,8352,0,1.0,141.800000000000000000,2020-02-01 00:00:00,2020-02-29 23:55:00
2020,S82,3,8927,8928,1,0.9998879928315412,247.200000000000000000,2020-03-01 00:00:00,2020-03-31 23:55:00
2020,S82,4,8640,8640,0,1.0,416.200010000000000000,2020-04-01 00:00:00,2020-04-30 23:55:00
2020,S82,5,8927,8928,1,0.9998879928315412,214.200010000000000000,2020-05-01 00:00:00,2020-05-31 23:55:00
2020,S82,6,7707,8640,933,0.8920138888888889,399.200000000000000000,2020-06-01 00:00:00,2020-06-30 23:55:00
2020,S82,7,7843,8928,1085,0.8784722222222222,365.000010000000000000,2020-07-01 00:00:00,2020-07-31 03:55:00
2020,S82,8,7039,8928,1889,0.788418458781362,141.400000000000000000,2020-08-01 03:35:00,2020-08-31 23:55:00
2020,S82,9,8632,8640,8,0.9990740740740741,346.800000000000000000,2020-09-01 00:00:00,2020-09-30 23:55:00
2020,S82,10,8916,8928,12,0.9986559139784946,338.599940000000000000,2020-10-01 00:00:00,2020-10-31 23:55:00
2020,S82,11,5053,8640,3587,0.584837962962963,156.000000000000000000,2020-11-01 00:00:00,2020-11-18 13:25:00
2020,S82,12,7917,8928,1011,0.886760752688172,295.800000000000000000,2020-12-04 11:30:00,2020-12-31 23:55:00
2020,S84,1,4344,8928,4584,0.48655913978494625,9.200000000000000000,2020-01-01 00:00:00,2020-01-31 23:55:00
2020,S84,2,7729,8352,623,0.9254070881226054,24.600000000000000000,2020-02-01 00:00:00,2020-02-29 23:55:00
2020,S84,3,8537,8928,391,0.9562051971326165,84.400000000000000000,2020-03-01 00:00:00,2020-03-31 23:55:00
2020,S84,4,8230,8640,410,0.9525462962962963,259.999990000000000000,2020-04-01 00:00:00,2020-04-30 23:55:00
2020,S84,5,8583,8928,345,0.9613575268817204,230.200010000000000000,2020-05-01 00:00:00,2020-05-31 23:55:00
2020,S84,6,7083,8640,1557,0.8197916666666667,257.600000000000000000,2020-06-01 00:00:00,2020-06-30 23:55:00
2020,S84,7,7742,8928,1186,0.8671594982078853,112.199990000000000000,2020-07-01 00:00:00,2020-07-31 03:55:00
2020,S84,8,6868,8928,2060,0.7692652329749103,137.800000000000000000,2020-08-01 03:45:00,2020-08-31 23:55:00
2020,S84,9,8513,8640,127,0.9853009259259259,223.200000000000000000,2020-09-01 00:00:00,2020-09-30 23:55:00
2020,S84,10,8920,8928,8,0.9991039426523297,106.999990000000000000,2020-10-01 00:00:00,2020-10-31 23:55:00
2020,S84,11,8608,8640,32,0.9962962962962963,365.799980000000000000,2020-11-01 00:00:00,2020-11-30 23:55:00
2020,S84,12,8912,8928,16,0.9982078853046595,225.400020000000000000,2020-12-01 00:00:00,2020-12-31 23:55:00
2020,S88,1,8909,8928,19,0.9978718637992832,165.800000000000000000,2020-01-01 00:00:00,2020-01-31 23:55:00
2020,S88,2,8352,8352,0,1.0,115.600000000000000000,2020-02-01 00:00:00,2020-02-29 23:55:00
2020,S88,3,8927,8928,1,0.9998879928315412,92.000000000000000000,2020-03-01 00:00:00,2020-03-31 23:55:00
2020,S88,4,8640,8640,0,1.0,197.200000000000000000,2020-04-01 00:00:00,2020-04-30 23:55:00
2020,S88,5,8927,8928,1,0.9998879928315412,237.800000000000000000,2020-05-01 00:00:00,2020-05-31 23:55:00
2020,S88,6,7706,8640,934,0.8918981481481482,285.000000000000000000,2020-06-01 00:00:00,2020-06-30 23:55:00
2020,S88,7,7845,8928,1083,0.8786962365591398,168.000000000000000000,2020-07-01 00:00:00,2020-07-31 03:55:00
2020,S88,8,7031,8928,1897,0.7875224014336918,175.600000000000000000,2020-08-01 03:35:00,2020-08-31 23:55:00
2020,S88,9,8635,8640,5,0.9994212962962963,246.200000000000000000,2020-09-01 00:00:00,2020-09-30 23:55:00
2020,S88,10,8928,8928,0,1.0,139.200000000000000000,2020-10-01 00:00:00,2020-10-31 23:55:00
2020,S88,11,8640,8640,0,1.0,356.200010000000000000,2020-11-01 00:00:00,2020-11-30 23:55:00
2020,S88,12,8925,8928,3,0.9996639784946236,358.400000000000000000,2020-12-01 00:00:00,2020-12-31 23:55:00
2020,S89,1,8909,8928,19,0.9978718637992832,295.400000000000000000,2020-01-01 00:00:00,2020-01-31 23:55:00
2020,S89,2,8352,8352,0,1.0,123.200000000000000000,2020-02-01 00:00:00,2020-02-29 23:55:00
2020,S89,3,8928,8928,0,1.0,238.600010000000000000,2020-03-01 00:00:00,2020-03-31 23:55:00
2020,S89,4,8640,8640,0,1.0,366.600010000000000000,2020-04-01 00:00:00,2020-04-30 23:55:00
2020,S89,5,8921,8928,7,0.9992159498207885,259.400010000000000000,2020-05-01 00:00:00,2020-05-31 23:55:00
2020,S89,6,7700,8640,940,0.8912037037037037,457.400010000000000000,2020-06-01 00:00:00,2020-06-30 23:55:00
2020,S89,7,7844,8928,1084,0.878584229390681,432.400010000000000000,2020-07-01 00:00:00,2020-07-31 03:55:00
2020,S89,8,7040,8928,1888,0.7885304659498208,207.000000000000000000,2020-08-01 03:35:00,2020-08-31 23:55:00
2020,S89,9,8627,8640,13,0.9984953703703704,361.000000000000000000,2020-09-01 00:00:00,2020-09-30 23:55:00
2020,S89,10,8925,8928,3,0.9996639784946236,287.400000000000000000,2020-10-01 00:00:00,2020-10-31 23:55:00
2020,S89,11,8629,8640,11,0.9987268518518518,254.600010000000000000,2020-11-01 00:00:00,2020-11-30 23:55:00
2020,S89,12,8922,8928,6,0.9993279569892473,366.400000000000000000,2020-12-01 00:00:00,2020-12-31 23:55:00
2020,S90,1,8909,8928,19,0.9978718637992832,94.200000000000000000,2020-01-01 00:00:00,2020-01-31 23:55:00
2020,S90,2,8352,8352,0,1.0,107.000000000000000000,2020-02-01 00:00:00,2020-02-29 23:55:00
2020,S90,3,8149,8928,779,0.9127464157706093,172.600000000000000000,2020-03-01 00:00:00,2020-03-31 23:55:00
2020,S90,4,8640,8640,0,1.0,226.599990000000000000,2020-04-01 00:00:00,2020-04-30 23:55:00
2020,S90,5,8919,8928,9,0.998991935483871,299.600000000000000000,2020-05-01 00:00:00,2020-05-31 23:55:00
2020,S90,6,7702,8640,938,0.8914351851851852,332.800000000000000000,2020-06-01 00:00:00,2020-06-30 23:55:00
2020,S90,7,7767,8928,1161,0.8699596774193549,130.200000000000000000,2020-07-01 00:00:00,2020-07-31 03:55:00
2020,S90,8,7033,8928,1895,0.7877464157706093,208.000000000000000000,2020-08-01 03:35:00,2020-08-31 23:55:00
2020,S90,9,8637,8640,3,0.9996527777777777,299.200000000000000000,2020-09-01 00:00:00,2020-09-30 23:55:00
2020,S90,10,8928,8928,0,1.0,172.800000000000000000,2020-10-01 00:00:00,2020-10-31 23:55:00
2020,S90,11,8639,8640,1,0.9998842592592593,233.600000000000000000,2020-11-01 00:00:00,2020-11-30 23:55:00
2020,S90,12,8926,8928,2,0.9997759856630825,248.400000000000000000,2020-12-01 00:00:00,2020-12-31 23:55:00
2020,S900,1,8907,8928,21,0.9976478494623656,108.800000000000000000,2020-01-01 00:00:00,2020-01-31 23:55:00
2020,S900,2,8336,8352,16,0.9980842911877394,114.000000000000000000,2020-02-01 00:00:00,2020-02-29 23:55:00
2020,S900,3,8894,8928,34,0.9961917562724014,75.600000000000000000,2020-03-01 00:00:00,2020-03-31 23:55:00
2020,S900,4,8639,8640,1,0.9998842592592593,248.600000000000000000,2020-04-01 00:00:00,2020-04-30 23:55:00
2020,S900,5,8855,8928,73,0.9918234767025089,137.200000000000000000,2020-05-01 00:00:00,2020-05-31 23:55:00
2020,S900,6,7705,8640,935,0.8917824074074074,245.800000000000000000,2020-06-01 00:00:00,2020-06-30 23:55:00
2020,S900,7,7751,8928,1177,0.8681675627240143,189.800010000000000000,2020-07-01 00:00:00,2020-07-31 03:55:00
2020,S900,8,6666,8928,2262,0.7466397849462365,106.000000000000000000,2020-08-01 03:35:00,2020-08-31 23:55:00
2020,S900,9,8357,8640,283,0.9672453703703704,260.800000000000000000,2020-09-01 00:00:00,2020-09-30 01:10:00
2020,S900,10,8467,8928,461,0.9483646953405018,124.000000000000000000,2020-10-02 13:50:00,2020-10-31 23:55:00
2020,S900,11,8628,8640,12,0.9986111111111111,356.800010000000000000,2020-11-01 00:00:00,2020-11-30 23:55:00
2020,S900,12,8926,8928,2,0.9997759856630825,342.800000000000000000,2020-12-01 00:00:00,2020-12-31 23:55:00
2020,S91,1,8909,8928,19,0.9978718637992832,124.400010000000000000,2020-01-01 00:00:00,2020-01-31 23:55:00
2020,S91,2,8352,8352,0,1.0,108.000000000000000000,2020-02-01 00:00:00,2020-02-29 23:55:00
2020,S91,3,8921,8928,7,0.9992159498207885,120.600000000000000000,2020-03-01 00:00:00,2020-03-31 23:55:00
2020,S91,4,8635,8640,5,0.9994212962962963,192.000000000000000000,2020-04-01 00:00:00,2020-04-30 23:55:00
2020,S91,5,8922,8928,6,0.9993279569892473,166.000000000000000000,2020-05-01 00:00:00,2020-05-31 23:55:00
2020,S91,6,7193,8640,1447,0.8325231481481481,162.200000000000000000,2020-06-01 00:00:00,2020-06-30 23:55:00
2020,S91,7,7839,8928,1089,0.8780241935483871,168.400000000000000000,2020-07-01 00:00:00,2020-07-31 03:55:00
2020,S91,8,7030,8928,1898,0.787410394265233,73.400000000000000000,2020-08-01 03:35:00,2020-08-31 23:55:00
2020,S91,9,8627,8640,13,0.9984953703703704,291.400000000000000000,2020-09-01 00:00:00,2020-09-30 23:55:00
2020,S91,10,8912,8928,16,0.9982078853046595,136.600000000000000000,2020-10-01 00:00:00,2020-10-31 23:55:00
2020,S91,11,8621,8640,19,0.997800925925926,273.400000000000000000,2020-11-01 00:00:00,2020-11-30 23:55:00
2020,S91,12,8926,8928,2,0.9997759856630825,248.800000000000000000,2020-12-01 00:00:00,2020-12-31 23:55:00
2020,S92,1,8907,8928,21,0.9976478494623656,202.000000000000000000,2020-01-01 00:00:00,2020-01-31 23:55:00
2020,S92,2,8352,8352,0,1.0,99.800000000000000000,2020-02-01 00:00:00,2020-02-29 23:55:00
2020,S92,3,8857,8928,71,0.9920474910394266,29.200000000000000000,2020-03-01 00:00:00,2020-03-31 23:55:00
2020,S92,4,8609,8640,31,0.9964120370370371,298.799990000000000000,2020-04-01 00:00:00,2020-04-30 23:55:00
2020,S92,5,8925,8928,3,0.9996639784946236,242.000000000000000000,2020-05-01 00:00:00,2020-05-31 23:55:00
2020,S92,6,7707,8640,933,0.8920138888888889,303.200000000000000000,2020-06-01 00:00:00,2020-06-30 23:55:00
2020,S92,7,7846,8928,1082,0.8788082437275986,246.600010000000000000,2020-07-01 00:00:00,2020-07-31 03:55:00
2020,S92,8,7033,8928,1895,0.7877464157706093,113.800000000000000000,2020-08-01 03:35:00,2020-08-31 23:55:00
2020,S92,9,8559,8640,81,0.990625,409.400000000000000000,2020-09-01 00:00:00,2020-09-30 23:55:00
2020,S92,10,8928,8928,0,1.0,147.600000000000000000,2020-10-01 00:00:00,2020-10-31 23:55:00
2020,S92,11,7783,8640,857,0.9008101851851852,217.600000000000000000,2020-11-01 00:00:00,2020-11-30 21:25:00
2020,S92,12,8007,8928,921,0.8968413978494624,250.400000000000000000,2020-12-01 08:10:00,2020-12-31 23:55:00
2020,S94,1,8908,8928,20,0.9977598566308243,91.600000000000000000,2020-01-01 00:00:00,2020-01-31 23:55:00
2020,S94,2,8350,8352,2,0.9997605363984674,74.200000000000000000,2020-02-01 00:00:00,2020-02-29 23:55:00
2020,S94,3,8928,8928,0,1.0,48.000000000000000000,2020-03-01 00:00:00,2020-03-31 23:55:00
2020,S94,4,8640,8640,0,1.0,221.600000000000000000,2020-04-01 00:00:00,2020-04-30 23:55:00
2020,S94,5,8919,8928,9,0.998991935483871,282.000000000000000000,2020-05-01 00:00:00,2020-05-31 23:55:00
2020,S94,6,7701,8640,939,0.8913194444444444,306.800000000000000000,2020-06-01 00:00:00,2020-06-30 23:55:00
2020,S94,7,7845,8928,1083,0.8786962365591398,221.200000000000000000,2020-07-01 00:00:00,2020-07-31 03:55:00
2020,S94,8,7041,8928,1887,0.7886424731182796,152.600000000000000000,2020-08-01 03:35:00,2020-08-31 23:55:00
2020,S94,9,8637,8640,3,0.9996527777777777,233.400000000000000000,2020-09-01 00:00:00,2020-09-30 23:55:00
2020,S94,10,8921,8928,7,0.9992159498207885,100.600000000000000000,2020-10-01 00:00:00,2020-10-31 23:55:00
2020,S94,11,8628,8640,12,0.9986111111111111,329.800010000000000000,2020-11-01 00:00:00,2020-11-30 23:55:00
2020,S94,12,8925,8928,3,0.9996639784946236,319.599990000000000000,2020-12-01 00:00:00,2020-12-31 23:55:00
2021,S07,1,32,8928,8896,0.0035842293906810036,0E-18,2021-01-01 00:00:00,2021-01-01 02:35:00
2021,S07,2,0,8064,8064,0.0,0,,
2021,S07,3,0,8928,8928,0.0,0,,
2021,S07,4,0,8640,8640,0.0,0,,
2021,S07,5,0,8928,8928,0.0,0,,
2021,S07,6,0,8640,8640,0.0,0,,
2021,S07,7,0,8928,8928,0.0,0,,
2021,S07,8,0,8928,8928,0.0,0,,
2021,S07,9,0,8640,8640,0.0,0,,
2021,S07,10,0,8928,8928,0.0,0,,
2021,S07,11,0,8640,8640,0.0,0,,
2021,S07,12,0,8928,8928,0.0,0,,
2021,S08,1,7620,8928,1308,0.853494623655914,277.400000000000000000,2021-01-01 00:00:00,2021-01-31 23:55:00
2021,S08,2,8036,8064,28,0.9965277777777778,17.800000000000000000,2021-02-01 00:00:00,2021-02-28 23:55:00
2021,S08,3,8927,8928,1,0.9998879928315412,216.600000000000000000,2021-03-01 00:00:00,2021-03-31 23:55:00
2021,S08,4,8640,8640,0,1.0,415.799990000000000000,2021-04-01 00:00:00,2021-04-30 23:55:00
2021,S08,5,8151,8928,777,0.9129704301075269,312.600000000000000000,2021-05-01 00:00:00,2021-05-31 23:55:00
2021,S08,6,8640,8640,0,1.0,195.600000000000000000,2021-06-01 00:00:00,2021-06-30 23:55:00
2021,S08,7,8918,8928,10,0.9988799283154122,226.000000000000000000,2021-07-01 00:00:00,2021-07-31 23:55:00
2021,S08,8,8928,8928,0,1.0,496.800000000000000000,2021-08-01 00:00:00,2021-08-31 23:55:00
2021,S08,9,8635,8640,5,0.9994212962962963,296.400030000000000000,2021-09-01 00:00:00,2021-09-30 23:55:00
2021,S08,10,8928,8928,0,1.0,183.799990000000000000,2021-10-01 00:00:00,2021-10-31 23:55:00
2021,S08,11,8640,8640,0,1.0,302.600010000000000000,2021-11-01 00:00:00,2021-11-30 23:55:00
2021,S08,12,8928,8928,0,1.0,174.800000000000000000,2021-12-01 00:00:00,2021-12-31 23:55:00
2021,S100,1,7618,8928,1310,0.8532706093189965,229.800000000000000000,2021-01-01 00:00:00,2021-01-31 23:55:00
2021,S100,2,8039,8064,25,0.9968998015873016,78.600000000000000000,2021-02-01 00:00:00,2021-02-28 23:55:00
2021,S100,3,8928,8928,0,1.0,322.000000000000000000,2021-03-01 00:00:00,2021-03-31 23:55:00
2021,S100,4,6444,8640,2196,0.7458333333333333,211.799990000000000000,2021-04-01 00:00:00,2021-04-30 23:55:00
2021,S100,5,8928,8928,0,1.0,152.200010000000000000,2021-05-01 00:00:00,2021-05-31 23:55:00
2021,S100,6,8636,8640,4,0.999537037037037,308.400000000000000000,2021-06-01 00:00:00,2021-06-30 23:55:00
2021,S100,7,8918,8928,10,0.9988799283154122,204.600000000000000000,2021-07-01 00:00:00,2021-07-31 23:55:00
2021,S100,8,8928,8928,0,1.0,472.800010000000000000,2021-08-01 00:00:00,2021-08-31 23:55:00
2021,S100,9,8639,8640,1,0.9998842592592593,329.400000000000000000,2021-09-01 00:00:00,2021-09-30 23:55:00
2021,S100,10,8734,8928,194,0.9782706093189965,142.200000000000000000,2021-10-01 00:00:00,2021-10-31 23:55:00
2021,S100,11,8638,8640,2,0.9997685185185186,176.000000000000000000,2021-11-01 00:00:00,2021-11-30 23:55:00
2021,S100,12,8616,8928,312,0.9650537634408602,243.600010000000000000,2021-12-01 00:00:00,2021-12-31 23:55:00
2021,S104,1,7621,8928,1307,0.8536066308243727,224.000000000000000000,2021-01-01 00:00:00,2021-01-31 23:55:00
2021,S104,2,8035,8064,29,0.9964037698412699,40.200000000000000000,2021-02-01 00:00:00,2021-02-28 23:55:00
2021,S104,3,6959,8928,1969,0.7794578853046595,184.000010000000000000,2021-03-01 00:00:00,2021-03-31 23:55:00
2021,S104,4,8638,8640,2,0.9997685185185186,285.000000000000000000,2021-04-01 00:00:00,2021-04-30 23:55:00
2021,S104,5,6226,8928,2702,0.6973566308243727,71.000000000000000000,2021-05-01 00:00:00,2021-05-22 14:45:00
2021,S104,6,7602,8640,1038,0.8798611111111111,177.199980000000000000,2021-06-04 14:30:00,2021-06-30 23:55:00
2021,S104,7,8918,8928,10,0.9988799283154122,172.400000000000000000,2021-07-01 00:00:00,2021-07-31 23:55:00
2021,S104,8,8922,8928,6,0.9993279569892473,382.200000000000000000,2021-08-01 00:00:00,2021-08-31 23:55:00
2021,S104,9,6213,8640,2427,0.7190972222222223,212.200010000000000000,2021-09-01 00:00:00,2021-09-30 23:55:00
2021,S104,10,8890,8928,38,0.9957437275985663,196.000000000000000000,2021-10-01 00:00:00,2021-10-31 23:55:00
2021,S104,11,8442,8640,198,0.9770833333333333,186.800000000000000000,2021-11-01 00:00:00,2021-11-30 23:55:00
2021,S104,12,8260,8928,668,0.9251792114695341,188.200000000000000000,2021-12-01 00:00:00,2021-12-31 23:55:00
2021,S106,1,7305,8928,1623,0.8182123655913979,292.000000000000000000,2021-01-01 00:00:00,2021-01-31 23:55:00
2021,S106,2,2954,8064,5110,0.3663194444444444,0E-18,2021-02-01 00:00:00,2021-02-11 08:00:00
2021,S106,3,7636,8928,1292,0.8552867383512545,157.800000000000000000,2021-03-05 11:35:00,2021-03-31 23:55:00
2021,S106,4,8638,8640,2,0.9997685185185186,278.800000000000000000,2021-04-01 00:00:00,2021-04-30 23:55:00
2021,S106,5,8837,8928,91,0.9898073476702509,160.800000000000000000,2021-05-01 00:00:00,2021-05-31 23:55:00
2021,S106,6,8020,8640,620,0.9282407407407407,106.800000000000000000,2021-06-01 00:00:00,2021-06-30 23:55:00
2021,S106,7,8812,8928,116,0.9870071684587813,101.200000000000000000,2021-07-01 00:00:00,2021-07-31 23:55:00
2021,S106,8,8889,8928,39,0.9956317204301075,329.000000000000000000,2021-08-01 00:00:00,2021-08-31 23:55:00
2021,S106,9,8638,8640,2,0.9997685185185186,355.800010000000000000,2021-09-01 00:00:00,2021-09-30 23:55:00
2021,S106,10,8925,8928,3,0.9996639784946236,162.200000000000000000,2021-10-01 00:00:00,2021-10-31 23:55:00
2021,S106,11,8496,8640,144,0.9833333333333333,217.400000000000000000,2021-11-01 00:00:00,2021-11-30 23:55:00
2021,S106,12,8879,8928,49,0.9945116487455197,181.400000000000000000,2021-12-01 00:00:00,2021-12-31 23:55:00
2021,S107,1,7623,8928,1305,0.8538306451612904,219.600000000000000000,2021-01-01 00:00:00,2021-01-31 23:55:00
2021,S107,2,7775,8064,289,0.9641617063492064,10.000000000000000000,2021-02-01 00:00:00,2021-02-28 23:55:00
2021,S107,3,8922,8928,6,0.9993279569892473,84.800000000000000000,2021-03-01 00:00:00,2021-03-31 23:55:00
2021,S107,4,8621,8640,19,0.997800925925926,318.799990000000000000,2021-04-01 00:00:00,2021-04-30 23:55:00
2021,S107,5,8923,8928,5,0.9994399641577061,179.000000000000000000,2021-05-01 00:00:00,2021-05-31 23:55:00
2021,S107,6,8610,8640,30,0.9965277777777778,156.600000000000000000,2021-06-01 00:00:00,2021-06-30 23:55:00
2021,S107,7,8927,8928,1,0.9998879928315412,199.600000000000000000,2021-07-01 00:00:00,2021-07-31 23:55:00
2021,S107,8,8928,8928,0,1.0,298.800000000000000000,2021-08-01 00:00:00,2021-08-31 23:55:00
2021,S107,9,8638,8640,2,0.9997685185185186,139.600000000000000000,2021-09-01 00:00:00,2021-09-30 23:55:00
2021,S107,10,8735,8928,193,0.9783826164874552,163.400000000000000000,2021-10-01 00:00:00,2021-10-31 23:55:00
2021,S107,11,8353,8640,287,0.9667824074074074,309.400000000000000000,2021-11-01 00:00:00,2021-11-30 23:55:00
2021,S107,12,8927,8928,1,0.9998879928315412,139.000000000000000000,2021-12-01 00:00:00,2021-12-31 23:55:00
2021,S108,1,7621,8928,1307,0.8536066308243727,230.200000000000000000,2021-01-01 00:00:00,2021-01-31 23:55:00
2021,S108,2,8038,8064,26,0.9967757936507936,14.600000000000000000,2021-02-01 00:00:00,2021-02-28 23:55:00
2021,S108,3,8928,8928,0,1.0,220.200010000000000000,2021-03-01 00:00:00,2021-03-31 23:55:00
2021,S108,4,8640,8640,0,1.0,342.999980000000000000,2021-04-01 00:00:00,2021-04-30 23:55:00
2021,S108,5,8928,8928,0,1.0,216.800000000000000000,2021-05-01 00:00:00,2021-05-31 23:55:00
2021,S108,6,8640,8640,0,1.0,131.200000000000000000,2021-06-01 00:00:00,2021-06-30 23:55:00
2021,S108,7,8919,8928,9,0.998991935483871,204.600000000000000000,2021-07-01 00:00:00,2021-07-31 23:55:00
2021,S108,8,8928,8928,0,1.0,415.800000000000000000,2021-08-01 00:00:00,2021-08-31 23:55:00
2021,S108,9,8640,8640,0,1.0,156.400000000000000000,2021-09-01 00:00:00,2021-09-30 23:55:00
2021,S108,10,8928,8928,0,1.0,129.000010000000000000,2021-10-01 00:00:00,2021-10-31 23:55:00
2021,S108,11,8636,8640,4,0.999537037037037,307.199990000000000000,2021-11-01 00:00:00,2021-11-30 23:55:00
2021,S108,12,8928,8928,0,1.0,152.000000000000000000,2021-12-01 00:00:00,2021-12-31 23:55:00
2021,S109,1,7623,8928,1305,0.8538306451612904,278.000000000000000000,2021-01-01 00:00:00,2021-01-31 23:55:00
2021,S109,2,8043,8064,21,0.9973958333333334,18.000000000000000000,2021-02-01 00:00:00,2021-02-28 23:55:00
2021,S109,3,8927,8928,1,0.9998879928315412,177.599990000000000000,2021-03-01 00:00:00,2021-03-31 23:55:00
2021,S109,4,8640,8640,0,1.0,354.800000000000000000,2021-04-01 00:00:00,2021-04-30 23:55:00
2021,S109,5,8928,8928,0,1.0,272.600000000000000000,2021-05-01 00:00:00,2021-05-31 23:55:00
2021,S109,6,8640,8640,0,1.0,223.600000000000000000,2021-06-01 00:00:00,2021-06-30 23:55:00
2021,S109,7,8327,8928,601,0.9326836917562724,269.399990000000000000,2021-07-01 00:00:00,2021-07-31 05:25:00
2021,S109,8,7355,8928,1573,0.8238127240143369,318.400000000000000000,2021-08-06 10:15:00,2021-08-31 23:55:00
2021,S109,9,8640,8640,0,1.0,310.000000000000000000,2021-09-01 00:00:00,2021-09-30 23:55:00
2021,S109,10,8928,8928,0,1.0,221.800000000000000000,2021-10-01 00:00:00,2021-10-31 23:55:00
2021,S109,11,8640,8640,0,1.0,236.800000000000000000,2021-11-01 00:00:00,2021-11-30 23:55:00
2021,S109,12,8065,8928,863,0.9033378136200717,183.200000000000000000,2021-12-01 00:00:00,2021-12-31 23:55:00
2021,S11,1,7623,8928,1305,0.8538306451612904,180.400000000000000000,2021-01-01 00:00:00,2021-01-31 23:55:00
2021,S11,2,8040,8064,24,0.9970238095238095,63.200000000000000000,2021-02-01 00:00:00,2021-02-28 23:55:00
2021,S11,3,8127,8928,801,0.9102822580645161,253.600000000000000000,2021-03-01 00:00:00,2021-03-31 23:55:00
2021,S11,4,8640,8640,0,1.0,401.200020000000000000,2021-04-01 00:00:00,2021-04-30 23:55:00
2021,S11,5,8928,8928,0,1.0,311.600000000000000000,2021-05-01 00:00:00,2021-05-31 23:55:00
2021,S11,6,8639,8640,1,0.9998842592592593,360.000000000000000000,2021-06-01 00:00:00,2021-06-30 23:55:00
2021,S11,7,8919,8928,9,0.998991935483871,192.000000000000000000,2021-07-01 00:00:00,2021-07-31 23:55:00
2021,S11,8,8927,8928,1,0.9998879928315412,498.400000000000000000,2021-08-01 00:00:00,2021-08-31 23:55:00
2021,S11,9,8370,8640,270,0.96875,266.799990000000000000,2021-09-01 00:00:00,2021-09-30 23:55:00
2021,S11,10,8928,8928,0,1.0,167.200000000000000000,2021-10-01 00:00:00,2021-10-31 23:55:00
2021,S11,11,3003,8640,5637,0.34756944444444443,142.200000000000000000,2021-11-01 00:00:00,2021-11-11 10:10:00
2021,S11,12,0,8928,8928,0.0,0,,
2021,S111,1,7621,8928,1307,0.8536066308243727,248.000000000000000000,2021-01-01 00:00:00,2021-01-31 23:55:00
2021,S111,2,8040,8064,24,0.9970238095238095,13.600000000000000000,2021-02-01 00:00:00,2021-02-28 23:55:00
2021,S111,3,8918,8928,10,0.9988799283154122,267.200000000000000000,2021-03-01 00:00:00,2021-03-31 23:55:00
2021,S111,4,8510,8640,130,0.9849537037037037,355.200000000000000000,2021-04-01 00:00:00,2021-04-30 23:55:00
2021,S111,5,8923,8928,5,0.9994399641577061,152.800000000000000000,2021-05-01 00:00:00,2021-05-31 23:55:00
2021,S111,6,8636,8640,4,0.999537037037037,182.400000000000000000,2021-06-01 00:00:00,2021-06-30 23:55:00
2021,S111,7,7854,8928,1074,0.8797043010752689,203.200000000000000000,2021-07-01 00:00:00,2021-07-31 23:55:00
2021,S111,8,8625,8928,303,0.9660618279569892,355.400000000000000000,2021-08-01 00:00:00,2021-08-31 23:55:00
2021,S111,9,8638,8640,2,0.9997685185185186,228.000000000000000000,2021-09-01 00:00:00,2021-09-30 23:55:00
2021,S111,10,8728,8928,200,0.9775985663082437,155.200000000000000000,2021-10-01 00:00:00,2021-10-31 23:55:00
2021,S111,11,8640,8640,0,1.0,287.999990000000000000,2021-11-01 00:00:00,2021-11-30 23:55:00
2021,S111,12,8744,8928,184,0.9793906810035843,139.200000000000000000,2021-12-01 00:00:00,2021-12-31 16:25:00
2021,S112,1,7626,8928,1302,0.8541666666666666,175.800000000000000000,2021-01-01 00:00:00,2021-01-31 23:55:00
2021,S112,2,8043,8064,21,0.9973958333333334,47.200000000000000000,2021-02-01 00:00:00,2021-02-28 23:55:00
2021,S112,3,8928,8928,0,1.0,228.000000000000000000,2021-03-01 00:00:00,2021-03-31 23:55:00
2021,S112,4,8640,8640,0,1.0,278.199990000000000000,2021-04-01 00:00:00,2021-04-30 23:55:00
2021,S112,5,8753,8928,175,0.9803987455197133,90.400000000000000000,2021-05-01 00:00:00,2021-05-31 23:55:00
2021,S112,6,8518,8640,122,0.9858796296296296,292.400000000000000000,2021-06-01 00:00:00,2021-06-30 23:55:00
2021,S112,7,8928,8928,0,1.0,268.600000000000000000,2021-07-01 00:00:00,2021-07-31 23:55:00
2021,S112,8,8928,8928,0,1.0,425.000000000000000000,2021-08-01 00:00:00,2021-08-31 23:55:00
2021,S112,9,8640,8640,0,1.0,332.399990000000000000,2021-09-01 00:00:00,2021-09-30 23:55:00
2021,S112,10,8928,8928,0,1.0,152.200010000000000000,2021-10-01 00:00:00,2021-10-31 23:55:00
2021,S112,11,8640,8640,0,1.0,141.600000000000000000,2021-11-01 00:00:00,2021-11-30 23:55:00
2021,S112,12,8928,8928,0,1.0,217.600000000000000000,2021-12-01 00:00:00,2021-12-31 23:55:00
2021,S113,1,7621,8928,1307,0.8536066308243727,242.600000000000000000,2021-01-01 00:00:00,2021-01-31 23:55:00
2021,S113,2,8040,8064,24,0.9970238095238095,9.800000000000000000,2021-02-01 00:00:00,2021-02-28 23:55:00
2021,S113,3,8926,8928,2,0.9997759856630825,170.000010000000000000,2021-03-01 00:00:00,2021-03-31 23:55:00
2021,S113,4,8638,8640,2,0.9997685185185186,246.600000000000000000,2021-04-01 00:00:00,2021-04-30 23:55:00
2021,S113,5,8928,8928,0,1.0,196.600010000000000000,2021-05-01 00:00:00,2021-05-31 23:55:00
2021,S113,6,8634,8640,6,0.9993055555555556,140.000000000000000000,2021-06-01 00:00:00,2021-06-30 23:55:00
2021,S113,7,8917,8928,11,0.9987679211469535,150.400000000000000000,2021-07-01 00:00:00,2021-07-31 23:55:00
2021,S113,8,8928,8928,0,1.0,440.000000000000000000,2021-08-01 00:00:00,2021-08-31 23:55:00
2021,S113,9,8640,8640,0,1.0,153.600000000000000000,2021-09-01 00:00:00,2021-09-30 23:55:00
2021,S113,10,8892,8928,36,0.9959677419354839,117.400000000000000000,2021-10-01 00:00:00,2021-10-31 23:55:00
2021,S113,11,8640,8640,0,1.0,407.999990000000000000,2021-11-01 00:00:00,2021-11-30 23:55:00
2021,S113,12,8927,8928,1,0.9998879928315412,137.600000000000000000,2021-12-01 00:00:00,2021-12-31 23:55:00
2021,S114,1,7619,8928,1309,0.8533826164874552,231.400000000000000000,2021-01-01 00:00:00,2021-01-31 23:55:00
2021,S114,2,8036,8064,28,0.9965277777777778,57.800000000000000000,2021-02-01 00:00:00,2021-02-28 23:55:00
2021,S114,3,8641,8928,287,0.9678539426523297,365.800000000000000000,2021-03-01 00:00:00,2021-03-31 23:55:00
2021,S114,4,8639,8640,1,0.9998842592592593,331.600000000000000000,2021-04-01 00:00:00,2021-04-30 23:55:00
2021,S114,5,8927,8928,1,0.9998879928315412,179.400000000000000000,2021-05-01 00:00:00,2021-05-31 23:55:00
2021,S114,6,8317,8640,323,0.9626157407407407,201.000000000000000000,2021-06-01 00:00:00,2021-06-30 23:55:00
2021,S114,7,7881,8928,1047,0.8827284946236559,114.200000000000000000,2021-07-01 00:00:00,2021-07-31 23:55:00
2021,S114,8,8928,8928,0,1.0,702.399970000000000000,2021-08-01 00:00:00,2021-08-31 23:55:00
2021,S114,9,8640,8640,0,1.0,314.400000000000000000,2021-09-01 00:00:00,2021-09-30 23:55:00
2021,S114,10,7500,8928,1428,0.8400537634408602,153.400000000000000000,2021-10-01 00:00:00,2021-10-31 23:55:00
2021,S114,11,7556,8640,1084,0.874537037037037,193.599990000000000000,2021-11-01 00:00:00,2021-11-30 23:55:00
2021,S114,12,7314,8928,1614,0.8192204301075269,212.600000000000000000,2021-12-01 00:00:00,2021-12-31 23:55:00
2021,S115,1,7619,8928,1309,0.8533826164874552,94.800000000000000000,2021-01-01 00:00:00,2021-01-31 23:55:00
2021,S115,2,8041,8064,23,0.9971478174603174,35.000000000000000000,2021-02-01 00:00:00,2021-02-28 23:55:00
2021,S115,3,8927,8928,1,0.9998879928315412,338.400000000000000000,2021-03-01 00:00:00,2021-03-31 23:55:00
2021,S115,4,8585,8640,55,0.9936342592592593,295.800020000000000000,2021-04-01 00:00:00,2021-04-30 19:25:00
2021,S115,5,7231,8928,1697,0.8099238351254481,329.199990000000000000,2021-05-05 10:55:00,2021-05-31 23:55:00
2021,S115,6,7799,8640,841,0.9026620370370371,151.799990000000000000,2021-06-01 00:00:00,2021-06-30 23:55:00
2021,S115,7,8928,8928,0,1.0,100.400000000000000000,2021-07-01 00:00:00,2021-07-31 23:55:00
2021,S115,8,8927,8928,1,0.9998879928315412,258.600000000000000000,2021-08-01 00:00:00,2021-08-31 23:55:00
2021,S115,9,8635,8640,5,0.9994212962962963,328.800000000000000000,2021-09-01 00:00:00,2021-09-30 23:55:00
2021,S115,10,8894,8928,34,0.9961917562724014,132.400000000000000000,2021-10-01 00:00:00,2021-10-31 23:55:00
2021,S115,11,8638,8640,2,0.9997685185185186,147.000000000000000000,2021-11-01 00:00:00,2021-11-30 23:55:00
2021,S115,12,8636,8928,292,0.9672939068100358,177.800000000000000000,2021-12-01 00:00:00,2021-12-31 23:55:00
2021,S116,1,7625,8928,1303,0.8540546594982079,202.800000000000000000,2021-01-01 00:00:00,2021-01-31 23:55:00
2021,S116,2,8043,8064,21,0.9973958333333334,82.600000000000000000,2021-02-01 00:00:00,2021-02-28 23:55:00
2021,S116,3,8926,8928,2,0.9997759856630825,301.400010000000000000,2021-03-01 00:00:00,2021-03-31 23:55:00
2021,S116,4,8640,8640,0,1.0,350.999990000000000000,2021-04-01 00:00:00,2021-04-30 23:55:00
2021,S116,5,8928,8928,0,1.0,276.800000000000000000,2021-05-01 00:00:00,2021-05-31 23:55:00
2021,S116,6,8640,8640,0,1.0,316.800000000000000000,2021-06-01 00:00:00,2021-06-30 23:55:00
2021,S116,7,8918,8928,10,0.9988799283154122,171.800000000000000000,2021-07-01 00:00:00,2021-07-31 23:55:00
2021,S116,8,8928,8928,0,1.0,337.000000000000000000,2021-08-01 00:00:00,2021-08-31 23:55:00
2021,S116,9,8639,8640,1,0.9998842592592593,190.800000000000000000,2021-09-01 00:00:00,2021-09-30 23:55:00
2021,S116,10,8928,8928,0,1.0,110.400000000000000000,2021-10-01 00:00:00,2021-10-31 23:55:00
2021,S116,11,8640,8640,0,1.0,283.000000000000000000,2021-11-01 00:00:00,2021-11-30 23:55:00
2021,S116,12,8928,8928,0,1.0,254.800000000000000000,2021-12-01 00:00:00,2021-12-31 23:55:00
2021,S118,1,7153,8928,1775,0.8011872759856631,153.800000000000000000,2021-01-01 00:00:00,2021-01-31 23:55:00
2021,S118,2,8038,8064,26,0.9967757936507936,13.600000000000000000,2021-02-01 00:00:00,2021-02-28 23:55:00
2021,S118,3,8927,8928,1,0.9998879928315412,274.200000000000000000,2021-03-01 00:00:00,2021-03-31 23:55:00
2021,S118,4,8454,8640,186,0.9784722222222222,354.200000000000000000,2021-04-01 00:00:00,2021-04-30 23:55:00
2021,S118,5,8928,8928,0,1.0,211.400000000000000000,2021-05-01 00:00:00,2021-05-31 23:55:00
2021,S118,6,8640,8640,0,1.0,193.799990000000000000,2021-06-01 00:00:00,2021-06-30 23:55:00
2021,S118,7,8919,8928,9,0.998991935483871,184.400000000000000000,2021-07-01 00:00:00,2021-07-31 23:55:00
2021,S118,8,8928,8928,0,1.0,428.800000000000000000,2021-08-01 00:00:00,2021-08-31 23:55:00
2021,S118,9,8640,8640,0,1.0,225.199990000000000000,2021-09-01 00:00:00,2021-09-30 23:55:00
2021,S118,10,8928,8928,0,1.0,150.600000000000000000,2021-10-01 00:00:00,2021-10-31 23:55:00
2021,S118,11,8605,8640,35,0.9959490740740741,277.399990000000000000,2021-11-01 00:00:00,2021-11-30 23:55:00
2021,S118,12,8928,8928,0,1.0,127.600000000000000000,2021-12-01 00:00:00,2021-12-31 23:55:00
2021,S119,1,6787,8928,2141,0.7601926523297491,266.400000000000000000,2021-01-01 00:00:00,2021-01-31 23:55:00
2021,S119,2,8037,8064,27,0.9966517857142857,15.000000000000000000,2021-02-01 00:00:00,2021-02-28 23:55:00
2021,S119,3,8896,8928,32,0.996415770609319,297.799990000000000000,2021-03-01 00:00:00,2021-03-31 23:55:00
2021,S119,4,7238,8640,1402,0.8377314814814815,318.200000000000000000,2021-04-01 00:00:00,2021-04-30 23:55:00
2021,S119,5,8547,8928,381,0.9573252688172043,225.800000000000000000,2021-05-01 00:00:00,2021-05-31 23:55:00
2021,S119,6,8053,8640,587,0.9320601851851852,135.200000000000000000,2021-06-01 00:00:00,2021-06-30 23:55:00
2021,S119,7,8556,8928,372,0.9583333333333334,196.799990000000000000,2021-07-01 00:00:00,2021-07-31 23:55:00
2021,S119,8,7035,8928,1893,0.7879704301075269,481.199980000000000000,2021-08-01 00:00:00,2021-08-31 23:45:00
2021,S119,9,8278,8640,362,0.9581018518518518,222.400000000000000000,2021-09-01 00:00:00,2021-09-30 23:55:00
2021,S119,10,8849,8928,79,0.9911514336917563,114.000000000000000000,2021-10-01 00:00:00,2021-10-31 23:55:00
2021,S119,11,8606,8640,34,0.9960648148148148,413.800000000000000000,2021-11-01 00:00:00,2021-11-30 23:55:00
2021,S119,12,8922,8928,6,0.9993279569892473,168.400000000000000000,2021-12-01 00:00:00,2021-12-31 23:55:00
2021,S120,1,7621,8928,1307,0.8536066308243727,248.200000000000000000,2021-01-01 00:00:00,2021-01-31 23:55:00
2021,S120,2,8038,8064,26,0.9967757936507936,22.400000000000000000,2021-02-01 00:00:00,2021-02-28 23:55:00
2021,S120,3,8928,8928,0,1.0,315.000010000000000000,2021-03-01 00:00:00,2021-03-31 23:55:00
2021,S120,4,8639,8640,1,0.9998842592592593,355.400000000000000000,2021-04-01 00:00:00,2021-04-30 23:55:00
2021,S120,5,8928,8928,0,1.0,242.999990000000000000,2021-05-01 00:00:00,2021-05-31 23:55:00
2021,S120,6,8640,8640,0,1.0,190.200000000000000000,2021-06-01 00:00:00,2021-06-30 23:55:00
2021,S120,7,8919,8928,9,0.998991935483871,248.000000000000000000,2021-07-01 00:00:00,2021-07-31 23:55:00
2021,S120,8,8928,8928,0,1.0,399.400000000000000000,2021-08-01 00:00:00,2021-08-31 23:55:00
2021,S120,9,8640,8640,0,1.0,275.200000000000000000,2021-09-01 00:00:00,2021-09-30 23:55:00
2021,S120,10,8915,8928,13,0.9985439068100358,169.200000000000000000,2021-10-01 00:00:00,2021-10-31 23:55:00
2021,S120,11,8639,8640,1,0.9998842592592593,298.999990000000000000,2021-11-01 00:00:00,2021-11-30 23:55:00
2021,S120,12,8928,8928,0,1.0,198.400000000000000000,2021-12-01 00:00:00,2021-12-31 23:55:00
2021,S121,1,7620,8928,1308,0.853494623655914,212.400000000000000000,2021-01-01 00:00:00,2021-01-31 23:55:00
2021,S121,2,8040,8064,24,0.9970238095238095,61.200000000000000000,2021-02-01 00:00:00,2021-02-28 23:55:00
2021,S121,3,8838,8928,90,0.9899193548387096,412.000000000000000000,2021-03-01 00:00:00,2021-03-31 23:55:00
2021,S121,4,8640,8640,0,1.0,340.400010000000000000,2021-04-01 00:00:00,2021-04-30 23:55:00
2021,S121,5,8927,8928,1,0.9998879928315412,227.000000000000000000,2021-05-01 00:00:00,2021-05-31 23:55:00
2021,S121,6,8640,8640,0,1.0,311.200000000000000000,2021-06-01 00:00:00,2021-06-30 23:55:00
2021,S121,7,8207,8928,721,0.9192428315412187,214.200000000000000000,2021-07-01 00:00:00,2021-07-29 16:25:00
2021,S121,8,8517,8928,411,0.9539650537634409,483.800000000000000000,2021-08-02 09:55:00,2021-08-31 23:55:00
2021,S121,9,8636,8640,4,0.999537037037037,312.399990000000000000,2021-09-01 00:00:00,2021-09-30 23:55:00
2021,S121,10,8926,8928,2,0.9997759856630825,147.600000000000000000,2021-10-01 00:00:00,2021-10-31 23:55:00
2021,S121,11,8639,8640,1,0.9998842592592593,185.200000000000000000,2021-11-01 00:00:00,2021-11-30 23:55:00
2021,S121,12,8928,8928,0,1.0,208.600000000000000000,2021-12-01 00:00:00,2021-12-31 23:55:00
2021,S122,1,1838,8928,7090,0.20586917562724014,7.800000000000000000,2021-01-25 14:25:00,2021-01-31 23:55:00
2021,S122,2,8040,8064,24,0.9970238095238095,19.000000000000000000,2021-02-01 00:00:00,2021-02-28 23:55:00
2021,S122,3,8403,8928,525,0.9411962365591398,170.000000000000000000,2021-03-01 00:00:00,2021-03-31 23:55:00
2021,S122,4,4327,8640,4313,0.5008101851851852,65.200000000000000000,2021-04-01 00:00:00,2021-04-23 16:20:00
2021,S122,5,327,8928,8601,0.03662634408602151,8.200000000000000000,2021-05-04 14:35:00,2021-05-12 01:55:00
2021,S122,6,8462,8640,178,0.9793981481481482,95.000000000000000000,2021-06-01 14:40:00,2021-06-30 23:55:00
2021,S122,7,6546,8928,2382,0.7331989247311828,11.400000000000000000,2021-07-01 00:00:00,2021-07-31 23:55:00
2021,S122,8,8922,8928,6,0.9993279569892473,524.200000000000000000,2021-08-01 00:00:00,2021-08-31 23:55:00
2021,S122,9,2184,8640,6456,0.25277777777777777,117.000000000000000000,2021-09-01 00:00:00,2021-09-13 23:15:00
2021,S122,10,0,8928,8928,0.0,0,,
2021,S122,11,0,8640,8640,0.0,0,,
2021,S122,12,0,8928,8928,0.0,0,,
2021,S123,1,7622,8928,1306,0.8537186379928315,298.200000000000000000,2021-01-01 00:00:00,2021-01-31 23:55:00
2021,S123,2,8040,8064,24,0.9970238095238095,13.400000000000000000,2021-02-01 00:00:00,2021-02-28 23:55:00
2021,S123,3,6009,8928,2919,0.6730510752688172,223.199990000000000000,2021-03-01 00:00:00,2021-03-31 23:55:00
2021,S123,4,8558,8640,82,0.9905092592592593,201.200010000000000000,2021-04-01 00:00:00,2021-04-30 23:55:00
2021,S123,5,8928,8928,0,1.0,269.799990000000000000,2021-05-01 00:00:00,2021-05-31 23:55:00
2021,S123,6,8640,8640,0,1.0,200.800000000000000000,2021-06-01 00:00:00,2021-06-30 23:55:00
2021,S123,7,8920,8928,8,0.9991039426523297,200.200000000000000000,2021-07-01 00:00:00,2021-07-31 23:55:00
2021,S123,8,8928,8928,0,1.0,343.000000000000000000,2021-08-01 00:00:00,2021-08-31 23:55:00
2021,S123,9,8640,8640,0,1.0,233.600000000000000000,2021-09-01 00:00:00,2021-09-30 23:55:00
2021,S123,10,8928,8928,0,1.0,197.000000000000000000,2021-10-01 00:00:00,2021-10-31 23:55:00
2021,S123,11,8640,8640,0,1.0,332.800000000000000000,2021-11-01 00:00:00,2021-11-30 23:55:00
2021,S123,12,8928,8928,0,1.0,139.000000000000000000,2021-12-01 00:00:00,2021-12-31 23:55:00
2021,S201,1,7626,8928,1302,0.8541666666666666,234.200000000000000000,2021-01-01 00:00:00,2021-01-31 23:55:00
2021,S201,2,8043,8064,21,0.9973958333333334,44.800000000000000000,2021-02-01 00:00:00,2021-02-28 23:55:00
2021,S201,3,8928,8928,0,1.0,351.200000000000000000,2021-03-01 00:00:00,2021-03-31 23:55:00
2021,S201,4,8640,8640,0,1.0,367.400000000000000000,2021-04-01 00:00:00,2021-04-30 23:55:00
2021,S201,5,8928,8928,0,1.0,188.400000000000000000,2021-05-01 00:00:00,2021-05-31 23:55:00
2021,S201,6,8640,8640,0,1.0,238.200000000000000000,2021-06-01 00:00:00,2021-06-30 23:55:00
2021,S201,7,8928,8928,0,1.0,263.999990000000000000,2021-07-01 00:00:00,2021-07-31 23:55:00
2021,S201,8,8928,8928,0,1.0,479.600000000000000000,2021-08-01 00:00:00,2021-08-31 23:55:00
2021,S201,9,8640,8640,0,1.0,252.599990000000000000,2021-09-01 00:00:00,2021-09-30 23:55:00
2021,S201,10,8928,8928,0,1.0,146.400000000000000000,2021-10-01 00:00:00,2021-10-31 23:55:00
2021,S201,11,8640,8640,0,1.0,285.599990000000000000,2021-11-01 00:00:00,2021-11-30 23:55:00
2021,S201,12,8928,8928,0,1.0,302.800000000000000000,2021-12-01 00:00:00,2021-12-31 23:55:00
2021,S202,1,7626,8928,1302,0.8541666666666666,231.088000000000000000,2021-01-01 00:00:00,2021-01-31 23:55:00
2021,S202,2,8043,8064,21,0.9973958333333334,65.246000000000000000,2021-02-01 00:00:00,2021-02-28 23:55:00
2021,S202,3,8928,8928,0,1.0,367.438000000000000000,2021-03-01 00:00:00,2021-03-31 23:55:00
2021,S202,4,8480,8640,160,0.9814814814814815,424.805990000000000000,2021-04-01 00:00:00,2021-04-30 10:40:00
2021,S202,5,7884,8928,1044,0.8830645161290323,345.420010000000000000,2021-05-04 14:45:00,2021-05-31 23:55:00
2021,S202,6,8640,8640,0,1.0,250.076000000000000000,2021-06-01 00:00:00,2021-06-30 23:55:00
2021,S202,7,8928,8928,0,1.0,192.910000000000000000,2021-07-01 00:00:00,2021-07-31 23:55:00
2021,S202,8,8928,8928,0,1.0,423.796000000000000000,2021-08-01 00:00:00,2021-08-31 23:55:00
2021,S202,9,8640,8640,0,1.0,246.036000000000000000,2021-09-01 00:00:00,2021-09-30 23:55:00
2021,S202,10,8928,8928,0,1.0,129.280000000000000000,2021-10-01 00:00:00,2021-10-31 23:55:00
2021,S202,11,8640,8640,0,1.0,316.736010000000000000,2021-11-01 00:00:00,2021-11-30 23:55:00
2021,S202,12,8928,8928,0,1.0,371.073990000000000000,2021-12-01 00:00:00,2021-12-31 23:55:00
2021,S203,1,7626,8928,1302,0.8541666666666666,209.040000000000000000,2021-01-01 00:00:00,2021-01-31 23:55:00
2021,S203,2,8043,8064,21,0.9973958333333334,64.521000000000000000,2021-02-01 00:00:00,2021-02-28 23:55:00
2021,S203,3,8928,8928,0,1.0,367.829960000000000000,2021-03-01 00:00:00,2021-03-31 23:55:00
2021,S203,4,8640,8640,0,1.0,501.294000000000000000,2021-04-01 00:00:00,2021-04-30 23:55:00
2021,S203,5,8928,8928,0,1.0,310.142980000000000000,2021-05-01 00:00:00,2021-05-31 23:55:00
2021,S203,6,8640,8640,0,1.0,350.744990000000000000,2021-06-01 00:00:00,2021-06-30 23:55:00
2021,S203,7,8928,8928,0,1.0,242.406000000000000000,2021-07-01 00:00:00,2021-07-31 23:55:00
2021,S203,8,8928,8928,0,1.0,416.472000000000000000,2021-08-01 00:00:00,2021-08-31 23:55:00
2021,S203,9,8640,8640,0,1.0,284.214000000000000000,2021-09-01 00:00:00,2021-09-30 23:55:00
2021,S203,10,8928,8928,0,1.0,152.961000000000000000,2021-10-01 00:00:00,2021-10-31 23:55:00
2021,S203,11,8640,8640,0,1.0,376.271990000000000000,2021-11-01 00:00:00,2021-11-30 23:55:00
2021,S203,12,8928,8928,0,1.0,293.460000000000000000,2021-12-01 00:00:00,2021-12-31 23:55:00
2021,S204,1,7626,8928,1302,0.8541666666666666,312.354000000000000000,2021-01-01 00:00:00,2021-01-31 23:55:00
2021,S204,2,8043,8064,21,0.9973958333333334,8.040000000000000000,2021-02-01 00:00:00,2021-02-28 23:55:00
2021,S204,3,8928,8928,0,1.0,285.821980000000000000,2021-03-01 00:00:00,2021-03-31 23:55:00
2021,S204,4,8169,8640,471,0.9454861111111111,394.161000000000000000,2021-04-01 00:00:00,2021-04-30 23:55:00
2021,S204,5,8928,8928,0,1.0,263.310020000000000000,2021-05-01 00:00:00,2021-05-31 23:55:00
2021,S204,6,8640,8640,0,1.0,161.403000000000000000,2021-06-01 00:00:00,2021-06-30 23:55:00
2021,S204,7,8928,8928,0,1.0,244.616970000000000000,2021-07-01 00:00:00,2021-07-31 23:55:00
2021,S204,8,8928,8928,0,1.0,264.717000000000000000,2021-08-01 00:00:00,2021-08-31 23:55:00
2021,S204,9,8640,8640,0,1.0,241.802980000000000000,2021-09-01 00:00:00,2021-09-30 23:55:00
2021,S204,10,8928,8928,0,1.0,175.674000000000000000,2021-10-01 00:00:00,2021-10-31 23:55:00
2021,S204,11,8640,8640,0,1.0,285.018000000000000000,2021-11-01 00:00:00,2021-11-30 23:55:00
2021,S204,12,8928,8928,0,1.0,142.509000000000000000,2021-12-01 00:00:00,2021-12-31 23:55:00
2021,S205,1,7626,8928,1302,0.8541666666666666,295.392000000000000000,2021-01-01 00:00:00,2021-01-31 23:55:00
2021,S205,2,8043,8064,21,0.9973958333333334,4.488000000000000000,2021-02-01 00:00:00,2021-02-28 23:55:00
2021,S205,3,8928,8928,0,1.0,330.887990000000000000,2021-03-01 00:00:00,2021-03-31 23:55:00
2021,S205,4,8640,8640,0,1.0,342.311990000000000000,2021-04-01 00:00:00,2021-04-30 23:55:00
2021,S205,5,8928,8928,0,1.0,288.660000000000000000,2021-05-01 00:00:00,2021-05-31 23:55:00
2021,S205,6,8640,8640,0,1.0,150.348000000000000000,2021-06-01 00:00:00,2021-06-30 23:55:00
2021,S205,7,8928,8928,0,1.0,216.648000000000000000,2021-07-01 00:00:00,2021-07-31 23:55:00
2021,S205,8,8928,8928,0,1.0,368.628000000000000000,2021-08-01 00:00:00,2021-08-31 23:55:00
2021,S205,9,8640,8640,0,1.0,249.084000000000000000,2021-09-01 00:00:00,2021-09-30 23:55:00
2021,S205,10,8928,8928,0,1.0,145.655990000000000000,2021-10-01 00:00:00,2021-10-31 23:55:00
2021,S205,11,8640,8640,0,1.0,279.684000000000000000,2021-11-01 00:00:00,2021-11-30 23:55:00
2021,S205,12,8928,8928,0,1.0,213.996000000000000000,2021-12-01 00:00:00,2021-12-31 23:55:00
2021,S207,1,7626,8928,1302,0.8541666666666666,290.847000000000000000,2021-01-01 00:00:00,2021-01-31 23:55:00
2021,S207,2,8043,8064,21,0.9973958333333334,13.266000000000000000,2021-02-01 00:00:00,2021-02-28 23:55:00
2021,S207,3,8928,8928,0,1.0,92.460000000000000000,2021-03-01 00:00:00,2021-03-31 23:55:00
2021,S207,4,8640,8640,0,1.0,368.231990000000000000,2021-04-01 00:00:00,2021-04-30 23:55:00
2021,S207,5,8928,8928,0,1.0,203.612990000000000000,2021-05-01 00:00:00,2021-05-31 23:55:00
2021,S207,6,8640,8640,0,1.0,194.568000000000000000,2021-06-01 00:00:00,2021-06-30 23:55:00
2021,S207,7,8928,8928,0,1.0,242.003990000000000000,2021-07-01 00:00:00,2021-07-31 23:55:00
2021,S207,8,8928,8928,0,1.0,398.784010000000000000,2021-08-01 00:00:00,2021-08-31 23:55:00
2021,S207,9,8640,8640,0,1.0,209.844000000000000000,2021-09-01 00:00:00,2021-09-30 23:55:00
2021,S207,10,8928,8928,0,1.0,198.186000000000000000,2021-10-01 00:00:00,2021-10-31 23:55:00
2021,S207,11,8640,8640,0,1.0,375.066000000000000000,2021-11-01 00:00:00,2021-11-30 23:55:00
2021,S207,12,8928,8928,0,1.0,179.694000000000000000,2021-12-01 00:00:00,2021-12-31 23:55:00
2021,S208,1,7626,8928,1302,0.8541666666666666,246.636000000000000000,2021-01-01 00:00:00,2021-01-31 23:55:00
2021,S208,2,8043,8064,21,0.9973958333333334,2.244000000000000000,2021-02-01 00:00:00,2021-02-28 23:55:00
2021,S208,3,8928,8928,0,1.0,57.120000000000000000,2021-03-01 00:00:00,2021-03-31 23:55:00
2021,S208,4,8640,8640,0,1.0,145.860000000000000000,2021-04-01 00:00:00,2021-04-30 23:55:00
2021,S208,5,8928,8928,0,1.0,113.016000000000000000,2021-05-01 00:00:00,2021-05-31 23:55:00
2021,S208,6,8635,8640,5,0.9994212962962963,131.784000000000000000,2021-06-01 00:00:00,2021-06-30 23:55:00
2021,S208,7,8928,8928,0,1.0,157.080010000000000000,2021-07-01 00:00:00,2021-07-31 23:55:00
2021,S208,8,8928,8928,0,1.0,250.512000000000000000,2021-08-01 00:00:00,2021-08-31 23:55:00
2021,S208,9,8639,8640,1,0.9998842592592593,110.364000000000000000,2021-09-01 00:00:00,2021-09-30 23:55:00
2021,S208,10,8928,8928,0,1.0,194.004000000000000000,2021-10-01 00:00:00,2021-10-31 23:55:00
2021,S208,11,8640,8640,0,1.0,334.560000000000000000,2021-11-01 00:00:00,2021-11-30 23:55:00
2021,S208,12,8928,8928,0,1.0,124.644020000000000000,2021-12-01 00:00:00,2021-12-31 23:55:00
2021,S209,1,7626,8928,1302,0.8541666666666666,301.788000000000000000,2021-01-01 00:00:00,2021-01-31 23:55:00
2021,S209,2,8043,8064,21,0.9973958333333334,28.482000000000000000,2021-02-01 00:00:00,2021-02-28 23:55:00
2021,S209,3,8819,8928,109,0.9877912186379928,338.753990000000000000,2021-03-01 00:00:00,2021-03-31 23:55:00
2021,S209,4,8640,8640,0,1.0,286.435980000000000000,2021-04-01 00:00:00,2021-04-30 23:55:00
2021,S209,5,8928,8928,0,1.0,307.040000000000000000,2021-05-01 00:00:00,2021-05-31 23:55:00
2021,S209,6,8204,8640,436,0.9495370370370371,193.718000000000000000,2021-06-01 00:00:00,2021-06-30 23:55:00
2021,S209,7,8928,8928,0,1.0,221.998000000000000000,2021-07-01 00:00:00,2021-07-31 23:55:00
2021,S209,8,8928,8928,0,1.0,374.710000000000000000,2021-08-01 00:00:00,2021-08-31 23:55:00
2021,S209,9,8640,8640,0,1.0,296.738000000000000000,2021-09-01 00:00:00,2021-09-30 23:55:00
2021,S209,10,8928,8928,0,1.0,182.608000000000000000,2021-10-01 00:00:00,2021-10-31 23:55:00
2021,S209,11,8640,8640,0,1.0,325.220010000000000000,2021-11-01 00:00:00,2021-11-30 23:55:00
2021,S209,12,8928,8928,0,1.0,162.004000000000000000,2021-12-01 00:00:00,2021-12-31 23:55:00
2021,S210,1,7626,8928,1302,0.8541666666666666,249.239990000000000000,2021-01-01 00:00:00,2021-01-31 23:55:00
2021,S210,2,8043,8064,21,0.9973958333333334,50.451000000000000000,2021-02-01 00:00:00,2021-02-28 23:55:00
2021,S210,3,8928,8928,0,1.0,361.799980000000000000,2021-03-01 00:00:00,2021-03-31 23:55:00
2021,S210,4,8640,8640,0,1.0,335.670000000000000000,2021-04-01 00:00:00,2021-04-30 23:55:00
2021,S210,5,8928,8928,0,1.0,121.806000000000000000,2021-05-01 00:00:00,2021-05-31 23:55:00
2021,S210,6,8640,8640,0,1.0,274.364990000000000000,2021-06-01 00:00:00,2021-06-30 23:55:00
2021,S210,7,8928,8928,0,1.0,218.085000000000000000,2021-07-01 00:00:00,2021-07-31 23:55:00
2021,S210,8,8928,8928,0,1.0,450.842990000000000000,2021-08-01 00:00:00,2021-08-31 23:55:00
2021,S210,9,8640,8640,0,1.0,316.574990000000000000,2021-09-01 00:00:00,2021-09-30 23:55:00
2021,S210,10,8928,8928,0,1.0,229.140000000000000000,2021-10-01 00:00:00,2021-10-31 23:55:00
2021,S210,11,8640,8640,0,1.0,177.483000000000000000,2021-11-01 00:00:00,2021-11-30 23:55:00
2021,S210,12,8928,8928,0,1.0,220.899000000000000000,2021-12-01 00:00:00,2021-12-31 23:55:00
2021,S211,1,7626,8928,1302,0.8541666666666666,255.374000000000000000,2021-01-01 00:00:00,2021-01-31 23:55:00
2021,S211,2,8043,8064,21,0.9973958333333334,77.546000000000000000,2021-02-01 00:00:00,2021-02-28 23:55:00
2021,S211,3,8928,8928,0,1.0,373.519990000000000000,2021-03-01 00:00:00,2021-03-31 23:55:00
2021,S211,4,8640,8640,0,1.0,376.767990000000000000,2021-04-01 00:00:00,2021-04-30 23:55:00
2021,S211,5,8928,8928,0,1.0,120.785000000000000000,2021-05-01 00:00:00,2021-05-31 23:55:00
2021,S211,6,8640,8640,0,1.0,352.204990000000000000,2021-06-01 00:00:00,2021-06-30 23:55:00
2021,S211,7,8928,8928,0,1.0,186.760000000000000000,2021-07-01 00:00:00,2021-07-31 23:55:00
2021,S211,8,8928,8928,0,1.0,488.621020000000000000,2021-08-01 00:00:00,2021-08-31 23:55:00
2021,S211,9,8640,8640,0,1.0,341.446010000000000000,2021-09-01 00:00:00,2021-09-30 23:55:00
2021,S211,10,8928,8928,0,1.0,189.399010000000000000,2021-10-01 00:00:00,2021-10-31 23:55:00
2021,S211,11,8640,8640,0,1.0,222.894000000000000000,2021-11-01 00:00:00,2021-11-30 23:55:00
2021,S211,12,8928,8928,0,1.0,235.886000000000000000,2021-12-01 00:00:00,2021-12-31 23:55:00
2021,S212,1,7626,8928,1302,0.8541666666666666,295.400000000000000000,2021-01-01 00:00:00,2021-01-31 23:55:00
2021,S212,2,8043,8064,21,0.9973958333333334,13.000000000000000000,2021-02-01 00:00:00,2021-02-28 23:55:00
2021,S212,3,8928,8928,0,1.0,122.800000000000000000,2021-03-01 00:00:00,2021-03-31 23:55:00
2021,S212,4,8640,8640,0,1.0,254.000000000000000000,2021-04-01 00:00:00,2021-04-30 23:55:00
2021,S212,5,8928,8928,0,1.0,253.200000000000000000,2021-05-01 00:00:00,2021-05-31 23:55:00
2021,S212,6,8640,8640,0,1.0,159.400010000000000000,2021-06-01 00:00:00,2021-06-30 23:55:00
2021,S212,7,8638,8928,290,0.9675179211469535,156.600000000000000000,2021-07-01 00:00:00,2021-07-31 23:55:00
2021,S212,8,8928,8928,0,1.0,384.000000000000000000,2021-08-01 00:00:00,2021-08-31 23:55:00
2021,S212,9,8640,8640,0,1.0,226.600000000000000000,2021-09-01 00:00:00,2021-09-30 23:55:00
2021,S212,10,8928,8928,0,1.0,130.400000000000000000,2021-10-01 00:00:00,2021-10-31 23:55:00
2021,S212,11,8640,8640,0,1.0,361.800000000000000000,2021-11-01 00:00:00,2021-11-30 23:55:00
2021,S212,12,8880,8928,48,0.9946236559139785,136.600000000000000000,2021-12-01 00:00:00,2021-12-31 23:55:00
2021,S213,1,7626,8928,1302,0.8541666666666666,98.600000000000000000,2021-01-01 00:00:00,2021-01-31 23:55:00
2021,S213,2,8043,8064,21,0.9973958333333334,24.000000000000000000,2021-02-01 00:00:00,2021-02-28 23:55:00
2021,S213,3,8910,8928,18,0.9979838709677419,357.799990000000000000,2021-03-01 00:00:00,2021-03-31 23:55:00
2021,S213,4,8640,8640,0,1.0,383.600000000000000000,2021-04-01 00:00:00,2021-04-30 23:55:00
2021,S213,5,7902,8928,1026,0.8850806451612904,208.000000000000000000,2021-05-01 00:00:00,2021-05-31 23:55:00
2021,S213,6,8640,8640,0,1.0,217.200000000000000000,2021-06-01 00:00:00,2021-06-30 23:55:00
2021,S213,7,8927,8928,1,0.9998879928315412,228.000000000000000000,2021-07-01 00:00:00,2021-07-31 23:55:00
2021,S213,8,8928,8928,0,1.0,346.000000000000000000,2021-08-01 00:00:00,2021-08-31 23:55:00
2021,S213,9,8640,8640,0,1.0,284.800000000000000000,2021-09-01 00:00:00,2021-09-30 23:55:00
2021,S213,10,8928,8928,0,1.0,158.600000000000000000,2021-10-01 00:00:00,2021-10-31 23:55:00
2021,S213,11,8640,8640,0,1.0,332.800000000000000000,2021-11-01 00:00:00,2021-11-30 23:55:00
2021,S213,12,8928,8928,0,1.0,205.200000000000000000,2021-12-01 00:00:00,2021-12-31 23:55:00
2021,S214,1,6912,8928,2016,0.7741935483870968,230.687000000000000000,2021-01-01 00:00:00,2021-01-31 23:55:00
2021,S214,2,8043,8064,21,0.9973958333333334,11.623000000000000000,2021-02-01 00:00:00,2021-02-28 23:55:00
2021,S214,3,8927,8928,1,0.9998879928315412,206.850000000000000000,2021-03-01 00:00:00,2021-03-31 23:55:00
2021,S214,4,8640,8640,0,1.0,312.835980000000000000,2021-04-01 00:00:00,2021-04-30 23:55:00
2021,S214,5,8928,8928,0,1.0,161.934000000000000000,2021-05-01 00:00:00,2021-05-31 23:55:00
2021,S214,6,8640,8640,0,1.0,116.821000000000000000,2021-06-01 00:00:00,2021-06-30 23:55:00
2021,S214,7,8928,8928,0,1.0,141.446000000000000000,2021-07-01 00:00:00,2021-07-31 23:55:00
2021,S214,8,8928,8928,0,1.0,400.107000000000000000,2021-08-01 00:00:00,2021-08-31 23:55:00
2021,S214,9,8638,8640,2,0.9997685185185186,158.979000000000000000,2021-09-01 00:00:00,2021-09-30 23:55:00
2021,S214,10,8928,8928,0,1.0,79.391000000000000000,2021-10-01 00:00:00,2021-10-31 23:55:00
2021,S214,11,8640,8640,0,1.0,349.872000000000000000,2021-11-01 00:00:00,2021-11-30 23:55:00
2021,S214,12,8928,8928,0,1.0,120.367000000000000000,2021-12-01 00:00:00,2021-12-31 23:55:00
2021,S215,1,7626,8928,1302,0.8541666666666666,255.780000000000000000,2021-01-01 00:00:00,2021-01-31 23:55:00
2021,S215,2,8043,8064,21,0.9973958333333334,18.067000000000000000,2021-02-01 00:00:00,2021-02-28 23:55:00
2021,S215,3,8924,8928,4,0.9995519713261649,274.456000000000000000,2021-03-01 00:00:00,2021-03-31 23:55:00
2021,S215,4,8640,8640,0,1.0,277.704000000000000000,2021-04-01 00:00:00,2021-04-30 23:55:00
2021,S215,5,8928,8928,0,1.0,209.496000000000000000,2021-05-01 00:00:00,2021-05-31 23:55:00
2021,S215,6,8640,8640,0,1.0,116.116000000000000000,2021-06-01 00:00:00,2021-06-30 23:55:00
2021,S215,7,8928,8928,0,1.0,171.332000000000000000,2021-07-01 00:00:00,2021-07-31 23:55:00
2021,S215,8,8928,8928,0,1.0,353.423000000000000000,2021-08-01 00:00:00,2021-08-31 23:55:00
2021,S215,9,8640,8640,0,1.0,232.231990000000000000,2021-09-01 00:00:00,2021-09-30 23:55:00
2021,S215,10,8928,8928,0,1.0,121.394000000000000000,2021-10-01 00:00:00,2021-10-31 23:55:00
2021,S215,11,8640,8640,0,1.0,293.944000000000000000,2021-11-01 00:00:00,2021-11-30 23:55:00
2021,S215,12,8928,8928,0,1.0,144.942000000000000000,2021-12-01 00:00:00,2021-12-31 23:55:00
2021,S216,1,7626,8928,1302,0.8541666666666666,288.252000000000000000,2021-01-01 00:00:00,2021-01-31 23:55:00
2021,S216,2,8043,8064,21,0.9973958333333334,19.992000000000000000,2021-02-01 00:00:00,2021-02-28 23:55:00
2021,S216,3,8917,8928,11,0.9987679211469535,247.656000000000000000,2021-03-01 00:00:00,2021-03-31 23:55:00
2021,S216,4,8637,8640,3,0.9996527777777777,330.888000000000000000,2021-04-01 00:00:00,2021-04-30 23:55:00
2021,S216,5,8928,8928,0,1.0,277.236000000000000000,2021-05-01 00:00:00,2021-05-31 23:55:00
2021,S216,6,8640,8640,0,1.0,195.432000000000000000,2021-06-01 00:00:00,2021-06-30 23:55:00
2021,S216,7,8928,8928,0,1.0,309.671990000000000000,2021-07-01 00:00:00,2021-07-31 23:55:00
2021,S216,8,8928,8928,0,1.0,464.508010000000000000,2021-08-01 00:00:00,2021-08-31 23:55:00
2021,S216,9,8640,8640,0,1.0,314.159990000000000000,2021-09-01 00:00:00,2021-09-30 23:55:00
2021,S216,10,8928,8928,0,1.0,148.920000000000000000,2021-10-01 00:00:00,2021-10-31 23:55:00
2021,S216,11,8640,8640,0,1.0,249.288000000000000000,2021-11-01 00:00:00,2021-11-30 23:55:00
2021,S216,12,8928,8928,0,1.0,183.600000000000000000,2021-12-01 00:00:00,2021-12-31 23:55:00
2021,S217,1,7626,8928,1302,0.8541666666666666,299.637000000000000000,2021-01-01 00:00:00,2021-01-31 23:55:00
2021,S217,2,8043,8064,21,0.9973958333333334,17.730000000000000000,2021-02-01 00:00:00,2021-02-28 23:55:00
2021,S217,3,8928,8928,0,1.0,331.354000000000000000,2021-03-01 00:00:00,2021-03-31 23:55:00
2021,S217,4,8640,8640,0,1.0,270.678000000000000000,2021-04-01 00:00:00,2021-04-30 23:55:00
2021,S217,5,8412,8928,516,0.9422043010752689,304.759000000000000000,2021-05-01 00:00:00,2021-05-31 23:55:00
2021,S217,6,8640,8640,0,1.0,191.090000000000000000,2021-06-01 00:00:00,2021-06-30 23:55:00
2021,S217,7,8928,8928,0,1.0,305.547010000000000000,2021-07-01 00:00:00,2021-07-31 23:55:00
2021,S217,8,8928,8928,0,1.0,489.151000000000000000,2021-08-01 00:00:00,2021-08-31 23:55:00
2021,S217,9,8640,8640,0,1.0,280.133990000000000000,2021-09-01 00:00:00,2021-09-30 23:55:00
2021,S217,10,8928,8928,0,1.0,128.641000000000000000,2021-10-01 00:00:00,2021-10-31 23:55:00
2021,S217,11,8640,8640,0,1.0,243.491990000000000000,2021-11-01 00:00:00,2021-11-30 23:55:00
2021,S217,12,8928,8928,0,1.0,179.664000000000000000,2021-12-01 00:00:00,2021-12-31 23:55:00
2021,S218,1,7565,8928,1363,0.847334229390681,68.340000000000000000,2021-01-01 00:00:00,2021-01-31 23:55:00
2021,S218,2,8043,8064,21,0.9973958333333334,53.040000000000000000,2021-02-01 00:00:00,2021-02-28 23:55:00
2021,S218,3,8925,8928,3,0.9996639784946236,431.256000000000000000,2021-03-01 00:00:00,2021-03-31 23:55:00
2021,S218,4,8640,8640,0,1.0,463.080020000000000000,2021-04-01 00:00:00,2021-04-30 23:55:00
2021,S218,5,8928,8928,0,1.0,313.548020000000000000,2021-05-01 00:00:00,2021-05-31 23:55:00
2021,S218,6,8640,8640,0,1.0,240.924000000000000000,2021-06-01 00:00:00,2021-06-30 23:55:00
2021,S218,7,8928,8928,0,1.0,313.956000000000000000,2021-07-01 00:00:00,2021-07-31 23:55:00
2021,S218,8,8928,8928,0,1.0,687.479990000000000000,2021-08-01 00:00:00,2021-08-31 23:55:00
2021,S218,9,8640,8640,0,1.0,343.536000000000000000,2021-09-01 00:00:00,2021-09-30 23:55:00
2021,S218,10,8927,8928,1,0.9998879928315412,141.168000000000000000,2021-10-01 00:00:00,2021-10-31 23:55:00
2021,S218,11,8640,8640,0,1.0,198.492000000000000000,2021-11-01 00:00:00,2021-11-30 23:55:00
2021,S218,12,8928,8928,0,1.0,214.812000000000000000,2021-12-01 00:00:00,2021-12-31 23:55:00
2021,S219,1,7626,8928,1302,0.8541666666666666,345.720000000000000000,2021-01-01 00:00:00,2021-01-31 23:55:00
2021,S219,2,8043,8064,21,0.9973958333333334,15.879000000000000000,2021-02-01 00:00:00,2021-02-28 23:55:00
2021,S219,3,8920,8928,8,0.9991039426523297,212.859000000000000000,2021-03-01 00:00:00,2021-03-31 23:55:00
2021,S219,4,8640,8640,0,1.0,367.427990000000000000,2021-04-01 00:00:00,2021-04-30 23:55:00
2021,S219,5,8928,8928,0,1.0,258.084020000000000000,2021-05-01 00:00:00,2021-05-31 23:55:00
2021,S219,6,8640,8640,0,1.0,198.387000000000000000,2021-06-01 00:00:00,2021-06-30 23:55:00
2021,S219,7,8928,8928,0,1.0,277.983000000000000000,2021-07-01 00:00:00,2021-07-31 23:55:00
2021,S219,8,8928,8928,0,1.0,327.228010000000000000,2021-08-01 00:00:00,2021-08-31 23:55:00
2021,S219,9,8640,8640,0,1.0,264.314980000000000000,2021-09-01 00:00:00,2021-09-30 23:55:00
2021,S219,10,8928,8928,0,1.0,181.704010000000000000,2021-10-01 00:00:00,2021-10-31 23:55:00
2021,S219,11,8640,8640,0,1.0,268.334990000000000000,2021-11-01 00:00:00,2021-11-30 23:55:00
2021,S219,12,8928,8928,0,1.0,151.352990000000000000,2021-12-01 00:00:00,2021-12-31 23:55:00
2021,S220,1,7626,8928,1302,0.8541666666666666,294.756000000000000000,2021-01-01 00:00:00,2021-01-31 23:55:00
2021,S220,2,8043,8064,21,0.9973958333333334,7.714000000000000000,2021-02-01 00:00:00,2021-02-28 23:55:00
2021,S220,3,8928,8928,0,1.0,299.222000000000000000,2021-03-01 00:00:00,2021-03-31 23:55:00
2021,S220,4,8640,8640,0,1.0,311.605000000000000000,2021-04-01 00:00:00,2021-04-30 23:55:00
2021,S220,5,8928,8928,0,1.0,254.968000000000000000,2021-05-01 00:00:00,2021-05-31 23:55:00
2021,S220,6,8640,8640,0,1.0,152.250000000000000000,2021-06-01 00:00:00,2021-06-30 23:55:00
2021,S220,7,8928,8928,0,1.0,226.954010000000000000,2021-07-01 00:00:00,2021-07-31 23:55:00
2021,S220,8,8928,8928,0,1.0,308.560000000000000000,2021-08-01 00:00:00,2021-08-31 23:55:00
2021,S220,9,8640,8640,0,1.0,253.141000000000000000,2021-09-01 00:00:00,2021-09-30 23:55:00
2021,S220,10,8928,8928,0,1.0,153.671000000000000000,2021-10-01 00:00:00,2021-10-31 23:55:00
2021,S220,11,8640,8640,0,1.0,280.546000000000000000,2021-11-01 00:00:00,2021-11-30 23:55:00
2021,S220,12,8928,8928,0,1.0,173.565000000000000000,2021-12-01 00:00:00,2021-12-31 23:55:00
2021,S221,1,7626,8928,1302,0.8541666666666666,368.081990000000000000,2021-01-01 00:00:00,2021-01-31 23:55:00
2021,S221,2,8043,8064,21,0.9973958333333334,18.612000000000000000,2021-02-01 00:00:00,2021-02-28 23:55:00
2021,S221,3,8928,8928,0,1.0,317.195990000000000000,2021-03-01 00:00:00,2021-03-31 23:55:00
2021,S221,4,8640,8640,0,1.0,310.265980000000000000,2021-04-01 00:00:00,2021-04-30 23:55:00
2021,S221,5,8928,8928,0,1.0,246.906000000000000000,2021-05-01 00:00:00,2021-05-31 23:55:00
2021,S221,6,8640,8640,0,1.0,207.108000000000000000,2021-06-01 00:00:00,2021-06-30 23:55:00
2021,S221,7,8928,8928,0,1.0,298.980000000000000000,2021-07-01 00:00:00,2021-07-31 23:55:00
2021,S221,8,8928,8928,0,1.0,450.450010000000000000,2021-08-01 00:00:00,2021-08-31 23:55:00
2021,S221,9,8640,8640,0,1.0,230.669990000000000000,2021-09-01 00:00:00,2021-09-30 23:55:00
2021,S221,10,8928,8928,0,1.0,196.811990000000000000,2021-10-01 00:00:00,2021-10-31 23:55:00
2021,S221,11,8640,8640,0,1.0,313.434000000000000000,2021-11-01 00:00:00,2021-11-30 23:55:00
2021,S221,12,8928,8928,0,1.0,176.021990000000000000,2021-12-01 00:00:00,2021-12-31 23:55:00
2021,S222,1,7626,8928,1302,0.8541666666666666,230.346000000000000000,2021-01-01 00:00:00,2021-01-31 23:55:00
2021,S222,2,8043,8064,21,0.9973958333333334,27.939000000000000000,2021-02-01 00:00:00,2021-02-28 23:55:00
2021,S222,3,8928,8928,0,1.0,351.749990000000000000,2021-03-01 00:00:00,2021-03-31 23:55:00
2021,S222,4,8640,8640,0,1.0,403.004990000000000000,2021-04-01 00:00:00,2021-04-30 23:55:00
2021,S222,5,8928,8928,0,1.0,182.106000000000000000,2021-05-01 00:00:00,2021-05-31 23:55:00
2021,S222,6,8640,8640,0,1.0,166.026000000000000000,2021-06-01 00:00:00,2021-06-30 23:55:00
2021,S222,7,8928,8928,0,1.0,208.838980000000000000,2021-07-01 00:00:00,2021-07-31 23:55:00
2021,S222,8,8928,8928,0,1.0,409.436990000000000000,2021-08-01 00:00:00,2021-08-31 23:55:00
2021,S222,9,8640,8640,0,1.0,272.556020000000000000,2021-09-01 00:00:00,2021-09-30 23:55:00
2021,S222,10,8928,8928,0,1.0,181.302000000000000000,2021-10-01 00:00:00,2021-10-31 23:55:00
2021,S222,11,8640,8640,0,1.0,301.299000000000000000,2021-11-01 00:00:00,2021-11-30 23:55:00
2021,S222,12,8928,8928,0,1.0,213.060000000000000000,2021-12-01 00:00:00,2021-12-31 23:55:00
2021,S223,1,7626,8928,1302,0.8541666666666666,203.812000000000000000,2021-01-01 00:00:00,2021-01-31 23:55:00
2021,S223,2,8043,8064,21,0.9973958333333334,31.871000000000000000,2021-02-01 00:00:00,2021-02-28 23:55:00
2021,S223,3,8928,8928,0,1.0,278.313000000000000000,2021-03-01 00:00:00,2021-03-31 23:55:00
2021,S223,4,8640,8640,0,1.0,389.557000000000000000,2021-04-01 00:00:00,2021-04-30 23:55:00
2021,S223,5,8928,8928,0,1.0,199.955000000000000000,2021-05-01 00:00:00,2021-05-31 23:55:00
2021,S223,6,8640,8640,0,1.0,191.835000000000000000,2021-06-01 00:00:00,2021-06-30 23:55:00
2021,S223,7,8928,8928,0,1.0,237.713000000000000000,2021-07-01 00:00:00,2021-07-31 23:55:00
2021,S223,8,8928,8928,0,1.0,375.550000000000000000,2021-08-01 00:00:00,2021-08-31 23:55:00
2021,S223,9,8640,8640,0,1.0,263.088000000000000000,2021-09-01 00:00:00,2021-09-30 23:55:00
2021,S223,10,8928,8928,0,1.0,154.483000000000000000,2021-10-01 00:00:00,2021-10-31 23:55:00
2021,S223,11,8640,8640,0,1.0,291.914000000000000000,2021-11-01 00:00:00,2021-11-30 23:55:00
2021,S223,12,8928,8928,0,1.0,213.759000000000000000,2021-12-01 00:00:00,2021-12-31 23:55:00
2021,S224,1,7530,8928,1398,0.8434139784946236,265.722000000000000000,2021-01-05 20:30:00,2021-01-31 23:55:00
2021,S224,2,8043,8064,21,0.9973958333333334,1.407000000000000000,2021-02-01 00:00:00,2021-02-28 23:55:00
2021,S224,3,8928,8928,0,1.0,82.812000000000000000,2021-03-01 00:00:00,2021-03-31 23:55:00
2021,S224,4,8640,8640,0,1.0,289.038000000000000000,2021-04-01 00:00:00,2021-04-30 23:55:00
2021,S224,5,8928,8928,0,1.0,189.744000000000000000,2021-05-01 00:00:00,2021-05-31 23:55:00
2021,S224,6,8640,8640,0,1.0,148.338000000000000000,2021-06-01 00:00:00,2021-06-30 23:55:00
2021,S224,7,8928,8928,0,1.0,201.000000000000000000,2021-07-01 00:00:00,2021-07-31 23:55:00
2021,S224,8,8928,8928,0,1.0,310.746000000000000000,2021-08-01 00:00:00,2021-08-31 23:55:00
2021,S224,9,8640,8640,0,1.0,162.408000000000000000,2021-09-01 00:00:00,2021-09-30 23:55:00
2021,S224,10,8928,8928,0,1.0,216.878990000000000000,2021-10-01 00:00:00,2021-10-31 23:55:00
2021,S224,11,8640,8640,0,1.0,283.208980000000000000,2021-11-01 00:00:00,2021-11-30 23:55:00
2021,S224,12,8928,8928,0,1.0,101.103000000000000000,2021-12-01 00:00:00,2021-12-31 23:55:00
2021,S226,1,7626,8928,1302,0.8541666666666666,180.061000000000000000,2021-01-01 00:00:00,2021-01-31 23:55:00
2021,S226,2,8043,8064,21,0.9973958333333334,0E-18,2021-02-01 00:00:00,2021-02-28 23:55:00
2021,S226,3,8928,8928,0,1.0,0E-18,2021-03-01 00:00:00,2021-03-31 23:55:00
2021,S226,4,8640,8640,0,1.0,146.769000000000000000,2021-04-01 00:00:00,2021-04-30 23:55:00
2021,S226,5,8928,8928,0,1.0,150.017010000000000000,2021-05-01 00:00:00,2021-05-31 23:55:00
2021,S226,6,8640,8640,0,1.0,46.081000000000000000,2021-06-01 00:00:00,2021-06-30 23:55:00
2021,S226,7,8928,8928,0,1.0,173.768000000000000000,2021-07-01 00:00:00,2021-07-31 23:55:00
2021,S226,8,8928,8928,0,1.0,250.705000000000000000,2021-08-01 00:00:00,2021-08-31 23:55:00
2021,S226,9,6813,8640,1827,0.7885416666666667,263.625000000000000000,2021-09-01 00:00:00,2021-09-30 23:55:00
2021,S226,10,8928,8928,0,1.0,207.800000000000000000,2021-10-01 00:00:00,2021-10-31 23:55:00
2021,S226,11,8640,8640,0,1.0,240.999990000000000000,2021-11-01 00:00:00,2021-11-30 23:55:00
2021,S226,12,8928,8928,0,1.0,262.800000000000000000,2021-12-01 00:00:00,2021-12-31 23:55:00
2021,S227,1,7626,8928,1302,0.8541666666666666,252.000000000000000000,2021-01-01 00:00:00,2021-01-31 23:55:00
2021,S227,2,8043,8064,21,0.9973958333333334,30.200000000000000000,2021-02-01 00:00:00,2021-02-28 23:55:00
2021,S227,3,8928,8928,0,1.0,275.200000000000000000,2021-03-01 00:00:00,2021-03-31 23:55:00
2021,S227,4,8640,8640,0,1.0,409.999990000000000000,2021-04-01 00:00:00,2021-04-30 23:55:00
2021,S227,5,8928,8928,0,1.0,136.600010000000000000,2021-05-01 00:00:00,2021-05-31 23:55:00
2021,S227,6,8640,8640,0,1.0,181.600000000000000000,2021-06-01 00:00:00,2021-06-30 23:55:00
2021,S227,7,8928,8928,0,1.0,165.836000000000000000,2021-07-01 00:00:00,2021-07-31 23:55:00
2021,S227,8,8928,8928,0,1.0,453.894010000000000000,2021-08-01 00:00:00,2021-08-31 23:55:00
2021,S227,9,8640,8640,0,1.0,304.413990000000000000,2021-09-01 00:00:00,2021-09-30 23:55:00
2021,S227,10,8928,8928,0,1.0,185.436000000000000000,2021-10-01 00:00:00,2021-10-31 23:55:00
2021,S227,11,8640,8640,0,1.0,280.174000000000000000,2021-11-01 00:00:00,2021-11-30 23:55:00
2021,S227,12,8928,8928,0,1.0,193.314000000000000000,2021-12-01 00:00:00,2021-12-31 23:55:00
2021,S228,1,7626,8928,1302,0.8541666666666666,203.742000000000000000,2021-01-01 00:00:00,2021-01-31 23:55:00
2021,S228,2,8041,8064,23,0.9971478174603174,77.814000000000000000,2021-02-01 00:00:00,2021-02-28 23:55:00
2021,S228,3,8787,8928,141,0.9842069892473119,413.424000000000000000,2021-03-01 00:00:00,2021-03-31 23:55:00
2021,S228,4,8436,8640,204,0.9763888888888889,448.470020000000000000,2021-04-01 00:00:00,2021-04-30 23:55:00
2021,S228,5,8928,8928,0,1.0,417.582000000000000000,2021-05-01 00:00:00,2021-05-31 23:55:00
2021,S228,6,8640,8640,0,1.0,313.433990000000000000,2021-06-01 00:00:00,2021-06-30 23:55:00
2021,S228,7,8928,8928,0,1.0,202.554000000000000000,2021-07-01 00:00:00,2021-07-31 23:55:00
2021,S228,8,8928,8928,0,1.0,512.226000000000000000,2021-08-01 00:00:00,2021-08-31 23:55:00
2021,S228,9,8640,8640,0,1.0,308.484010000000000000,2021-09-01 00:00:00,2021-09-30 23:55:00
2021,S228,10,8928,8928,0,1.0,201.366000000000000000,2021-10-01 00:00:00,2021-10-31 23:55:00
2021,S228,11,8640,8640,0,1.0,228.888010000000000000,2021-11-01 00:00:00,2021-11-30 23:55:00
2021,S228,12,8928,8928,0,1.0,228.690000000000000000,2021-12-01 00:00:00,2021-12-31 23:55:00
2021,S229,1,7436,8928,1492,0.8328853046594982,202.391000000000000000,2021-01-01 00:00:00,2021-01-31 23:55:00
2021,S229,2,7975,8064,89,0.9889632936507936,77.343000000000000000,2021-02-01 00:00:00,2021-02-28 23:55:00
2021,S229,3,8928,8928,0,1.0,417.977010000000000000,2021-03-01 00:00:00,2021-03-31 23:55:00
2021,S229,4,8640,8640,0,1.0,414.120000000000000000,2021-04-01 00:00:00,2021-04-30 23:55:00
2021,S229,5,8927,8928,1,0.9998879928315412,338.401000000000000000,2021-05-01 00:00:00,2021-05-31 23:55:00
2021,S229,6,8640,8640,0,1.0,311.807990000000000000,2021-06-01 00:00:00,2021-06-30 23:55:00
2021,S229,7,8927,8928,1,0.9998879928315412,268.772010000000000000,2021-07-01 00:00:00,2021-07-31 23:55:00
2021,S229,8,8928,8928,0,1.0,581.798000000000000000,2021-08-01 00:00:00,2021-08-31 23:55:00
2021,S229,9,8640,8640,0,1.0,308.154000000000000000,2021-09-01 00:00:00,2021-09-30 23:55:00
2021,S229,10,8928,8928,0,1.0,151.235000000000000000,2021-10-01 00:00:00,2021-10-31 23:55:00
2021,S229,11,8640,8640,0,1.0,243.194000000000000000,2021-11-01 00:00:00,2021-11-30 23:55:00
2021,S229,12,8928,8928,0,1.0,190.820000000000000000,2021-12-01 00:00:00,2021-12-31 23:55:00
2021,S230,1,7626,8928,1302,0.8541666666666666,203.200000000000000000,2021-01-01 00:00:00,2021-01-31 23:55:00
2021,S230,2,8043,8064,21,0.9973958333333334,56.800000000000000000,2021-02-01 00:00:00,2021-02-28 23:55:00
2021,S230,3,8928,8928,0,1.0,327.400000000000000000,2021-03-01 00:00:00,2021-03-31 23:55:00
2021,S230,4,8640,8640,0,1.0,426.799980000000000000,2021-04-01 00:00:00,2021-04-30 23:55:00
2021,S230,5,8928,8928,0,1.0,307.999990000000000000,2021-05-01 00:00:00,2021-05-31 23:55:00
2021,S230,6,8640,8640,0,1.0,257.400000000000000000,2021-06-01 00:00:00,2021-06-30 23:55:00
2021,S230,7,8928,8928,0,1.0,176.600000000000000000,2021-07-01 00:00:00,2021-07-31 23:55:00
2021,S230,8,8928,8928,0,1.0,384.400000000000000000,2021-08-01 00:00:00,2021-08-31 23:55:00
2021,S230,9,8640,8640,0,1.0,228.200000000000000000,2021-09-01 00:00:00,2021-09-30 23:55:00
2021,S230,10,8928,8928,0,1.0,130.200000000000000000,2021-10-01 00:00:00,2021-10-31 23:55:00
2021,S230,11,8640,8640,0,1.0,319.399990000000000000,2021-11-01 00:00:00,2021-11-30 23:55:00
2021,S230,12,8928,8928,0,1.0,337.000000000000000000,2021-12-01 00:00:00,2021-12-31 23:55:00
2021,S24,1,7615,8928,1313,0.8529345878136201,341.600000000000000000,2021-01-01 00:00:00,2021-01-31 23:55:00
2021,S24,2,7959,8064,105,0.9869791666666666,1.000000000000000000,2021-02-01 00:00:00,2021-02-28 23:55:00
2021,S24,3,8928,8928,0,1.0,182.999990000000000000,2021-03-01 00:00:00,2021-03-31 23:55:00
2021,S24,4,8640,8640,0,1.0,290.800000000000000000,2021-04-01 00:00:00,2021-04-30 23:55:00
2021,S24,5,8925,8928,3,0.9996639784946236,246.800000000000000000,2021-05-01 00:00:00,2021-05-31 23:55:00
2021,S24,6,8640,8640,0,1.0,93.400000000000000000,2021-06-01 00:00:00,2021-06-30 23:55:00
2021,S24,7,8918,8928,10,0.9988799283154122,195.800000000000000000,2021-07-01 00:00:00,2021-07-31 23:55:00
2021,S24,8,8928,8928,0,1.0,290.600000000000000000,2021-08-01 00:00:00,2021-08-31 23:55:00
2021,S24,9,8636,8640,4,0.999537037037037,223.399990000000000000,2021-09-01 00:00:00,2021-09-30 23:55:00
2021,S24,10,8928,8928,0,1.0,186.400000000000000000,2021-10-01 00:00:00,2021-10-31 23:55:00
2021,S24,11,8636,8640,4,0.999537037037037,313.400000000000000000,2021-11-01 00:00:00,2021-11-30 23:55:00
2021,S24,12,8928,8928,0,1.0,119.799990000000000000,2021-12-01 00:00:00,2021-12-31 23:55:00
2021,S29,1,96,8928,8832,0.010752688172043012,2.000000000000000000,2021-01-01 00:00:00,2021-01-01 07:55:00
2021,S29,2,0,8064,8064,0.0,0,,
2021,S29,3,0,8928,8928,0.0,0,,
2021,S29,4,0,8640,8640,0.0,0,,
2021,S29,5,0,8928,8928,0.0,0,,
2021,S29,6,0,8640,8640,0.0,0,,
2021,S29,7,0,8928,8928,0.0,0,,
2021,S29,8,0,8928,8928,0.0,0,,
2021,S29,9,0,8640,8640,0.0,0,,
2021,S29,10,0,8928,8928,0.0,0,,
2021,S29,11,0,8640,8640,0.0,0,,
2021,S29,12,0,8928,8928,0.0,0,,
2021,S33,1,7358,8928,1570,0.8241487455197133,187.600000000000000000,2021-01-01 00:00:00,2021-01-31 23:55:00
2021,S33,2,8034,8064,30,0.9962797619047619,102.800000000000000000,2021-02-01 00:00:00,2021-02-28 23:55:00
2021,S33,3,8926,8928,2,0.9997759856630825,301.400000000000000000,2021-03-01 00:00:00,2021-03-31 23:55:00
2021,S33,4,8287,8640,353,0.9591435185185185,406.400000000000000000,2021-04-01 00:00:00,2021-04-30 23:55:00
2021,S33,5,8000,8928,928,0.8960573476702509,316.200000000000000000,2021-05-01 00:00:00,2021-05-31 23:55:00
2021,S33,6,8639,8640,1,0.9998842592592593,217.800000000000000000,2021-06-01 00:00:00,2021-06-30 23:55:00
2021,S33,7,8925,8928,3,0.9996639784946236,198.599990000000000000,2021-07-01 00:00:00,2021-07-31 23:55:00
2021,S33,8,8926,8928,2,0.9997759856630825,459.200000000000000000,2021-08-01 00:00:00,2021-08-31 23:55:00
2021,S33,9,8639,8640,1,0.9998842592592593,318.200000000000000000,2021-09-01 00:00:00,2021-09-30 23:55:00
2021,S33,10,8928,8928,0,1.0,134.600000000000000000,2021-10-01 00:00:00,2021-10-31 23:55:00
2021,S33,11,8639,8640,1,0.9998842592592593,206.800000000000000000,2021-11-01 00:00:00,2021-11-30 23:55:00
2021,S33,12,8928,8928,0,1.0,292.800000000000000000,2021-12-01 00:00:00,2021-12-31 23:55:00
2021,S35,1,7282,8928,1646,0.8156362007168458,235.800010000000000000,2021-01-01 00:00:00,2021-01-31 23:55:00
2021,S35,2,4524,8064,3540,0.5610119047619048,64.800000000000000000,2021-02-01 00:00:00,2021-02-28 23:55:00
2021,S35,3,6006,8928,2922,0.6727150537634409,373.399990000000000000,2021-03-01 00:00:00,2021-03-31 22:50:00
2021,S35,4,8538,8640,102,0.9881944444444445,469.799990000000000000,2021-04-01 00:05:00,2021-04-30 23:55:00
2021,S35,5,8733,8928,195,0.9781586021505376,330.199980000000000000,2021-05-01 00:00:00,2021-05-31 23:55:00
2021,S35,6,8360,8640,280,0.9675925925925926,321.600000000000000000,2021-06-01 00:00:00,2021-06-30 23:55:00
2021,S35,7,8685,8928,243,0.9727822580645161,341.200000000000000000,2021-07-01 00:00:00,2021-07-31 23:55:00
2021,S35,8,4383,8928,4545,0.4909274193548387,307.400000000000000000,2021-08-01 00:00:00,2021-08-31 22:40:00
2021,S35,9,7418,8640,1222,0.8585648148148148,236.000000000000000000,2021-09-01 00:15:00,2021-09-30 23:55:00
2021,S35,10,8876,8928,52,0.9941756272401434,161.199990000000000000,2021-10-01 00:00:00,2021-10-31 23:55:00
2021,S35,11,8193,8640,447,0.9482638888888889,265.600000000000000000,2021-11-01 00:00:00,2021-11-30 23:55:00
2021,S35,12,8292,8928,636,0.928763440860215,193.200000000000000000,2021-12-01 00:00:00,2021-12-31 16:45:00
2021,S36,1,844,8928,8084,0.09453405017921147,373.600030000000000000,2021-01-12 16:05:00,2021-01-26 18:50:00
2021,S36,2,1283,8064,6781,0.15910218253968253,0E-18,2021-02-24 13:05:00,2021-02-28 23:55:00
2021,S36,3,1632,8928,7296,0.1827956989247312,83.400000000000000000,2021-03-01 00:00:00,2021-03-31 23:55:00
2021,S36,4,1953,8640,6687,0.22604166666666667,1005.600020000000000000,2021-04-01 00:00:00,2021-04-28 09:40:00
2021,S36,5,1021,8928,7907,0.11435931899641577,210.199990000000000000,2021-05-02 17:30:00,2021-05-31 02:05:00
2021,S36,6,1541,8640,7099,0.17835648148148148,5.200000000000000000,2021-06-03 15:40:00,2021-06-30 05:05:00
2021,S36,7,1403,8928,7525,0.15714605734767026,0.600000000000000000,2021-07-03 18:40:00,2021-07-28 17:30:00
2021,S36,8,1158,8928,7770,0.1297043010752688,0E-18,2021-08-02 14:35:00,2021-08-31 23:55:00
2021,S36,9,1936,8640,6704,0.22407407407407406,0.800000000000000000,2021-09-01 00:00:00,2021-09-30 14:05:00
2021,S36,10,1363,8928,7565,0.152665770609319,0E-18,2021-10-12 14:05:00,2021-10-30 09:55:00
2021,S36,11,888,8640,7752,0.10277777777777777,0E-18,2021-11-04 16:45:00,2021-11-30 16:25:00
2021,S36,12,567,8928,8361,0.06350806451612903,0E-18,2021-12-04 15:40:00,2021-12-30 21:05:00
2021,S40,1,7619,8928,1309,0.8533826164874552,219.800000000000000000,2021-01-01 00:00:00,2021-01-31 23:55:00
2021,S40,2,8039,8064,25,0.9968998015873016,22.000000000000000000,2021-02-01 00:00:00,2021-02-28 23:55:00
2021,S40,3,8927,8928,1,0.9998879928315412,303.800000000000000000,2021-03-01 00:00:00,2021-03-31 23:55:00
2021,S40,4,8640,8640,0,1.0,486.000040000000000000,2021-04-01 00:00:00,2021-04-30 23:55:00
2021,S40,5,8928,8928,0,1.0,251.600000000000000000,2021-05-01 00:00:00,2021-05-31 23:55:00
2021,S40,6,8640,8640,0,1.0,290.200000000000000000,2021-06-01 00:00:00,2021-06-30 23:55:00
2021,S40,7,8919,8928,9,0.998991935483871,258.400000000000000000,2021-07-01 00:00:00,2021-07-31 23:55:00
2021,S40,8,8928,8928,0,1.0,583.799970000000000000,2021-08-01 00:00:00,2021-08-31 23:55:00
2021,S40,9,8640,8640,0,1.0,373.000000000000000000,2021-09-01 00:00:00,2021-09-30 23:55:00
2021,S40,10,8928,8928,0,1.0,205.400020000000000000,2021-10-01 00:00:00,2021-10-31 23:55:00
2021,S40,11,8640,8640,0,1.0,193.400000000000000000,2021-11-01 00:00:00,2021-11-30 23:55:00
2021,S40,12,8928,8928,0,1.0,207.600010000000000000,2021-12-01 00:00:00,2021-12-31 23:55:00
2021,S43,1,7620,8928,1308,0.853494623655914,341.400000000000000000,2021-01-01 00:00:00,2021-01-31 23:55:00
2021,S43,2,8040,8064,24,0.9970238095238095,16.800000000000000000,2021-02-01 00:00:00,2021-02-28 23:55:00
2021,S43,3,8927,8928,1,0.9998879928315412,285.800010000000000000,2021-03-01 00:00:00,2021-03-31 23:55:00
2021,S43,4,8640,8640,0,1.0,239.800000000000000000,2021-04-01 00:00:00,2021-04-30 23:55:00
2021,S43,5,8928,8928,0,1.0,249.800000000000000000,2021-05-01 00:00:00,2021-05-31 23:55:00
2021,S43,6,8640,8640,0,1.0,207.599990000000000000,2021-06-01 00:00:00,2021-06-30 23:55:00
2021,S43,7,8918,8928,10,0.9988799283154122,346.000000000000000000,2021-07-01 00:00:00,2021-07-31 23:55:00
2021,S43,8,8925,8928,3,0.9996639784946236,446.400010000000000000,2021-08-01 00:00:00,2021-08-31 23:55:00
2021,S43,9,8640,8640,0,1.0,218.400000000000000000,2021-09-01 00:00:00,2021-09-30 23:55:00
2021,S43,10,8926,8928,2,0.9997759856630825,149.800000000000000000,2021-10-01 00:00:00,2021-10-31 23:55:00
2021,S43,11,8640,8640,0,1.0,366.400010000000000000,2021-11-01 00:00:00,2021-11-30 23:55:00
2021,S43,12,8924,8928,4,0.9995519713261649,162.200000000000000000,2021-12-01 00:00:00,2021-12-31 23:55:00
2021,S44,1,7621,8928,1307,0.8536066308243727,150.800000000000000000,2021-01-01 00:00:00,2021-01-31 23:55:00
2021,S44,2,8040,8064,24,0.9970238095238095,69.800000000000000000,2021-02-01 00:00:00,2021-02-28 23:55:00
2021,S44,3,8927,8928,1,0.9998879928315412,328.600000000000000000,2021-03-01 00:00:00,2021-03-31 23:55:00
2021,S44,4,8640,8640,0,1.0,400.800000000000000000,2021-04-01 00:00:00,2021-04-30 23:55:00
2021,S44,5,8928,8928,0,1.0,390.200000000000000000,2021-05-01 00:00:00,2021-05-31 23:55:00
2021,S44,6,8640,8640,0,1.0,284.600000000000000000,2021-06-01 00:00:00,2021-06-30 23:55:00
2021,S44,7,8268,8928,660,0.9260752688172043,120.000000000000000000,2021-07-01 00:00:00,2021-07-31 23:55:00
2021,S44,8,8928,8928,0,1.0,410.200000000000000000,2021-08-01 00:00:00,2021-08-31 23:55:00
2021,S44,9,8640,8640,0,1.0,295.000000000000000000,2021-09-01 00:00:00,2021-09-30 23:55:00
2021,S44,10,8927,8928,1,0.9998879928315412,195.200000000000000000,2021-10-01 00:00:00,2021-10-31 23:55:00
2021,S44,11,8640,8640,0,1.0,193.800000000000000000,2021-11-01 00:00:00,2021-11-30 23:55:00
2021,S44,12,8928,8928,0,1.0,205.000000000000000000,2021-12-01 00:00:00,2021-12-31 23:55:00
2021,S50,1,7621,8928,1307,0.8536066308243727,232.000000000000000000,2021-01-01 00:00:00,2021-01-31 23:55:00
2021,S50,2,8038,8064,26,0.9967757936507936,24.400000000000000000,2021-02-01 00:00:00,2021-02-28 23:55:00
2021,S50,3,8925,8928,3,0.9996639784946236,331.999990000000000000,2021-03-01 00:00:00,2021-03-31 23:55:00
2021,S50,4,6392,8640,2248,0.7398148148148148,233.399990000000000000,2021-04-01 00:00:00,2021-04-30 23:55:00
2021,S50,5,8928,8928,0,1.0,277.400010000000000000,2021-05-01 00:00:00,2021-05-31 23:55:00
2021,S50,6,8640,8640,0,1.0,224.800000000000000000,2021-06-01 00:00:00,2021-06-30 23:55:00
2021,S50,7,8919,8928,9,0.998991935483871,269.400000000000000000,2021-07-01 00:00:00,2021-07-31 23:55:00
2021,S50,8,8370,8928,558,0.9375,446.400020000000000000,2021-08-01 00:00:00,2021-08-31 23:55:00
2021,S50,9,8640,8640,0,1.0,267.600000000000000000,2021-09-01 00:00:00,2021-09-30 23:55:00
2021,S50,10,8914,8928,14,0.9984318996415771,146.399990000000000000,2021-10-01 00:00:00,2021-10-31 23:55:00
2021,S50,11,8640,8640,0,1.0,259.000000000000000000,2021-11-01 00:00:00,2021-11-30 23:55:00
2021,S50,12,8928,8928,0,1.0,270.600000000000000000,2021-12-01 00:00:00,2021-12-31 23:55:00
2021,S60,1,96,8928,8832,0.010752688172043012,2.800000000000000000,2021-01-01 00:00:00,2021-01-01 07:55:00
2021,S60,2,0,8064,8064,0.0,0,,
2021,S60,3,0,8928,8928,0.0,0,,
2021,S60,4,0,8640,8640,0.0,0,,
2021,S60,5,0,8928,8928,0.0,0,,
2021,S60,6,0,8640,8640,0.0,0,,
2021,S60,7,0,8928,8928,0.0,0,,
2021,S60,8,0,8928,8928,0.0,0,,
2021,S60,9,0,8640,8640,0.0,0,,
2021,S60,10,0,8928,8928,0.0,0,,
2021,S60,11,0,8640,8640,0.0,0,,
2021,S60,12,0,8928,8928,0.0,0,,
2021,S61,1,96,8928,8832,0.010752688172043012,0.400000000000000000,2021-01-01 00:00:00,2021-01-01 07:55:00
2021,S61,2,0,8064,8064,0.0,0,,
2021,S61,3,0,8928,8928,0.0,0,,
2021,S61,4,0,8640,8640,0.0,0,,
2021,S61,5,0,8928,8928,0.0,0,,
2021,S61,6,0,8640,8640,0.0,0,,
2021,S61,7,0,8928,8928,0.0,0,,
2021,S61,8,0,8928,8928,0.0,0,,
2021,S61,9,0,8640,8640,0.0,0,,
2021,S61,10,0,8928,8928,0.0,0,,
2021,S61,11,0,8640,8640,0.0,0,,
2021,S61,12,0,8928,8928,0.0,0,,
2021,S66,1,7049,8928,1879,0.7895385304659498,212.200000000000000000,2021-01-01 00:00:00,2021-01-31 23:55:00
2021,S66,2,8037,8064,27,0.9966517857142857,98.800000000000000000,2021-02-01 00:00:00,2021-02-28 23:55:00
2021,S66,3,8926,8928,2,0.9997759856630825,282.800000000000000000,2021-03-01 00:00:00,2021-03-31 23:55:00
2021,S66,4,8640,8640,0,1.0,283.800000000000000000,2021-04-01 00:00:00,2021-04-30 23:55:00
2021,S66,5,8928,8928,0,1.0,88.800000000000000000,2021-05-01 00:00:00,2021-05-31 23:55:00
2021,S66,6,8638,8640,2,0.9997685185185186,257.199990000000000000,2021-06-01 00:00:00,2021-06-30 23:55:00
2021,S66,7,8739,8928,189,0.9788306451612904,181.400010000000000000,2021-07-01 00:00:00,2021-07-31 23:55:00
2021,S66,8,8727,8928,201,0.977486559139785,492.999990000000000000,2021-08-01 00:00:00,2021-08-31 07:10:00
2021,S66,9,7712,8640,928,0.8925925925925926,313.600020000000000000,2021-09-01 12:30:00,2021-09-30 23:55:00
2021,S66,10,8928,8928,0,1.0,102.200000000000000000,2021-10-01 00:00:00,2021-10-31 23:55:00
2021,S66,11,8506,8640,134,0.9844907407407407,152.400000000000000000,2021-11-01 00:00:00,2021-11-30 23:55:00
2021,S66,12,7863,8928,1065,0.8807123655913979,176.600000000000000000,2021-12-01 00:00:00,2021-12-31 23:55:00
2021,S69,1,7456,8928,1472,0.8351254480286738,275.999990000000000000,2021-01-01 00:00:00,2021-01-31 23:55:00
2021,S69,2,7752,8064,312,0.9613095238095238,32.600000000000000000,2021-02-01 00:00:00,2021-02-28 23:55:00
2021,S69,3,8928,8928,0,1.0,316.800000000000000000,2021-03-01 00:00:00,2021-03-31 23:55:00
2021,S69,4,8640,8640,0,1.0,504.599980000000000000,2021-04-01 00:00:00,2021-04-30 23:55:00
2021,S69,5,8928,8928,0,1.0,411.600000000000000000,2021-05-01 00:00:00,2021-05-31 23:55:00
2021,S69,6,8581,8640,59,0.9931712962962963,232.800000000000000000,2021-06-01 00:00:00,2021-06-30 23:55:00
2021,S69,7,8880,8928,48,0.9946236559139785,244.400000000000000000,2021-07-01 00:00:00,2021-07-31 23:55:00
2021,S69,8,7664,8928,1264,0.8584229390681004,218.200000000000000000,2021-08-01 00:00:00,2021-08-31 23:55:00
2021,S69,9,8399,8640,241,0.9721064814814815,273.200010000000000000,2021-09-01 00:00:00,2021-09-30 23:55:00
2021,S69,10,8927,8928,1,0.9998879928315412,163.800000000000000000,2021-10-01 00:00:00,2021-10-31 23:55:00
2021,S69,11,8029,8640,611,0.9292824074074074,292.199990000000000000,2021-11-01 00:00:00,2021-11-30 23:55:00
2021,S69,12,8906,8928,22,0.9975358422939068,167.600000000000000000,2021-12-01 00:00:00,2021-12-31 22:05:00
2021,S71,1,7620,8928,1308,0.853494623655914,187.200000000000000000,2021-01-01 00:00:00,2021-01-31 23:55:00
2021,S71,2,8035,8064,29,0.9964037698412699,43.800000000000000000,2021-02-01 00:00:00,2021-02-28 23:55:00
2021,S71,3,8927,8928,1,0.9998879928315412,385.000020000000000000,2021-03-01 00:00:00,2021-03-31 23:55:00
2021,S71,4,8640,8640,0,1.0,463.400020000000000000,2021-04-01 00:00:00,2021-04-30 23:55:00
2021,S71,5,8928,8928,0,1.0,254.600000000000000000,2021-05-01 00:00:00,2021-05-31 23:55:00
2021,S71,6,8452,8640,188,0.9782407407407407,141.800000000000000000,2021-06-01 00:00:00,2021-06-30 23:55:00
2021,S71,7,8598,8928,330,0.9630376344086021,151.000000000000000000,2021-07-01 00:00:00,2021-07-31 23:55:00
2021,S71,8,8927,8928,1,0.9998879928315412,387.800000000000000000,2021-08-01 00:00:00,2021-08-31 23:55:00
2021,S71,9,8640,8640,0,1.0,246.200000000000000000,2021-09-01 00:00:00,2021-09-30 23:55:00
2021,S71,10,8928,8928,0,1.0,140.600000000000000000,2021-10-01 00:00:00,2021-10-31 23:55:00
2021,S71,11,8640,8640,0,1.0,325.800020000000000000,2021-11-01 00:00:00,2021-11-30 23:55:00
2021,S71,12,8928,8928,0,1.0,264.000000000000000000,2021-12-01 00:00:00,2021-12-31 23:55:00
2021,S77,1,7552,8928,1376,0.8458781362007168,228.000000000000000000,2021-01-01 00:00:00,2021-01-31 23:55:00
2021,S77,2,7967,8064,97,0.9879712301587301,37.000000000000000000,2021-02-01 00:00:00,2021-02-28 23:55:00
2021,S77,3,8841,8928,87,0.990255376344086,278.000010000000000000,2021-03-01 00:00:00,2021-03-31 23:55:00
2021,S77,4,8574,8640,66,0.9923611111111111,379.000010000000000000,2021-04-01 00:00:00,2021-04-30 23:55:00
2021,S77,5,8832,8928,96,0.989247311827957,167.400000000000000000,2021-05-01 00:00:00,2021-05-31 23:55:00
2021,S77,6,8562,8640,78,0.9909722222222223,180.000010000000000000,2021-06-01 00:00:00,2021-06-30 23:55:00
2021,S77,7,8868,8928,60,0.9932795698924731,197.600000000000000000,2021-07-01 00:00:00,2021-07-31 23:55:00
2021,S77,8,8928,8928,0,1.0,373.600000000000000000,2021-08-01 00:00:00,2021-08-31 23:55:00
2021,S77,9,8640,8640,0,1.0,264.400000000000000000,2021-09-01 00:00:00,2021-09-30 23:55:00
2021,S77,10,8926,8928,2,0.9997759856630825,170.400000000000000000,2021-10-01 00:00:00,2021-10-31 23:55:00
2021,S77,11,8639,8640,1,0.9998842592592593,229.400000000000000000,2021-11-01 00:00:00,2021-11-30 23:55:00
2021,S77,12,8912,8928,16,0.9982078853046595,210.400000000000000000,2021-12-01 00:00:00,2021-12-31 23:55:00
2021,S78,1,7623,8928,1305,0.8538306451612904,220.400000000000000000,2021-01-01 00:00:00,2021-01-31 23:55:00
2021,S78,2,8033,8064,31,0.996155753968254,17.600000000000000000,2021-02-01 00:00:00,2021-02-28 23:55:00
2021,S78,3,8912,8928,16,0.9982078853046595,219.600000000000000000,2021-03-01 00:00:00,2021-03-31 23:55:00
2021,S78,4,8638,8640,2,0.9997685185185186,295.800000000000000000,2021-04-01 00:00:00,2021-04-30 23:55:00
2021,S78,5,8928,8928,0,1.0,172.800000000000000000,2021-05-01 00:00:00,2021-05-31 23:55:00
2021,S78,6,8639,8640,1,0.9998842592592593,130.400000000000000000,2021-06-01 00:00:00,2021-06-30 23:55:00
2021,S78,7,8917,8928,11,0.9987679211469535,185.200000000000000000,2021-07-01 00:00:00,2021-07-31 23:55:00
2021,S78,8,8925,8928,3,0.9996639784946236,474.799990000000000000,2021-08-01 00:00:00,2021-08-31 23:55:00
2021,S78,9,8640,8640,0,1.0,179.000000000000000000,2021-09-01 00:00:00,2021-09-30 23:55:00
2021,S78,10,8927,8928,1,0.9998879928315412,114.000000000000000000,2021-10-01 00:00:00,2021-10-31 23:55:00
2021,S78,11,8639,8640,1,0.9998842592592593,383.199990000000000000,2021-11-01 00:00:00,2021-11-30 23:55:00
2021,S78,12,8928,8928,0,1.0,141.600000000000000000,2021-12-01 00:00:00,2021-12-31 23:55:00
2021,S79,1,7543,8928,1385,0.8448700716845878,224.200000000000000000,2021-01-01 00:00:00,2021-01-31 23:55:00
2021,S79,2,8025,8064,39,0.9951636904761905,19.800000000000000000,2021-02-01 00:00:00,2021-02-28 23:55:00
2021,S79,3,8923,8928,5,0.9994399641577061,257.600000000000000000,2021-03-01 00:00:00,2021-03-31 23:55:00
2021,S79,4,8639,8640,1,0.9998842592592593,357.199980000000000000,2021-04-01 00:00:00,2021-04-30 23:55:00
2021,S79,5,8927,8928,1,0.9998879928315412,154.200000000000000000,2021-05-01 00:00:00,2021-05-31 23:55:00
2021,S79,6,8634,8640,6,0.9993055555555556,174.200000000000000000,2021-06-01 00:00:00,2021-06-30 23:55:00
2021,S79,7,8894,8928,34,0.9961917562724014,182.400000000000000000,2021-07-01 00:00:00,2021-07-31 23:55:00
2021,S79,8,8894,8928,34,0.9961917562724014,362.200000000000000000,2021-08-01 00:00:00,2021-08-31 23:55:00
2021,S79,9,8622,8640,18,0.9979166666666667,211.800000000000000000,2021-09-01 00:00:00,2021-09-30 23:55:00
2021,S79,10,8794,8928,134,0.9849910394265233,166.200010000000000000,2021-10-01 00:00:00,2021-10-31 23:55:00
2021,S79,11,8556,8640,84,0.9902777777777778,276.799990000000000000,2021-11-01 00:00:00,2021-11-30 23:55:00
2021,S79,12,8807,8928,121,0.9864471326164874,177.600000000000000000,2021-12-01 00:00:00,2021-12-31 23:55:00
2021,S81,1,7616,8928,1312,0.8530465949820788,301.200000000000000000,2021-01-01 00:00:00,2021-01-31 23:55:00
2021,S81,2,8040,8064,24,0.9970238095238095,5.000000000000000000,2021-02-01 00:00:00,2021-02-28 23:55:00
2021,S81,3,8927,8928,1,0.9998879928315412,247.600000000000000000,2021-03-01 00:00:00,2021-03-31 23:55:00
2021,S81,4,8640,8640,0,1.0,358.800000000000000000,2021-04-01 00:00:00,2021-04-30 23:55:00
2021,S81,5,8928,8928,0,1.0,282.800000000000000000,2021-05-01 00:00:00,2021-05-31 23:55:00
2021,S81,6,8640,8640,0,1.0,165.199980000000000000,2021-06-01 00:00:00,2021-06-30 23:55:00
2021,S81,7,8918,8928,10,0.9988799283154122,240.400000000000000000,2021-07-01 00:00:00,2021-07-31 23:55:00
2021,S81,8,8928,8928,0,1.0,305.200000000000000000,2021-08-01 00:00:00,2021-08-31 23:55:00
2021,S81,9,8640,8640,0,1.0,261.800000000000000000,2021-09-01 00:00:00,2021-09-30 23:55:00
2021,S81,10,8928,8928,0,1.0,168.400000000000000000,2021-10-01 00:00:00,2021-10-31 23:55:00
2021,S81,11,8639,8640,1,0.9998842592592593,253.000000000000000000,2021-11-01 00:00:00,2021-11-30 23:55:00
2021,S81,12,8928,8928,0,1.0,217.000010000000000000,2021-12-01 00:00:00,2021-12-31 23:55:00
2021,S82,1,7618,8928,1310,0.8532706093189965,138.000000000000000000,2021-01-01 00:00:00,2021-01-31 23:55:00
2021,S82,2,8040,8064,24,0.9970238095238095,41.600000000000000000,2021-02-01 00:00:00,2021-02-28 23:55:00
2021,S82,3,8617,8928,311,0.965165770609319,251.800000000000000000,2021-03-01 00:00:00,2021-03-31 23:55:00
2021,S82,4,8640,8640,0,1.0,307.400010000000000000,2021-04-01 00:00:00,2021-04-30 23:55:00
2021,S82,5,7664,8928,1264,0.8584229390681004,241.800000000000000000,2021-05-01 00:00:00,2021-05-31 23:55:00
2021,S82,6,8640,8640,0,1.0,137.800000000000000000,2021-06-01 00:00:00,2021-06-30 23:55:00
2021,S82,7,8632,8928,296,0.9668458781362007,124.600000000000000000,2021-07-01 00:00:00,2021-07-31 23:55:00
2021,S82,8,8928,8928,0,1.0,257.600000000000000000,2021-08-01 00:00:00,2021-08-31 23:55:00
2021,S82,9,8580,8640,60,0.9930555555555556,233.800000000000000000,2021-09-01 00:00:00,2021-09-30 23:55:00
2021,S82,10,8833,8928,95,0.9893593189964157,130.799990000000000000,2021-10-01 00:00:00,2021-10-31 23:55:00
2021,S82,11,8640,8640,0,1.0,126.999990000000000000,2021-11-01 00:00:00,2021-11-30 23:55:00
2021,S82,12,8928,8928,0,1.0,176.000000000000000000,2021-12-01 00:00:00,2021-12-31 23:55:00
2021,S84,1,7589,8928,1339,0.8500224014336918,290.800000000000000000,2021-01-01 00:00:00,2021-01-31 23:55:00
2021,S84,2,8042,8064,22,0.9972718253968254,17.600000000000000000,2021-02-01 00:00:00,2021-02-28 23:55:00
2021,S84,3,8917,8928,11,0.9987679211469535,202.000000000000000000,2021-03-01 00:00:00,2021-03-31 23:55:00
2021,S84,4,8639,8640,1,0.9998842592592593,360.399980000000000000,2021-04-01 00:00:00,2021-04-30 23:55:00
2021,S84,5,8927,8928,1,0.9998879928315412,201.400000000000000000,2021-05-01 00:00:00,2021-05-31 23:55:00
2021,S84,6,8638,8640,2,0.9997685185185186,173.599990000000000000,2021-06-01 00:00:00,2021-06-30 23:55:00
2021,S84,7,8907,8928,21,0.9976478494623656,193.200000000000000000,2021-07-01 00:00:00,2021-07-31 23:55:00
2021,S84,8,8894,8928,34,0.9961917562724014,403.400000000000000000,2021-08-01 00:00:00,2021-08-31 23:55:00
2021,S84,9,8597,8640,43,0.9950231481481482,279.399990000000000000,2021-09-01 00:00:00,2021-09-30 23:55:00
2021,S84,10,8727,8928,201,0.977486559139785,216.800000000000000000,2021-10-01 00:00:00,2021-10-31 23:55:00
2021,S84,11,8460,8640,180,0.9791666666666666,362.999990000000000000,2021-11-01 00:00:00,2021-11-30 23:55:00
2021,S84,12,8928,8928,0,1.0,166.600000000000000000,2021-12-01 00:00:00,2021-12-31 23:55:00
2021,S88,1,7618,8928,1310,0.8532706093189965,321.400000000000000000,2021-01-01 00:00:00,2021-01-31 23:55:00
2021,S88,2,8040,8064,24,0.9970238095238095,20.200000000000000000,2021-02-01 00:00:00,2021-02-28 23:55:00
2021,S88,3,8927,8928,1,0.9998879928315412,353.599990000000000000,2021-03-01 00:00:00,2021-03-31 23:55:00
2021,S88,4,8638,8640,2,0.9997685185185186,303.800000000000000000,2021-04-01 00:00:00,2021-04-30 23:55:00
2021,S88,5,8926,8928,2,0.9997759856630825,329.200000000000000000,2021-05-01 00:00:00,2021-05-31 23:55:00
2021,S88,6,8632,8640,8,0.9990740740740741,181.400000000000000000,2021-06-01 00:00:00,2021-06-30 23:55:00
2021,S88,7,8912,8928,16,0.9982078853046595,287.800000000000000000,2021-07-01 00:00:00,2021-07-31 23:55:00
2021,S88,8,8923,8928,5,0.9994399641577061,453.399980000000000000,2021-08-01 00:00:00,2021-08-31 23:55:00
2021,S88,9,8638,8640,2,0.9997685185185186,228.000000000000000000,2021-09-01 00:00:00,2021-09-30 23:55:00
2021,S88,10,8927,8928,1,0.9998879928315412,173.000010000000000000,2021-10-01 00:00:00,2021-10-31 23:55:00
2021,S88,11,8638,8640,2,0.9997685185185186,249.800010000000000000,2021-11-01 00:00:00,2021-11-30 23:55:00
2021,S88,12,8926,8928,2,0.9997759856630825,142.800000000000000000,2021-12-01 00:00:00,2021-12-31 23:55:00
2021,S89,1,7618,8928,1310,0.8532706093189965,112.600000000000000000,2021-01-01 00:00:00,2021-01-31 23:55:00
2021,S89,2,8035,8064,29,0.9964037698412699,38.200000000000000000,2021-02-01 00:00:00,2021-02-28 23:55:00
2021,S89,3,8928,8928,0,1.0,323.200010000000000000,2021-03-01 00:00:00,2021-03-31 23:55:00
2021,S89,4,8640,8640,0,1.0,335.800000000000000000,2021-04-01 00:00:00,2021-04-30 23:55:00
2021,S89,5,8928,8928,0,1.0,340.600010000000000000,2021-05-01 00:00:00,2021-05-31 23:55:00
2021,S89,6,8636,8640,4,0.999537037037037,196.400000000000000000,2021-06-01 00:00:00,2021-06-30 23:55:00
2021,S89,7,8919,8928,9,0.998991935483871,134.799990000000000000,2021-07-01 00:00:00,2021-07-31 23:55:00
2021,S89,8,8928,8928,0,1.0,314.400000000000000000,2021-08-01 00:00:00,2021-08-31 23:55:00
2021,S89,9,8640,8640,0,1.0,278.200000000000000000,2021-09-01 00:00:00,2021-09-30 23:55:00
2021,S89,10,8928,8928,0,1.0,182.800000000000000000,2021-10-01 00:00:00,2021-10-31 23:55:00
2021,S89,11,8639,8640,1,0.9998842592592593,187.800000000000000000,2021-11-01 00:00:00,2021-11-30 23:55:00
2021,S89,12,8928,8928,0,1.0,218.600000000000000000,2021-12-01 00:00:00,2021-12-31 23:55:00
2021,S90,1,7619,8928,1309,0.8533826164874552,238.599990000000000000,2021-01-01 00:00:00,2021-01-31 23:55:00
2021,S90,2,8035,8064,29,0.9964037698412699,17.800000000000000000,2021-02-01 00:00:00,2021-02-28 23:55:00
2021,S90,3,8928,8928,0,1.0,324.200000000000000000,2021-03-01 00:00:00,2021-03-31 23:55:00
2021,S90,4,8640,8640,0,1.0,359.199990000000000000,2021-04-01 00:00:00,2021-04-30 23:55:00
2021,S90,5,8928,8928,0,1.0,242.000010000000000000,2021-05-01 00:00:00,2021-05-31 23:55:00
2021,S90,6,8640,8640,0,1.0,173.800000000000000000,2021-06-01 00:00:00,2021-06-30 23:55:00
2021,S90,7,8919,8928,9,0.998991935483871,272.200000000000000000,2021-07-01 00:00:00,2021-07-31 23:55:00
2021,S90,8,8928,8928,0,1.0,428.600000000000000000,2021-08-01 00:00:00,2021-08-31 23:55:00
2021,S90,9,8640,8640,0,1.0,276.200000000000000000,2021-09-01 00:00:00,2021-09-30 23:55:00
2021,S90,10,8928,8928,0,1.0,166.400000000000000000,2021-10-01 00:00:00,2021-10-31 23:55:00
2021,S90,11,8640,8640,0,1.0,308.599980000000000000,2021-11-01 00:00:00,2021-11-30 23:55:00
2021,S90,12,8928,8928,0,1.0,178.600000000000000000,2021-12-01 00:00:00,2021-12-31 23:55:00
2021,S900,1,7624,8928,1304,0.8539426523297491,285.800000000000000000,2021-01-01 00:00:00,2021-01-31 23:55:00
2021,S900,2,8040,8064,24,0.9970238095238095,14.800000000000000000,2021-02-01 00:00:00,2021-02-28 23:55:00
2021,S900,3,8927,8928,1,0.9998879928315412,287.400010000000000000,2021-03-01 00:00:00,2021-03-31 23:55:00
2021,S900,4,8640,8640,0,1.0,373.200000000000000000,2021-04-01 00:00:00,2021-04-30 23:55:00
2021,S900,5,8928,8928,0,1.0,210.200000000000000000,2021-05-01 00:00:00,2021-05-31 23:55:00
2021,S900,6,8640,8640,0,1.0,203.400000000000000000,2021-06-01 00:00:00,2021-06-30 23:55:00
2021,S900,7,8919,8928,9,0.998991935483871,240.600000000000000000,2021-07-01 00:00:00,2021-07-31 23:55:00
2021,S900,8,8928,8928,0,1.0,256.000000000000000000,2021-08-01 00:00:00,2021-08-31 23:55:00
2021,S900,9,8393,8640,247,0.971412037037037,245.000000000000000000,2021-09-01 00:00:00,2021-09-30 23:55:00
2021,S900,10,8926,8928,2,0.9997759856630825,183.800000000000000000,2021-10-01 00:00:00,2021-10-31 23:55:00
2021,S900,11,8638,8640,2,0.9997685185185186,281.199990000000000000,2021-11-01 00:00:00,2021-11-30 23:55:00
2021,S900,12,8928,8928,0,1.0,142.200000000000000000,2021-12-01 00:00:00,2021-12-31 23:55:00
2021,S91,1,7342,8928,1586,0.8223566308243727,261.200000000000000000,2021-01-01 00:00:00,2021-01-31 23:55:00
2021,S91,2,7922,8064,142,0.982390873015873,33.800000000000000000,2021-02-01 00:00:00,2021-02-28 23:55:00
2021,S91,3,4437,8928,4491,0.4969758064516129,112.000000000000000000,2021-03-01 00:00:00,2021-03-16 09:45:00
2021,S91,4,0,8640,8640,0.0,0,,
2021,S91,5,0,8928,8928,0.0,0,,
2021,S91,6,0,8640,8640,0.0,0,,
2021,S91,7,0,8928,8928,0.0,0,,
2021,S91,8,0,8928,8928,0.0,0,,
2021,S91,9,0,8640,8640,0.0,0,,
2021,S91,10,0,8928,8928,0.0,0,,
2021,S91,11,0,8640,8640,0.0,0,,
2021,S91,12,0,8928,8928,0.0,0,,
2021,S92,1,1419,8928,7509,0.15893817204301075,2.400000000000000000,2021-01-01 00:00:00,2021-01-10 10:45:00
2021,S92,2,0,8064,8064,0.0,0,,
2021,S92,3,0,8928,8928,0.0,0,,
2021,S92,4,0,8640,8640,0.0,0,,
2021,S92,5,0,8928,8928,0.0,0,,
2021,S92,6,0,8640,8640,0.0,0,,
2021,S92,7,0,8928,8928,0.0,0,,
2021,S92,8,0,8928,8928,0.0,0,,
2021,S92,9,0,8640,8640,0.0,0,,
2021,S92,10,0,8928,8928,0.0,0,,
2021,S92,11,0,8640,8640,0.0,0,,
2021,S92,12,0,8928,8928,0.0,0,,
2021,S94,1,7620,8928,1308,0.853494623655914,324.600000000000000000,2021-01-01 00:00:00,2021-01-31 23:55:00
2021,S94,2,8041,8064,23,0.9971478174603174,3.200000000000000000,2021-02-01 00:00:00,2021-02-28 23:55:00
2021,S94,3,8927,8928,1,0.9998879928315412,174.600000000000000000,2021-03-01 00:00:00,2021-03-31 23:55:00
2021,S94,4,8640,8640,0,1.0,316.799990000000000000,2021-04-01 00:00:00,2021-04-30 23:55:00
2021,S94,5,8928,8928,0,1.0,170.200000000000000000,2021-05-01 00:00:00,2021-05-31 23:55:00
2021,S94,6,8635,8640,5,0.9994212962962963,158.200000000000000000,2021-06-01 00:00:00,2021-06-30 23:55:00
2021,S94,7,8920,8928,8,0.9991039426523297,154.800000000000000000,2021-07-01 00:00:00,2021-07-31 23:55:00
2021,S94,8,8927,8928,1,0.9998879928315412,385.600010000000000000,2021-08-01 00:00:00,2021-08-31 23:55:00
2021,S94,9,8637,8640,3,0.9996527777777777,260.000000000000000000,2021-09-01 00:00:00,2021-09-30 23:55:00
2021,S94,10,8928,8928,0,1.0,191.800000000000000000,2021-10-01 00:00:00,2021-10-31 23:55:00
2021,S94,11,8640,8640,0,1.0,309.200000000000000000,2021-11-01 00:00:00,2021-11-30 23:55:00
2021,S94,12,8928,8928,0,1.0,173.999990000000000000,2021-12-01 00:00:00,2021-12-31 23:55:00
2022,S08,1,8875,8928,53,0.9940636200716846,238.600010000000000000,2022-01-01 00:00:00,2022-01-31 23:55:00
2022,S08,2,7940,8064,124,0.9846230158730159,163.200000000000000000,2022-02-01 00:00:00,2022-02-28 23:55:00
2022,S08,3,8922,8928,6,0.9993279569892473,397.000010000000000000,2022-03-01 00:00:00,2022-03-31 23:55:00
2022,S08,4,8637,8640,3,0.9996527777777777,299.800000000000000000,2022-04-01 00:00:00,2022-04-30 23:55:00
2022,S08,5,8924,8928,4,0.9995519713261649,241.000000000000000000,2022-05-01 00:00:00,2022-05-31 23:55:00
2022,S08,6,8638,8640,2,0.9997685185185186,194.000000000000000000,2022-06-01 00:00:00,2022-06-30 23:55:00
2022,S08,7,8924,8928,4,0.9995519713261649,183.200000000000000000,2022-07-01 00:00:00,2022-07-31 23:55:00
2022,S08,8,8924,8928,4,0.9995519713261649,268.600020000000000000,2022-08-01 00:00:00,2022-08-31 23:55:00
2022,S08,9,8608,8640,32,0.9962962962962963,360.400030000000000000,2022-09-01 00:00:00,2022-09-30 23:55:00
2022,S08,10,8925,8928,3,0.9996639784946236,429.000010000000000000,2022-10-01 00:00:00,2022-10-31 23:55:00
2022,S08,11,8638,8640,2,0.9997685185185186,499.399990000000000000,2022-11-01 00:00:00,2022-11-30 23:55:00
2022,S08,12,8902,8928,26,0.9970878136200717,219.000000000000000000,2022-12-01 00:00:00,2022-12-31 23:55:00
2022,S100,1,8876,8928,52,0.9941756272401434,124.200000000000000000,2022-01-01 00:00:00,2022-01-31 23:55:00
2022,S100,2,7774,8064,290,0.9640376984126984,214.600000000000000000,2022-02-01 00:00:00,2022-02-28 23:55:00
2022,S100,3,8927,8928,1,0.9998879928315412,263.599990000000000000,2022-03-01 00:00:00,2022-03-31 23:55:00
2022,S100,4,8351,8640,289,0.966550925925926,134.600000000000000000,2022-04-01 00:00:00,2022-04-30 23:55:00
2022,S100,5,8928,8928,0,1.0,176.400000000000000000,2022-05-01 00:00:00,2022-05-31 23:55:00
2022,S100,6,8632,8640,8,0.9990740740740741,182.200000000000000000,2022-06-01 00:00:00,2022-06-30 23:55:00
2022,S100,7,8928,8928,0,1.0,149.600000000000000000,2022-07-01 00:00:00,2022-07-31 23:55:00
2022,S100,8,8925,8928,3,0.9996639784946236,239.200000000000000000,2022-08-01 00:00:00,2022-08-31 23:55:00
2022,S100,9,8616,8640,24,0.9972222222222222,238.200000000000000000,2022-09-01 00:00:00,2022-09-30 23:55:00
2022,S100,10,8924,8928,4,0.9995519713261649,433.999980000000000000,2022-10-01 00:00:00,2022-10-31 23:55:00
2022,S100,11,8629,8640,11,0.9987268518518518,396.600010000000000000,2022-11-01 00:00:00,2022-11-30 23:55:00
2022,S100,12,8899,8928,29,0.9967517921146953,206.800000000000000000,2022-12-01 00:00:00,2022-12-31 23:55:00
2022,S102,1,0,8928,8928,0.0,0,,
2022,S102,2,0,8064,8064,0.0,0,,
2022,S102,3,0,8928,8928,0.0,0,,
2022,S102,4,0,8640,8640,0.0,0,,
2022,S102,5,0,8928,8928,0.0,0,,
2022,S102,6,0,8640,8640,0.0,0,,
2022,S102,7,0,8928,8928,0.0,0,,
2022,S102,8,0,8928,8928,0.0,0,,
2022,S102,9,2075,8640,6565,0.24016203703703703,105.200000000000000000,2022-09-15 14:15:00,2022-09-30 16:30:00
2022,S102,10,2001,8928,6927,0.2241263440860215,69.800000000000000000,2022-10-10 23:35:00,2022-10-31 23:55:00
2022,S102,11,8301,8640,339,0.9607638888888889,177.000000000000000000,2022-11-01 00:00:00,2022-11-30 23:55:00
2022,S102,12,8082,8928,846,0.905241935483871,180.200000000000000000,2022-12-01 00:00:00,2022-12-31 23:55:00
2022,S104,1,8875,8928,53,0.9940636200716846,162.400000000000000000,2022-01-01 00:00:00,2022-01-31 23:55:00
2022,S104,2,8015,8064,49,0.9939236111111112,194.200000000000000000,2022-02-01 00:00:00,2022-02-28 23:55:00
2022,S104,3,8928,8928,0,1.0,382.799990000000000000,2022-03-01 00:00:00,2022-03-31 23:55:00
2022,S104,4,8640,8640,0,1.0,174.800000000000000000,2022-04-01 00:00:00,2022-04-30 23:55:00
2022,S104,5,8926,8928,2,0.9997759856630825,341.800000000000000000,2022-05-01 00:00:00,2022-05-31 23:55:00
2022,S104,6,8636,8640,4,0.999537037037037,279.400000000000000000,2022-06-01 00:00:00,2022-06-30 23:55:00
2022,S104,7,8928,8928,0,1.0,164.200000000000000000,2022-07-01 00:00:00,2022-07-31 23:55:00
2022,S104,8,7153,8928,1775,0.8011872759856631,230.600000000000000000,2022-08-01 00:00:00,2022-08-31 23:55:00
2022,S104,9,8619,8640,21,0.9975694444444444,247.799990000000000000,2022-09-01 00:00:00,2022-09-30 23:55:00
2022,S104,10,8926,8928,2,0.9997759856630825,356.200000000000000000,2022-10-01 00:00:00,2022-10-31 23:55:00
2022,S104,11,8639,8640,1,0.9998842592592593,478.999990000000000000,2022-11-01 00:00:00,2022-11-30 23:55:00
2022,S104,12,8901,8928,27,0.9969758064516129,212.600000000000000000,2022-12-01 00:00:00,2022-12-31 23:55:00
2022,S106,1,8229,8928,699,0.9217069892473119,89.000000000000000000,2022-01-01 01:05:00,2022-01-31 23:55:00
2022,S106,2,8016,8064,48,0.9940476190476191,177.600000000000000000,2022-02-01 00:00:00,2022-02-28 23:55:00
2022,S106,3,8928,8928,0,1.0,132.000000000000000000,2022-03-01 00:00:00,2022-03-31 23:55:00
2022,S106,4,8639,8640,1,0.9998842592592593,203.800000000000000000,2022-04-01 00:00:00,2022-04-30 23:55:00
2022,S106,5,8767,8928,161,0.9819668458781362,195.600000000000000000,2022-05-01 00:00:00,2022-05-31 23:55:00
2022,S106,6,8615,8640,25,0.9971064814814815,165.799990000000000000,2022-06-01 00:00:00,2022-06-30 23:55:00
2022,S106,7,8853,8928,75,0.9915994623655914,144.800000000000000000,2022-07-01 00:00:00,2022-07-31 23:55:00
2022,S106,8,8910,8928,18,0.9979838709677419,210.000010000000000000,2022-08-01 00:00:00,2022-08-31 23:55:00
2022,S106,9,8616,8640,24,0.9972222222222222,190.600000000000000000,2022-09-01 00:00:00,2022-09-30 23:55:00
2022,S106,10,8881,8928,47,0.9947356630824373,346.800020000000000000,2022-10-01 00:00:00,2022-10-31 23:55:00
2022,S106,11,8544,8640,96,0.9888888888888889,325.400000000000000000,2022-11-01 00:00:00,2022-11-30 23:35:00
2022,S106,12,8372,8928,556,0.9377240143369175,240.800000000000000000,2022-12-01 00:00:00,2022-12-31 23:55:00
2022,S107,1,8693,8928,235,0.9736783154121864,66.000000000000000000,2022-01-01 00:00:00,2022-01-31 23:55:00
2022,S107,2,8016,8064,48,0.9940476190476191,203.800000000000000000,2022-02-01 00:00:00,2022-02-28 23:55:00
2022,S107,3,8924,8928,4,0.9995519713261649,241.200000000000000000,2022-03-01 00:00:00,2022-03-31 23:55:00
2022,S107,4,8640,8640,0,1.0,182.800000000000000000,2022-04-01 00:00:00,2022-04-30 23:55:00
2022,S107,5,8923,8928,5,0.9994399641577061,62.200000000000000000,2022-05-01 00:00:00,2022-05-31 23:55:00
2022,S107,6,8637,8640,3,0.9996527777777777,125.600000000000000000,2022-06-01 00:00:00,2022-06-30 23:55:00
2022,S107,7,8926,8928,2,0.9997759856630825,92.400000000000000000,2022-07-01 00:00:00,2022-07-31 23:55:00
2022,S107,8,8899,8928,29,0.9967517921146953,1152.800000000000000000,2022-08-01 00:00:00,2022-08-31 23:55:00
2022,S107,9,8619,8640,21,0.9975694444444444,115.600000000000000000,2022-09-01 00:00:00,2022-09-30 23:55:00
2022,S107,10,8926,8928,2,0.9997759856630825,257.800000000000000000,2022-10-01 00:00:00,2022-10-31 23:55:00
2022,S107,11,8639,8640,1,0.9998842592592593,308.400000000000000000,2022-11-01 00:00:00,2022-11-30 23:55:00
2022,S107,12,8902,8928,26,0.9970878136200717,152.000000000000000000,2022-12-01 00:00:00,2022-12-31 23:55:00
2022,S108,1,8876,8928,52,0.9941756272401434,134.800000000000000000,2022-01-01 00:00:00,2022-01-31 23:55:00
2022,S108,2,8016,8064,48,0.9940476190476191,161.200000000000000000,2022-02-01 00:00:00,2022-02-28 23:55:00
2022,S108,3,8927,8928,1,0.9998879928315412,190.400000000000000000,2022-03-01 00:00:00,2022-03-31 23:55:00
2022,S108,4,8639,8640,1,0.9998842592592593,270.800000000000000000,2022-04-01 00:00:00,2022-04-30 23:55:00
2022,S108,5,8926,8928,2,0.9997759856630825,144.400000000000000000,2022-05-01 00:00:00,2022-05-31 23:55:00
2022,S108,6,8636,8640,4,0.999537037037037,168.400000000000000000,2022-06-01 00:00:00,2022-06-30 23:55:00
2022,S108,7,8926,8928,2,0.9997759856630825,92.000000000000000000,2022-07-01 00:00:00,2022-07-31 23:55:00
2022,S108,8,8925,8928,3,0.9996639784946236,142.400000000000000000,2022-08-01 00:00:00,2022-08-31 23:55:00
2022,S108,9,8617,8640,23,0.997337962962963,129.800000000000000000,2022-09-01 00:00:00,2022-09-30 23:55:00
2022,S108,10,6842,8928,2086,0.766353046594982,338.800000000000000000,2022-10-01 00:00:00,2022-10-31 23:55:00
2022,S108,11,6480,8640,2160,0.75,184.200000000000000000,2022-11-01 00:00:00,2022-11-30 23:55:00
2022,S108,12,7845,8928,1083,0.8786962365591398,180.000000000000000000,2022-12-01 00:00:00,2022-12-31 23:55:00
2022,S109,1,8876,8928,52,0.9941756272401434,234.400010000000000000,2022-01-01 00:00:00,2022-01-31 23:55:00
2022,S109,2,8016,8064,48,0.9940476190476191,181.000000000000000000,2022-02-01 00:00:00,2022-02-28 23:55:00
2022,S109,3,7826,8928,1102,0.8765681003584229,379.000010000000000000,2022-03-01 00:00:00,2022-03-31 23:55:00
2022,S109,4,8639,8640,1,0.9998842592592593,296.800010000000000000,2022-04-01 00:00:00,2022-04-30 23:55:00
2022,S109,5,8924,8928,4,0.9995519713261649,198.400000000000000000,2022-05-01 00:00:00,2022-05-31 23:55:00
2022,S109,6,7754,8640,886,0.8974537037037037,148.000000000000000000,2022-06-01 00:00:00,2022-06-30 23:55:00
2022,S109,7,8919,8928,9,0.998991935483871,139.400000000000000000,2022-07-01 00:00:00,2022-07-31 23:55:00
2022,S109,8,6184,8928,2744,0.692652329749104,118.400000000000000000,2022-08-01 00:00:00,2022-08-31 23:55:00
2022,S109,9,8602,8640,38,0.9956018518518519,266.200000000000000000,2022-09-01 00:00:00,2022-09-30 23:55:00
2022,S109,10,8926,8928,2,0.9997759856630825,366.200000000000000000,2022-10-01 00:00:00,2022-10-31 23:55:00
2022,S109,11,8638,8640,2,0.9997685185185186,507.600050000000000000,2022-11-01 00:00:00,2022-11-30 23:55:00
2022,S109,12,8895,8928,33,0.9963037634408602,249.399990000000000000,2022-12-01 00:00:00,2022-12-31 23:55:00
2022,S111,1,8474,8928,454,0.9491487455197133,84.800000000000000000,2022-01-01 08:05:00,2022-01-31 23:55:00
2022,S111,2,7932,8064,132,0.9836309523809523,196.400000000000000000,2022-02-01 00:00:00,2022-02-28 23:55:00
2022,S111,3,7758,8928,1170,0.8689516129032258,215.000000000000000000,2022-03-01 00:00:00,2022-03-31 23:55:00
2022,S111,4,8625,8640,15,0.9982638888888888,221.000000000000000000,2022-04-01 00:00:00,2022-04-30 23:55:00
2022,S111,5,8922,8928,6,0.9993279569892473,217.200000000000000000,2022-05-01 00:00:00,2022-05-31 23:55:00
2022,S111,6,8632,8640,8,0.9990740740740741,220.600000000000000000,2022-06-01 00:00:00,2022-06-30 23:55:00
2022,S111,7,8914,8928,14,0.9984318996415771,89.800000000000000000,2022-07-01 00:00:00,2022-07-31 23:55:00
2022,S111,8,8907,8928,21,0.9976478494623656,158.200000000000000000,2022-08-01 00:00:00,2022-08-31 23:55:00
2022,S111,9,8555,8640,85,0.9901620370370371,263.800000000000000000,2022-09-01 00:00:00,2022-09-30 23:55:00
2022,S111,10,8640,8928,288,0.967741935483871,396.200000000000000000,2022-10-01 00:00:00,2022-10-31 23:55:00
2022,S111,11,8635,8640,5,0.9994212962962963,257.600000000000000000,2022-11-01 00:00:00,2022-11-30 23:55:00
2022,S111,12,8902,8928,26,0.9970878136200717,261.800000000000000000,2022-12-01 00:00:00,2022-12-31 23:55:00
2022,S112,1,8851,8928,77,0.9913754480286738,105.800000000000000000,2022-01-01 00:00:00,2022-01-31 23:55:00
2022,S112,2,8016,8064,48,0.9940476190476191,147.800010000000000000,2022-02-01 00:00:00,2022-02-28 23:55:00
2022,S112,3,8928,8928,0,1.0,265.200000000000000000,2022-03-01 00:00:00,2022-03-31 23:55:00
2022,S112,4,8640,8640,0,1.0,106.800000000000000000,2022-04-01 00:00:00,2022-04-30 23:55:00
2022,S112,5,8928,8928,0,1.0,173.200000000000000000,2022-05-01 00:00:00,2022-05-31 23:55:00
2022,S112,6,8638,8640,2,0.9997685185185186,189.800000000000000000,2022-06-01 00:00:00,2022-06-30 23:55:00
2022,S112,7,8867,8928,61,0.9931675627240143,108.600000000000000000,2022-07-01 00:00:00,2022-07-31 23:55:00
2022,S112,8,8924,8928,4,0.9995519713261649,304.200000000000000000,2022-08-01 00:00:00,2022-08-31 23:55:00
2022,S112,9,8622,8640,18,0.9979166666666667,280.600000000000000000,2022-09-01 00:00:00,2022-09-30 23:55:00
2022,S112,10,8925,8928,3,0.9996639784946236,395.999990000000000000,2022-10-01 00:00:00,2022-10-31 23:55:00
2022,S112,11,8638,8640,2,0.9997685185185186,320.400000000000000000,2022-11-01 00:00:00,2022-11-30 23:55:00
2022,S112,12,8902,8928,26,0.9970878136200717,245.400000000000000000,2022-12-01 00:00:00,2022-12-31 23:55:00
2022,S113,1,8876,8928,52,0.9941756272401434,118.799980000000000000,2022-01-01 00:00:00,2022-01-31 23:55:00
2022,S113,2,8016,8064,48,0.9940476190476191,174.800000000000000000,2022-02-01 00:00:00,2022-02-28 23:55:00
2022,S113,3,8928,8928,0,1.0,199.800000000000000000,2022-03-01 00:00:00,2022-03-31 23:55:00
2022,S113,4,8640,8640,0,1.0,176.000000000000000000,2022-04-01 00:00:00,2022-04-30 23:55:00
2022,S113,5,8923,8928,5,0.9994399641577061,82.800000000000000000,2022-05-01 00:00:00,2022-05-31 23:55:00
2022,S113,6,8627,8640,13,0.9984953703703704,138.400000000000000000,2022-06-01 00:00:00,2022-06-30 23:55:00
2022,S113,7,8925,8928,3,0.9996639784946236,123.200000000000000000,2022-07-01 00:00:00,2022-07-31 23:55:00
2022,S113,8,8924,8928,4,0.9995519713261649,121.000000000000000000,2022-08-01 00:00:00,2022-08-31 23:55:00
2022,S113,9,8618,8640,22,0.9974537037037037,127.600000000000000000,2022-09-01 00:00:00,2022-09-30 23:55:00
2022,S113,10,8925,8928,3,0.9996639784946236,289.400020000000000000,2022-10-01 00:00:00,2022-10-31 23:55:00
2022,S113,11,8637,8640,3,0.9996527777777777,286.400000000000000000,2022-11-01 00:00:00,2022-11-30 23:55:00
2022,S113,12,8852,8928,76,0.9914874551971327,154.600000000000000000,2022-12-01 00:00:00,2022-12-31 23:55:00
2022,S114,1,8874,8928,54,0.9939516129032258,107.800000000000000000,2022-01-01 00:00:00,2022-01-31 23:55:00
2022,S114,2,8016,8064,48,0.9940476190476191,218.200000000000000000,2022-02-01 00:00:00,2022-02-28 23:55:00
2022,S114,3,8928,8928,0,1.0,345.599990000000000000,2022-03-01 00:00:00,2022-03-31 23:55:00
2022,S114,4,8640,8640,0,1.0,157.600000000000000000,2022-04-01 00:00:00,2022-04-30 23:55:00
2022,S114,5,8927,8928,1,0.9998879928315412,181.600000000000000000,2022-05-01 00:00:00,2022-05-31 23:55:00
2022,S114,6,8639,8640,1,0.9998842592592593,224.800000000000000000,2022-06-01 00:00:00,2022-06-30 23:55:00
2022,S114,7,8927,8928,1,0.9998879928315412,138.200000000000000000,2022-07-01 00:00:00,2022-07-31 23:55:00
2022,S114,8,8925,8928,3,0.9996639784946236,323.800000000000000000,2022-08-01 00:00:00,2022-08-31 23:55:00
2022,S114,9,8619,8640,21,0.9975694444444444,240.000000000000000000,2022-09-01 00:00:00,2022-09-30 23:55:00
2022,S114,10,8925,8928,3,0.9996639784946236,448.000020000000000000,2022-10-01 00:00:00,2022-10-31 23:55:00
2022,S114,11,8639,8640,1,0.9998842592592593,368.800010000000000000,2022-11-01 00:00:00,2022-11-30 23:55:00
2022,S114,12,8902,8928,26,0.9970878136200717,249.200000000000000000,2022-12-01 00:00:00,2022-12-31 23:55:00
2022,S115,1,8787,8928,141,0.9842069892473119,108.800000000000000000,2022-01-01 00:00:00,2022-01-31 23:55:00
2022,S115,2,8013,8064,51,0.9936755952380952,218.399990000000000000,2022-02-01 00:00:00,2022-02-28 23:55:00
2022,S115,3,8918,8928,10,0.9988799283154122,81.199990000000000000,2022-03-01 00:00:00,2022-03-31 23:55:00
2022,S115,4,8612,8640,28,0.9967592592592592,149.800000000000000000,2022-04-01 00:00:00,2022-04-30 23:55:00
2022,S115,5,7918,8928,1010,0.8868727598566308,213.800010000000000000,2022-05-01 00:00:00,2022-05-31 23:55:00
2022,S115,6,7546,8640,1094,0.8733796296296297,230.200010000000000000,2022-06-01 00:00:00,2022-06-30 23:55:00
2022,S115,7,8902,8928,26,0.9970878136200717,123.600000000000000000,2022-07-01 00:00:00,2022-07-31 23:55:00
2022,S115,8,8910,8928,18,0.9979838709677419,149.600000000000000000,2022-08-01 00:00:00,2022-08-31 23:55:00
2022,S115,9,8611,8640,29,0.9966435185185185,420.800000000000000000,2022-09-01 00:00:00,2022-09-30 23:55:00
2022,S115,10,8867,8928,61,0.9931675627240143,410.400000000000000000,2022-10-01 00:00:00,2022-10-31 23:55:00
2022,S115,11,8636,8640,4,0.999537037037037,329.600000000000000000,2022-11-01 00:00:00,2022-11-30 23:55:00
2022,S115,12,8758,8928,170,0.9809587813620072,193.800000000000000000,2022-12-01 00:00:00,2022-12-31 23:55:00
2022,S116,1,8870,8928,58,0.9935035842293907,129.200000000000000000,2022-01-01 00:00:00,2022-01-31 23:55:00
2022,S116,2,6673,8064,1391,0.8275049603174603,123.600000000000000000,2022-02-01 00:00:00,2022-02-24 08:00:00
2022,S116,3,8542,8928,386,0.9567652329749103,144.800000000000000000,2022-03-01 13:25:00,2022-03-31 23:55:00
2022,S116,4,8615,8640,25,0.9971064814814815,339.400000000000000000,2022-04-01 00:00:00,2022-04-30 23:55:00
2022,S116,5,8898,8928,30,0.9966397849462365,202.600000000000000000,2022-05-01 00:00:00,2022-05-31 23:55:00
2022,S116,6,7211,8640,1429,0.8346064814814815,184.200010000000000000,2022-06-01 00:00:00,2022-06-30 23:55:00
2022,S116,7,8878,8928,50,0.994399641577061,38.600000000000000000,2022-07-01 00:00:00,2022-07-31 23:55:00
2022,S116,8,8883,8928,45,0.9949596774193549,122.600000000000000000,2022-08-01 00:00:00,2022-08-31 23:55:00
2022,S116,9,8615,8640,25,0.9971064814814815,209.400000000000000000,2022-09-01 00:00:00,2022-09-30 23:55:00
2022,S116,10,8913,8928,15,0.9983198924731183,558.800000000000000000,2022-10-01 00:00:00,2022-10-31 23:55:00
2022,S116,11,8630,8640,10,0.9988425925925926,192.800000000000000000,2022-11-01 00:00:00,2022-11-30 23:55:00
2022,S116,12,8901,8928,27,0.9969758064516129,307.400010000000000000,2022-12-01 00:00:00,2022-12-31 23:55:00
2022,S118,1,8726,8928,202,0.9773745519713262,75.200000000000000000,2022-01-01 00:00:00,2022-01-31 23:55:00
2022,S118,2,8016,8064,48,0.9940476190476191,154.800000000000000000,2022-02-01 00:00:00,2022-02-28 23:55:00
2022,S118,3,8927,8928,1,0.9998879928315412,228.399980000000000000,2022-03-01 00:00:00,2022-03-31 23:55:00
2022,S118,4,8640,8640,0,1.0,274.600000000000000000,2022-04-01 00:00:00,2022-04-30 23:55:00
2022,S118,5,8928,8928,0,1.0,224.000000000000000000,2022-05-01 00:00:00,2022-05-31 23:55:00
2022,S118,6,8640,8640,0,1.0,193.200000000000000000,2022-06-01 00:00:00,2022-06-30 23:55:00
2022,S118,7,8926,8928,2,0.9997759856630825,69.000000000000000000,2022-07-01 00:00:00,2022-07-31 23:55:00
2022,S118,8,8923,8928,5,0.9994399641577061,169.799990000000000000,2022-08-01 00:00:00,2022-08-31 23:55:00
2022,S118,9,8615,8640,25,0.9971064814814815,221.599990000000000000,2022-09-01 00:00:00,2022-09-30 23:55:00
2022,S118,10,8924,8928,4,0.9995519713261649,450.400000000000000000,2022-10-01 00:00:00,2022-10-31 23:55:00
2022,S118,11,8638,8640,2,0.9997685185185186,233.800000000000000000,2022-11-01 00:00:00,2022-11-30 23:55:00
2022,S118,12,8521,8928,407,0.954413082437276,212.600000000000000000,2022-12-01 00:00:00,2022-12-31 23:55:00
2022,S119,1,8742,8928,186,0.9791666666666666,137.200000000000000000,2022-01-01 00:00:00,2022-01-31 23:55:00
2022,S119,2,7856,8064,208,0.9742063492063492,169.400000000000000000,2022-02-01 00:00:00,2022-02-28 23:55:00
2022,S119,3,8910,8928,18,0.9979838709677419,231.600010000000000000,2022-03-01 00:00:00,2022-03-31 23:55:00
2022,S119,4,8637,8640,3,0.9996527777777777,305.800000000000000000,2022-04-01 00:00:00,2022-04-30 23:55:00
2022,S119,5,8925,8928,3,0.9996639784946236,171.800000000000000000,2022-05-01 00:00:00,2022-05-31 23:55:00
2022,S119,6,8640,8640,0,1.0,202.400000000000000000,2022-06-01 00:00:00,2022-06-30 23:55:00
2022,S119,7,8926,8928,2,0.9997759856630825,98.400000000000000000,2022-07-01 00:00:00,2022-07-31 23:55:00
2022,S119,8,8923,8928,5,0.9994399641577061,162.200000000000000000,2022-08-01 00:00:00,2022-08-31 23:55:00
2022,S119,9,8356,8640,284,0.9671296296296297,192.800010000000000000,2022-09-01 00:00:00,2022-09-30 23:55:00
2022,S119,10,8852,8928,76,0.9914874551971327,439.200000000000000000,2022-10-01 00:00:00,2022-10-31 23:55:00
2022,S119,11,7354,8640,1286,0.8511574074074074,205.600000000000000000,2022-11-01 00:00:00,2022-11-30 23:55:00
2022,S119,12,8896,8928,32,0.996415770609319,217.600000000000000000,2022-12-01 00:00:00,2022-12-31 23:55:00
2022,S120,1,8876,8928,52,0.9941756272401434,183.400000000000000000,2022-01-01 00:00:00,2022-01-31 23:55:00
2022,S120,2,8016,8064,48,0.9940476190476191,211.200000000000000000,2022-02-01 00:00:00,2022-02-28 23:55:00
2022,S120,3,8928,8928,0,1.0,267.000000000000000000,2022-03-01 00:00:00,2022-03-31 23:55:00
2022,S120,4,8640,8640,0,1.0,327.000000000000000000,2022-04-01 00:00:00,2022-04-30 23:55:00
2022,S120,5,8928,8928,0,1.0,269.200000000000000000,2022-05-01 00:00:00,2022-05-31 23:55:00
2022,S120,6,8639,8640,1,0.9998842592592593,311.599990000000000000,2022-06-01 00:00:00,2022-06-30 23:55:00
2022,S120,7,8925,8928,3,0.9996639784946236,99.200000000000000000,2022-07-01 00:00:00,2022-07-31 23:55:00
2022,S120,8,8924,8928,4,0.9995519713261649,180.000000000000000000,2022-08-01 00:00:00,2022-08-31 23:55:00
2022,S120,9,8615,8640,25,0.9971064814814815,284.400000000000000000,2022-09-01 00:00:00,2022-09-30 23:55:00
2022,S120,10,7642,8928,1286,0.8559587813620072,439.800000000000000000,2022-10-01 00:00:00,2022-10-31 23:55:00
2022,S120,11,8639,8640,1,0.9998842592592593,363.800000000000000000,2022-11-01 00:00:00,2022-11-30 23:55:00
2022,S120,12,8902,8928,26,0.9970878136200717,323.200020000000000000,2022-12-01 00:00:00,2022-12-31 23:55:00
2022,S121,1,7592,8928,1336,0.850358422939068,107.600000000000000000,2022-01-01 00:00:00,2022-01-30 03:25:00
2022,S121,2,5824,8064,2240,0.7222222222222222,157.400000000000000000,2022-02-08 14:40:00,2022-02-28 23:55:00
2022,S121,3,8928,8928,0,1.0,325.400010000000000000,2022-03-01 00:00:00,2022-03-31 23:55:00
2022,S121,4,8639,8640,1,0.9998842592592593,175.800000000000000000,2022-04-01 00:00:00,2022-04-30 23:55:00
2022,S121,5,8924,8928,4,0.9995519713261649,210.800010000000000000,2022-05-01 00:00:00,2022-05-31 23:55:00
2022,S121,6,8636,8640,4,0.999537037037037,221.199980000000000000,2022-06-01 00:00:00,2022-06-30 23:55:00
2022,S121,7,8924,8928,4,0.9995519713261649,89.000000000000000000,2022-07-01 00:00:00,2022-07-31 23:55:00
2022,S121,8,8883,8928,45,0.9949596774193549,338.399990000000000000,2022-08-01 00:00:00,2022-08-31 23:55:00
2022,S121,9,8606,8640,34,0.9960648148148148,234.000000000000000000,2022-09-01 00:00:00,2022-09-30 23:55:00
2022,S121,10,8919,8928,9,0.998991935483871,373.600000000000000000,2022-10-01 00:00:00,2022-10-31 23:55:00
2022,S121,11,7034,8640,1606,0.8141203703703703,313.600010000000000000,2022-11-01 00:00:00,2022-11-30 23:55:00
2022,S121,12,8899,8928,29,0.9967517921146953,214.800010000000000000,2022-12-01 00:00:00,2022-12-31 23:55:00
2022,S123,1,8876,8928,52,0.9941756272401434,204.800000000000000000,2022-01-01 00:00:00,2022-01-31 23:55:00
2022,S123,2,8016,8064,48,0.9940476190476191,174.200010000000000000,2022-02-01 00:00:00,2022-02-28 23:55:00
2022,S123,3,8317,8928,611,0.9315636200716846,298.399990000000000000,2022-03-01 00:00:00,2022-03-31 23:55:00
2022,S123,4,8639,8640,1,0.9998842592592593,253.000000000000000000,2022-04-01 00:00:00,2022-04-30 23:55:00
2022,S123,5,8927,8928,1,0.9998879928315412,211.000000000000000000,2022-05-01 00:00:00,2022-05-31 23:55:00
2022,S123,6,8640,8640,0,1.0,216.800000000000000000,2022-06-01 00:00:00,2022-06-30 23:55:00
2022,S123,7,8928,8928,0,1.0,83.800000000000000000,2022-07-01 00:00:00,2022-07-31 23:55:00
2022,S123,8,8925,8928,3,0.9996639784946236,149.600000000000000000,2022-08-01 00:00:00,2022-08-31 23:55:00
2022,S123,9,8620,8640,20,0.9976851851851852,213.000000000000000000,2022-09-01 00:00:00,2022-09-30 23:55:00
2022,S123,10,8924,8928,4,0.9995519713261649,381.200010000000000000,2022-10-01 00:00:00,2022-10-31 23:55:00
2022,S123,11,8635,8640,5,0.9994212962962963,331.800020000000000000,2022-11-01 00:00:00,2022-11-30 23:55:00
2022,S123,12,8891,8928,37,0.995855734767025,262.399990000000000000,2022-12-01 00:00:00,2022-12-31 23:55:00
2022,S201,1,8875,8928,53,0.9940636200716846,187.800000000000000000,2022-01-01 00:00:00,2022-01-31 23:55:00
2022,S201,2,8016,8064,48,0.9940476190476191,257.599980000000000000,2022-02-01 00:00:00,2022-02-28 23:55:00
2022,S201,3,8928,8928,0,1.0,240.600000000000000000,2022-03-01 00:00:00,2022-03-31 23:55:00
2022,S201,4,8638,8640,2,0.9997685185185186,298.800010000000000000,2022-04-01 00:00:00,2022-04-30 23:55:00
2022,S201,5,8928,8928,0,1.0,233.400000000000000000,2022-05-01 00:00:00,2022-05-31 23:55:00
2022,S201,6,8639,8640,1,0.9998842592592593,234.000000000000000000,2022-06-01 00:00:00,2022-06-30 23:55:00
2022,S201,7,8928,8928,0,1.0,113.200000000000000000,2022-07-01 00:00:00,2022-07-31 23:55:00
2022,S201,8,8925,8928,3,0.9996639784946236,323.199990000000000000,2022-08-01 00:00:00,2022-08-31 23:55:00
2022,S201,9,8622,8640,18,0.9979166666666667,379.000020000000000000,2022-09-01 00:00:00,2022-09-30 23:55:00
2022,S201,10,8908,8928,20,0.9977598566308243,492.000010000000000000,2022-10-01 00:00:00,2022-10-31 23:55:00
2022,S201,11,8640,8640,0,1.0,324.600000000000000000,2022-11-01 00:00:00,2022-11-30 23:55:00
2022,S201,12,8904,8928,24,0.9973118279569892,304.400000000000000000,2022-12-01 00:00:00,2022-12-31 23:55:00
2022,S202,1,8876,8928,52,0.9941756272401434,188.264000000000000000,2022-01-01 00:00:00,2022-01-31 23:55:00
2022,S202,2,8016,8064,48,0.9940476190476191,200.384000000000000000,2022-02-01 00:00:00,2022-02-28 23:55:00
2022,S202,3,8928,8928,0,1.0,256.944000000000000000,2022-03-01 00:00:00,2022-03-31 23:55:00
2022,S202,4,8638,8640,2,0.9997685185185186,324.411990000000000000,2022-04-01 00:00:00,2022-04-30 23:55:00
2022,S202,5,8928,8928,0,1.0,265.226000000000000000,2022-05-01 00:00:00,2022-05-31 23:55:00
2022,S202,6,8638,8640,2,0.9997685185185186,262.196000000000000000,2022-06-01 00:00:00,2022-06-30 23:55:00
2022,S202,7,8928,8928,0,1.0,98.374010000000000000,2022-07-01 00:00:00,2022-07-31 23:55:00
2022,S202,8,8925,8928,3,0.9996639784946236,227.856000000000000000,2022-08-01 00:00:00,2022-08-31 23:55:00
2022,S202,9,8623,8640,17,0.9980324074074074,349.661990000000000000,2022-09-01 00:00:00,2022-09-30 23:55:00
2022,S202,10,8908,8928,20,0.9977598566308243,550.045980000000000000,2022-10-01 00:00:00,2022-10-31 23:55:00
2022,S202,11,8640,8640,0,1.0,290.678000000000000000,2022-11-01 00:00:00,2022-11-30 23:55:00
2022,S202,12,8904,8928,24,0.9973118279569892,402.585990000000000000,2022-12-01 00:00:00,2022-12-31 23:55:00
2022,S203,1,8876,8928,52,0.9941756272401434,149.544000000000000000,2022-01-01 00:00:00,2022-01-31 23:55:00
2022,S203,2,8016,8064,48,0.9940476190476191,250.245000000000000000,2022-02-01 00:00:00,2022-02-28 23:55:00
2022,S203,3,8928,8928,0,1.0,217.281000000000000000,2022-03-01 00:00:00,2022-03-31 23:55:00
2022,S203,4,8637,8640,3,0.9996527777777777,352.956000000000000000,2022-04-01 00:00:00,2022-04-30 23:55:00
2022,S203,5,8928,8928,0,1.0,340.695000000000000000,2022-05-01 00:00:00,2022-05-31 23:55:00
2022,S203,6,8639,8640,1,0.9998842592592593,302.706000000000000000,2022-06-01 00:00:00,2022-06-30 23:55:00
2022,S203,7,8928,8928,0,1.0,64.119000000000000000,2022-07-01 00:00:00,2022-07-31 23:55:00
2022,S203,8,8925,8928,3,0.9996639784946236,150.549000000000000000,2022-08-01 00:00:00,2022-08-31 23:55:00
2022,S203,9,8622,8640,18,0.9979166666666667,305.318990000000000000,2022-09-01 00:00:00,2022-09-30 23:55:00
2022,S203,10,8908,8928,20,0.9977598566308243,649.028980000000000000,2022-10-01 00:00:00,2022-10-31 23:55:00
2022,S203,11,8640,8640,0,1.0,243.411000000000000000,2022-11-01 00:00:00,2022-11-30 23:55:00
2022,S203,12,8904,8928,24,0.9973118279569892,393.959990000000000000,2022-12-01 00:00:00,2022-12-31 23:55:00
2022,S204,1,8876,8928,52,0.9941756272401434,129.243000000000000000,2022-01-01 00:00:00,2022-01-31 23:55:00
2022,S204,2,8016,8064,48,0.9940476190476191,208.838990000000000000,2022-02-01 00:00:00,2022-02-28 23:55:00
2022,S204,3,8928,8928,0,1.0,334.866000000000000000,2022-03-01 00:00:00,2022-03-31 23:55:00
2022,S204,4,8638,8640,2,0.9997685185185186,319.790990000000000000,2022-04-01 00:00:00,2022-04-30 23:55:00
2022,S204,5,8928,8928,0,1.0,178.287000000000000000,2022-05-01 00:00:00,2022-05-31 23:55:00
2022,S204,6,8639,8640,1,0.9998842592592593,175.473000000000000000,2022-06-01 00:00:00,2022-06-30 23:55:00
2022,S204,7,8928,8928,0,1.0,106.329000000000000000,2022-07-01 00:00:00,2022-07-31 23:55:00
2022,S204,8,8925,8928,3,0.9996639784946236,246.627020000000000000,2022-08-01 00:00:00,2022-08-31 23:55:00
2022,S204,9,8622,8640,18,0.9979166666666667,214.668000000000000000,2022-09-01 00:00:00,2022-09-30 23:55:00
2022,S204,10,8908,8928,20,0.9977598566308243,402.402000000000000000,2022-10-01 00:00:00,2022-10-31 23:55:00
2022,S204,11,8640,8640,0,1.0,404.612980000000000000,2022-11-01 00:00:00,2022-11-30 23:55:00
2022,S204,12,8904,8928,24,0.9973118279569892,378.683990000000000000,2022-12-01 00:00:00,2022-12-31 23:55:00
2022,S205,1,8876,8928,52,0.9941756272401434,102.612000000000000000,2022-01-01 00:00:00,2022-01-31 23:55:00
2022,S205,2,8016,8064,48,0.9940476190476191,250.308000000000000000,2022-02-01 00:00:00,2022-02-28 23:55:00
2022,S205,3,8928,8928,0,1.0,341.088000000000000000,2022-03-01 00:00:00,2022-03-31 23:55:00
2022,S205,4,8638,8640,2,0.9997685185185186,238.680010000000000000,2022-04-01 00:00:00,2022-04-30 23:55:00
2022,S205,5,8928,8928,0,1.0,168.708000000000000000,2022-05-01 00:00:00,2022-05-31 23:55:00
2022,S205,6,8638,8640,2,0.9997685185185186,179.928000000000000000,2022-06-01 00:00:00,2022-06-30 23:55:00
2022,S205,7,8928,8928,0,1.0,158.100000000000000000,2022-07-01 00:00:00,2022-07-31 23:55:00
2022,S205,8,8925,8928,3,0.9996639784946236,151.980000000000000000,2022-08-01 00:00:00,2022-08-31 23:55:00
2022,S205,9,8623,8640,17,0.9980324074074074,191.556000000000000000,2022-09-01 00:00:00,2022-09-30 23:55:00
2022,S205,10,8908,8928,20,0.9977598566308243,382.296000000000000000,2022-10-01 00:00:00,2022-10-31 23:55:00
2022,S205,11,8640,8640,0,1.0,454.919990000000000000,2022-11-01 00:00:00,2022-11-30 23:55:00
2022,S205,12,8904,8928,24,0.9973118279569892,337.823990000000000000,2022-12-01 00:00:00,2022-12-31 23:55:00
2022,S207,1,8876,8928,52,0.9941756272401434,87.837000000000000000,2022-01-01 00:00:00,2022-01-31 23:55:00
2022,S207,2,8016,8064,48,0.9940476190476191,248.838010000000000000,2022-02-01 00:00:00,2022-02-28 23:55:00
2022,S207,3,8928,8928,0,1.0,312.756000000000000000,2022-03-01 00:00:00,2022-03-31 23:55:00
2022,S207,4,8638,8640,2,0.9997685185185186,229.341000000000000000,2022-04-01 00:00:00,2022-04-30 23:55:00
2022,S207,5,8928,8928,0,1.0,97.485000000000000000,2022-05-01 00:00:00,2022-05-31 23:55:00
2022,S207,6,8639,8640,1,0.9998842592592593,209.241000000000000000,2022-06-01 00:00:00,2022-06-30 23:55:00
2022,S207,7,8928,8928,0,1.0,106.530000000000000000,2022-07-01 00:00:00,2022-07-31 23:55:00
2022,S207,8,8925,8928,3,0.9996639784946236,130.248000000000000000,2022-08-01 00:00:00,2022-08-31 23:55:00
2022,S207,9,8622,8640,18,0.9979166666666667,128.237990000000000000,2022-09-01 00:00:00,2022-09-30 23:55:00
2022,S207,10,8908,8928,20,0.9977598566308243,306.524980000000000000,2022-10-01 00:00:00,2022-10-31 23:55:00
2022,S207,11,8640,8640,0,1.0,373.659000000000000000,2022-11-01 00:00:00,2022-11-30 23:55:00
2022,S207,12,8904,8928,24,0.9973118279569892,167.634010000000000000,2022-12-01 00:00:00,2022-12-31 23:55:00
2022,S208,1,8876,8928,52,0.9941756272401434,108.936000000000000000,2022-01-01 00:00:00,2022-01-31 23:55:00
2022,S208,2,8016,8064,48,0.9940476190476191,199.104000000000000000,2022-02-01 00:00:00,2022-02-28 23:55:00
2022,S208,3,8927,8928,1,0.9998879928315412,115.872000000000000000,2022-03-01 00:00:00,2022-03-31 23:55:00
2022,S208,4,8635,8640,5,0.9994212962962963,20.604000000000000000,2022-04-01 00:00:00,2022-04-30 23:55:00
2022,S208,5,8928,8928,0,1.0,80.376000000000000000,2022-05-01 00:00:00,2022-05-31 23:55:00
2022,S208,6,8637,8640,3,0.9996527777777777,134.436000000000000000,2022-06-01 00:00:00,2022-06-30 23:55:00
2022,S208,7,8928,8928,0,1.0,155.040000000000000000,2022-07-01 00:00:00,2022-07-31 23:55:00
2022,S208,8,8924,8928,4,0.9995519713261649,152.592000000000000000,2022-08-01 00:00:00,2022-08-31 23:55:00
2022,S208,9,8623,8640,17,0.9980324074074074,123.420000000000000000,2022-09-01 00:00:00,2022-09-30 23:55:00
2022,S208,10,8908,8928,20,0.9977598566308243,239.292000000000000000,2022-10-01 00:00:00,2022-10-31 23:55:00
2022,S208,11,8640,8640,0,1.0,194.208000000000000000,2022-11-01 00:00:00,2022-11-30 23:55:00
2022,S208,12,8904,8928,24,0.9973118279569892,96.288000000000000000,2022-12-01 00:00:00,2022-12-31 23:55:00
2022,S209,1,8876,8928,52,0.9941756272401434,178.164000000000000000,2022-01-01 00:00:00,2022-01-31 23:55:00
2022,S209,2,8016,8064,48,0.9940476190476191,225.836000000000000000,2022-02-01 00:00:00,2022-02-28 23:55:00
2022,S209,3,8927,8928,1,0.9998879928315412,422.583990000000000000,2022-03-01 00:00:00,2022-03-31 23:55:00
2022,S209,4,8636,8640,4,0.999537037037037,306.029990000000000000,2022-04-01 00:00:00,2022-04-30 23:55:00
2022,S209,5,8928,8928,0,1.0,349.258000000000000000,2022-05-01 00:00:00,2022-05-31 23:55:00
2022,S209,6,8639,8640,1,0.9998842592592593,158.973990000000000000,2022-06-01 00:00:00,2022-06-30 23:55:00
2022,S209,7,8928,8928,0,1.0,148.066000000000000000,2022-07-01 00:00:00,2022-07-31 23:55:00
2022,S209,8,8925,8928,3,0.9996639784946236,258.156000000000000000,2022-08-01 00:00:00,2022-08-31 23:55:00
2022,S209,9,8622,8640,18,0.9979166666666667,344.410010000000000000,2022-09-01 00:00:00,2022-09-30 23:55:00
2022,S209,10,8908,8928,20,0.9977598566308243,467.226000000000000000,2022-10-01 00:00:00,2022-10-31 23:55:00
2022,S209,11,8640,8640,0,1.0,544.794010000000000000,2022-11-01 00:00:00,2022-11-30 23:55:00
2022,S209,12,8904,8928,24,0.9973118279569892,259.570000000000000000,2022-12-01 00:00:00,2022-12-31 23:55:00
2022,S210,1,8876,8928,52,0.9941756272401434,127.233000000000000000,2022-01-01 00:00:00,2022-01-31 23:55:00
2022,S210,2,8016,8064,48,0.9940476190476191,205.221000000000000000,2022-02-01 00:00:00,2022-02-28 23:55:00
2022,S210,3,8928,8928,0,1.0,268.134000000000000000,2022-03-01 00:00:00,2022-03-31 23:55:00
2022,S210,4,8638,8640,2,0.9997685185185186,148.740000000000000000,2022-04-01 00:00:00,2022-04-30 23:55:00
2022,S210,5,8928,8928,0,1.0,299.489980000000000000,2022-05-01 00:00:00,2022-05-31 23:55:00
2022,S210,6,8639,8640,1,0.9998842592592593,268.938000000000000000,2022-06-01 00:00:00,2022-06-30 23:55:00
2022,S210,7,8921,8928,7,0.9992159498207885,148.136980000000000000,2022-07-01 00:00:00,2022-07-31 23:55:00
2022,S210,8,8729,8928,199,0.9777105734767025,362.804990000000000000,2022-08-01 00:00:00,2022-08-31 07:45:00
2022,S210,9,7011,8640,1629,0.8114583333333333,208.236000000000000000,2022-09-06 14:10:00,2022-09-30 23:55:00
2022,S210,10,8908,8928,20,0.9977598566308243,374.061000000000000000,2022-10-01 00:00:00,2022-10-31 23:55:00
2022,S210,11,8640,8640,0,1.0,468.330020000000000000,2022-11-01 00:00:00,2022-11-30 23:55:00
2022,S210,12,8904,8928,24,0.9973118279569892,216.677990000000000000,2022-12-01 00:00:00,2022-12-31 23:55:00
2022,S211,1,8876,8928,52,0.9941756272401434,137.228000000000000000,2022-01-01 00:00:00,2022-01-31 23:55:00
2022,S211,2,8016,8064,48,0.9940476190476191,217.210000000000000000,2022-02-01 00:00:00,2022-02-28 23:55:00
2022,S211,3,8928,8928,0,1.0,255.171000000000000000,2022-03-01 00:00:00,2022-03-31 23:55:00
2022,S211,4,8638,8640,2,0.9997685185185186,152.047000000000000000,2022-04-01 00:00:00,2022-04-30 23:55:00
2022,S211,5,8928,8928,0,1.0,235.074000000000000000,2022-05-01 00:00:00,2022-05-31 23:55:00
2022,S211,6,8636,8640,4,0.999537037037037,214.368000000000000000,2022-06-01 00:00:00,2022-06-30 23:55:00
2022,S211,7,8927,8928,1,0.9998879928315412,146.565990000000000000,2022-07-01 00:00:00,2022-07-31 23:55:00
2022,S211,8,8925,8928,3,0.9996639784946236,283.591000000000000000,2022-08-01 00:00:00,2022-08-31 23:55:00
2022,S211,9,8622,8640,18,0.9979166666666667,244.615000000000000000,2022-09-01 00:00:00,2022-09-30 23:55:00
2022,S211,10,8884,8928,44,0.9950716845878136,393.008000000000000000,2022-10-01 00:00:00,2022-10-31 23:55:00
2022,S211,11,8634,8640,6,0.9993055555555556,445.991000000000000000,2022-11-01 00:00:00,2022-11-30 23:55:00
2022,S211,12,8785,8928,143,0.9839829749103942,210.511000000000000000,2022-12-01 00:00:00,2022-12-31 23:55:00
2022,S212,1,8857,8928,71,0.9920474910394266,89.000000000000000000,2022-01-01 00:00:00,2022-01-31 23:55:00
2022,S212,2,8016,8064,48,0.9940476190476191,235.799990000000000000,2022-02-01 00:00:00,2022-02-28 23:55:00
2022,S212,3,8928,8928,0,1.0,201.400000000000000000,2022-03-01 00:00:00,2022-03-31 23:55:00
2022,S212,4,8627,8640,13,0.9984953703703704,243.200000000000000000,2022-04-01 00:00:00,2022-04-30 23:55:00
2022,S212,5,8466,8928,462,0.948252688172043,79.600000000000000000,2022-05-01 00:00:00,2022-05-31 23:55:00
2022,S212,6,8639,8640,1,0.9998842592592593,179.600000000000000000,2022-06-01 00:00:00,2022-06-30 23:55:00
2022,S212,7,8928,8928,0,1.0,107.000000000000000000,2022-07-01 00:00:00,2022-07-31 23:55:00
2022,S212,8,8925,8928,3,0.9996639784946236,134.200000000000000000,2022-08-01 00:00:00,2022-08-31 23:55:00
2022,S212,9,8623,8640,17,0.9980324074074074,113.200000000000000000,2022-09-01 00:00:00,2022-09-30 23:55:00
2022,S212,10,8908,8928,20,0.9977598566308243,331.399990000000000000,2022-10-01 00:00:00,2022-10-31 23:55:00
2022,S212,11,8640,8640,0,1.0,322.999990000000000000,2022-11-01 00:00:00,2022-11-30 23:55:00
2022,S212,12,8904,8928,24,0.9973118279569892,202.000010000000000000,2022-12-01 00:00:00,2022-12-31 23:55:00
2022,S213,1,8876,8928,52,0.9941756272401434,199.000000000000000000,2022-01-01 00:00:00,2022-01-31 23:55:00
2022,S213,2,8016,8064,48,0.9940476190476191,193.600000000000000000,2022-02-01 00:00:00,2022-02-28 23:55:00
2022,S213,3,8927,8928,1,0.9998879928315412,282.400000000000000000,2022-03-01 00:00:00,2022-03-31 23:55:00
2022,S213,4,8637,8640,3,0.9996527777777777,270.400000000000000000,2022-04-01 00:00:00,2022-04-30 23:55:00
2022,S213,5,8927,8928,1,0.9998879928315412,290.000000000000000000,2022-05-01 00:00:00,2022-05-31 23:55:00
2022,S213,6,8639,8640,1,0.9998842592592593,221.400000000000000000,2022-06-01 00:00:00,2022-06-30 23:55:00
2022,S213,7,8928,8928,0,1.0,95.000000000000000000,2022-07-01 00:00:00,2022-07-31 23:55:00
2022,S213,8,8925,8928,3,0.9996639784946236,286.399990000000000000,2022-08-01 00:00:00,2022-08-31 23:55:00
2022,S213,9,8620,8640,20,0.9976851851851852,301.200000000000000000,2022-09-01 00:00:00,2022-09-30 23:55:00
2022,S213,10,8908,8928,20,0.9977598566308243,417.200000000000000000,2022-10-01 00:00:00,2022-10-31 23:55:00
2022,S213,11,8640,8640,0,1.0,401.200000000000000000,2022-11-01 00:00:00,2022-11-30 23:55:00
2022,S213,12,8904,8928,24,0.9973118279569892,304.200010000000000000,2022-12-01 00:00:00,2022-12-31 23:55:00
2022,S214,1,8876,8928,52,0.9941756272401434,154.448000000000000000,2022-01-01 00:00:00,2022-01-31 23:55:00
2022,S214,2,8016,8064,48,0.9940476190476191,140.264000000000000000,2022-02-01 00:00:00,2022-02-28 23:55:00
2022,S214,3,8928,8928,0,1.0,207.244000000000000000,2022-03-01 00:00:00,2022-03-31 23:55:00
2022,S214,4,8638,8640,2,0.9997685185185186,223.201000000000000000,2022-04-01 00:00:00,2022-04-30 23:55:00
2022,S214,5,8928,8928,0,1.0,105.395000000000000000,2022-05-01 00:00:00,2022-05-31 23:55:00
2022,S214,6,8638,8640,2,0.9997685185185186,143.219000000000000000,2022-06-01 00:00:00,2022-06-30 23:55:00
2022,S214,7,8928,8928,0,1.0,101.848990000000000000,2022-07-01 00:00:00,2022-07-31 23:55:00
2022,S214,8,8925,8928,3,0.9996639784946236,122.731000000000000000,2022-08-01 00:00:00,2022-08-31 23:55:00
2022,S214,9,8622,8640,18,0.9979166666666667,154.448000000000000000,2022-09-01 00:00:00,2022-09-30 23:55:00
2022,S214,10,8908,8928,20,0.9977598566308243,335.885000000000000000,2022-10-01 00:00:00,2022-10-31 23:55:00
2022,S214,11,8640,8640,0,1.0,247.037980000000000000,2022-11-01 00:00:00,2022-11-30 23:55:00
2022,S214,12,8903,8928,25,0.9971998207885304,229.898990000000000000,2022-12-01 00:00:00,2022-12-31 23:55:00
2022,S215,1,8876,8928,52,0.9941756272401434,144.130000000000000000,2022-01-01 00:00:00,2022-01-31 23:55:00
2022,S215,2,8016,8064,48,0.9940476190476191,137.228000000000000000,2022-02-01 00:00:00,2022-02-28 23:55:00
2022,S215,3,8928,8928,0,1.0,301.049000000000000000,2022-03-01 00:00:00,2022-03-31 23:55:00
2022,S215,4,8638,8640,2,0.9997685185185186,218.428000000000000000,2022-04-01 00:00:00,2022-04-30 23:55:00
2022,S215,5,8928,8928,0,1.0,147.987000000000000000,2022-05-01 00:00:00,2022-05-31 23:55:00
2022,S215,6,8639,8640,1,0.9998842592592593,164.633000000000000000,2022-06-01 00:00:00,2022-06-30 23:55:00
2022,S215,7,8928,8928,0,1.0,136.213000000000000000,2022-07-01 00:00:00,2022-07-31 23:55:00
2022,S215,8,8925,8928,3,0.9996639784946236,136.619000000000000000,2022-08-01 00:00:00,2022-08-31 23:55:00
2022,S215,9,8623,8640,17,0.9980324074074074,149.814000000000000000,2022-09-01 00:00:00,2022-09-30 23:55:00
2022,S215,10,8908,8928,20,0.9977598566308243,359.107000000000000000,2022-10-01 00:00:00,2022-10-31 23:55:00
2022,S215,11,8640,8640,0,1.0,303.282000000000000000,2022-11-01 00:00:00,2022-11-30 23:55:00
2022,S215,12,8904,8928,24,0.9973118279569892,244.006000000000000000,2022-12-01 00:00:00,2022-12-31 23:55:00
2022,S216,1,8876,8928,52,0.9941756272401434,205.019990000000000000,2022-01-01 00:00:00,2022-01-31 23:55:00
2022,S216,2,8016,8064,48,0.9940476190476191,200.124000000000000000,2022-02-01 00:00:00,2022-02-28 23:55:00
2022,S216,3,8927,8928,1,0.9998879928315412,368.628010000000000000,2022-03-01 00:00:00,2022-03-31 23:55:00
2022,S216,4,8638,8640,2,0.9997685185185186,253.164010000000000000,2022-04-01 00:00:00,2022-04-30 23:55:00
2022,S216,5,8928,8928,0,1.0,218.076000000000000000,2022-05-01 00:00:00,2022-05-31 23:55:00
2022,S216,6,8639,8640,1,0.9998842592592593,248.676020000000000000,2022-06-01 00:00:00,2022-06-30 23:55:00
2022,S216,7,8928,8928,0,1.0,129.540000000000000000,2022-07-01 00:00:00,2022-07-31 23:55:00
2022,S216,8,8925,8928,3,0.9996639784946236,171.768000000000000000,2022-08-01 00:00:00,2022-08-31 23:55:00
2022,S216,9,8621,8640,19,0.997800925925926,198.696000000000000000,2022-09-01 00:00:00,2022-09-30 23:55:00
2022,S216,10,8908,8928,20,0.9977598566308243,468.588000000000000000,2022-10-01 00:00:00,2022-10-31 23:55:00
2022,S216,11,8640,8640,0,1.0,554.880010000000000000,2022-11-01 00:00:00,2022-11-30 23:55:00
2022,S216,12,8904,8928,24,0.9973118279569892,299.675990000000000000,2022-12-01 00:00:00,2022-12-31 23:55:00
2022,S217,1,8876,8928,52,0.9941756272401434,204.289010000000000000,2022-01-01 00:00:00,2022-01-31 23:55:00
2022,S217,2,8016,8064,48,0.9940476190476191,180.452000000000000000,2022-02-01 00:00:00,2022-02-28 23:55:00
2022,S217,3,8927,8928,1,0.9998879928315412,369.572000000000000000,2022-03-01 00:00:00,2022-03-31 23:55:00
2022,S217,4,8638,8640,2,0.9997685185185186,263.586010000000000000,2022-04-01 00:00:00,2022-04-30 23:55:00
2022,S217,5,8928,8928,0,1.0,257.281990000000000000,2022-05-01 00:00:00,2022-05-31 23:55:00
2022,S217,6,8639,8640,1,0.9998842592592593,220.049000000000000000,2022-06-01 00:00:00,2022-06-30 23:55:00
2022,S217,7,8928,8928,0,1.0,124.307000000000000000,2022-07-01 00:00:00,2022-07-31 23:55:00
2022,S217,8,8925,8928,3,0.9996639784946236,163.116000000000000000,2022-08-01 00:00:00,2022-08-31 23:55:00
2022,S217,9,8622,8640,18,0.9979166666666667,201.531000000000000000,2022-09-01 00:00:00,2022-09-30 23:55:00
2022,S217,10,8895,8928,33,0.9963037634408602,415.276000000000000000,2022-10-01 00:00:00,2022-10-31 23:55:00
2022,S217,11,8640,8640,0,1.0,500.380000000000000000,2022-11-01 00:00:00,2022-11-30 23:55:00
2022,S217,12,8904,8928,24,0.9973118279569892,299.046000000000000000,2022-12-01 00:00:00,2022-12-31 23:55:00
2022,S218,1,8876,8928,52,0.9941756272401434,121.380000000000000000,2022-01-01 00:00:00,2022-01-31 23:55:00
2022,S218,2,8016,8064,48,0.9940476190476191,264.179990000000000000,2022-02-01 00:00:00,2022-02-28 23:55:00
2022,S218,3,8927,8928,1,0.9998879928315412,398.820000000000000000,2022-03-01 00:00:00,2022-03-31 23:55:00
2022,S218,4,8639,8640,1,0.9998842592592593,168.095990000000000000,2022-04-01 00:00:00,2022-04-30 23:55:00
2022,S218,5,8927,8928,1,0.9998879928315412,222.360000000000000000,2022-05-01 00:00:00,2022-05-31 23:55:00
2022,S218,6,8637,8640,3,0.9996527777777777,194.412000000000000000,2022-06-01 00:00:00,2022-06-30 23:55:00
2022,S218,7,8920,8928,8,0.9991039426523297,128.316000000000000000,2022-07-01 00:00:00,2022-07-31 23:55:00
2022,S218,8,8925,8928,3,0.9996639784946236,426.972010000000000000,2022-08-01 00:00:00,2022-08-31 23:55:00
2022,S218,9,8621,8640,19,0.997800925925926,277.440000000000000000,2022-09-01 00:00:00,2022-09-30 23:55:00
2022,S218,10,8905,8928,23,0.9974238351254481,475.116000000000000000,2022-10-01 00:00:00,2022-10-31 23:55:00
2022,S218,11,8640,8640,0,1.0,342.924000000000000000,2022-11-01 00:00:00,2022-11-30 23:55:00
2022,S218,12,8898,8928,30,0.9966397849462365,260.100000000000000000,2022-12-01 00:00:00,2022-12-31 23:55:00
2022,S219,1,8876,8928,52,0.9941756272401434,113.163000000000000000,2022-01-01 00:00:00,2022-01-31 23:55:00
2022,S219,2,8016,8064,48,0.9940476190476191,256.878000000000000000,2022-02-01 00:00:00,2022-02-28 23:55:00
2022,S219,3,8928,8928,0,1.0,401.999990000000000000,2022-03-01 00:00:00,2022-03-31 23:55:00
2022,S219,4,8638,8640,2,0.9997685185185186,303.510020000000000000,2022-04-01 00:00:00,2022-04-30 23:55:00
2022,S219,5,8926,8928,2,0.9997759856630825,183.714000000000000000,2022-05-01 00:00:00,2022-05-31 23:55:00
2022,S219,6,8639,8640,1,0.9998842592592593,211.251000000000000000,2022-06-01 00:00:00,2022-06-30 23:55:00
2022,S219,7,8928,8928,0,1.0,125.021990000000000000,2022-07-01 00:00:00,2022-07-31 23:55:00
2022,S219,8,8925,8928,3,0.9996639784946236,162.810000000000000000,2022-08-01 00:00:00,2022-08-31 23:55:00
2022,S219,9,8323,8640,317,0.9633101851851852,248.034000000000000000,2022-09-01 00:00:00,2022-09-30 23:55:00
2022,S219,10,8908,8928,20,0.9977598566308243,367.227000000000000000,2022-10-01 00:00:00,2022-10-31 23:55:00
2022,S219,11,8640,8640,0,1.0,516.771020000000000000,2022-11-01 00:00:00,2022-11-30 23:55:00
2022,S219,12,8904,8928,24,0.9973118279569892,284.817000000000000000,2022-12-01 00:00:00,2022-12-31 23:55:00
2022,S220,1,8876,8928,52,0.9941756272401434,99.673000000000000000,2022-01-01 00:00:00,2022-01-31 23:55:00
2022,S220,2,8016,8064,48,0.9940476190476191,256.795000000000000000,2022-02-01 00:00:00,2022-02-28 23:55:00
2022,S220,3,8928,8928,0,1.0,303.079010000000000000,2022-03-01 00:00:00,2022-03-31 23:55:00
2022,S220,4,8639,8640,1,0.9998842592592593,227.969000000000000000,2022-04-01 00:00:00,2022-04-30 23:55:00
2022,S220,5,8928,8928,0,1.0,156.716000000000000000,2022-05-01 00:00:00,2022-05-31 23:55:00
2022,S220,6,8632,8640,8,0.9990740740740741,169.302000000000000000,2022-06-01 00:00:00,2022-06-30 23:55:00
2022,S220,7,8928,8928,0,1.0,128.702000000000000000,2022-07-01 00:00:00,2022-07-31 23:55:00
2022,S220,8,8925,8928,3,0.9996639784946236,179.249000000000000000,2022-08-01 00:00:00,2022-08-31 23:55:00
2022,S220,9,8622,8640,18,0.9979166666666667,218.631000000000000000,2022-09-01 00:00:00,2022-09-30 23:55:00
2022,S220,10,8908,8928,20,0.9977598566308243,349.972000000000000000,2022-10-01 00:00:00,2022-10-31 23:55:00
2022,S220,11,8640,8640,0,1.0,366.821000000000000000,2022-11-01 00:00:00,2022-11-30 23:55:00
2022,S220,12,8904,8928,24,0.9973118279569892,293.538000000000000000,2022-12-01 00:00:00,2022-12-31 23:55:00
2022,S221,1,8875,8928,53,0.9940636200716846,116.820000000000000000,2022-01-01 00:00:00,2022-01-31 23:55:00
2022,S221,2,8013,8064,51,0.9936755952380952,306.899990000000000000,2022-02-01 00:00:00,2022-02-28 23:55:00
2022,S221,3,8926,8928,2,0.9997759856630825,384.714000000000000000,2022-03-01 00:00:00,2022-03-31 23:55:00
2022,S221,4,8638,8640,2,0.9997685185185186,237.402000000000000000,2022-04-01 00:00:00,2022-04-30 23:55:00
2022,S221,5,8928,8928,0,1.0,156.222000000000000000,2022-05-01 00:00:00,2022-05-31 23:55:00
2022,S221,6,8639,8640,1,0.9998842592592593,290.070000000000000000,2022-06-01 00:00:00,2022-06-30 23:55:00
2022,S221,7,8928,8928,0,1.0,144.342000000000000000,2022-07-01 00:00:00,2022-07-31 23:55:00
2022,S221,8,8925,8928,3,0.9996639784946236,171.864000000000000000,2022-08-01 00:00:00,2022-08-31 23:55:00
2022,S221,9,8623,8640,17,0.9980324074074074,156.024000000000000000,2022-09-01 00:00:00,2022-09-30 23:55:00
2022,S221,10,8908,8928,20,0.9977598566308243,329.472000000000000000,2022-10-01 00:00:00,2022-10-31 23:55:00
2022,S221,11,8640,8640,0,1.0,502.128020000000000000,2022-11-01 00:00:00,2022-11-30 23:55:00
2022,S221,12,8904,8928,24,0.9973118279569892,273.636010000000000000,2022-12-01 00:00:00,2022-12-31 23:55:00
2022,S222,1,8875,8928,53,0.9940636200716846,165.222000000000000000,2022-01-01 00:00:00,2022-01-31 23:55:00
2022,S222,2,8016,8064,48,0.9940476190476191,249.239980000000000000,2022-02-01 00:00:00,2022-02-28 23:55:00
2022,S222,3,8928,8928,0,1.0,309.741020000000000000,2022-03-01 00:00:00,2022-03-31 23:55:00
2022,S222,4,8639,8640,1,0.9998842592592593,317.580000000000000000,2022-04-01 00:00:00,2022-04-30 23:55:00
2022,S222,5,8928,8928,0,1.0,209.643000000000000000,2022-05-01 00:00:00,2022-05-31 23:55:00
2022,S222,6,8639,8640,1,0.9998842592592593,267.530980000000000000,2022-06-01 00:00:00,2022-06-30 23:55:00
2022,S222,7,8928,8928,0,1.0,68.742000000000000000,2022-07-01 00:00:00,2022-07-31 23:55:00
2022,S222,8,8925,8928,3,0.9996639784946236,147.131990000000000000,2022-08-01 00:00:00,2022-08-31 23:55:00
2022,S222,9,8621,8640,19,0.997800925925926,224.718000000000000000,2022-09-01 00:00:00,2022-09-30 23:55:00
2022,S222,10,8908,8928,20,0.9977598566308243,559.785010000000000000,2022-10-01 00:00:00,2022-10-31 23:55:00
2022,S222,11,8640,8640,0,1.0,229.140000000000000000,2022-11-01 00:00:00,2022-11-30 23:55:00
2022,S222,12,8904,8928,24,0.9973118279569892,304.515010000000000000,2022-12-01 00:00:00,2022-12-31 23:55:00
2022,S223,1,8876,8928,52,0.9941756272401434,195.286000000000000000,2022-01-01 00:00:00,2022-01-31 23:55:00
2022,S223,2,8016,8064,48,0.9940476190476191,225.127000000000000000,2022-02-01 00:00:00,2022-02-28 23:55:00
2022,S223,3,8927,8928,1,0.9998879928315412,208.481000000000000000,2022-03-01 00:00:00,2022-03-31 23:55:00
2022,S223,4,8638,8640,2,0.9997685185185186,289.275000000000000000,2022-04-01 00:00:00,2022-04-30 23:55:00
2022,S223,5,8928,8928,0,1.0,231.623000000000000000,2022-05-01 00:00:00,2022-05-31 23:55:00
2022,S223,6,8628,8640,12,0.9986111111111111,234.059000000000000000,2022-06-01 00:00:00,2022-06-30 23:55:00
2022,S223,7,8928,8928,0,1.0,83.230000000000000000,2022-07-01 00:00:00,2022-07-31 23:55:00
2022,S223,8,8925,8928,3,0.9996639784946236,160.573000000000000000,2022-08-01 00:00:00,2022-08-31 23:55:00
2022,S223,9,8620,8640,20,0.9976851851851852,232.841000000000000000,2022-09-01 00:00:00,2022-09-30 23:55:00
2022,S223,10,8908,8928,20,0.9977598566308243,509.530000000000000000,2022-10-01 00:00:00,2022-10-31 23:55:00
2022,S223,11,8640,8640,0,1.0,245.630000000000000000,2022-11-01 00:00:00,2022-11-30 23:55:00
2022,S223,12,8902,8928,26,0.9970878136200717,282.982000000000000000,2022-12-01 00:00:00,2022-12-31 23:55:00
2022,S224,1,8876,8928,52,0.9941756272401434,103.314000000000000000,2022-01-01 00:00:00,2022-01-31 23:55:00
2022,S224,2,8016,8064,48,0.9940476190476191,153.564000000000000000,2022-02-01 00:00:00,2022-02-28 23:55:00
2022,S224,3,8926,8928,2,0.9997759856630825,153.362990000000000000,2022-03-01 00:00:00,2022-03-31 23:55:00
2022,S224,4,8639,8640,1,0.9998842592592593,208.838990000000000000,2022-04-01 00:00:00,2022-04-30 23:55:00
2022,S224,5,8928,8928,0,1.0,90.651000000000000000,2022-05-01 00:00:00,2022-05-31 23:55:00
2022,S224,6,8638,8640,2,0.9997685185185186,185.925000000000000000,2022-06-01 00:00:00,2022-06-30 23:55:00
2022,S224,7,8928,8928,0,1.0,151.956000000000000000,2022-07-01 00:00:00,2022-07-31 23:55:00
2022,S224,8,8925,8928,3,0.9996639784946236,149.745000000000000000,2022-08-01 00:00:00,2022-08-31 23:55:00
2022,S224,9,8623,8640,17,0.9980324074074074,99.294000000000000000,2022-09-01 00:00:00,2022-09-30 23:55:00
2022,S224,10,8908,8928,20,0.9977598566308243,267.129000000000000000,2022-10-01 00:00:00,2022-10-31 23:55:00
2022,S224,11,8640,8640,0,1.0,265.320010000000000000,2022-11-01 00:00:00,2022-11-30 23:55:00
2022,S224,12,8904,8928,24,0.9973118279569892,181.905000000000000000,2022-12-01 00:00:00,2022-12-31 23:55:00
2022,S226,1,8876,8928,52,0.9941756272401434,193.599990000000000000,2022-01-01 00:00:00,2022-01-31 23:55:00
2022,S226,2,8016,8064,48,0.9940476190476191,232.800000000000000000,2022-02-01 00:00:00,2022-02-28 23:55:00
2022,S226,3,8928,8928,0,1.0,266.200000000000000000,2022-03-01 00:00:00,2022-03-31 23:55:00
2022,S226,4,8638,8640,2,0.9997685185185186,349.200000000000000000,2022-04-01 00:00:00,2022-04-30 23:55:00
2022,S226,5,8928,8928,0,1.0,204.600000000000000000,2022-05-01 00:00:00,2022-05-31 23:55:00
2022,S226,6,8638,8640,2,0.9997685185185186,234.200000000000000000,2022-06-01 00:00:00,2022-06-30 23:55:00
2022,S226,7,8928,8928,0,1.0,98.000000000000000000,2022-07-01 00:00:00,2022-07-31 23:55:00
2022,S226,8,8925,8928,3,0.9996639784946236,135.000000000000000000,2022-08-01 00:00:00,2022-08-31 23:55:00
2022,S226,9,8621,8640,19,0.997800925925926,220.400000000000000000,2022-09-01 00:00:00,2022-09-30 23:55:00
2022,S226,10,8908,8928,20,0.9977598566308243,570.799990000000000000,2022-10-01 00:00:00,2022-10-31 23:55:00
2022,S226,11,8640,8640,0,1.0,238.400000000000000000,2022-11-01 00:00:00,2022-11-30 23:55:00
2022,S226,12,8904,8928,24,0.9973118279569892,229.799990000000000000,2022-12-01 00:00:00,2022-12-31 23:55:00
2022,S227,1,8876,8928,52,0.9941756272401434,221.594000000000000000,2022-01-01 00:00:00,2022-01-31 23:55:00
2022,S227,2,8016,8064,48,0.9940476190476191,228.664000000000000000,2022-02-01 00:00:00,2022-02-28 23:55:00
2022,S227,3,8921,8928,7,0.9992159498207885,481.163980000000000000,2022-03-01 00:00:00,2022-03-31 23:55:00
2022,S227,4,8638,8640,2,0.9997685185185186,201.999980000000000000,2022-04-01 00:00:00,2022-04-30 23:55:00
2022,S227,5,8928,8928,0,1.0,286.840000000000000000,2022-05-01 00:00:00,2022-05-31 23:55:00
2022,S227,6,8639,8640,1,0.9998842592592593,287.244000000000000000,2022-06-01 00:00:00,2022-06-30 23:55:00
2022,S227,7,8928,8928,0,1.0,187.860000000000000000,2022-07-01 00:00:00,2022-07-31 23:55:00
2022,S227,8,8925,8928,3,0.9996639784946236,351.681980000000000000,2022-08-01 00:00:00,2022-08-31 23:55:00
2022,S227,9,8623,8640,17,0.9980324074074074,276.336000000000000000,2022-09-01 00:00:00,2022-09-30 23:55:00
2022,S227,10,8908,8928,20,0.9977598566308243,374.710000000000000000,2022-10-01 00:00:00,2022-10-31 23:55:00
2022,S227,11,8640,8640,0,1.0,478.134000000000000000,2022-11-01 00:00:00,2022-11-30 23:55:00
2022,S227,12,8904,8928,24,0.9973118279569892,212.504000000000000000,2022-12-01 00:00:00,2022-12-31 23:55:00
2022,S228,1,8876,8928,52,0.9941756272401434,105.336000000000000000,2022-01-01 00:00:00,2022-01-31 23:55:00
2022,S228,2,8016,8064,48,0.9940476190476191,306.305990000000000000,2022-02-01 00:00:00,2022-02-28 23:55:00
2022,S228,3,8928,8928,0,1.0,419.562020000000000000,2022-03-01 00:00:00,2022-03-31 23:55:00
2022,S228,4,8639,8640,1,0.9998842592592593,225.324010000000000000,2022-04-01 00:00:00,2022-04-30 23:55:00
2022,S228,5,8928,8928,0,1.0,308.484000000000000000,2022-05-01 00:00:00,2022-05-31 23:55:00
2022,S228,6,8639,8640,1,0.9998842592592593,236.016010000000000000,2022-06-01 00:00:00,2022-06-30 23:55:00
2022,S228,7,8928,8928,0,1.0,156.221990000000000000,2022-07-01 00:00:00,2022-07-31 23:55:00
2022,S228,8,8925,8928,3,0.9996639784946236,413.819990000000000000,2022-08-01 00:00:00,2022-08-31 23:55:00
2022,S228,9,8621,8640,19,0.997800925925926,273.438010000000000000,2022-09-01 00:00:00,2022-09-30 23:55:00
2022,S228,10,8908,8928,20,0.9977598566308243,576.378000000000000000,2022-10-01 00:00:00,2022-10-31 23:55:00
2022,S228,11,8640,8640,0,1.0,484.703990000000000000,2022-11-01 00:00:00,2022-11-30 23:55:00
2022,S228,12,8904,8928,24,0.9973118279569892,194.237990000000000000,2022-12-01 00:00:00,2022-12-31 23:55:00
2022,S229,1,8876,8928,52,0.9941756272401434,149.408000000000000000,2022-01-01 00:00:00,2022-01-31 23:55:00
2022,S229,2,8016,8064,48,0.9940476190476191,250.096000000000000000,2022-02-01 00:00:00,2022-02-28 23:55:00
2022,S229,3,8928,8928,0,1.0,428.939000000000000000,2022-03-01 00:00:00,2022-03-31 23:55:00
2022,S229,4,8639,8640,1,0.9998842592592593,214.774010000000000000,2022-04-01 00:00:00,2022-04-30 23:55:00
2022,S229,5,8927,8928,1,0.9998879928315412,273.035010000000000000,2022-05-01 00:00:00,2022-05-31 23:55:00
2022,S229,6,8639,8640,1,0.9998842592592593,249.284000000000000000,2022-06-01 00:00:00,2022-06-30 23:55:00
2022,S229,7,8927,8928,1,0.9998879928315412,82.012000000000000000,2022-07-01 00:00:00,2022-07-31 23:55:00
2022,S229,8,8925,8928,3,0.9996639784946236,363.370000000000000000,2022-08-01 00:00:00,2022-08-31 23:55:00
2022,S229,9,8620,8640,20,0.9976851851851852,275.471000000000000000,2022-09-01 00:00:00,2022-09-30 23:55:00
2022,S229,10,8908,8928,20,0.9977598566308243,460.201010000000000000,2022-10-01 00:00:00,2022-10-31 23:55:00
2022,S229,11,8640,8640,0,1.0,408.233010000000000000,2022-11-01 00:00:00,2022-11-30 23:55:00
2022,S229,12,8904,8928,24,0.9973118279569892,198.534000000000000000,2022-12-01 00:00:00,2022-12-31 23:55:00
2022,S230,1,8876,8928,52,0.9941756272401434,150.600000000000000000,2022-01-01 00:00:00,2022-01-31 23:55:00
2022,S230,2,8016,8064,48,0.9940476190476191,203.200010000000000000,2022-02-01 00:00:00,2022-02-28 23:55:00
2022,S230,3,8928,8928,0,1.0,210.800000000000000000,2022-03-01 00:00:00,2022-03-31 23:55:00
2022,S230,4,8638,8640,2,0.9997685185185186,303.400000000000000000,2022-04-01 00:00:00,2022-04-30 23:55:00
2022,S230,5,8928,8928,0,1.0,299.000000000000000000,2022-05-01 00:00:00,2022-05-31 23:55:00
2022,S230,6,8639,8640,1,0.9998842592592593,219.000000000000000000,2022-06-01 00:00:00,2022-06-30 23:55:00
2022,S230,7,8928,8928,0,1.0,82.000000000000000000,2022-07-01 00:00:00,2022-07-31 23:55:00
2022,S230,8,8925,8928,3,0.9996639784946236,201.800000000000000000,2022-08-01 00:00:00,2022-08-31 23:55:00
2022,S230,9,8622,8640,18,0.9979166666666667,368.199990000000000000,2022-09-01 00:00:00,2022-09-30 23:55:00
2022,S230,10,8908,8928,20,0.9977598566308243,549.600000000000000000,2022-10-01 00:00:00,2022-10-31 23:55:00
2022,S230,11,8640,8640,0,1.0,276.400000000000000000,2022-11-01 00:00:00,2022-11-30 23:55:00
2022,S230,12,8904,8928,24,0.9973118279569892,400.800000000000000000,2022-12-01 00:00:00,2022-12-31 23:55:00
2022,S24,1,8875,8928,53,0.9940636200716846,100.200000000000000000,2022-01-01 00:00:00,2022-01-31 23:55:00
2022,S24,2,8011,8064,53,0.9934275793650794,175.200000000000000000,2022-02-01 00:00:00,2022-02-28 23:55:00
2022,S24,3,8928,8928,0,1.0,163.200000000000000000,2022-03-01 00:00:00,2022-03-31 23:55:00
2022,S24,4,8576,8640,64,0.9925925925925926,240.200000000000000000,2022-04-01 00:00:00,2022-04-30 23:55:00
2022,S24,5,8928,8928,0,1.0,103.000020000000000000,2022-05-01 00:00:00,2022-05-31 23:55:00
2022,S24,6,8608,8640,32,0.9962962962962963,211.800000000000000000,2022-06-01 00:00:00,2022-06-30 23:55:00
2022,S24,7,8910,8928,18,0.9979838709677419,145.800000000000000000,2022-07-01 00:00:00,2022-07-31 23:55:00
2022,S24,8,8925,8928,3,0.9996639784946236,141.800000000000000000,2022-08-01 00:00:00,2022-08-31 23:55:00
2022,S24,9,8619,8640,21,0.9975694444444444,121.200000000000000000,2022-09-01 00:00:00,2022-09-30 23:55:00
2022,S24,10,8925,8928,3,0.9996639784946236,280.000000000000000000,2022-10-01 00:00:00,2022-10-31 23:55:00
2022,S24,11,8638,8640,2,0.9997685185185186,308.400000000000000000,2022-11-01 00:00:00,2022-11-30 23:55:00
2022,S24,12,8899,8928,29,0.9967517921146953,216.200000000000000000,2022-12-01 00:00:00,2022-12-31 23:55:00
2022,S33,1,8728,8928,200,0.9775985663082437,83.000000000000000000,2022-01-01 00:00:00,2022-01-31 23:55:00
2022,S33,2,8016,8064,48,0.9940476190476191,87.800000000000000000,2022-02-01 00:00:00,2022-02-28 23:55:00
2022,S33,3,8928,8928,0,1.0,248.200010000000000000,2022-03-01 00:00:00,2022-03-31 23:55:00
2022,S33,4,8629,8640,11,0.9987268518518518,419.400020000000000000,2022-04-01 00:00:00,2022-04-30 23:55:00
2022,S33,5,8928,8928,0,1.0,223.400000000000000000,2022-05-01 00:00:00,2022-05-31 23:55:00
2022,S33,6,8639,8640,1,0.9998842592592593,236.800000000000000000,2022-06-01 00:00:00,2022-06-30 23:55:00
2022,S33,7,8925,8928,3,0.9996639784946236,98.800010000000000000,2022-07-01 00:00:00,2022-07-31 23:55:00
2022,S33,8,8789,8928,139,0.9844310035842294,249.000010000000000000,2022-08-01 00:00:00,2022-08-31 23:55:00
2022,S33,9,8386,8640,254,0.9706018518518519,189.000000000000000000,2022-09-01 00:00:00,2022-09-30 23:55:00
2022,S33,10,7763,8928,1165,0.8695116487455197,298.800000000000000000,2022-10-01 00:00:00,2022-10-31 23:55:00
2022,S33,11,8639,8640,1,0.9998842592592593,263.600000000000000000,2022-11-01 00:00:00,2022-11-30 23:55:00
2022,S33,12,8902,8928,26,0.9970878136200717,268.800000000000000000,2022-12-01 00:00:00,2022-12-31 23:55:00
2022,S35,1,7323,8928,1605,0.8202284946236559,88.200000000000000000,2022-01-02 12:45:00,2022-01-31 23:55:00
2022,S35,2,5561,8064,2503,0.6896081349206349,183.000010000000000000,2022-02-01 00:00:00,2022-02-28 23:55:00
2022,S35,3,5435,8928,3493,0.6087589605734767,277.599990000000000000,2022-03-01 00:00:00,2022-03-31 23:10:00
2022,S35,4,8251,8640,389,0.9549768518518519,238.200010000000000000,2022-04-01 08:00:00,2022-04-30 23:55:00
2022,S35,5,8919,8928,9,0.998991935483871,211.800000000000000000,2022-05-01 00:00:00,2022-05-31 23:55:00
2022,S35,6,8638,8640,2,0.9997685185185186,191.800000000000000000,2022-06-01 00:00:00,2022-06-30 23:55:00
2022,S35,7,8925,8928,3,0.9996639784946236,114.800000000000000000,2022-07-01 00:00:00,2022-07-31 23:55:00
2022,S35,8,8638,8928,290,0.9675179211469535,320.600000000000000000,2022-08-01 00:00:00,2022-08-31 23:55:00
2022,S35,9,8614,8640,26,0.9969907407407408,327.000000000000000000,2022-09-01 00:00:00,2022-09-30 23:55:00
2022,S35,10,8925,8928,3,0.9996639784946236,526.000000000000000000,2022-10-01 00:00:00,2022-10-31 23:55:00
2022,S35,11,8638,8640,2,0.9997685185185186,321.000000000000000000,2022-11-01 00:00:00,2022-11-30 23:55:00
2022,S35,12,8902,8928,26,0.9970878136200717,269.200000000000000000,2022-12-01 00:00:00,2022-12-31 23:55:00
2022,S36,1,1140,8928,7788,0.12768817204301075,0E-18,2022-01-03 15:05:00,2022-01-31 17:00:00
2022,S36,2,1992,8064,6072,0.24702380952380953,1.000000000000000000,2022-02-01 09:35:00,2022-02-28 23:55:00
2022,S36,3,6040,8928,2888,0.6765232974910395,85.199990000000000000,2022-03-01 00:00:00,2022-03-31 20:40:00
2022,S36,4,3641,8640,4999,0.42141203703703706,51.800000000000000000,2022-04-01 10:05:00,2022-04-30 19:15:00
2022,S36,5,2760,8928,6168,0.30913978494623656,9.200000000000000000,2022-05-01 10:10:00,2022-05-31 20:30:00
2022,S36,6,3657,8640,4983,0.4232638888888889,38.000000000000000000,2022-06-01 09:35:00,2022-06-30 20:20:00
2022,S36,7,5068,8928,3860,0.567652329749104,51.600000000000000000,2022-07-01 14:50:00,2022-07-31 18:45:00
2022,S36,8,2238,8928,6690,0.2506720430107527,17.400000000000000000,2022-08-01 08:00:00,2022-08-31 22:55:00
2022,S36,9,3633,8640,5007,0.4204861111111111,30.200000000000000000,2022-09-01 08:20:00,2022-09-30 23:55:00
2022,S36,10,4375,8928,4553,0.49003136200716846,159.600000000000000000,2022-10-01 00:00:00,2022-10-31 23:55:00
2022,S36,11,2602,8640,6038,0.30115740740740743,116.799990000000000000,2022-11-01 00:00:00,2022-11-30 15:35:00
2022,S36,12,2459,8928,6469,0.27542562724014336,83.000000000000000000,2022-12-01 09:25:00,2022-12-31 20:40:00
2022,S40,1,8876,8928,52,0.9941756272401434,246.599990000000000000,2022-01-01 00:00:00,2022-01-31 23:55:00
2022,S40,2,8005,8064,59,0.9926835317460317,219.000000000000000000,2022-02-01 00:00:00,2022-02-28 23:55:00
2022,S40,3,8766,8928,162,0.9818548387096774,318.199990000000000000,2022-03-01 00:00:00,2022-03-31 23:55:00
2022,S40,4,8637,8640,3,0.9996527777777777,173.400000000000000000,2022-04-01 00:00:00,2022-04-30 23:55:00
2022,S40,5,8799,8928,129,0.9855510752688172,226.600000000000000000,2022-05-01 00:00:00,2022-05-31 23:55:00
2022,S40,6,8639,8640,1,0.9998842592592593,196.200000000000000000,2022-06-01 00:00:00,2022-06-30 23:55:00
2022,S40,7,8922,8928,6,0.9993279569892473,144.000000000000000000,2022-07-01 00:00:00,2022-07-31 23:55:00
2022,S40,8,8898,8928,30,0.9966397849462365,344.800000000000000000,2022-08-01 00:00:00,2022-08-31 23:55:00
2022,S40,9,8605,8640,35,0.9959490740740741,250.800010000000000000,2022-09-01 00:00:00,2022-09-30 23:55:00
2022,S40,10,8915,8928,13,0.9985439068100358,427.600010000000000000,2022-10-01 00:00:00,2022-10-31 23:55:00
2022,S40,11,8624,8640,16,0.9981481481481481,452.199990000000000000,2022-11-01 00:00:00,2022-11-30 23:55:00
2022,S40,12,8540,8928,388,0.9565412186379928,163.200010000000000000,2022-12-01 00:00:00,2022-12-31 23:55:00
2022,S43,1,8876,8928,52,0.9941756272401434,142.200000000000000000,2022-01-01 00:00:00,2022-01-31 23:55:00
2022,S43,2,7795,8064,269,0.9666418650793651,280.000000000000000000,2022-02-01 00:00:00,2022-02-28 23:55:00
2022,S43,3,8846,8928,82,0.9908154121863799,380.199990000000000000,2022-03-01 00:00:00,2022-03-31 23:55:00
2022,S43,4,8640,8640,0,1.0,198.200000000000000000,2022-04-01 00:00:00,2022-04-30 23:55:00
2022,S43,5,8631,8928,297,0.9667338709677419,177.400000000000000000,2022-05-01 00:00:00,2022-05-31 23:55:00
2022,S43,6,8630,8640,10,0.9988425925925926,226.800000000000000000,2022-06-01 00:00:00,2022-06-30 23:55:00
2022,S43,7,8920,8928,8,0.9991039426523297,154.000000000000000000,2022-07-01 00:00:00,2022-07-31 23:55:00
2022,S43,8,8827,8928,101,0.9886872759856631,153.800000000000000000,2022-08-01 00:00:00,2022-08-31 23:55:00
2022,S43,9,8620,8640,20,0.9976851851851852,169.200000000000000000,2022-09-01 00:00:00,2022-09-30 23:55:00
2022,S43,10,8923,8928,5,0.9994399641577061,277.800000000000000000,2022-10-01 00:00:00,2022-10-31 23:55:00
2022,S43,11,8636,8640,4,0.999537037037037,377.400000000000000000,2022-11-01 00:00:00,2022-11-30 23:55:00
2022,S43,12,8901,8928,27,0.9969758064516129,252.600000000000000000,2022-12-01 00:00:00,2022-12-31 23:55:00
2022,S44,1,8876,8928,52,0.9941756272401434,103.200000000000000000,2022-01-01 00:00:00,2022-01-31 23:55:00
2022,S44,2,8016,8064,48,0.9940476190476191,299.400000000000000000,2022-02-01 00:00:00,2022-02-28 23:55:00
2022,S44,3,8928,8928,0,1.0,341.800000000000000000,2022-03-01 00:00:00,2022-03-31 23:55:00
2022,S44,4,8637,8640,3,0.9996527777777777,128.000010000000000000,2022-04-01 00:00:00,2022-04-30 23:55:00
2022,S44,5,8924,8928,4,0.9995519713261649,222.000000000000000000,2022-05-01 00:00:00,2022-05-31 23:55:00
2022,S44,6,8639,8640,1,0.9998842592592593,205.200000000000000000,2022-06-01 00:00:00,2022-06-30 23:55:00
2022,S44,7,8653,8928,275,0.9691980286738351,130.000000000000000000,2022-07-01 00:00:00,2022-07-31 23:55:00
2022,S44,8,8923,8928,5,0.9994399641577061,402.200000000000000000,2022-08-01 00:00:00,2022-08-31 23:55:00
2022,S44,9,8620,8640,20,0.9976851851851852,253.400000000000000000,2022-09-01 00:00:00,2022-09-30 23:55:00
2022,S44,10,8925,8928,3,0.9996639784946236,460.800000000000000000,2022-10-01 00:00:00,2022-10-31 23:55:00
2022,S44,11,8639,8640,1,0.9998842592592593,411.600000000000000000,2022-11-01 00:00:00,2022-11-30 23:55:00
2022,S44,12,8902,8928,26,0.9970878136200717,149.400010000000000000,2022-12-01 00:00:00,2022-12-31 23:55:00
2022,S50,1,8875,8928,53,0.9940636200716846,170.800000000000000000,2022-01-01 00:00:00,2022-01-31 23:55:00
2022,S50,2,8016,8064,48,0.9940476190476191,234.400000000000000000,2022-02-01 00:00:00,2022-02-28 23:55:00
2022,S50,3,8928,8928,0,1.0,239.800010000000000000,2022-03-01 00:00:00,2022-03-31 23:55:00
2022,S50,4,8640,8640,0,1.0,263.199990000000000000,2022-04-01 00:00:00,2022-04-30 23:55:00
2022,S50,5,8925,8928,3,0.9996639784946236,222.400000000000000000,2022-05-01 00:00:00,2022-05-31 23:55:00
2022,S50,6,8460,8640,180,0.9791666666666666,224.400000000000000000,2022-06-01 00:00:00,2022-06-30 23:55:00
2022,S50,7,8925,8928,3,0.9996639784946236,109.000000000000000000,2022-07-01 00:00:00,2022-07-31 23:55:00
2022,S50,8,8866,8928,62,0.9930555555555556,333.600010000000000000,2022-08-01 00:00:00,2022-08-31 23:55:00
2022,S50,9,8617,8640,23,0.997337962962963,330.600010000000000000,2022-09-01 00:00:00,2022-09-30 23:55:00
2022,S50,10,8923,8928,5,0.9994399641577061,456.399990000000000000,2022-10-01 00:00:00,2022-10-31 23:55:00
2022,S50,11,8638,8640,2,0.9997685185185186,330.400000000000000000,2022-11-01 00:00:00,2022-11-30 23:55:00
2022,S50,12,8902,8928,26,0.9970878136200717,231.200000000000000000,2022-12-01 00:00:00,2022-12-31 23:55:00
2022,S60,1,0,8928,8928,0.0,0,,
2022,S60,2,0,8064,8064,0.0,0,,
2022,S60,3,0,8928,8928,0.0,0,,
2022,S60,4,0,8640,8640,0.0,0,,
2022,S60,5,0,8928,8928,0.0,0,,
2022,S60,6,0,8640,8640,0.0,0,,
2022,S60,7,0,8928,8928,0.0,0,,
2022,S60,8,401,8928,8527,0.04491487455197132,0.200000000000000000,2022-08-30 14:35:00,2022-08-31 23:55:00
2022,S60,9,8310,8640,330,0.9618055555555556,163.600010000000000000,2022-09-01 00:00:00,2022-09-30 23:55:00
2022,S60,10,8925,8928,3,0.9996639784946236,418.000000000000000000,2022-10-01 00:00:00,2022-10-31 23:55:00
2022,S60,11,7955,8640,685,0.9207175925925926,154.200000000000000000,2022-11-01 00:00:00,2022-11-30 23:55:00
2022,S60,12,8902,8928,26,0.9970878136200717,210.400000000000000000,2022-12-01 00:00:00,2022-12-31 23:55:00
2022,S61,1,0,8928,8928,0.0,0,,
2022,S61,2,0,8064,8064,0.0,0,,
2022,S61,3,0,8928,8928,0.0,0,,
2022,S61,4,0,8640,8640,0.0,0,,
2022,S61,5,0,8928,8928,0.0,0,,
2022,S61,6,0,8640,8640,0.0,0,,
2022,S61,7,0,8928,8928,0.0,0,,
2022,S61,8,401,8928,8527,0.04491487455197132,0.600000000000000000,2022-08-30 14:35:00,2022-08-31 23:55:00
2022,S61,9,8617,8640,23,0.997337962962963,113.200000000000000000,2022-09-01 00:00:00,2022-09-30 23:55:00
2022,S61,10,7243,8928,1685,0.8112679211469535,324.400010000000000000,2022-10-01 00:00:00,2022-10-31 23:55:00
2022,S61,11,8639,8640,1,0.9998842592592593,368.800010000000000000,2022-11-01 00:00:00,2022-11-30 23:55:00
2022,S61,12,8902,8928,26,0.9970878136200717,220.199990000000000000,2022-12-01 00:00:00,2022-12-31 23:55:00
2022,S64,1,0,8928,8928,0.0,0,,
2022,S64,2,0,8064,8064,0.0,0,,
2022,S64,3,0,8928,8928,0.0,0,,
2022,S64,4,0,8640,8640,0.0,0,,
2022,S64,5,0,8928,8928,0.0,0,,
2022,S64,6,0,8640,8640,0.0,0,,
2022,S64,7,0,8928,8928,0.0,0,,
2022,S64,8,401,8928,8527,0.04491487455197132,0E-18,2022-08-30 14:35:00,2022-08-31 23:55:00
2022,S64,9,8619,8640,21,0.9975694444444444,258.200000000000000000,2022-09-01 00:00:00,2022-09-30 23:55:00
2022,S64,10,8925,8928,3,0.9996639784946236,436.400010000000000000,2022-10-01 00:00:00,2022-10-31 23:55:00
2022,S64,11,8638,8640,2,0.9997685185185186,353.400000000000000000,2022-11-01 00:00:00,2022-11-30 23:55:00
2022,S64,12,8902,8928,26,0.9970878136200717,205.200000000000000000,2022-12-01 00:00:00,2022-12-31 23:55:00
2022,S66,1,8236,8928,692,0.9224910394265233,49.800000000000000000,2022-01-01 00:00:00,2022-01-31 23:55:00
2022,S66,2,7587,8064,477,0.9408482142857143,194.200000000000000000,2022-02-01 00:00:00,2022-02-28 23:55:00
2022,S66,3,8920,8928,8,0.9991039426523297,247.799990000000000000,2022-03-01 00:00:00,2022-03-31 23:55:00
2022,S66,4,8639,8640,1,0.9998842592592593,171.600000000000000000,2022-04-01 00:00:00,2022-04-30 23:55:00
2022,S66,5,8924,8928,4,0.9995519713261649,210.999990000000000000,2022-05-01 00:00:00,2022-05-31 23:55:00
2022,S66,6,8634,8640,6,0.9993055555555556,224.400000000000000000,2022-06-01 00:00:00,2022-06-30 23:55:00
2022,S66,7,8924,8928,4,0.9995519713261649,165.600010000000000000,2022-07-01 00:00:00,2022-07-31 23:55:00
2022,S66,8,8924,8928,4,0.9995519713261649,334.800010000000000000,2022-08-01 00:00:00,2022-08-31 23:55:00
2022,S66,9,8620,8640,20,0.9976851851851852,236.600000000000000000,2022-09-01 00:00:00,2022-09-30 23:55:00
2022,S66,10,8923,8928,5,0.9994399641577061,419.400000000000000000,2022-10-01 00:00:00,2022-10-31 23:55:00
2022,S66,11,8635,8640,5,0.9994212962962963,432.800000000000000000,2022-11-01 00:00:00,2022-11-30 23:55:00
2022,S66,12,8902,8928,26,0.9970878136200717,276.400000000000000000,2022-12-01 00:00:00,2022-12-31 23:55:00
2022,S69,1,8543,8928,385,0.9568772401433692,212.000000000000000000,2022-01-01 10:15:00,2022-01-31 23:55:00
2022,S69,2,7982,8064,82,0.9898313492063492,249.200020000000000000,2022-02-01 00:00:00,2022-02-28 23:55:00
2022,S69,3,8927,8928,1,0.9998879928315412,287.600000000000000000,2022-03-01 00:00:00,2022-03-31 23:55:00
2022,S69,4,8448,8640,192,0.9777777777777777,297.200010000000000000,2022-04-01 00:00:00,2022-04-30 23:55:00
2022,S69,5,8926,8928,2,0.9997759856630825,217.999990000000000000,2022-05-01 00:00:00,2022-05-31 23:55:00
2022,S69,6,8574,8640,66,0.9923611111111111,152.000000000000000000,2022-06-01 00:00:00,2022-06-30 23:55:00
2022,S69,7,8925,8928,3,0.9996639784946236,124.999990000000000000,2022-07-01 00:00:00,2022-07-31 23:55:00
2022,S69,8,8924,8928,4,0.9995519713261649,339.199990000000000000,2022-08-01 00:00:00,2022-08-31 23:55:00
2022,S69,9,8618,8640,22,0.9974537037037037,367.199990000000000000,2022-09-01 00:00:00,2022-09-30 23:55:00
2022,S69,10,8926,8928,2,0.9997759856630825,392.000010000000000000,2022-10-01 00:00:00,2022-10-31 23:55:00
2022,S69,11,8638,8640,2,0.9997685185185186,469.799990000000000000,2022-11-01 00:00:00,2022-11-30 23:55:00
2022,S69,12,8902,8928,26,0.9970878136200717,190.000000000000000000,2022-12-01 00:00:00,2022-12-31 23:55:00
2022,S71,1,8876,8928,52,0.9941756272401434,147.200000000000000000,2022-01-01 00:00:00,2022-01-31 23:55:00
2022,S71,2,8015,8064,49,0.9939236111111112,246.999990000000000000,2022-02-01 00:00:00,2022-02-28 23:55:00
2022,S71,3,8911,8928,17,0.9980958781362007,197.400000000000000000,2022-03-01 00:00:00,2022-03-31 23:55:00
2022,S71,4,8555,8640,85,0.9901620370370371,349.200000000000000000,2022-04-01 00:00:00,2022-04-30 23:55:00
2022,S71,5,8868,8928,60,0.9932795698924731,267.000000000000000000,2022-05-01 00:00:00,2022-05-31 23:55:00
2022,S71,6,8560,8640,80,0.9907407407407407,310.800010000000000000,2022-06-01 00:00:00,2022-06-30 23:55:00
2022,S71,7,8924,8928,4,0.9995519713261649,81.200000000000000000,2022-07-01 00:00:00,2022-07-31 23:55:00
2022,S71,8,8924,8928,4,0.9995519713261649,155.000000000000000000,2022-08-01 00:00:00,2022-08-31 23:55:00
2022,S71,9,8616,8640,24,0.9972222222222222,291.800000000000000000,2022-09-01 00:00:00,2022-09-30 23:55:00
2022,S71,10,8925,8928,3,0.9996639784946236,675.600010000000000000,2022-10-01 00:00:00,2022-10-31 23:55:00
2022,S71,11,8635,8640,5,0.9994212962962963,247.800000000000000000,2022-11-01 00:00:00,2022-11-30 23:55:00
2022,S71,12,8901,8928,27,0.9969758064516129,324.000000000000000000,2022-12-01 00:00:00,2022-12-31 23:55:00
2022,S77,1,8868,8928,60,0.9932795698924731,188.400000000000000000,2022-01-01 00:00:00,2022-01-31 23:55:00
2022,S77,2,8004,8064,60,0.9925595238095238,220.399990000000000000,2022-02-01 00:00:00,2022-02-28 23:55:00
2022,S77,3,8921,8928,7,0.9992159498207885,225.800000000000000000,2022-03-01 00:00:00,2022-03-31 23:55:00
2022,S77,4,8640,8640,0,1.0,288.600000000000000000,2022-04-01 00:00:00,2022-04-30 23:55:00
2022,S77,5,8927,8928,1,0.9998879928315412,212.000000000000000000,2022-05-01 00:00:00,2022-05-31 23:55:00
2022,S77,6,8639,8640,1,0.9998842592592593,268.599990000000000000,2022-06-01 00:00:00,2022-06-30 23:55:00
2022,S77,7,8928,8928,0,1.0,86.200000000000000000,2022-07-01 00:00:00,2022-07-31 23:55:00
2022,S77,8,8924,8928,4,0.9995519713261649,154.000000000000000000,2022-08-01 00:00:00,2022-08-31 23:55:00
2022,S77,9,8620,8640,20,0.9976851851851852,226.000000000000000000,2022-09-01 00:00:00,2022-09-30 23:55:00
2022,S77,10,8924,8928,4,0.9995519713261649,517.399990000000000000,2022-10-01 00:00:00,2022-10-31 23:55:00
2022,S77,11,8638,8640,2,0.9997685185185186,225.800000000000000000,2022-11-01 00:00:00,2022-11-30 23:55:00
2022,S77,12,8902,8928,26,0.9970878136200717,314.000000000000000000,2022-12-01 00:00:00,2022-12-31 23:55:00
2022,S78,1,8876,8928,52,0.9941756272401434,152.000000000000000000,2022-01-01 00:00:00,2022-01-31 23:55:00
2022,S78,2,8012,8064,52,0.9935515873015873,144.800000000000000000,2022-02-01 00:00:00,2022-02-28 23:55:00
2022,S78,3,8923,8928,5,0.9994399641577061,258.200000000000000000,2022-03-01 00:00:00,2022-03-31 23:55:00
2022,S78,4,8637,8640,3,0.9996527777777777,224.800000000000000000,2022-04-01 00:00:00,2022-04-30 23:55:00
2022,S78,5,8924,8928,4,0.9995519713261649,111.400000000000000000,2022-05-01 00:00:00,2022-05-31 23:55:00
2022,S78,6,8637,8640,3,0.9996527777777777,157.200000000000000000,2022-06-01 00:00:00,2022-06-30 23:55:00
2022,S78,7,8924,8928,4,0.9995519713261649,140.000000000000000000,2022-07-01 00:00:00,2022-07-31 23:55:00
2022,S78,8,8923,8928,5,0.9994399641577061,158.400000000000000000,2022-08-01 00:00:00,2022-08-31 23:55:00
2022,S78,9,8618,8640,22,0.9974537037037037,167.400000000000000000,2022-09-01 00:00:00,2022-09-30 23:55:00
2022,S78,10,8925,8928,3,0.9996639784946236,363.000000000000000000,2022-10-01 00:00:00,2022-10-31 23:55:00
2022,S78,11,8638,8640,2,0.9997685185185186,291.600010000000000000,2022-11-01 00:00:00,2022-11-30 23:55:00
2022,S78,12,8901,8928,27,0.9969758064516129,236.799990000000000000,2022-12-01 00:00:00,2022-12-31 23:55:00
2022,S79,1,8730,8928,198,0.9778225806451613,114.400000000000000000,2022-01-01 00:00:00,2022-01-31 23:55:00
2022,S79,2,7937,8064,127,0.9842509920634921,186.400000000000000000,2022-02-01 00:00:00,2022-02-28 23:55:00
2022,S79,3,8314,8928,614,0.9312275985663082,234.400000000000000000,2022-03-01 00:00:00,2022-03-31 23:55:00
2022,S79,4,8637,8640,3,0.9996527777777777,261.000000000000000000,2022-04-01 00:00:00,2022-04-30 23:55:00
2022,S79,5,8923,8928,5,0.9994399641577061,205.000000000000000000,2022-05-01 00:00:00,2022-05-31 23:55:00
2022,S79,6,8638,8640,2,0.9997685185185186,183.200000000000000000,2022-06-01 00:00:00,2022-06-30 23:55:00
2022,S79,7,8921,8928,7,0.9992159498207885,69.000000000000000000,2022-07-01 00:00:00,2022-07-31 23:55:00
2022,S79,8,8923,8928,5,0.9994399641577061,146.800000000000000000,2022-08-01 00:00:00,2022-08-31 23:55:00
2022,S79,9,8619,8640,21,0.9975694444444444,241.399990000000000000,2022-09-01 00:00:00,2022-09-30 23:55:00
2022,S79,10,8925,8928,3,0.9996639784946236,460.600020000000000000,2022-10-01 00:00:00,2022-10-31 23:55:00
2022,S79,11,8628,8640,12,0.9986111111111111,220.400000000000000000,2022-11-01 00:00:00,2022-11-30 23:55:00
2022,S79,12,8899,8928,29,0.9967517921146953,271.200000000000000000,2022-12-01 00:00:00,2022-12-31 23:55:00
2022,S81,1,8876,8928,52,0.9941756272401434,119.000000000000000000,2022-01-01 00:00:00,2022-01-31 23:55:00
2022,S81,2,8016,8064,48,0.9940476190476191,214.000000000000000000,2022-02-01 00:00:00,2022-02-28 23:55:00
2022,S81,3,8928,8928,0,1.0,336.400000000000000000,2022-03-01 00:00:00,2022-03-31 23:55:00
2022,S81,4,8639,8640,1,0.9998842592592593,284.599990000000000000,2022-04-01 00:00:00,2022-04-30 23:55:00
2022,S81,5,8923,8928,5,0.9994399641577061,241.400000000000000000,2022-05-01 00:00:00,2022-05-31 23:55:00
2022,S81,6,8638,8640,2,0.9997685185185186,152.200000000000000000,2022-06-01 00:00:00,2022-06-30 23:55:00
2022,S81,7,8928,8928,0,1.0,141.400000000000000000,2022-07-01 00:00:00,2022-07-31 23:55:00
2022,S81,8,8925,8928,3,0.9996639784946236,177.000000000000000000,2022-08-01 00:00:00,2022-08-31 23:55:00
2022,S81,9,8619,8640,21,0.9975694444444444,223.000000000000000000,2022-09-01 00:00:00,2022-09-30 23:55:00
2022,S81,10,8926,8928,2,0.9997759856630825,403.399990000000000000,2022-10-01 00:00:00,2022-10-31 23:55:00
2022,S81,11,8639,8640,1,0.9998842592592593,365.800000000000000000,2022-11-01 00:00:00,2022-11-30 23:55:00
2022,S81,12,8902,8928,26,0.9970878136200717,288.200010000000000000,2022-12-01 00:00:00,2022-12-31 23:55:00
2022,S82,1,8875,8928,53,0.9940636200716846,108.400000000000000000,2022-01-01 00:00:00,2022-01-31 23:55:00
2022,S82,2,8016,8064,48,0.9940476190476191,247.600000000000000000,2022-02-01 00:00:00,2022-02-28 23:55:00
2022,S82,3,8928,8928,0,1.0,117.000010000000000000,2022-03-01 00:00:00,2022-03-31 23:55:00
2022,S82,4,8638,8640,2,0.9997685185185186,77.000000000000000000,2022-04-01 00:00:00,2022-04-30 23:55:00
2022,S82,5,8859,8928,69,0.9922715053763441,163.600000000000000000,2022-05-01 00:00:00,2022-05-31 23:55:00
2022,S82,6,8640,8640,0,1.0,257.800000000000000000,2022-06-01 00:00:00,2022-06-30 23:55:00
2022,S82,7,8927,8928,1,0.9998879928315412,100.200000000000000000,2022-07-01 00:00:00,2022-07-31 23:55:00
2022,S82,8,8924,8928,4,0.9995519713261649,201.800000000000000000,2022-08-01 00:00:00,2022-08-31 23:55:00
2022,S82,9,8615,8640,25,0.9971064814814815,328.800010000000000000,2022-09-01 00:00:00,2022-09-30 23:55:00
2022,S82,10,8926,8928,2,0.9997759856630825,451.999990000000000000,2022-10-01 00:00:00,2022-10-31 23:55:00
2022,S82,11,5887,8640,2753,0.6813657407407407,243.399990000000000000,2022-11-01 00:00:00,2022-11-21 10:45:00
2022,S82,12,0,8928,8928,0.0,0,,
2022,S84,1,8876,8928,52,0.9941756272401434,93.200000000000000000,2022-01-01 00:00:00,2022-01-31 23:55:00
2022,S84,2,8015,8064,49,0.9939236111111112,251.600000000000000000,2022-02-01 00:00:00,2022-02-28 23:55:00
2022,S84,3,8928,8928,0,1.0,341.000000000000000000,2022-03-01 00:00:00,2022-03-31 23:55:00
2022,S84,4,7972,8640,668,0.9226851851851852,257.800000000000000000,2022-04-01 00:00:00,2022-04-30 23:55:00
2022,S84,5,8928,8928,0,1.0,140.800000000000000000,2022-05-01 00:00:00,2022-05-31 23:55:00
2022,S84,6,8640,8640,0,1.0,342.400010000000000000,2022-06-01 00:00:00,2022-06-30 23:55:00
2022,S84,7,8925,8928,3,0.9996639784946236,129.400000000000000000,2022-07-01 00:00:00,2022-07-31 23:55:00
2022,S84,8,8924,8928,4,0.9995519713261649,162.800000000000000000,2022-08-01 00:00:00,2022-08-31 23:55:00
2022,S84,9,8618,8640,22,0.9974537037037037,137.400000000000000000,2022-09-01 00:00:00,2022-09-30 23:55:00
2022,S84,10,8925,8928,3,0.9996639784946236,311.600010000000000000,2022-10-01 00:00:00,2022-10-31 23:55:00
2022,S84,11,8638,8640,2,0.9997685185185186,384.999990000000000000,2022-11-01 00:00:00,2022-11-30 23:55:00
2022,S84,12,8902,8928,26,0.9970878136200717,214.000000000000000000,2022-12-01 00:00:00,2022-12-31 23:55:00
2022,S88,1,8872,8928,56,0.9937275985663082,201.600000000000000000,2022-01-01 00:00:00,2022-01-31 23:55:00
2022,S88,2,8016,8064,48,0.9940476190476191,149.000000000000000000,2022-02-01 00:00:00,2022-02-28 23:55:00
2022,S88,3,8924,8928,4,0.9995519713261649,332.000020000000000000,2022-03-01 00:00:00,2022-03-31 23:55:00
2022,S88,4,8636,8640,4,0.999537037037037,252.600030000000000000,2022-04-01 00:00:00,2022-04-30 23:55:00
2022,S88,5,8925,8928,3,0.9996639784946236,254.200000000000000000,2022-05-01 00:00:00,2022-05-31 23:55:00
2022,S88,6,8598,8640,42,0.9951388888888889,195.200000000000000000,2022-06-01 00:00:00,2022-06-30 23:55:00
2022,S88,7,8923,8928,5,0.9994399641577061,107.200000000000000000,2022-07-01 00:00:00,2022-07-31 23:55:00
2022,S88,8,8920,8928,8,0.9991039426523297,148.600000000000000000,2022-08-01 00:00:00,2022-08-31 23:55:00
2022,S88,9,8622,8640,18,0.9979166666666667,228.600000000000000000,2022-09-01 00:00:00,2022-09-30 23:55:00
2022,S88,10,8926,8928,2,0.9997759856630825,359.599990000000000000,2022-10-01 00:00:00,2022-10-31 23:55:00
2022,S88,11,8639,8640,1,0.9998842592592593,415.200010000000000000,2022-11-01 00:00:00,2022-11-30 23:55:00
2022,S88,12,8902,8928,26,0.9970878136200717,254.200010000000000000,2022-12-01 00:00:00,2022-12-31 23:55:00
2022,S89,1,8876,8928,52,0.9941756272401434,99.800000000000000000,2022-01-01 00:00:00,2022-01-31 23:55:00
2022,S89,2,8015,8064,49,0.9939236111111112,273.200010000000000000,2022-02-01 00:00:00,2022-02-28 23:55:00
2022,S89,3,8928,8928,0,1.0,241.000020000000000000,2022-03-01 00:00:00,2022-03-31 23:55:00
2022,S89,4,8640,8640,0,1.0,138.600000000000000000,2022-04-01 00:00:00,2022-04-30 23:55:00
2022,S89,5,8904,8928,24,0.9973118279569892,188.200000000000000000,2022-05-01 00:00:00,2022-05-31 23:55:00
2022,S89,6,8640,8640,0,1.0,275.600000000000000000,2022-06-01 00:00:00,2022-06-30 23:55:00
2022,S89,7,8925,8928,3,0.9996639784946236,105.600000000000000000,2022-07-01 00:00:00,2022-07-31 23:55:00
2022,S89,8,8924,8928,4,0.9995519713261649,244.599980000000000000,2022-08-01 00:00:00,2022-08-31 23:55:00
2022,S89,9,8621,8640,19,0.997800925925926,319.200000000000000000,2022-09-01 00:00:00,2022-09-30 23:55:00
2022,S89,10,8926,8928,2,0.9997759856630825,539.599980000000000000,2022-10-01 00:00:00,2022-10-31 23:55:00
2022,S89,11,8636,8640,4,0.999537037037037,424.000020000000000000,2022-11-01 00:00:00,2022-11-30 23:55:00
2022,S89,12,8902,8928,26,0.9970878136200717,195.000000000000000000,2022-12-01 00:00:00,2022-12-31 23:55:00
2022,S90,1,8876,8928,52,0.9941756272401434,190.800000000000000000,2022-01-01 00:00:00,2022-01-31 23:55:00
2022,S90,2,8016,8064,48,0.9940476190476191,184.600000000000000000,2022-02-01 00:00:00,2022-02-28 23:55:00
2022,S90,3,8928,8928,0,1.0,264.999990000000000000,2022-03-01 00:00:00,2022-03-31 23:55:00
2022,S90,4,8640,8640,0,1.0,248.000000000000000000,2022-04-01 00:00:00,2022-04-30 23:55:00
2022,S90,5,8928,8928,0,1.0,265.600000000000000000,2022-05-01 00:00:00,2022-05-31 23:55:00
2022,S90,6,8636,8640,4,0.999537037037037,263.200000000000000000,2022-06-01 00:00:00,2022-06-30 23:55:00
2022,S90,7,8892,8928,36,0.9959677419354839,106.800000000000000000,2022-07-01 00:00:00,2022-07-31 23:55:00
2022,S90,8,8925,8928,3,0.9996639784946236,222.200000000000000000,2022-08-01 00:00:00,2022-08-31 23:55:00
2022,S90,9,8620,8640,20,0.9976851851851852,302.599980000000000000,2022-09-01 00:00:00,2022-09-30 23:55:00
2022,S90,10,8925,8928,3,0.9996639784946236,440.200010000000000000,2022-10-01 00:00:00,2022-10-31 23:55:00
2022,S90,11,8639,8640,1,0.9998842592592593,400.599980000000000000,2022-11-01 00:00:00,2022-11-30 23:55:00
2022,S90,12,8832,8928,96,0.989247311827957,288.400010000000000000,2022-12-01 00:00:00,2022-12-31 23:55:00
2022,S900,1,8876,8928,52,0.9941756272401434,121.800000000000000000,2022-01-01 00:00:00,2022-01-31 23:55:00
2022,S900,2,8015,8064,49,0.9939236111111112,189.800000000000000000,2022-02-01 00:00:00,2022-02-28 23:55:00
2022,S900,3,8928,8928,0,1.0,372.599990000000000000,2022-03-01 00:00:00,2022-03-31 23:55:00
2022,S900,4,8640,8640,0,1.0,291.400010000000000000,2022-04-01 00:00:00,2022-04-30 23:55:00
2022,S900,5,8927,8928,1,0.9998879928315412,262.400000000000000000,2022-05-01 00:00:00,2022-05-31 23:55:00
2022,S900,6,8639,8640,1,0.9998842592592593,178.400000000000000000,2022-06-01 00:00:00,2022-06-30 23:55:00
2022,S900,7,8923,8928,5,0.9994399641577061,119.400000000000000000,2022-07-01 00:00:00,2022-07-31 23:55:00
2022,S900,8,8915,8928,13,0.9985439068100358,299.400010000000000000,2022-08-01 00:00:00,2022-08-31 23:55:00
2022,S900,9,8346,8640,294,0.9659722222222222,242.000000000000000000,2022-09-01 00:00:00,2022-09-30 23:55:00
2022,S900,10,8922,8928,6,0.9993279569892473,398.000000000000000000,2022-10-01 00:00:00,2022-10-31 23:55:00
2022,S900,11,8639,8640,1,0.9998842592592593,486.800000000000000000,2022-11-01 00:00:00,2022-11-30 23:55:00
2022,S900,12,8659,8928,269,0.9698700716845878,331.000010000000000000,2022-12-01 00:00:00,2022-12-31 23:55:00
2022,S94,1,8876,8928,52,0.9941756272401434,112.200000000000000000,2022-01-01 00:00:00,2022-01-31 23:55:00
2022,S94,2,8015,8064,49,0.9939236111111112,227.000000000000000000,2022-02-01 00:00:00,2022-02-28 23:55:00
2022,S94,3,8927,8928,1,0.9998879928315412,249.199990000000000000,2022-03-01 00:00:00,2022-03-31 23:55:00
2022,S94,4,8639,8640,1,0.9998842592592593,214.200000000000000000,2022-04-01 00:00:00,2022-04-30 23:55:00
2022,S94,5,8923,8928,5,0.9994399641577061,101.200000000000000000,2022-05-01 00:00:00,2022-05-31 23:55:00
2022,S94,6,8638,8640,2,0.9997685185185186,238.800000000000000000,2022-06-01 00:00:00,2022-06-30 23:55:00
2022,S94,7,8926,8928,2,0.9997759856630825,144.200000000000000000,2022-07-01 00:00:00,2022-07-31 23:55:00
2022,S94,8,8919,8928,9,0.998991935483871,174.000000000000000000,2022-08-01 00:00:00,2022-08-31 23:55:00
2022,S94,9,8619,8640,21,0.9975694444444444,156.200000000000000000,2022-09-01 00:00:00,2022-09-30 23:55:00
2022,S94,10,8925,8928,3,0.9996639784946236,336.799990000000000000,2022-10-01 00:00:00,2022-10-31 23:55:00
2022,S94,11,8622,8640,18,0.9979166666666667,362.799980000000000000,2022-11-01 00:00:00,2022-11-30 23:55:00
2022,S94,12,8899,8928,29,0.9967517921146953,180.800000000000000000,2022-12-01 00:00:00,2022-12-31 23:55:00
2023,S07,1,0,8928,8928,0.0,0,,
2023,S07,2,0,8064,8064,0.0,0,,
2023,S07,3,0,8928,8928,0.0,0,,
2023,S07,4,4860,8640,3780,0.5625,74.800010000000000000,2023-04-13 19:40:00,2023-04-30 23:55:00
2023,S07,5,8915,8928,13,0.9985439068100358,152.000000000000000000,2023-05-01 00:00:00,2023-05-31 23:55:00
2023,S07,6,8636,8640,4,0.999537037037037,323.799990000000000000,2023-06-01 00:00:00,2023-06-30 23:55:00
2023,S07,7,5293,8928,3635,0.5928539426523297,198.600000000000000000,2023-07-01 00:00:00,2023-07-20 05:30:00
2023,S07,8,8118,8928,810,0.9092741935483871,145.000000000000000000,2023-08-03 19:30:00,2023-08-31 23:55:00
2023,S07,9,8639,8640,1,0.9998842592592593,224.600010000000000000,2023-09-01 00:00:00,2023-09-30 23:55:00
2023,S07,10,8678,8928,250,0.9719982078853047,107.000000000000000000,2023-10-01 00:00:00,2023-10-31 23:55:00
2023,S07,11,8571,8640,69,0.9920138888888889,368.999990000000000000,2023-11-01 00:00:00,2023-11-30 23:55:00
2023,S07,12,8909,8928,19,0.9978718637992832,435.600030000000000000,2023-12-01 00:00:00,2023-12-31 23:55:00
2023,S08,1,6118,8928,2810,0.6852598566308243,222.200000000000000000,2023-01-01 00:00:00,2023-01-31 23:55:00
2023,S08,2,8032,8064,32,0.996031746031746,310.400000000000000000,2023-02-01 00:00:00,2023-02-28 23:55:00
2023,S08,3,8928,8928,0,1.0,363.600000000000000000,2023-03-01 00:00:00,2023-03-31 23:55:00
2023,S08,4,8552,8640,88,0.9898148148148148,237.400020000000000000,2023-04-01 00:00:00,2023-04-30 23:55:00
2023,S08,5,8916,8928,12,0.9986559139784946,202.799990000000000000,2023-05-01 00:00:00,2023-05-31 23:55:00
2023,S08,6,8640,8640,0,1.0,139.400000000000000000,2023-06-01 00:00:00,2023-06-30 23:55:00
2023,S08,7,8918,8928,10,0.9988799283154122,214.999990000000000000,2023-07-01 00:00:00,2023-07-31 23:55:00
2023,S08,8,8928,8928,0,1.0,108.000000000000000000,2023-08-01 00:00:00,2023-08-31 23:55:00
2023,S08,9,8640,8640,0,1.0,248.000000000000000000,2023-09-01 00:00:00,2023-09-30 23:55:00
2023,S08,10,8678,8928,250,0.9719982078853047,120.800000000000000000,2023-10-01 00:00:00,2023-10-31 23:55:00
2023,S08,11,8573,8640,67,0.9922453703703704,434.399990000000000000,2023-11-01 00:00:00,2023-11-30 23:55:00
2023,S08,12,8890,8928,38,0.9957437275985663,397.799980000000000000,2023-12-01 00:00:00,2023-12-31 23:55:00
2023,S100,1,6261,8928,2667,0.7012768817204301,182.200000000000000000,2023-01-01 00:00:00,2023-01-31 21:15:00
2023,S100,2,7920,8064,144,0.9821428571428571,340.599990000000000000,2023-02-01 08:55:00,2023-02-28 23:55:00
2023,S100,3,8923,8928,5,0.9994399641577061,344.200000000000000000,2023-03-01 00:00:00,2023-03-31 23:55:00
2023,S100,4,7520,8640,1120,0.8703703703703703,233.000000000000000000,2023-04-01 00:00:00,2023-04-30 23:55:00
2023,S100,5,3366,8928,5562,0.37701612903225806,51.800000000000000000,2023-05-01 00:00:00,2023-05-12 16:45:00
2023,S100,6,0,8640,8640,0.0,0,,
2023,S100,7,0,8928,8928,0.0,0,,
2023,S100,8,0,8928,8928,0.0,0,,
2023,S100,9,0,8640,8640,0.0,0,,
2023,S100,10,0,8928,8928,0.0,0,,
2023,S100,11,0,8640,8640,0.0,0,,
2023,S100,12,0,8928,8928,0.0,0,,
2023,S102,1,5999,8928,2929,0.6719310035842294,154.200000000000000000,2023-01-01 00:00:00,2023-01-31 23:55:00
2023,S102,2,6741,8064,1323,0.8359375,105.200000000000000000,2023-02-01 00:00:00,2023-02-28 12:55:00
2023,S102,3,0,8928,8928,0.0,0,,
2023,S102,4,0,8640,8640,0.0,0,,
2023,S102,5,1,8928,8927,0.00011200716845878136,0E-18,2023-05-18 12:40:00,2023-05-18 12:40:00
2023,S102,6,0,8640,8640,0.0,0,,
2023,S102,7,0,8928,8928,0.0,0,,
2023,S102,8,0,8928,8928,0.0,0,,
2023,S102,9,0,8640,8640,0.0,0,,
2023,S102,10,0,8928,8928,0.0,0,,
2023,S102,11,0,8640,8640,0.0,0,,
2023,S102,12,0,8928,8928,0.0,0,,
2023,S104,1,6296,8928,2632,0.7051971326164874,193.800000000000000000,2023-01-01 00:00:00,2023-01-31 23:55:00
2023,S104,2,8030,8064,34,0.9957837301587301,375.000010000000000000,2023-02-01 00:00:00,2023-02-28 23:55:00
2023,S104,3,8928,8928,0,1.0,324.400000000000000000,2023-03-01 00:00:00,2023-03-31 23:55:00
2023,S104,4,8551,8640,89,0.9896990740740741,216.999990000000000000,2023-04-01 00:00:00,2023-04-30 23:55:00
2023,S104,5,8916,8928,12,0.9986559139784946,83.600000000000000000,2023-05-01 00:00:00,2023-05-31 23:55:00
2023,S104,6,8640,8640,0,1.0,122.600000000000000000,2023-06-01 00:00:00,2023-06-30 23:55:00
2023,S104,7,8920,8928,8,0.9991039426523297,125.400000000000000000,2023-07-01 00:00:00,2023-07-31 23:55:00
2023,S104,8,8926,8928,2,0.9997759856630825,82.000000000000000000,2023-08-01 00:00:00,2023-08-31 23:55:00
2023,S104,9,8640,8640,0,1.0,207.000010000000000000,2023-09-01 00:00:00,2023-09-30 23:55:00
2023,S104,10,8583,8928,345,0.9613575268817204,124.399990000000000000,2023-10-01 00:00:00,2023-10-31 23:55:00
2023,S104,11,8573,8640,67,0.9922453703703704,208.600000000000000000,2023-11-01 00:00:00,2023-11-30 23:55:00
2023,S104,12,8911,8928,17,0.9980958781362007,255.200000000000000000,2023-12-01 00:00:00,2023-12-31 23:55:00
2023,S106,1,4741,8928,4187,0.5310259856630825,113.600000000000000000,2023-01-01 00:00:00,2023-01-31 23:55:00
2023,S106,2,8022,8064,42,0.9947916666666666,304.400000000000000000,2023-02-01 00:00:00,2023-02-28 23:55:00
2023,S106,3,8914,8928,14,0.9984318996415771,283.200000000000000000,2023-03-01 00:00:00,2023-03-31 23:55:00
2023,S106,4,8551,8640,89,0.9896990740740741,218.400000000000000000,2023-04-01 00:00:00,2023-04-30 23:55:00
2023,S106,5,8903,8928,25,0.9971998207885304,131.600000000000000000,2023-05-01 00:00:00,2023-05-31 23:55:00
2023,S106,6,8448,8640,192,0.9777777777777777,171.400000000000000000,2023-06-01 00:00:00,2023-06-30 23:55:00
2023,S106,7,4760,8928,4168,0.5331541218637993,36.600000000000000000,2023-07-01 00:00:00,2023-07-18 05:00:00
2023,S106,8,0,8928,8928,0.0,0,,
2023,S106,9,0,8640,8640,0.0,0,,
2023,S106,10,0,8928,8928,0.0,0,,
2023,S106,11,0,8640,8640,0.0,0,,
2023,S106,12,0,8928,8928,0.0,0,,
2023,S107,1,5915,8928,3013,0.6625224014336918,208.400000000000000000,2023-01-01 00:00:00,2023-01-31 23:55:00
2023,S107,2,8030,8064,34,0.9957837301587301,374.800000000000000000,2023-02-01 00:00:00,2023-02-28 23:55:00
2023,S107,3,8928,8928,0,1.0,245.200000000000000000,2023-03-01 00:00:00,2023-03-31 23:55:00
2023,S107,4,8552,8640,88,0.9898148148148148,109.400000000000000000,2023-04-01 00:00:00,2023-04-30 23:55:00
2023,S107,5,8916,8928,12,0.9986559139784946,93.200000000000000000,2023-05-01 00:00:00,2023-05-31 23:55:00
2023,S107,6,8636,8640,4,0.999537037037037,127.200000000000000000,2023-06-01 00:00:00,2023-06-30 23:55:00
2023,S107,7,8919,8928,9,0.998991935483871,173.000000000000000000,2023-07-01 00:00:00,2023-07-31 23:55:00
2023,S107,8,8928,8928,0,1.0,169.400000000000000000,2023-08-01 00:00:00,2023-08-31 23:55:00
2023,S107,9,8639,8640,1,0.9998842592592593,80.200000000000000000,2023-09-01 00:00:00,2023-09-30 23:55:00
2023,S107,10,8678,8928,250,0.9719982078853047,39.800000000000000000,2023-10-01 00:00:00,2023-10-31 23:55:00
2023,S107,11,8568,8640,72,0.9916666666666667,209.799990000000000000,2023-11-01 00:00:00,2023-11-30 23:55:00
2023,S107,12,8911,8928,17,0.9980958781362007,261.400000000000000000,2023-12-01 00:00:00,2023-12-31 23:55:00
2023,S108,1,5641,8928,3287,0.6318324372759857,170.800000000000000000,2023-01-01 00:00:00,2023-01-31 23:55:00
2023,S108,2,8029,8064,35,0.9956597222222222,475.000020000000000000,2023-02-01 00:00:00,2023-02-28 23:55:00
2023,S108,3,8928,8928,0,1.0,271.600000000000000000,2023-03-01 00:00:00,2023-03-31 23:55:00
2023,S108,4,8551,8640,89,0.9896990740740741,146.600000000000000000,2023-04-01 00:00:00,2023-04-30 23:55:00
2023,S108,5,2779,8928,6149,0.3112679211469534,11.000000000000000000,2023-05-01 00:00:00,2023-05-10 15:30:00
2023,S108,6,0,8640,8640,0.0,0,,
2023,S108,7,0,8928,8928,0.0,0,,
2023,S108,8,0,8928,8928,0.0,0,,
2023,S108,9,0,8640,8640,0.0,0,,
2023,S108,10,0,8928,8928,0.0,0,,
2023,S108,11,0,8640,8640,0.0,0,,
2023,S108,12,0,8928,8928,0.0,0,,
2023,S109,1,6288,8928,2640,0.7043010752688172,192.600000000000000000,2023-01-01 00:00:00,2023-01-31 23:55:00
2023,S109,2,8025,8064,39,0.9951636904761905,266.200000000000000000,2023-02-01 00:00:00,2023-02-28 23:55:00
2023,S109,3,1269,8928,7659,0.14213709677419356,177.800000000000000000,2023-03-01 00:00:00,2023-03-31 23:55:00
2023,S109,4,8552,8640,88,0.9898148148148148,220.800010000000000000,2023-04-01 00:00:00,2023-04-30 23:55:00
2023,S109,5,8913,8928,15,0.9983198924731183,149.600000000000000000,2023-05-01 00:00:00,2023-05-31 23:55:00
2023,S109,6,7788,8640,852,0.9013888888888889,143.000000000000000000,2023-06-01 00:00:00,2023-06-30 23:55:00
2023,S109,7,8916,8928,12,0.9986559139784946,182.600000000000000000,2023-07-01 00:00:00,2023-07-31 23:55:00
2023,S109,8,8924,8928,4,0.9995519713261649,171.600000000000000000,2023-08-01 00:00:00,2023-08-31 23:55:00
2023,S109,9,8638,8640,2,0.9997685185185186,278.200000000000000000,2023-09-01 00:00:00,2023-09-30 23:55:00
2023,S109,10,8677,8928,251,0.9718862007168458,122.800000000000000000,2023-10-01 00:00:00,2023-10-31 23:55:00
2023,S109,11,8572,8640,68,0.9921296296296296,304.599990000000000000,2023-11-01 00:00:00,2023-11-30 23:55:00
2023,S109,12,8908,8928,20,0.9977598566308243,443.199990000000000000,2023-12-01 00:00:00,2023-12-31 23:55:00
2023,S111,1,6109,8928,2819,0.6842517921146953,165.800000000000000000,2023-01-01 00:00:00,2023-01-31 23:55:00
2023,S111,2,5578,8064,2486,0.6917162698412699,233.600000000000000000,2023-02-01 00:00:00,2023-02-28 23:55:00
2023,S111,3,8927,8928,1,0.9998879928315412,299.199990000000000000,2023-03-01 00:00:00,2023-03-31 23:55:00
2023,S111,4,8552,8640,88,0.9898148148148148,142.000000000000000000,2023-04-01 00:00:00,2023-04-30 23:55:00
2023,S111,5,8916,8928,12,0.9986559139784946,129.000000000000000000,2023-05-01 00:00:00,2023-05-31 23:55:00
2023,S111,6,8591,8640,49,0.9943287037037037,243.800000000000000000,2023-06-01 00:00:00,2023-06-30 23:55:00
2023,S111,7,8916,8928,12,0.9986559139784946,245.200000000000000000,2023-07-01 00:00:00,2023-07-31 23:55:00
2023,S111,8,4972,8928,3956,0.556899641577061,29.400000000000000000,2023-08-01 00:00:00,2023-08-31 23:55:00
2023,S111,9,8638,8640,2,0.9997685185185186,177.000010000000000000,2023-09-01 00:00:00,2023-09-30 23:55:00
2023,S111,10,8665,8928,263,0.9705421146953405,82.199990000000000000,2023-10-01 00:00:00,2023-10-31 23:55:00
2023,S111,11,8556,8640,84,0.9902777777777778,284.200000000000000000,2023-11-01 00:00:00,2023-11-30 23:55:00
2023,S111,12,8904,8928,24,0.9973118279569892,490.199990000000000000,2023-12-01 00:00:00,2023-12-31 23:55:00
2023,S112,1,5534,8928,3394,0.619847670250896,185.000000000000000000,2023-01-01 00:00:00,2023-01-31 20:30:00
2023,S112,2,7817,8064,247,0.9693700396825397,323.800000000000000000,2023-02-01 08:30:00,2023-02-28 23:55:00
2023,S112,3,8928,8928,0,1.0,322.400000000000000000,2023-03-01 00:00:00,2023-03-31 23:55:00
2023,S112,4,8552,8640,88,0.9898148148148148,220.400000000000000000,2023-04-01 00:00:00,2023-04-30 23:55:00
2023,S112,5,8916,8928,12,0.9986559139784946,108.999990000000000000,2023-05-01 00:00:00,2023-05-31 23:55:00
2023,S112,6,8638,8640,2,0.9997685185185186,159.000000000000000000,2023-06-01 00:00:00,2023-06-30 23:55:00
2023,S112,7,8920,8928,8,0.9991039426523297,252.200000000000000000,2023-07-01 00:00:00,2023-07-31 23:55:00
2023,S112,8,8872,8928,56,0.9937275985663082,35.800000000000000000,2023-08-01 00:00:00,2023-08-31 23:55:00
2023,S112,9,8419,8640,221,0.9744212962962963,84.800000000000000000,2023-09-01 00:00:00,2023-09-30 23:55:00
2023,S112,10,8678,8928,250,0.9719982078853047,145.600000000000000000,2023-10-01 00:00:00,2023-10-31 23:55:00
2023,S112,11,8573,8640,67,0.9922453703703704,354.999990000000000000,2023-11-01 00:00:00,2023-11-30 23:55:00
2023,S112,12,8910,8928,18,0.9979838709677419,445.800000000000000000,2023-12-01 00:00:00,2023-12-31 23:55:00
2023,S113,1,6296,8928,2632,0.7051971326164874,197.200000000000000000,2023-01-01 00:00:00,2023-01-31 23:55:00
2023,S113,2,8031,8064,33,0.9959077380952381,391.400010000000000000,2023-02-01 00:00:00,2023-02-28 23:55:00
2023,S113,3,8927,8928,1,0.9998879928315412,252.000000000000000000,2023-03-01 00:00:00,2023-03-31 23:55:00
2023,S113,4,8546,8640,94,0.9891203703703704,142.600000000000000000,2023-04-01 00:00:00,2023-04-30 23:55:00
2023,S113,5,8916,8928,12,0.9986559139784946,98.600000000000000000,2023-05-01 00:00:00,2023-05-31 23:55:00
2023,S113,6,8581,8640,59,0.9931712962962963,112.800000000000000000,2023-06-01 00:00:00,2023-06-30 23:55:00
2023,S113,7,8920,8928,8,0.9991039426523297,161.600000000000000000,2023-07-01 00:00:00,2023-07-31 23:55:00
2023,S113,8,8928,8928,0,1.0,133.400000000000000000,2023-08-01 00:00:00,2023-08-31 23:55:00
2023,S113,9,8638,8640,2,0.9997685185185186,151.600000000000000000,2023-09-01 00:00:00,2023-09-30 23:55:00
2023,S113,10,8677,8928,251,0.9718862007168458,69.000000000000000000,2023-10-01 00:00:00,2023-10-31 23:55:00
2023,S113,11,8571,8640,69,0.9920138888888889,253.800000000000000000,2023-11-01 00:00:00,2023-11-30 23:55:00
2023,S113,12,8911,8928,17,0.9980958781362007,278.600010000000000000,2023-12-01 00:00:00,2023-12-31 23:55:00
2023,S114,1,6296,8928,2632,0.7051971326164874,226.800000000000000000,2023-01-01 00:00:00,2023-01-31 23:55:00
2023,S114,2,8031,8064,33,0.9959077380952381,340.400000000000000000,2023-02-01 00:00:00,2023-02-28 23:55:00
2023,S114,3,8928,8928,0,1.0,359.399990000000000000,2023-03-01 00:00:00,2023-03-31 23:55:00
2023,S114,4,8552,8640,88,0.9898148148148148,248.199990000000000000,2023-04-01 00:00:00,2023-04-30 23:55:00
2023,S114,5,8916,8928,12,0.9986559139784946,199.200000000000000000,2023-05-01 00:00:00,2023-05-31 23:55:00
2023,S114,6,8640,8640,0,1.0,256.200000000000000000,2023-06-01 00:00:00,2023-06-30 23:55:00
2023,S114,7,8920,8928,8,0.9991039426523297,240.000000000000000000,2023-07-01 00:00:00,2023-07-31 23:55:00
2023,S114,8,8927,8928,1,0.9998879928315412,145.200000000000000000,2023-08-01 00:00:00,2023-08-31 23:55:00
2023,S114,9,8640,8640,0,1.0,136.200000000000000000,2023-09-01 00:00:00,2023-09-30 23:55:00
2023,S114,10,8678,8928,250,0.9719982078853047,117.799980000000000000,2023-10-01 00:00:00,2023-10-31 23:55:00
2023,S114,11,8571,8640,69,0.9920138888888889,320.999990000000000000,2023-11-01 00:00:00,2023-11-30 23:55:00
2023,S114,12,8620,8928,308,0.9655017921146953,461.199990000000000000,2023-12-01 00:00:00,2023-12-31 23:55:00
2023,S115,1,5058,8928,3870,0.5665322580645161,138.600000000000000000,2023-01-01 00:00:00,2023-01-31 23:55:00
2023,S115,2,8024,8064,40,0.9950396825396826,248.000000000000000000,2023-02-01 00:00:00,2023-02-28 23:55:00
2023,S115,3,7358,8928,1570,0.8241487455197133,185.200000000000000000,2023-03-01 00:00:00,2023-03-31 22:10:00
2023,S115,4,6663,8640,1977,0.7711805555555555,133.799990000000000000,2023-04-06 15:05:00,2023-04-30 23:55:00
2023,S115,5,8911,8928,17,0.9980958781362007,211.000010000000000000,2023-05-01 00:00:00,2023-05-31 23:55:00
2023,S115,6,8597,8640,43,0.9950231481481482,297.200000000000000000,2023-06-01 00:00:00,2023-06-30 23:55:00
2023,S115,7,8919,8928,9,0.998991935483871,430.600000000000000000,2023-07-01 00:00:00,2023-07-31 23:55:00
2023,S115,8,8928,8928,0,1.0,227.000000000000000000,2023-08-01 00:00:00,2023-08-31 23:55:00
2023,S115,9,8640,8640,0,1.0,240.999980000000000000,2023-09-01 00:00:00,2023-09-30 23:55:00
2023,S115,10,8677,8928,251,0.9718862007168458,83.400000000000000000,2023-10-01 00:00:00,2023-10-31 23:55:00
2023,S115,11,8573,8640,67,0.9922453703703704,199.599990000000000000,2023-11-01 00:00:00,2023-11-30 23:55:00
2023,S115,12,8911,8928,17,0.9980958781362007,403.800010000000000000,2023-12-01 00:00:00,2023-12-31 23:55:00
2023,S116,1,4243,8928,4685,0.47524641577060933,113.600000000000000000,2023-01-01 00:00:00,2023-01-31 23:55:00
2023,S116,2,8028,8064,36,0.9955357142857143,375.800000000000000000,2023-02-01 00:00:00,2023-02-28 23:55:00
2023,S116,3,8926,8928,2,0.9997759856630825,297.000000000000000000,2023-03-01 00:00:00,2023-03-31 23:55:00
2023,S116,4,8550,8640,90,0.9895833333333334,192.400000000000000000,2023-04-01 00:00:00,2023-04-30 23:55:00
2023,S116,5,8916,8928,12,0.9986559139784946,128.800000000000000000,2023-05-01 00:00:00,2023-05-31 23:55:00
2023,S116,6,8640,8640,0,1.0,170.000000000000000000,2023-06-01 00:00:00,2023-06-30 23:55:00
2023,S116,7,5303,8928,3625,0.5939740143369175,233.799990000000000000,2023-07-01 00:00:00,2023-07-19 10:25:00
2023,S116,8,8117,8928,811,0.9091621863799283,85.400000000000000000,2023-08-03 19:30:00,2023-08-31 23:55:00
2023,S116,9,8638,8640,2,0.9997685185185186,92.200000000000000000,2023-09-01 00:00:00,2023-09-30 23:55:00
2023,S116,10,8676,8928,252,0.9717741935483871,122.600000000000000000,2023-10-01 00:00:00,2023-10-31 23:55:00
2023,S116,11,8568,8640,72,0.9916666666666667,241.200000000000000000,2023-11-01 00:00:00,2023-11-30 23:55:00
2023,S116,12,8905,8928,23,0.9974238351254481,350.600000000000000000,2023-12-01 00:00:00,2023-12-31 23:55:00
2023,S117,1,0,8928,8928,0.0,0,,
2023,S117,2,7265,8064,799,0.9009176587301587,222.600000000000000000,2023-02-03 15:45:00,2023-02-28 23:55:00
2023,S117,3,8925,8928,3,0.9996639784946236,334.400000000000000000,2023-03-01 00:00:00,2023-03-31 23:55:00
2023,S117,4,8552,8640,88,0.9898148148148148,212.000000000000000000,2023-04-01 00:00:00,2023-04-30 23:55:00
2023,S117,5,8907,8928,21,0.9976478494623656,131.200000000000000000,2023-05-01 00:00:00,2023-05-31 23:55:00
2023,S117,6,8636,8640,4,0.999537037037037,275.800000000000000000,2023-06-01 00:00:00,2023-06-30 23:55:00
2023,S117,7,8918,8928,10,0.9988799283154122,351.600010000000000000,2023-07-01 00:00:00,2023-07-31 23:55:00
2023,S117,8,8923,8928,5,0.9994399641577061,85.600000000000000000,2023-08-01 00:00:00,2023-08-31 23:55:00
2023,S117,9,8351,8640,289,0.966550925925926,90.800000000000000000,2023-09-01 00:00:00,2023-09-30 23:55:00
2023,S117,10,8675,8928,253,0.9716621863799283,82.800000000000000000,2023-10-01 00:00:00,2023-10-31 23:55:00
2023,S117,11,8572,8640,68,0.9921296296296296,232.000000000000000000,2023-11-01 00:00:00,2023-11-30 23:55:00
2023,S117,12,8700,8928,228,0.9744623655913979,425.800000000000000000,2023-12-01 00:00:00,2023-12-31 23:55:00
2023,S118,1,5366,8928,3562,0.6010304659498208,128.000000000000000000,2023-01-01 00:00:00,2023-01-31 23:55:00
2023,S118,2,8030,8064,34,0.9957837301587301,398.400000000000000000,2023-02-01 00:00:00,2023-02-28 23:55:00
2023,S118,3,8926,8928,2,0.9997759856630825,318.400000000000000000,2023-03-01 00:00:00,2023-03-31 23:55:00
2023,S118,4,8551,8640,89,0.9896990740740741,158.600000000000000000,2023-04-01 00:00:00,2023-04-30 23:55:00
2023,S118,5,8916,8928,12,0.9986559139784946,116.800000000000000000,2023-05-01 00:00:00,2023-05-31 23:55:00
2023,S118,6,8640,8640,0,1.0,248.600000000000000000,2023-06-01 00:00:00,2023-06-30 23:55:00
2023,S118,7,8470,8928,458,0.9487007168458781,269.400000000000000000,2023-07-01 00:00:00,2023-07-31 23:55:00
2023,S118,8,8928,8928,0,1.0,98.200000000000000000,2023-08-01 00:00:00,2023-08-31 23:55:00
2023,S118,9,8639,8640,1,0.9998842592592593,176.200000000000000000,2023-09-01 00:00:00,2023-09-30 23:55:00
2023,S118,10,8678,8928,250,0.9719982078853047,104.600000000000000000,2023-10-01 00:00:00,2023-10-31 23:55:00
2023,S118,11,8572,8640,68,0.9921296296296296,263.399990000000000000,2023-11-01 00:00:00,2023-11-30 23:55:00
2023,S118,12,8911,8928,17,0.9980958781362007,409.400000000000000000,2023-12-01 00:00:00,2023-12-31 23:55:00
2023,S119,1,6296,8928,2632,0.7051971326164874,177.400000000000000000,2023-01-01 00:00:00,2023-01-31 23:55:00
2023,S119,2,8025,8064,39,0.9951636904761905,441.799990000000000000,2023-02-01 00:00:00,2023-02-28 23:55:00
2023,S119,3,8895,8928,33,0.9963037634408602,239.800000000000000000,2023-03-01 00:00:00,2023-03-31 23:55:00
2023,S119,4,8542,8640,98,0.9886574074074074,188.800000000000000000,2023-04-01 00:00:00,2023-04-30 23:55:00
2023,S119,5,8909,8928,19,0.9978718637992832,119.600000000000000000,2023-05-01 00:00:00,2023-05-31 23:55:00
2023,S119,6,8638,8640,2,0.9997685185185186,210.200020000000000000,2023-06-01 00:00:00,2023-06-30 23:55:00
2023,S119,7,8917,8928,11,0.9987679211469535,245.399990000000000000,2023-07-01 00:00:00,2023-07-31 23:55:00
2023,S119,8,8928,8928,0,1.0,88.200000000000000000,2023-08-01 00:00:00,2023-08-31 23:55:00
2023,S119,9,8640,8640,0,1.0,146.600000000000000000,2023-09-01 00:00:00,2023-09-30 23:55:00
2023,S119,10,8678,8928,250,0.9719982078853047,118.800000000000000000,2023-10-01 00:00:00,2023-10-31 23:55:00
2023,S119,11,8571,8640,69,0.9920138888888889,222.000000000000000000,2023-11-01 00:00:00,2023-11-30 23:55:00
2023,S119,12,8906,8928,22,0.9975358422939068,348.600000000000000000,2023-12-01 00:05:00,2023-12-31 23:55:00
2023,S120,1,6294,8928,2634,0.7049731182795699,241.399990000000000000,2023-01-01 00:00:00,2023-01-31 23:55:00
2023,S120,2,8026,8064,38,0.9952876984126984,394.200010000000000000,2023-02-01 00:00:00,2023-02-28 23:55:00
2023,S120,3,8924,8928,4,0.9995519713261649,350.200000000000000000,2023-03-01 00:00:00,2023-03-31 23:55:00
2023,S120,4,8551,8640,89,0.9896990740740741,172.000000000000000000,2023-04-01 00:00:00,2023-04-30 23:55:00
2023,S120,5,8909,8928,19,0.9978718637992832,141.000000000000000000,2023-05-01 00:00:00,2023-05-31 23:55:00
2023,S120,6,8639,8640,1,0.9998842592592593,282.200010000000000000,2023-06-01 00:00:00,2023-06-30 23:55:00
2023,S120,7,8914,8928,14,0.9984318996415771,323.000010000000000000,2023-07-01 00:00:00,2023-07-31 23:55:00
2023,S120,8,8927,8928,1,0.9998879928315412,85.400000000000000000,2023-08-01 00:00:00,2023-08-31 23:55:00
2023,S120,9,8640,8640,0,1.0,216.600000000000000000,2023-09-01 00:00:00,2023-09-30 23:55:00
2023,S120,10,8678,8928,250,0.9719982078853047,135.400000000000000000,2023-10-01 00:00:00,2023-10-31 23:55:00
2023,S120,11,8571,8640,69,0.9920138888888889,292.599980000000000000,2023-11-01 00:00:00,2023-11-30 23:55:00
2023,S120,12,8908,8928,20,0.9977598566308243,435.200000000000000000,2023-12-01 00:00:00,2023-12-31 23:55:00
2023,S121,1,6296,8928,2632,0.7051971326164874,241.000000000000000000,2023-01-01 00:00:00,2023-01-31 23:55:00
2023,S121,2,8030,8064,34,0.9957837301587301,357.600000000000000000,2023-02-01 00:00:00,2023-02-28 23:55:00
2023,S121,3,8921,8928,7,0.9992159498207885,326.800000000000000000,2023-03-01 00:00:00,2023-03-31 23:55:00
2023,S121,4,6553,8640,2087,0.758449074074074,207.800000000000000000,2023-04-01 00:00:00,2023-04-30 23:55:00
2023,S121,5,8916,8928,12,0.9986559139784946,216.600000000000000000,2023-05-01 00:00:00,2023-05-31 23:55:00
2023,S121,6,8637,8640,3,0.9996527777777777,312.200010000000000000,2023-06-01 00:00:00,2023-06-30 23:55:00
2023,S121,7,8919,8928,9,0.998991935483871,310.600000000000000000,2023-07-01 00:00:00,2023-07-31 23:55:00
2023,S121,8,8926,8928,2,0.9997759856630825,134.200010000000000000,2023-08-01 00:00:00,2023-08-31 23:55:00
2023,S121,9,8640,8640,0,1.0,167.200000000000000000,2023-09-01 00:00:00,2023-09-30 23:55:00
2023,S121,10,8677,8928,251,0.9718862007168458,133.400000000000000000,2023-10-01 00:00:00,2023-10-31 23:55:00
2023,S121,11,8571,8640,69,0.9920138888888889,413.199990000000000000,2023-11-01 00:00:00,2023-11-30 23:55:00
2023,S121,12,8911,8928,17,0.9980958781362007,394.800000000000000000,2023-12-01 00:00:00,2023-12-31 23:55:00
2023,S123,1,6296,8928,2632,0.7051971326164874,172.800000000000000000,2023-01-01 00:00:00,2023-01-31 23:55:00
2023,S123,2,8030,8064,34,0.9957837301587301,360.000000000000000000,2023-02-01 00:00:00,2023-02-28 23:55:00
2023,S123,3,8928,8928,0,1.0,281.199990000000000000,2023-03-01 00:00:00,2023-03-31 23:55:00
2023,S123,4,8552,8640,88,0.9898148148148148,156.200000000000000000,2023-04-01 00:00:00,2023-04-30 23:55:00
2023,S123,5,8915,8928,13,0.9985439068100358,135.200000000000000000,2023-05-01 00:00:00,2023-05-31 23:55:00
2023,S123,6,8635,8640,5,0.9994212962962963,281.000020000000000000,2023-06-01 00:00:00,2023-06-30 23:55:00
2023,S123,7,8919,8928,9,0.998991935483871,223.400010000000000000,2023-07-01 00:00:00,2023-07-31 23:55:00
2023,S123,8,8820,8928,108,0.9879032258064516,92.400000000000000000,2023-08-01 00:00:00,2023-08-31 23:55:00
2023,S123,9,8498,8640,142,0.9835648148148148,207.400000000000000000,2023-09-01 00:00:00,2023-09-30 23:55:00
2023,S123,10,8407,8928,521,0.941644265232975,72.000000000000000000,2023-10-01 00:00:00,2023-10-31 23:55:00
2023,S123,11,8415,8640,225,0.9739583333333334,261.000000000000000000,2023-11-01 00:00:00,2023-11-30 23:55:00
2023,S123,12,8686,8928,242,0.972894265232975,438.999990000000000000,2023-12-01 00:00:00,2023-12-31 23:55:00
2023,S201,1,6296,8928,2632,0.7051971326164874,209.600000000000000000,2023-01-01 00:00:00,2023-01-31 23:55:00
2023,S201,2,8032,8064,32,0.996031746031746,387.600010000000000000,2023-02-01 00:00:00,2023-02-28 23:55:00
2023,S201,3,8928,8928,0,1.0,351.400000000000000000,2023-03-01 00:00:00,2023-03-31 23:55:00
2023,S201,4,8552,8640,88,0.9898148148148148,243.600000000000000000,2023-04-01 00:00:00,2023-04-30 23:55:00
2023,S201,5,8913,8928,15,0.9983198924731183,130.800000000000000000,2023-05-01 00:00:00,2023-05-31 23:55:00
2023,S201,6,8640,8640,0,1.0,256.200000000000000000,2023-06-01 00:00:00,2023-06-30 23:55:00
2023,S201,7,8885,8928,43,0.9951836917562724,398.399990000000000000,2023-07-01 00:00:00,2023-07-31 23:55:00
2023,S201,8,8928,8928,0,1.0,124.600000000000000000,2023-08-01 00:00:00,2023-08-31 23:55:00
2023,S201,9,8640,8640,0,1.0,198.600000000000000000,2023-09-01 00:00:00,2023-09-30 23:55:00
2023,S201,10,8678,8928,250,0.9719982078853047,207.200010000000000000,2023-10-01 00:00:00,2023-10-31 23:55:00
2023,S201,11,8573,8640,67,0.9922453703703704,378.400020000000000000,2023-11-01 00:00:00,2023-11-30 23:55:00
2023,S201,12,8911,8928,17,0.9980958781362007,348.400000000000000000,2023-12-01 00:00:00,2023-12-31 23:55:00
2023,S202,1,6296,8928,2632,0.7051971326164874,180.992000000000000000,2023-01-01 00:00:00,2023-01-31 23:55:00
2023,S202,2,7857,8064,207,0.9743303571428571,279.568000000000000000,2023-02-01 00:00:00,2023-02-28 09:20:00
2023,S202,3,0,8928,8928,0.0,0,,
2023,S202,4,0,8640,8640,0.0,0,,
2023,S202,5,0,8928,8928,0.0,0,,
2023,S202,6,0,8640,8640,0.0,0,,
2023,S202,7,0,8928,8928,0.0,0,,
2023,S202,8,0,8928,8928,0.0,0,,
2023,S202,9,0,8640,8640,0.0,0,,
2023,S202,10,0,8928,8928,0.0,0,,
2023,S202,11,0,8640,8640,0.0,0,,
2023,S202,12,0,8928,8928,0.0,0,,
2023,S203,1,6296,8928,2632,0.7051971326164874,174.669000000000000000,2023-01-01 00:00:00,2023-01-31 23:55:00
2023,S203,2,8032,8064,32,0.996031746031746,525.614990000000000000,2023-02-01 00:00:00,2023-02-28 23:55:00
2023,S203,3,8928,8928,0,1.0,342.302990000000000000,2023-03-01 00:00:00,2023-03-31 23:55:00
2023,S203,4,8552,8640,88,0.9898148148148148,227.129990000000000000,2023-04-01 00:00:00,2023-04-30 23:55:00
2023,S203,5,8916,8928,12,0.9986559139784946,142.107000000000000000,2023-05-01 00:00:00,2023-05-31 23:55:00
2023,S203,6,8640,8640,0,1.0,259.490990000000000000,2023-06-01 00:00:00,2023-06-30 23:55:00
2023,S203,7,8921,8928,7,0.9992159498207885,478.179010000000000000,2023-07-01 00:00:00,2023-07-31 23:55:00
2023,S203,8,8928,8928,0,1.0,107.133000000000000000,2023-08-01 00:00:00,2023-08-31 23:55:00
2023,S203,9,8640,8640,0,1.0,175.874980000000000000,2023-09-01 00:00:00,2023-09-30 23:55:00
2023,S203,10,8678,8928,250,0.9719982078853047,133.262990000000000000,2023-10-01 00:00:00,2023-10-31 23:55:00
2023,S203,11,8573,8640,67,0.9922453703703704,324.614990000000000000,2023-11-01 00:00:00,2023-11-30 23:55:00
2023,S203,12,8911,8928,17,0.9980958781362007,421.296000000000000000,2023-12-01 00:00:00,2023-12-31 23:55:00
2023,S204,1,6296,8928,2632,0.7051971326164874,193.362000000000000000,2023-01-01 00:00:00,2023-01-31 23:55:00
2023,S204,2,8032,8064,32,0.996031746031746,283.008000000000000000,2023-02-01 00:00:00,2023-02-28 23:55:00
2023,S204,3,8928,8928,0,1.0,250.044000000000000000,2023-03-01 00:00:00,2023-03-31 23:55:00
2023,S204,4,8551,8640,89,0.9896990740740741,160.599000000000000000,2023-04-01 00:00:00,2023-04-30 23:55:00
2023,S204,5,8916,8928,12,0.9986559139784946,64.119000000000000000,2023-05-01 00:00:00,2023-05-31 23:55:00
2023,S204,6,8638,8640,2,0.9997685185185186,215.472000000000000000,2023-06-01 00:00:00,2023-06-30 23:55:00
2023,S204,7,8921,8928,7,0.9992159498207885,123.012000000000000000,2023-07-01 00:00:00,2023-07-31 23:55:00
2023,S204,8,8928,8928,0,1.0,122.409000000000000000,2023-08-01 00:00:00,2023-08-31 23:55:00
2023,S204,9,8640,8640,0,1.0,232.155000000000000000,2023-09-01 00:00:00,2023-09-30 23:55:00
2023,S204,10,6843,8928,2085,0.7664650537634409,45.627000000000000000,2023-10-01 00:00:00,2023-10-25 15:00:00
2023,S204,11,0,8640,8640,0.0,0,,
2023,S204,12,0,8928,8928,0.0,0,,
2023,S205,1,6296,8928,2632,0.7051971326164874,273.360000000000000000,2023-01-01 00:00:00,2023-01-31 23:55:00
2023,S205,2,8032,8064,32,0.996031746031746,388.008000000000000000,2023-02-01 00:00:00,2023-02-28 23:55:00
2023,S205,3,8928,8928,0,1.0,344.148000000000000000,2023-03-01 00:00:00,2023-03-31 23:55:00
2023,S205,4,8552,8640,88,0.9898148148148148,181.560010000000000000,2023-04-01 00:00:00,2023-04-30 23:55:00
2023,S205,5,8916,8928,12,0.9986559139784946,106.896000000000000000,2023-05-01 00:00:00,2023-05-31 23:55:00
2023,S205,6,8640,8640,0,1.0,284.172000000000000000,2023-06-01 00:00:00,2023-06-30 23:55:00
2023,S205,7,8921,8928,7,0.9992159498207885,179.724000000000000000,2023-07-01 00:00:00,2023-07-31 23:55:00
2023,S205,8,8928,8928,0,1.0,115.668000000000000000,2023-08-01 00:00:00,2023-08-31 23:55:00
2023,S205,9,8640,8640,0,1.0,194.208010000000000000,2023-09-01 00:00:00,2023-09-30 23:55:00
2023,S205,10,6214,8928,2714,0.6960125448028673,44.064000000000000000,2023-10-01 00:00:00,2023-10-23 10:35:00
2023,S205,11,0,8640,8640,0.0,0,,
2023,S205,12,0,8928,8928,0.0,0,,
2023,S207,1,6295,8928,2633,0.7050851254480287,249.843000000000000000,2023-01-01 00:00:00,2023-01-31 23:55:00
2023,S207,2,8032,8064,32,0.996031746031746,365.217000000000000000,2023-02-01 00:00:00,2023-02-28 23:55:00
2023,S207,3,8928,8928,0,1.0,292.454990000000000000,2023-03-01 00:00:00,2023-03-31 23:55:00
2023,S207,4,8552,8640,88,0.9898148148148148,138.690010000000000000,2023-04-01 00:00:00,2023-04-30 23:55:00
2023,S207,5,8916,8928,12,0.9986559139784946,126.630000000000000000,2023-05-01 00:00:00,2023-05-31 23:55:00
2023,S207,6,8640,8640,0,1.0,191.754000000000000000,2023-06-01 00:00:00,2023-06-30 23:55:00
2023,S207,7,8921,8928,7,0.9992159498207885,232.355990000000000000,2023-07-01 00:00:00,2023-07-31 23:55:00
2023,S207,8,8928,8928,0,1.0,202.205990000000000000,2023-08-01 00:00:00,2023-08-31 23:55:00
2023,S207,9,8640,8640,0,1.0,94.269000000000000000,2023-09-01 00:00:00,2023-09-30 23:55:00
2023,S207,10,8678,8928,250,0.9719982078853047,79.596000000000000000,2023-10-01 00:00:00,2023-10-31 23:55:00
2023,S207,11,8573,8640,67,0.9922453703703704,249.441000000000000000,2023-11-01 00:00:00,2023-11-30 23:55:00
2023,S207,12,8908,8928,20,0.9977598566308243,289.037990000000000000,2023-12-01 00:00:00,2023-12-31 23:55:00
2023,S208,1,6296,8928,2632,0.7051971326164874,97.716000000000000000,2023-01-01 00:00:00,2023-01-31 23:55:00
2023,S208,2,8032,8064,32,0.996031746031746,217.872000000000000000,2023-02-01 00:00:00,2023-02-28 23:55:00
2023,S208,3,8928,8928,0,1.0,223.584000000000000000,2023-03-01 00:00:00,2023-03-31 23:55:00
2023,S208,4,8552,8640,88,0.9898148148148148,92.412000000000000000,2023-04-01 00:00:00,2023-04-30 23:55:00
2023,S208,5,8916,8928,12,0.9986559139784946,62.832000000000000000,2023-05-01 00:00:00,2023-05-31 23:55:00
2023,S208,6,8640,8640,0,1.0,179.316000000000000000,2023-06-01 00:00:00,2023-06-30 23:55:00
2023,S208,7,8921,8928,7,0.9992159498207885,169.320000000000000000,2023-07-01 00:00:00,2023-07-31 23:55:00
2023,S208,8,8923,8928,5,0.9994399641577061,150.348000000000000000,2023-08-01 00:00:00,2023-08-31 23:55:00
2023,S208,9,8640,8640,0,1.0,77.724000000000000000,2023-09-01 00:00:00,2023-09-30 23:55:00
2023,S208,10,8678,8928,250,0.9719982078853047,42.636000000000000000,2023-10-01 00:00:00,2023-10-31 23:55:00
2023,S208,11,8573,8640,67,0.9922453703703704,162.792000000000000000,2023-11-01 00:00:00,2023-11-30 23:55:00
2023,S208,12,8911,8928,17,0.9980958781362007,223.992000000000000000,2023-12-01 00:00:00,2023-12-31 23:55:00
2023,S209,1,6296,8928,2632,0.7051971326164874,233.512000000000000000,2023-01-01 00:00:00,2023-01-31 23:55:00
2023,S209,2,8032,8064,32,0.996031746031746,302.798000000000000000,2023-02-01 00:00:00,2023-02-28 23:55:00
2023,S209,3,8928,8928,0,1.0,201.192000000000000000,2023-03-01 00:00:00,2023-03-31 23:55:00
2023,S209,4,8552,8640,88,0.9898148148148148,199.778000000000000000,2023-04-01 00:00:00,2023-04-30 23:55:00
2023,S209,5,8916,8928,12,0.9986559139784946,64.842000000000000000,2023-05-01 00:00:00,2023-05-31 23:55:00
2023,S209,6,8640,8640,0,1.0,117.362000000000000000,2023-06-01 00:00:00,2023-06-30 23:55:00
2023,S209,7,8009,8928,919,0.8970654121863799,106.252000000000000000,2023-07-01 00:00:00,2023-07-31 23:55:00
2023,S209,8,8928,8928,0,1.0,160.186000000000000000,2023-08-01 00:00:00,2023-08-31 23:55:00
2023,S209,9,8640,8640,0,1.0,178.366000000000000000,2023-09-01 00:00:00,2023-09-30 23:55:00
2023,S209,10,8678,8928,250,0.9719982078853047,102.010000000000000000,2023-10-01 00:00:00,2023-10-31 23:55:00
2023,S209,11,8573,8640,67,0.9922453703703704,302.192000000000000000,2023-11-01 00:00:00,2023-11-30 23:55:00
2023,S209,12,8911,8928,17,0.9980958781362007,449.853990000000000000,2023-12-01 00:00:00,2023-12-31 23:55:00
2023,S210,1,6295,8928,2633,0.7050851254480287,203.613000000000000000,2023-01-01 00:00:00,2023-01-31 23:55:00
2023,S210,2,8032,8064,32,0.996031746031746,387.528010000000000000,2023-02-01 00:00:00,2023-02-28 23:55:00
2023,S210,3,8928,8928,0,1.0,399.588000000000000000,2023-03-01 00:00:00,2023-03-31 23:55:00
2023,S210,4,8552,8640,88,0.9898148148148148,294.264010000000000000,2023-04-01 00:00:00,2023-04-30 23:55:00
2023,S210,5,8916,8928,12,0.9986559139784946,61.506000000000000000,2023-05-01 00:00:00,2023-05-31 23:55:00
2023,S210,6,8640,8640,0,1.0,175.071000000000000000,2023-06-01 00:00:00,2023-06-30 23:55:00
2023,S210,7,8921,8928,7,0.9992159498207885,145.121990000000000000,2023-07-01 00:00:00,2023-07-31 23:55:00
2023,S210,8,8928,8928,0,1.0,65.124000000000000000,2023-08-01 00:00:00,2023-08-31 23:55:00
2023,S210,9,8640,8640,0,1.0,153.564000000000000000,2023-09-01 00:00:00,2023-09-30 23:55:00
2023,S210,10,8678,8928,250,0.9719982078853047,157.382990000000000000,2023-10-01 00:00:00,2023-10-31 23:55:00
2023,S210,11,8573,8640,67,0.9922453703703704,264.516000000000000000,2023-11-01 00:00:00,2023-11-30 23:55:00
2023,S210,12,8911,8928,17,0.9980958781362007,576.870000000000000000,2023-12-01 00:00:00,2023-12-31 23:55:00
2023,S211,1,6296,8928,2632,0.7051971326164874,208.481000000000000000,2023-01-01 00:00:00,2023-01-31 23:55:00
2023,S211,2,8032,8064,32,0.996031746031746,425.488000000000000000,2023-02-01 00:00:00,2023-02-28 23:55:00
2023,S211,3,8928,8928,0,1.0,440.916000000000000000,2023-03-01 00:00:00,2023-03-31 23:55:00
2023,S211,4,8552,8640,88,0.9898148148148148,309.981000000000000000,2023-04-01 00:00:00,2023-04-30 23:55:00
2023,S211,5,8916,8928,12,0.9986559139784946,85.057000000000000000,2023-05-01 00:00:00,2023-05-31 23:55:00
2023,S211,6,8640,8640,0,1.0,201.782000000000000000,2023-06-01 00:00:00,2023-06-30 23:55:00
2023,S211,7,8921,8928,7,0.9992159498207885,196.707000000000000000,2023-07-01 00:00:00,2023-07-31 23:55:00
2023,S211,8,8928,8928,0,1.0,64.960000000000000000,2023-08-01 00:00:00,2023-08-31 23:55:00
2023,S211,9,8640,8640,0,1.0,113.883000000000000000,2023-09-01 00:00:00,2023-09-30 23:55:00
2023,S211,10,8678,8928,250,0.9719982078853047,169.911010000000000000,2023-10-01 00:00:00,2023-10-31 23:55:00
2023,S211,11,8573,8640,67,0.9922453703703704,303.485010000000000000,2023-11-01 00:00:00,2023-11-30 23:55:00
2023,S211,12,8911,8928,17,0.9980958781362007,512.575000000000000000,2023-12-01 00:00:00,2023-12-31 23:55:00
2023,S212,1,6296,8928,2632,0.7051971326164874,217.400000000000000000,2023-01-01 00:00:00,2023-01-31 23:55:00
2023,S212,2,8032,8064,32,0.996031746031746,373.400000000000000000,2023-02-01 00:00:00,2023-02-28 23:55:00
2023,S212,3,8928,8928,0,1.0,283.200000000000000000,2023-03-01 00:00:00,2023-03-31 23:55:00
2023,S212,4,8552,8640,88,0.9898148148148148,98.600000000000000000,2023-04-01 00:00:00,2023-04-30 23:55:00
2023,S212,5,8916,8928,12,0.9986559139784946,100.000000000000000000,2023-05-01 00:00:00,2023-05-31 23:55:00
2023,S212,6,8640,8640,0,1.0,160.800010000000000000,2023-06-01 00:00:00,2023-06-30 23:55:00
2023,S212,7,8921,8928,7,0.9992159498207885,170.399990000000000000,2023-07-01 00:00:00,2023-07-31 23:55:00
2023,S212,8,8928,8928,0,1.0,191.799990000000000000,2023-08-01 00:00:00,2023-08-31 23:55:00
2023,S212,9,8640,8640,0,1.0,128.600000000000000000,2023-09-01 00:00:00,2023-09-30 23:55:00
2023,S212,10,8678,8928,250,0.9719982078853047,64.400000000000000000,2023-10-01 00:00:00,2023-10-31 23:55:00
2023,S212,11,8573,8640,67,0.9922453703703704,285.000000000000000000,2023-11-01 00:00:00,2023-11-30 23:55:00
2023,S212,12,8911,8928,17,0.9980958781362007,330.399990000000000000,2023-12-01 00:00:00,2023-12-31 23:55:00
2023,S213,1,6296,8928,2632,0.7051971326164874,208.800000000000000000,2023-01-01 00:00:00,2023-01-31 23:55:00
2023,S213,2,8032,8064,32,0.996031746031746,410.200000000000000000,2023-02-01 00:00:00,2023-02-28 23:55:00
2023,S213,3,8928,8928,0,1.0,330.200000000000000000,2023-03-01 00:00:00,2023-03-31 23:55:00
2023,S213,4,8552,8640,88,0.9898148148148148,166.400000000000000000,2023-04-01 00:00:00,2023-04-30 23:55:00
2023,S213,5,8916,8928,12,0.9986559139784946,149.800000000000000000,2023-05-01 00:00:00,2023-05-31 23:55:00
2023,S213,6,8640,8640,0,1.0,303.200000000000000000,2023-06-01 00:00:00,2023-06-30 23:55:00
2023,S213,7,8921,8928,7,0.9992159498207885,366.000010000000000000,2023-07-01 00:00:00,2023-07-31 23:55:00
2023,S213,8,8928,8928,0,1.0,82.000000000000000000,2023-08-01 00:00:00,2023-08-31 23:55:00
2023,S213,9,8639,8640,1,0.9998842592592593,226.199990000000000000,2023-09-01 00:00:00,2023-09-30 23:55:00
2023,S213,10,8678,8928,250,0.9719982078853047,165.400010000000000000,2023-10-01 00:00:00,2023-10-31 23:55:00
2023,S213,11,8573,8640,67,0.9922453703703704,310.000000000000000000,2023-11-01 00:00:00,2023-11-30 23:55:00
2023,S213,12,8911,8928,17,0.9980958781362007,334.399990000000000000,2023-12-01 00:00:00,2023-12-31 23:55:00
2023,S214,1,6296,8928,2632,0.7051971326164874,166.071000000000000000,2023-01-01 00:00:00,2023-01-31 23:55:00
2023,S214,2,8032,8064,32,0.996031746031746,376.861000000000000000,2023-02-01 00:00:00,2023-02-28 23:55:00
2023,S214,3,8928,8928,0,1.0,201.728000000000000000,2023-03-01 00:00:00,2023-03-31 23:55:00
2023,S214,4,8552,8640,88,0.9898148148148148,140.855000000000000000,2023-04-01 00:00:00,2023-04-30 23:55:00
2023,S214,5,8916,8928,12,0.9986559139784946,99.485000000000000000,2023-05-01 00:00:00,2023-05-31 23:55:00
2023,S214,6,8640,8640,0,1.0,138.294000000000000000,2023-06-01 00:00:00,2023-06-30 23:55:00
2023,S214,7,8921,8928,7,0.9992159498207885,182.619000000000000000,2023-07-01 00:00:00,2023-07-31 23:55:00
2023,S214,8,8928,8928,0,1.0,103.031000000000000000,2023-08-01 00:00:00,2023-08-31 23:55:00
2023,S214,9,8640,8640,0,1.0,156.615000000000000000,2023-09-01 00:00:00,2023-09-30 23:55:00
2023,S214,10,8678,8928,250,0.9719982078853047,57.130000000000000000,2023-10-01 00:00:00,2023-10-31 23:55:00
2023,S214,11,8573,8640,67,0.9922453703703704,193.257000000000000000,2023-11-01 00:00:00,2023-11-30 23:55:00
2023,S214,12,8911,8928,17,0.9980958781362007,231.081000000000000000,2023-12-01 00:00:00,2023-12-31 23:55:00
2023,S215,1,6296,8928,2632,0.7051971326164874,174.174000000000000000,2023-01-01 00:00:00,2023-01-31 23:55:00
2023,S215,2,8032,8064,32,0.996031746031746,353.423000000000000000,2023-02-01 00:00:00,2023-02-28 23:55:00
2023,S215,3,8928,8928,0,1.0,216.398000000000000000,2023-03-01 00:00:00,2023-03-31 23:55:00
2023,S215,4,8230,8640,410,0.9525462962962963,109.823000000000000000,2023-04-01 00:00:00,2023-04-30 23:55:00
2023,S215,5,8598,8928,330,0.9630376344086021,94.598000000000000000,2023-05-01 00:00:00,2023-05-31 23:55:00
2023,S215,6,8640,8640,0,1.0,159.152000000000000000,2023-06-01 00:00:00,2023-06-30 23:55:00
2023,S215,7,8921,8928,7,0.9992159498207885,163.009000000000000000,2023-07-01 00:00:00,2023-07-31 23:55:00
2023,S215,8,8928,8928,0,1.0,78.561000000000000000,2023-08-01 00:00:00,2023-08-31 23:55:00
2023,S215,9,8640,8640,0,1.0,150.626000000000000000,2023-09-01 00:00:00,2023-09-30 23:55:00
2023,S215,10,8678,8928,250,0.9719982078853047,55.419000000000000000,2023-10-01 00:00:00,2023-10-31 23:55:00
2023,S215,11,8573,8640,67,0.9922453703703704,179.249000000000000000,2023-11-01 00:00:00,2023-11-30 23:55:00
2023,S215,12,8911,8928,17,0.9980958781362007,295.568000000000000000,2023-12-01 00:00:00,2023-12-31 23:55:00
2023,S216,1,6296,8928,2632,0.7051971326164874,189.924010000000000000,2023-01-01 00:00:00,2023-01-31 23:55:00
2023,S216,2,8032,8064,32,0.996031746031746,270.300000000000000000,2023-02-01 00:00:00,2023-02-28 23:55:00
2023,S216,3,8928,8928,0,1.0,365.568000000000000000,2023-03-01 00:00:00,2023-03-31 23:55:00
2023,S216,4,8552,8640,88,0.9898148148148148,148.716000000000000000,2023-04-01 00:00:00,2023-04-30 23:55:00
2023,S216,5,8916,8928,12,0.9986559139784946,124.644000000000000000,2023-05-01 00:00:00,2023-05-31 23:55:00
2023,S216,6,8640,8640,0,1.0,270.504000000000000000,2023-06-01 00:00:00,2023-06-30 23:55:00
2023,S216,7,8921,8928,7,0.9992159498207885,242.963990000000000000,2023-07-01 00:00:00,2023-07-31 23:55:00
2023,S216,8,8928,8928,0,1.0,172.176000000000000000,2023-08-01 00:00:00,2023-08-31 23:55:00
2023,S216,9,8638,8640,2,0.9997685185185186,320.484000000000000000,2023-09-01 00:00:00,2023-09-30 23:55:00
2023,S216,10,8678,8928,250,0.9719982078853047,119.544010000000000000,2023-10-01 00:00:00,2023-10-31 23:55:00
2023,S216,11,8573,8640,67,0.9922453703703704,429.828010000000000000,2023-11-01 00:00:00,2023-11-30 23:55:00
2023,S216,12,8911,8928,17,0.9980958781362007,429.420010000000000000,2023-12-01 00:00:00,2023-12-31 23:55:00
2023,S217,1,6296,8928,2632,0.7051971326164874,196.409000000000000000,2023-01-01 00:00:00,2023-01-31 23:55:00
2023,S217,2,8032,8064,32,0.996031746031746,283.877000000000000000,2023-02-01 00:00:00,2023-02-28 23:55:00
2023,S217,3,8928,8928,0,1.0,352.433000000000000000,2023-03-01 00:00:00,2023-03-31 23:55:00
2023,S217,4,8550,8640,90,0.9895833333333334,175.330000000000000000,2023-04-01 00:00:00,2023-04-30 23:55:00
2023,S217,5,8916,8928,12,0.9986559139784946,125.095000000000000000,2023-05-01 00:00:00,2023-05-31 23:55:00
2023,S217,6,8640,8640,0,1.0,291.953990000000000000,2023-06-01 00:00:00,2023-06-30 23:55:00
2023,S217,7,8921,8928,7,0.9992159498207885,241.718990000000000000,2023-07-01 00:00:00,2023-07-31 23:55:00
2023,S217,8,8928,8928,0,1.0,154.448000000000000000,2023-08-01 00:00:00,2023-08-31 23:55:00
2023,S217,9,8640,8640,0,1.0,239.749000000000000000,2023-09-01 00:00:00,2023-09-30 23:55:00
2023,S217,10,8678,8928,250,0.9719982078853047,135.339000000000000000,2023-10-01 00:00:00,2023-10-31 23:55:00
2023,S217,11,8573,8640,67,0.9922453703703704,374.103010000000000000,2023-11-01 00:00:00,2023-11-30 23:55:00
2023,S217,12,8911,8928,17,0.9980958781362007,468.859970000000000000,2023-12-01 00:00:00,2023-12-31 23:55:00
2023,S218,1,6276,8928,2652,0.7029569892473119,214.812000000000000000,2023-01-01 00:00:00,2023-01-31 23:55:00
2023,S218,2,8032,8064,32,0.996031746031746,353.124000000000000000,2023-02-01 00:00:00,2023-02-28 23:55:00
2023,S218,3,8928,8928,0,1.0,352.104000000000000000,2023-03-01 00:00:00,2023-03-31 23:55:00
2023,S218,4,8551,8640,89,0.9896990740740741,267.852000000000000000,2023-04-01 00:00:00,2023-04-30 23:55:00
2023,S218,5,8916,8928,12,0.9986559139784946,212.772000000000000000,2023-05-01 00:00:00,2023-05-31 23:55:00
2023,S218,6,8640,8640,0,1.0,303.960000000000000000,2023-06-01 00:00:00,2023-06-30 23:55:00
2023,S218,7,8918,8928,10,0.9988799283154122,279.072000000000000000,2023-07-01 00:00:00,2023-07-31 23:55:00
2023,S218,8,8925,8928,3,0.9996639784946236,135.864000000000000000,2023-08-01 00:00:00,2023-08-31 23:55:00
2023,S218,9,8632,8640,8,0.9990740740740741,177.276000000000000000,2023-09-01 00:00:00,2023-09-30 23:55:00
2023,S218,10,8677,8928,251,0.9718862007168458,154.836000000000000000,2023-10-01 00:00:00,2023-10-31 23:55:00
2023,S218,11,8573,8640,67,0.9922453703703704,308.448000000000000000,2023-11-01 00:00:00,2023-11-30 23:55:00
2023,S218,12,8910,8928,18,0.9979838709677419,403.920000000000000000,2023-12-01 00:00:00,2023-12-31 23:55:00
2023,S219,1,6296,8928,2632,0.7051971326164874,200.598010000000000000,2023-01-01 00:00:00,2023-01-31 23:55:00
2023,S219,2,8032,8064,32,0.996031746031746,317.379000000000000000,2023-02-01 00:00:00,2023-02-28 23:55:00
2023,S219,3,8928,8928,0,1.0,402.804000000000000000,2023-03-01 00:00:00,2023-03-31 23:55:00
2023,S219,4,8552,8640,88,0.9898148148148148,180.498000000000000000,2023-04-01 00:00:00,2023-04-30 23:55:00
2023,S219,5,8916,8928,12,0.9986559139784946,79.596000000000000000,2023-05-01 00:00:00,2023-05-31 23:55:00
2023,S219,6,8640,8640,0,1.0,225.723000000000000000,2023-06-01 00:00:00,2023-06-30 23:55:00
2023,S219,7,8921,8928,7,0.9992159498207885,191.553000000000000000,2023-07-01 00:00:00,2023-07-31 23:55:00
2023,S219,8,8928,8928,0,1.0,134.067000000000000000,2023-08-01 00:00:00,2023-08-31 23:55:00
2023,S219,9,8640,8640,0,1.0,278.988000000000000000,2023-09-01 00:00:00,2023-09-30 23:55:00
2023,S219,10,8675,8928,253,0.9716621863799283,55.677000000000000000,2023-10-01 00:00:00,2023-10-31 23:55:00
2023,S219,11,8568,8640,72,0.9916666666666667,317.781000000000000000,2023-11-01 00:00:00,2023-11-30 23:55:00
2023,S219,12,8911,8928,17,0.9980958781362007,549.734980000000000000,2023-12-01 00:00:00,2023-12-31 23:55:00
2023,S220,1,6296,8928,2632,0.7051971326164874,201.173000000000000000,2023-01-01 00:00:00,2023-01-31 23:55:00
2023,S220,2,8032,8064,32,0.996031746031746,288.463000000000000000,2023-02-01 00:00:00,2023-02-28 23:55:00
2023,S220,3,8928,8928,0,1.0,270.802000000000000000,2023-03-01 00:00:00,2023-03-31 23:55:00
2023,S220,4,8552,8640,88,0.9898148148148148,137.430990000000000000,2023-04-01 00:00:00,2023-04-30 23:55:00
2023,S220,5,8916,8928,12,0.9986559139784946,42.224000000000000000,2023-05-01 00:00:00,2023-05-31 23:55:00
2023,S220,6,8640,8640,0,1.0,203.812000000000000000,2023-06-01 00:00:00,2023-06-30 23:55:00
2023,S220,7,8921,8928,7,0.9992159498207885,150.423000000000000000,2023-07-01 00:00:00,2023-07-31 23:55:00
2023,S220,8,8928,8928,0,1.0,106.981000000000000000,2023-08-01 00:00:00,2023-08-31 23:55:00
2023,S220,9,8640,8640,0,1.0,211.323000000000000000,2023-09-01 00:00:00,2023-09-30 23:55:00
2023,S220,10,8678,8928,250,0.9719982078853047,56.028000000000000000,2023-10-01 00:00:00,2023-10-31 23:55:00
2023,S220,11,8571,8640,69,0.9920138888888889,278.718990000000000000,2023-11-01 00:00:00,2023-11-30 23:55:00
2023,S220,12,8911,8928,17,0.9980958781362007,334.950000000000000000,2023-12-01 00:00:00,2023-12-31 23:55:00
2023,S221,1,6296,8928,2632,0.7051971326164874,221.364020000000000000,2023-01-01 00:00:00,2023-01-31 23:55:00
2023,S221,2,8032,8064,32,0.996031746031746,328.086000000000000000,2023-02-01 00:00:00,2023-02-28 23:55:00
2023,S221,3,8928,8928,0,1.0,330.462000000000000000,2023-03-01 00:00:00,2023-03-31 23:55:00
2023,S221,4,8550,8640,90,0.9895833333333334,175.824010000000000000,2023-04-01 00:00:00,2023-04-30 23:55:00
2023,S221,5,8916,8928,12,0.9986559139784946,187.901990000000000000,2023-05-01 00:00:00,2023-05-31 23:55:00
2023,S221,6,8640,8640,0,1.0,299.574010000000000000,2023-06-01 00:00:00,2023-06-30 23:55:00
2023,S221,7,8918,8928,10,0.9988799283154122,173.646000000000000000,2023-07-01 00:00:00,2023-07-31 23:55:00
2023,S221,8,8927,8928,1,0.9998879928315412,109.692000000000000000,2023-08-01 00:00:00,2023-08-31 23:55:00
2023,S221,9,8640,8640,0,1.0,220.374000000000000000,2023-09-01 00:00:00,2023-09-30 23:55:00
2023,S221,10,8678,8928,250,0.9719982078853047,93.852000000000000000,2023-10-01 00:00:00,2023-10-31 23:55:00
2023,S221,11,8573,8640,67,0.9922453703703704,264.132000000000000000,2023-11-01 00:00:00,2023-11-30 23:55:00
2023,S221,12,8911,8928,17,0.9980958781362007,374.418010000000000000,2023-12-01 00:00:00,2023-12-31 23:55:00
2023,S222,1,6296,8928,2632,0.7051971326164874,211.049990000000000000,2023-01-01 00:00:00,2023-01-31 23:55:00
2023,S222,2,8032,8064,32,0.996031746031746,400.593000000000000000,2023-02-01 00:00:00,2023-02-28 23:55:00
2023,S222,3,8927,8928,1,0.9998879928315412,372.051000000000000000,2023-03-01 00:00:00,2023-03-31 23:55:00
2023,S222,4,8552,8640,88,0.9898148148148148,244.013990000000000000,2023-04-01 00:00:00,2023-04-30 23:55:00
2023,S222,5,8916,8928,12,0.9986559139784946,133.866000000000000000,2023-05-01 00:00:00,2023-05-31 23:55:00
2023,S222,6,8640,8640,0,1.0,247.632000000000000000,2023-06-01 00:00:00,2023-06-30 23:55:00
2023,S222,7,8921,8928,7,0.9992159498207885,322.403990000000000000,2023-07-01 00:00:00,2023-07-31 23:55:00
2023,S222,8,8928,8928,0,1.0,90.450000000000000000,2023-08-01 00:00:00,2023-08-31 23:55:00
2023,S222,9,8640,8640,0,1.0,208.035010000000000000,2023-09-01 00:00:00,2023-09-30 23:55:00
2023,S222,10,8678,8928,250,0.9719982078853047,107.937000000000000000,2023-10-01 00:00:00,2023-10-31 23:55:00
2023,S222,11,8573,8640,67,0.9922453703703704,264.918010000000000000,2023-11-01 00:00:00,2023-11-30 23:55:00
2023,S222,12,8911,8928,17,0.9980958781362007,484.611000000000000000,2023-12-01 00:00:00,2023-12-31 23:55:00
2023,S223,1,6296,8928,2632,0.7051971326164874,212.947000000000000000,2023-01-01 00:00:00,2023-01-31 23:55:00
2023,S223,2,8032,8064,32,0.996031746031746,369.662990000000000000,2023-02-01 00:00:00,2023-02-28 23:55:00
2023,S223,3,8928,8928,0,1.0,279.125000000000000000,2023-03-01 00:00:00,2023-03-31 23:55:00
2023,S223,4,8552,8640,88,0.9898148148148148,183.512000000000000000,2023-04-01 00:00:00,2023-04-30 23:55:00
2023,S223,5,8916,8928,12,0.9986559139784946,100.688000000000000000,2023-05-01 00:00:00,2023-05-31 23:55:00
2023,S223,6,8640,8640,0,1.0,321.552000000000000000,2023-06-01 00:00:00,2023-06-30 23:55:00
2023,S223,7,8921,8928,7,0.9992159498207885,369.460010000000000000,2023-07-01 00:00:00,2023-07-31 23:55:00
2023,S223,8,8928,8928,0,1.0,87.290000000000000000,2023-08-01 00:00:00,2023-08-31 23:55:00
2023,S223,9,8640,8640,0,1.0,176.610000000000000000,2023-09-01 00:00:00,2023-09-30 23:55:00
2023,S223,10,8678,8928,250,0.9719982078853047,165.242000000000000000,2023-10-01 00:00:00,2023-10-31 23:55:00
2023,S223,11,8573,8640,67,0.9922453703703704,182.294000000000000000,2023-11-01 00:00:00,2023-11-30 23:55:00
2023,S223,12,8911,8928,17,0.9980958781362007,359.107000000000000000,2023-12-01 00:00:00,2023-12-31 23:55:00
2023,S224,1,6296,8928,2632,0.7051971326164874,241.401000000000000000,2023-01-01 00:00:00,2023-01-31 23:55:00
2023,S224,2,8032,8064,32,0.996031746031746,311.148000000000000000,2023-02-01 00:00:00,2023-02-28 23:55:00
2023,S224,3,8928,8928,0,1.0,248.436000000000000000,2023-03-01 00:00:00,2023-03-31 23:55:00
2023,S224,4,8552,8640,88,0.9898148148148148,145.322980000000000000,2023-04-01 00:00:00,2023-04-30 23:55:00
2023,S224,5,8916,8928,12,0.9986559139784946,117.786000000000000000,2023-05-01 00:00:00,2023-05-31 23:55:00
2023,S224,6,8640,8640,0,1.0,205.421990000000000000,2023-06-01 00:00:00,2023-06-30 23:55:00
2023,S224,7,8921,8928,7,0.9992159498207885,203.211000000000000000,2023-07-01 00:00:00,2023-07-31 23:55:00
2023,S224,8,8928,8928,0,1.0,92.460000000000000000,2023-08-01 00:00:00,2023-08-31 23:55:00
2023,S224,9,8640,8640,0,1.0,94.068000000000000000,2023-09-01 00:00:00,2023-09-30 23:55:00
2023,S224,10,8678,8928,250,0.9719982078853047,72.560990000000000000,2023-10-01 00:00:00,2023-10-31 23:55:00
2023,S224,11,8573,8640,67,0.9922453703703704,219.291000000000000000,2023-11-01 00:00:00,2023-11-30 23:55:00
2023,S224,12,8911,8928,17,0.9980958781362007,259.088990000000000000,2023-12-01 00:00:00,2023-12-31 23:55:00
2023,S226,1,6296,8928,2632,0.7051971326164874,195.800000000000000000,2023-01-01 00:00:00,2023-01-31 23:55:00
2023,S226,2,8032,8064,32,0.996031746031746,403.400000000000000000,2023-02-01 00:00:00,2023-02-28 23:55:00
2023,S226,3,8928,8928,0,1.0,293.200000000000000000,2023-03-01 00:00:00,2023-03-31 23:55:00
2023,S226,4,8552,8640,88,0.9898148148148148,225.999990000000000000,2023-04-01 00:00:00,2023-04-30 23:55:00
2023,S226,5,8904,8928,24,0.9973118279569892,150.400000000000000000,2023-05-01 00:00:00,2023-05-31 23:55:00
2023,S226,6,8640,8640,0,1.0,272.600000000000000000,2023-06-01 00:00:00,2023-06-30 23:55:00
2023,S226,7,8921,8928,7,0.9992159498207885,338.200000000000000000,2023-07-01 00:00:00,2023-07-31 23:55:00
2023,S226,8,8928,8928,0,1.0,104.800000000000000000,2023-08-01 00:00:00,2023-08-31 23:55:00
2023,S226,9,8640,8640,0,1.0,176.799990000000000000,2023-09-01 00:00:00,2023-09-30 23:55:00
2023,S226,10,8678,8928,250,0.9719982078853047,139.400000000000000000,2023-10-01 00:00:00,2023-10-31 23:55:00
2023,S226,11,8573,8640,67,0.9922453703703704,285.800000000000000000,2023-11-01 00:00:00,2023-11-30 23:55:00
2023,S226,12,8911,8928,17,0.9980958781362007,402.000010000000000000,2023-12-01 00:00:00,2023-12-31 23:55:00
2023,S227,1,6296,8928,2632,0.7051971326164874,237.148000000000000000,2023-01-01 00:00:00,2023-01-31 23:55:00
2023,S227,2,8032,8064,32,0.996031746031746,434.905980000000000000,2023-02-01 00:00:00,2023-02-28 23:55:00
2023,S227,3,8928,8928,0,1.0,371.882010000000000000,2023-03-01 00:00:00,2023-03-31 23:55:00
2023,S227,4,8552,8640,88,0.9898148148148148,308.655990000000000000,2023-04-01 00:00:00,2023-04-30 23:55:00
2023,S227,5,8916,8928,12,0.9986559139784946,53.934000000000000000,2023-05-01 00:00:00,2023-05-31 23:55:00
2023,S227,6,8640,8640,0,1.0,118.372000000000000000,2023-06-01 00:00:00,2023-06-30 23:55:00
2023,S227,7,8921,8928,7,0.9992159498207885,135.138000000000000000,2023-07-01 00:00:00,2023-07-31 23:55:00
2023,S227,8,8928,8928,0,1.0,101.404000000000000000,2023-08-01 00:00:00,2023-08-31 23:55:00
2023,S227,9,8640,8640,0,1.0,255.530000000000000000,2023-09-01 00:00:00,2023-09-30 23:55:00
2023,S227,10,8678,8928,250,0.9719982078853047,177.760000000000000000,2023-10-01 00:00:00,2023-10-31 23:55:00
2023,S227,11,8573,8640,67,0.9922453703703704,262.802000000000000000,2023-11-01 00:00:00,2023-11-30 23:55:00
2023,S227,12,8911,8928,17,0.9980958781362007,570.852000000000000000,2023-12-01 00:00:00,2023-12-31 23:55:00
2023,S228,1,6296,8928,2632,0.7051971326164874,216.216000000000000000,2023-01-01 00:00:00,2023-01-31 23:55:00
2023,S228,2,8032,8064,32,0.996031746031746,417.384000000000000000,2023-02-01 00:00:00,2023-02-28 23:55:00
2023,S228,3,8928,8928,0,1.0,299.772000000000000000,2023-03-01 00:00:00,2023-03-31 23:55:00
2023,S228,4,8552,8640,88,0.9898148148148148,424.710010000000000000,2023-04-01 00:00:00,2023-04-30 23:55:00
2023,S228,5,8916,8928,12,0.9986559139784946,185.526000000000000000,2023-05-01 00:00:00,2023-05-31 23:55:00
2023,S228,6,8640,8640,0,1.0,319.374000000000000000,2023-06-01 00:00:00,2023-06-30 23:55:00
2023,S228,7,8921,8928,7,0.9992159498207885,389.268000000000000000,2023-07-01 00:00:00,2023-07-31 23:55:00
2023,S228,8,8928,8928,0,1.0,171.666000000000000000,2023-08-01 00:00:00,2023-08-31 23:55:00
2023,S228,9,8640,8640,0,1.0,226.908000000000000000,2023-09-01 00:00:00,2023-09-30 23:55:00
2023,S228,10,8678,8928,250,0.9719982078853047,183.942010000000000000,2023-10-01 00:00:00,2023-10-31 23:55:00
2023,S228,11,8573,8640,67,0.9922453703703704,374.022010000000000000,2023-11-01 00:00:00,2023-11-30 23:55:00
2023,S228,12,8911,8928,17,0.9980958781362007,324.720000000000000000,2023-12-01 00:00:00,2023-12-31 23:55:00
2023,S229,1,6296,8928,2632,0.7051971326164874,237.307000000000000000,2023-01-01 00:00:00,2023-01-31 23:55:00
2023,S229,2,8032,8064,32,0.996031746031746,375.144000000000000000,2023-02-01 00:00:00,2023-02-28 23:55:00
2023,S229,3,8928,8928,0,1.0,274.456000000000000000,2023-03-01 00:00:00,2023-03-31 23:55:00
2023,S229,4,8552,8640,88,0.9898148148148148,322.364000000000000000,2023-04-01 00:00:00,2023-04-30 23:55:00
2023,S229,5,8916,8928,12,0.9986559139784946,215.383000000000000000,2023-05-01 00:00:00,2023-05-31 23:55:00
2023,S229,6,8640,8640,0,1.0,330.687010000000000000,2023-06-01 00:00:00,2023-06-30 23:55:00
2023,S229,7,8921,8928,7,0.9992159498207885,331.905000000000000000,2023-07-01 00:00:00,2023-07-31 23:55:00
2023,S229,8,8928,8928,0,1.0,154.077000000000000000,2023-08-01 00:00:00,2023-08-31 23:55:00
2023,S229,9,8640,8640,0,1.0,246.848000000000000000,2023-09-01 00:00:00,2023-09-30 23:55:00
2023,S229,10,8678,8928,250,0.9719982078853047,133.371000000000000000,2023-10-01 00:00:00,2023-10-31 23:55:00
2023,S229,11,8573,8640,67,0.9922453703703704,379.406990000000000000,2023-11-01 00:00:00,2023-11-30 23:55:00
2023,S229,12,8911,8928,17,0.9980958781362007,342.461000000000000000,2023-12-01 00:00:00,2023-12-31 23:55:00
2023,S230,1,6296,8928,2632,0.7051971326164874,172.000000000000000000,2023-01-01 00:00:00,2023-01-31 23:55:00
2023,S230,2,8032,8064,32,0.996031746031746,452.400000000000000000,2023-02-01 00:00:00,2023-02-28 23:55:00
2023,S230,3,8928,8928,0,1.0,303.200000000000000000,2023-03-01 00:00:00,2023-03-31 23:55:00
2023,S230,4,8552,8640,88,0.9898148148148148,241.199990000000000000,2023-04-01 00:00:00,2023-04-30 23:55:00
2023,S230,5,8916,8928,12,0.9986559139784946,119.400000000000000000,2023-05-01 00:00:00,2023-05-31 23:55:00
2023,S230,6,8640,8640,0,1.0,287.000000000000000000,2023-06-01 00:00:00,2023-06-30 23:55:00
2023,S230,7,8921,8928,7,0.9992159498207885,430.600000000000000000,2023-07-01 00:00:00,2023-07-31 23:55:00
2023,S230,8,8928,8928,0,1.0,96.800000000000000000,2023-08-01 00:00:00,2023-08-31 23:55:00
2023,S230,9,8640,8640,0,1.0,197.999990000000000000,2023-09-01 00:00:00,2023-09-30 23:55:00
2023,S230,10,8678,8928,250,0.9719982078853047,123.000000000000000000,2023-10-01 00:00:00,2023-10-31 23:55:00
2023,S230,11,8573,8640,67,0.9922453703703704,322.800000000000000000,2023-11-01 00:00:00,2023-11-30 23:55:00
2023,S230,12,8911,8928,17,0.9980958781362007,395.600030000000000000,2023-12-01 00:00:00,2023-12-31 23:55:00
2023,S24,1,96,8928,8832,0.010752688172043012,0E-18,2023-01-01 00:00:00,2023-01-01 07:55:00
2023,S24,2,7264,8064,800,0.9007936507936508,321.400000000000000000,2023-02-03 15:45:00,2023-02-28 23:55:00
2023,S24,3,8928,8928,0,1.0,239.200000000000000000,2023-03-01 00:00:00,2023-03-31 23:55:00
2023,S24,4,8551,8640,89,0.9896990740740741,223.000000000000000000,2023-04-01 00:00:00,2023-04-30 23:55:00
2023,S24,5,8915,8928,13,0.9985439068100358,113.000000000000000000,2023-05-01 00:00:00,2023-05-31 23:55:00
2023,S24,6,8572,8640,68,0.9921296296296296,228.600000000000000000,2023-06-01 00:00:00,2023-06-30 23:55:00
2023,S24,7,8918,8928,10,0.9988799283154122,158.600000000000000000,2023-07-01 00:00:00,2023-07-31 23:55:00
2023,S24,8,8920,8928,8,0.9991039426523297,114.800000000000000000,2023-08-01 00:00:00,2023-08-31 23:55:00
2023,S24,9,8640,8640,0,1.0,133.000000000000000000,2023-09-01 00:00:00,2023-09-30 23:55:00
2023,S24,10,8666,8928,262,0.9706541218637993,96.600000000000000000,2023-10-01 00:00:00,2023-10-31 23:55:00
2023,S24,11,8560,8640,80,0.9907407407407407,219.399990000000000000,2023-11-01 00:00:00,2023-11-30 23:55:00
2023,S24,12,8910,8928,18,0.9979838709677419,256.800000000000000000,2023-12-01 00:00:00,2023-12-31 23:55:00
2023,S33,1,6292,8928,2636,0.7047491039426523,170.600000000000000000,2023-01-01 00:00:00,2023-01-31 23:55:00
2023,S33,2,7948,8064,116,0.9856150793650794,188.600000000000000000,2023-02-01 00:00:00,2023-02-28 17:35:00
2023,S33,3,0,8928,8928,0.0,0,,
2023,S33,4,4858,8640,3782,0.5622685185185186,105.599990000000000000,2023-04-13 19:40:00,2023-04-30 23:55:00
2023,S33,5,8916,8928,12,0.9986559139784946,92.800000000000000000,2023-05-01 00:00:00,2023-05-31 23:55:00
2023,S33,6,8638,8640,2,0.9997685185185186,196.800000000000000000,2023-06-01 00:00:00,2023-06-30 23:55:00
2023,S33,7,8919,8928,9,0.998991935483871,270.999990000000000000,2023-07-01 00:00:00,2023-07-31 23:55:00
2023,S33,8,8927,8928,1,0.9998879928315412,195.800000000000000000,2023-08-01 00:00:00,2023-08-31 23:55:00
2023,S33,9,8632,8640,8,0.9990740740740741,137.600000000000000000,2023-09-01 00:00:00,2023-09-30 23:55:00
2023,S33,10,8677,8928,251,0.9718862007168458,201.600000000000000000,2023-10-01 00:00:00,2023-10-31 23:55:00
2023,S33,11,8572,8640,68,0.9921296296296296,282.200010000000000000,2023-11-01 00:00:00,2023-11-30 23:55:00
2023,S33,12,8904,8928,24,0.9973118279569892,346.800000000000000000,2023-12-01 00:00:00,2023-12-31 23:55:00
2023,S35,1,6233,8928,2695,0.6981406810035843,210.800000000000000000,2023-01-01 00:00:00,2023-01-31 23:55:00
2023,S35,2,8031,8064,33,0.9959077380952381,309.000010000000000000,2023-02-01 00:00:00,2023-02-28 23:55:00
2023,S35,3,8928,8928,0,1.0,294.400000000000000000,2023-03-01 00:00:00,2023-03-31 23:55:00
2023,S35,4,8552,8640,88,0.9898148148148148,276.400000000000000000,2023-04-01 00:00:00,2023-04-30 23:55:00
2023,S35,5,8916,8928,12,0.9986559139784946,198.600000000000000000,2023-05-01 00:00:00,2023-05-31 23:55:00
2023,S35,6,8640,8640,0,1.0,279.200000000000000000,2023-06-01 00:00:00,2023-06-30 23:55:00
2023,S35,7,8789,8928,139,0.9844310035842294,379.800000000000000000,2023-07-01 00:00:00,2023-07-31 23:55:00
2023,S35,8,8832,8928,96,0.989247311827957,147.600000000000000000,2023-08-01 00:00:00,2023-08-31 23:55:00
2023,S35,9,8638,8640,2,0.9997685185185186,170.000000000000000000,2023-09-01 00:00:00,2023-09-30 23:55:00
2023,S35,10,8678,8928,250,0.9719982078853047,148.000000000000000000,2023-10-01 00:00:00,2023-10-31 23:55:00
2023,S35,11,8572,8640,68,0.9921296296296296,424.400010000000000000,2023-11-01 00:00:00,2023-11-30 23:55:00
2023,S35,12,8911,8928,17,0.9980958781362007,305.000000000000000000,2023-12-01 00:00:00,2023-12-31 23:55:00
2023,S36,1,780,8928,8148,0.08736559139784947,0.800000000000000000,2023-01-01 07:45:00,2023-01-21 16:25:00
2023,S36,2,1315,8064,6749,0.1630704365079365,0.400000000000000000,2023-02-01 10:30:00,2023-02-27 18:00:00
2023,S36,3,28,8928,8900,0.0031362007168458782,0E-18,2023-03-01 12:55:00,2023-03-01 16:50:00
2023,S36,4,0,8640,8640,0.0,0,,
2023,S36,5,0,8928,8928,0.0,0,,
2023,S36,6,0,8640,8640,0.0,0,,
2023,S36,7,1892,8928,7036,0.21191756272401432,76.600010000000000000,2023-07-15 14:55:00,2023-07-30 01:10:00
2023,S36,8,1060,8928,7868,0.11872759856630824,0E-18,2023-08-04 11:25:00,2023-08-30 14:50:00
2023,S36,9,613,8640,8027,0.07094907407407407,0E-18,2023-09-09 13:30:00,2023-09-27 11:30:00
2023,S36,10,0,8928,8928,0.0,0,,
2023,S36,11,146,8640,8494,0.016898148148148148,54.600000000000000000,2023-11-30 11:50:00,2023-11-30 23:55:00
2023,S36,12,383,8928,8545,0.04289874551971326,16.600000000000000000,2023-12-01 00:00:00,2023-12-02 07:50:00
2023,S40,1,5343,8928,3585,0.5984543010752689,191.000000000000000000,2023-01-01 00:00:00,2023-01-31 23:55:00
2023,S40,2,7966,8064,98,0.9878472222222222,267.400000000000000000,2023-02-01 00:00:00,2023-02-28 23:55:00
2023,S40,3,8564,8928,364,0.9592293906810035,386.200000000000000000,2023-03-01 00:00:00,2023-03-31 23:55:00
2023,S40,4,8536,8640,104,0.9879629629629629,268.800000000000000000,2023-04-01 00:00:00,2023-04-30 23:55:00
2023,S40,5,8843,8928,85,0.9904793906810035,103.200000000000000000,2023-05-01 00:00:00,2023-05-31 23:55:00
2023,S40,6,8636,8640,4,0.999537037037037,124.000000000000000000,2023-06-01 00:00:00,2023-06-30 23:55:00
2023,S40,7,8731,8928,197,0.9779345878136201,192.400010000000000000,2023-07-01 00:00:00,2023-07-31 23:55:00
2023,S40,8,8860,8928,68,0.9923835125448028,117.600000000000000000,2023-08-01 00:00:00,2023-08-31 23:55:00
2023,S40,9,8640,8640,0,1.0,190.800000000000000000,2023-09-01 00:00:00,2023-09-30 23:55:00
2023,S40,10,8678,8928,250,0.9719982078853047,146.800010000000000000,2023-10-01 00:00:00,2023-10-31 23:55:00
2023,S40,11,8572,8640,68,0.9921296296296296,462.400000000000000000,2023-11-01 00:00:00,2023-11-30 23:55:00
2023,S40,12,8576,8928,352,0.9605734767025089,456.400010000000000000,2023-12-01 00:00:00,2023-12-31 23:55:00
2023,S43,1,6295,8928,2633,0.7050851254480287,205.000000000000000000,2023-01-01 00:00:00,2023-01-31 23:55:00
2023,S43,2,8030,8064,34,0.9957837301587301,322.400000000000000000,2023-02-01 00:00:00,2023-02-28 23:55:00
2023,S43,3,8926,8928,2,0.9997759856630825,310.800000000000000000,2023-03-01 00:00:00,2023-03-31 23:55:00
2023,S43,4,8462,8640,178,0.9793981481481482,168.200000000000000000,2023-04-01 00:00:00,2023-04-30 23:55:00
2023,S43,5,8916,8928,12,0.9986559139784946,151.200000000000000000,2023-05-01 00:00:00,2023-05-31 23:55:00
2023,S43,6,8640,8640,0,1.0,272.000010000000000000,2023-06-01 00:00:00,2023-06-30 23:55:00
2023,S43,7,8919,8928,9,0.998991935483871,182.200010000000000000,2023-07-01 00:00:00,2023-07-31 23:55:00
2023,S43,8,8927,8928,1,0.9998879928315412,99.000000000000000000,2023-08-01 00:00:00,2023-08-31 23:55:00
2023,S43,9,8277,8640,363,0.9579861111111111,110.600000000000000000,2023-09-01 00:00:00,2023-09-30 23:55:00
2023,S43,10,8673,8928,255,0.9714381720430108,98.200000000000000000,2023-10-01 00:00:00,2023-10-31 23:55:00
2023,S43,11,8573,8640,67,0.9922453703703704,292.400010000000000000,2023-11-01 00:00:00,2023-11-30 23:55:00
2023,S43,12,8911,8928,17,0.9980958781362007,341.800000000000000000,2023-12-01 00:00:00,2023-12-31 23:55:00
2023,S44,1,6132,8928,2796,0.6868279569892473,182.600000000000000000,2023-01-01 00:00:00,2023-01-31 23:55:00
2023,S44,2,7962,8064,102,0.9873511904761905,298.800000000000000000,2023-02-01 00:00:00,2023-02-28 23:55:00
2023,S44,3,8835,8928,93,0.9895833333333334,287.600000000000000000,2023-03-01 00:00:00,2023-03-31 23:55:00
2023,S44,4,8551,8640,89,0.9896990740740741,279.600000000000000000,2023-04-01 00:00:00,2023-04-30 23:55:00
2023,S44,5,8912,8928,16,0.9982078853046595,195.600000000000000000,2023-05-01 00:00:00,2023-05-31 23:55:00
2023,S44,6,8639,8640,1,0.9998842592592593,205.600000000000000000,2023-06-01 00:00:00,2023-06-30 23:55:00
2023,S44,7,5209,8928,3719,0.5834453405017921,248.200010000000000000,2023-07-01 00:00:00,2023-07-20 13:25:00
2023,S44,8,3134,8928,5794,0.3510304659498208,81.800000000000000000,2023-08-03 19:30:00,2023-08-14 16:55:00
2023,S44,9,3216,8640,5424,0.37222222222222223,131.199990000000000000,2023-09-19 20:00:00,2023-09-30 23:55:00
2023,S44,10,8678,8928,250,0.9719982078853047,201.000010000000000000,2023-10-01 00:00:00,2023-10-31 23:55:00
2023,S44,11,8572,8640,68,0.9921296296296296,320.000000000000000000,2023-11-01 00:00:00,2023-11-30 23:55:00
2023,S44,12,8909,8928,19,0.9978718637992832,428.200000000000000000,2023-12-01 00:00:00,2023-12-31 23:55:00
2023,S50,1,6296,8928,2632,0.7051971326164874,226.200000000000000000,2023-01-01 00:00:00,2023-01-31 23:55:00
2023,S50,2,8030,8064,34,0.9957837301587301,385.600010000000000000,2023-02-01 00:00:00,2023-02-28 23:55:00
2023,S50,3,8928,8928,0,1.0,345.200000000000000000,2023-03-01 00:00:00,2023-03-31 23:55:00
2023,S50,4,8552,8640,88,0.9898148148148148,230.000000000000000000,2023-04-01 00:00:00,2023-04-30 23:55:00
2023,S50,5,8914,8928,14,0.9984318996415771,141.400000000000000000,2023-05-01 00:00:00,2023-05-31 23:55:00
2023,S50,6,8640,8640,0,1.0,278.999990000000000000,2023-06-01 00:00:00,2023-06-30 23:55:00
2023,S50,7,8920,8928,8,0.9991039426523297,369.000030000000000000,2023-07-01 00:00:00,2023-07-31 23:55:00
2023,S50,8,8928,8928,0,1.0,119.400000000000000000,2023-08-01 00:00:00,2023-08-31 23:55:00
2023,S50,9,8640,8640,0,1.0,186.200000000000000000,2023-09-01 00:00:00,2023-09-30 23:55:00
2023,S50,10,8611,8928,317,0.9644937275985663,176.600000000000000000,2023-10-01 00:00:00,2023-10-31 23:55:00
2023,S50,11,8573,8640,67,0.9922453703703704,306.599990000000000000,2023-11-01 00:00:00,2023-11-30 23:55:00
2023,S50,12,8909,8928,19,0.9978718637992832,332.200000000000000000,2023-12-01 00:00:00,2023-12-31 23:55:00
2023,S60,1,5843,8928,3085,0.6544578853046595,139.600000000000000000,2023-01-01 00:00:00,2023-01-31 23:55:00
2023,S60,2,8030,8064,34,0.9957837301587301,394.800020000000000000,2023-02-01 00:00:00,2023-02-28 23:55:00
2023,S60,3,8928,8928,0,1.0,317.400000000000000000,2023-03-01 00:00:00,2023-03-31 23:55:00
2023,S60,4,8552,8640,88,0.9898148148148148,104.400000000000000000,2023-04-01 00:00:00,2023-04-30 23:55:00
2023,S60,5,8915,8928,13,0.9985439068100358,106.600000000000000000,2023-05-01 00:00:00,2023-05-31 23:55:00
2023,S60,6,8638,8640,2,0.9997685185185186,175.000000000000000000,2023-06-01 00:00:00,2023-06-30 23:55:00
2023,S60,7,7240,8928,1688,0.8109318996415771,314.800010000000000000,2023-07-01 00:00:00,2023-07-31 23:55:00
2023,S60,8,8926,8928,2,0.9997759856630825,91.800000000000000000,2023-08-01 00:00:00,2023-08-31 23:55:00
2023,S60,9,8638,8640,2,0.9997685185185186,154.200000000000000000,2023-09-01 00:00:00,2023-09-30 23:55:00
2023,S60,10,8678,8928,250,0.9719982078853047,124.800000000000000000,2023-10-01 00:00:00,2023-10-31 23:55:00
2023,S60,11,8567,8640,73,0.991550925925926,238.599990000000000000,2023-11-01 00:00:00,2023-11-30 23:55:00
2023,S60,12,8534,8928,394,0.9558691756272402,287.399990000000000000,2023-12-01 00:00:00,2023-12-31 23:55:00
2023,S61,1,6296,8928,2632,0.7051971326164874,219.199990000000000000,2023-01-01 00:00:00,2023-01-31 23:55:00
2023,S61,2,8031,8064,33,0.9959077380952381,373.200010000000000000,2023-02-01 00:00:00,2023-02-28 23:55:00
2023,S61,3,4413,8928,4515,0.49428763440860213,205.200000000000000000,2023-03-01 00:00:00,2023-03-16 07:40:00
2023,S61,4,0,8640,8640,0.0,0,,
2023,S61,5,0,8928,8928,0.0,0,,
2023,S61,6,0,8640,8640,0.0,0,,
2023,S61,7,0,8928,8928,0.0,0,,
2023,S61,8,0,8928,8928,0.0,0,,
2023,S61,9,0,8640,8640,0.0,0,,
2023,S61,10,0,8928,8928,0.0,0,,
2023,S61,11,0,8640,8640,0.0,0,,
2023,S61,12,0,8928,8928,0.0,0,,
2023,S64,1,6293,8928,2635,0.7048611111111112,195.200000000000000000,2023-01-01 00:00:00,2023-01-31 23:55:00
2023,S64,2,8031,8064,33,0.9959077380952381,345.599990000000000000,2023-02-01 00:00:00,2023-02-28 23:55:00
2023,S64,3,8928,8928,0,1.0,382.800010000000000000,2023-03-01 00:00:00,2023-03-31 23:55:00
2023,S64,4,8552,8640,88,0.9898148148148148,306.400000000000000000,2023-04-01 00:00:00,2023-04-30 23:55:00
2023,S64,5,8916,8928,12,0.9986559139784946,153.400000000000000000,2023-05-01 00:00:00,2023-05-31 23:55:00
2023,S64,6,8640,8640,0,1.0,273.800010000000000000,2023-06-01 00:00:00,2023-06-30 23:55:00
2023,S64,7,8919,8928,9,0.998991935483871,245.800000000000000000,2023-07-01 00:00:00,2023-07-31 23:55:00
2023,S64,8,8928,8928,0,1.0,117.600000000000000000,2023-08-01 00:00:00,2023-08-31 23:55:00
2023,S64,9,8640,8640,0,1.0,192.800010000000000000,2023-09-01 00:00:00,2023-09-30 23:55:00
2023,S64,10,8678,8928,250,0.9719982078853047,115.400000000000000000,2023-10-01 00:00:00,2023-10-31 23:55:00
2023,S64,11,8572,8640,68,0.9921296296296296,366.800010000000000000,2023-11-01 00:00:00,2023-11-30 23:55:00
2023,S64,12,8908,8928,20,0.9977598566308243,444.999990000000000000,2023-12-01 00:00:00,2023-12-31 23:55:00
2023,S66,1,6288,8928,2640,0.7043010752688172,184.000000000000000000,2023-01-01 00:00:00,2023-01-31 23:55:00
2023,S66,2,7977,8064,87,0.9892113095238095,373.400000000000000000,2023-02-01 00:00:00,2023-02-28 23:55:00
2023,S66,3,8597,8928,331,0.9629256272401434,359.200000000000000000,2023-03-01 00:00:00,2023-03-31 23:55:00
2023,S66,4,8516,8640,124,0.9856481481481482,210.600020000000000000,2023-04-01 00:00:00,2023-04-30 23:55:00
2023,S66,5,8909,8928,19,0.9978718637992832,134.000000000000000000,2023-05-01 00:00:00,2023-05-31 23:55:00
2023,S66,6,8634,8640,6,0.9993055555555556,212.200010000000000000,2023-06-01 00:00:00,2023-06-30 23:55:00
2023,S66,7,8916,8928,12,0.9986559139784946,213.000000000000000000,2023-07-01 00:00:00,2023-07-31 23:55:00
2023,S66,8,8923,8928,5,0.9994399641577061,77.600000000000000000,2023-08-01 00:00:00,2023-08-31 23:55:00
2023,S66,9,8640,8640,0,1.0,17.400000000000000000,2023-09-01 00:00:00,2023-09-30 23:55:00
2023,S66,10,8678,8928,250,0.9719982078853047,136.600010000000000000,2023-10-01 00:00:00,2023-10-31 23:55:00
2023,S66,11,8572,8640,68,0.9921296296296296,370.400020000000000000,2023-11-01 00:00:00,2023-11-30 23:55:00
2023,S66,12,8909,8928,19,0.9978718637992832,551.400010000000000000,2023-12-01 00:00:00,2023-12-31 23:55:00
2023,S69,1,6001,8928,2927,0.672155017921147,265.200000000000000000,2023-01-01 00:00:00,2023-01-31 23:55:00
2023,S69,2,8031,8064,33,0.9959077380952381,316.400000000000000000,2023-02-01 00:00:00,2023-02-28 23:55:00
2023,S69,3,8887,8928,41,0.99540770609319,377.199980000000000000,2023-03-01 00:00:00,2023-03-31 23:55:00
2023,S69,4,8552,8640,88,0.9898148148148148,251.600000000000000000,2023-04-01 00:00:00,2023-04-30 23:55:00
2023,S69,5,8916,8928,12,0.9986559139784946,153.000010000000000000,2023-05-01 00:00:00,2023-05-31 23:55:00
2023,S69,6,8637,8640,3,0.9996527777777777,164.200000000000000000,2023-06-01 00:00:00,2023-06-30 23:55:00
2023,S69,7,8919,8928,9,0.998991935483871,228.800000000000000000,2023-07-01 00:00:00,2023-07-31 23:55:00
2023,S69,8,8928,8928,0,1.0,152.200010000000000000,2023-08-01 00:00:00,2023-08-31 23:55:00
2023,S69,9,8640,8640,0,1.0,292.200010000000000000,2023-09-01 00:00:00,2023-09-30 23:55:00
2023,S69,10,8678,8928,250,0.9719982078853047,160.800000000000000000,2023-10-01 00:00:00,2023-10-31 23:55:00
2023,S69,11,8573,8640,67,0.9922453703703704,446.800010000000000000,2023-11-01 00:00:00,2023-11-30 23:55:00
2023,S69,12,8911,8928,17,0.9980958781362007,353.800000000000000000,2023-12-01 00:00:00,2023-12-31 23:55:00
2023,S71,1,6296,8928,2632,0.7051971326164874,199.400000000000000000,2023-01-01 00:00:00,2023-01-31 23:55:00
2023,S71,2,8030,8064,34,0.9957837301587301,460.800010000000000000,2023-02-01 00:00:00,2023-02-28 23:55:00
2023,S71,3,8927,8928,1,0.9998879928315412,325.000000000000000000,2023-03-01 00:00:00,2023-03-31 23:55:00
2023,S71,4,8548,8640,92,0.9893518518518518,197.200000000000000000,2023-04-01 00:00:00,2023-04-30 23:55:00
2023,S71,5,8916,8928,12,0.9986559139784946,145.400000000000000000,2023-05-01 00:00:00,2023-05-31 23:55:00
2023,S71,6,8639,8640,1,0.9998842592592593,271.200000000000000000,2023-06-01 00:00:00,2023-06-30 23:55:00
2023,S71,7,8920,8928,8,0.9991039426523297,450.600010000000000000,2023-07-01 00:00:00,2023-07-31 23:55:00
2023,S71,8,8928,8928,0,1.0,89.800000000000000000,2023-08-01 00:00:00,2023-08-31 23:55:00
2023,S71,9,8640,8640,0,1.0,169.000000000000000000,2023-09-01 00:00:00,2023-09-30 23:55:00
2023,S71,10,8678,8928,250,0.9719982078853047,140.600000000000000000,2023-10-01 00:00:00,2023-10-31 23:55:00
2023,S71,11,8573,8640,67,0.9922453703703704,282.800010000000000000,2023-11-01 00:00:00,2023-11-30 23:55:00
2023,S71,12,8911,8928,17,0.9980958781362007,365.600000000000000000,2023-12-01 00:00:00,2023-12-31 23:55:00
2023,S77,1,6296,8928,2632,0.7051971326164874,196.200000000000000000,2023-01-01 00:00:00,2023-01-31 23:55:00
2023,S77,2,8031,8064,33,0.9959077380952381,329.000000000000000000,2023-02-01 00:00:00,2023-02-28 23:55:00
2023,S77,3,8928,8928,0,1.0,271.600000000000000000,2023-03-01 00:00:00,2023-03-31 23:55:00
2023,S77,4,8552,8640,88,0.9898148148148148,156.000000000000000000,2023-04-01 00:00:00,2023-04-30 23:55:00
2023,S77,5,8915,8928,13,0.9985439068100358,92.400000000000000000,2023-05-01 00:00:00,2023-05-31 23:55:00
2023,S77,6,8640,8640,0,1.0,200.000000000000000000,2023-06-01 00:00:00,2023-06-30 23:55:00
2023,S77,7,8919,8928,9,0.998991935483871,297.400000000000000000,2023-07-01 00:00:00,2023-07-31 23:55:00
2023,S77,8,8927,8928,1,0.9998879928315412,64.000000000000000000,2023-08-01 00:00:00,2023-08-31 23:55:00
2023,S77,9,8640,8640,0,1.0,191.199990000000000000,2023-09-01 00:00:00,2023-09-30 23:55:00
2023,S77,10,8678,8928,250,0.9719982078853047,145.599990000000000000,2023-10-01 00:00:00,2023-10-31 23:55:00
2023,S77,11,8573,8640,67,0.9922453703703704,165.200000000000000000,2023-11-01 00:00:00,2023-11-30 23:55:00
2023,S77,12,8911,8928,17,0.9980958781362007,355.000000000000000000,2023-12-01 00:00:00,2023-12-31 23:55:00
2023,S78,1,6293,8928,2635,0.7048611111111112,191.600000000000000000,2023-01-01 00:00:00,2023-01-31 23:55:00
2023,S78,2,7810,8064,254,0.9685019841269841,407.600030000000000000,2023-02-01 00:00:00,2023-02-28 23:55:00
2023,S78,3,8927,8928,1,0.9998879928315412,247.200000000000000000,2023-03-01 00:00:00,2023-03-31 23:55:00
2023,S78,4,8549,8640,91,0.9894675925925925,150.600000000000000000,2023-04-01 00:00:00,2023-04-30 23:55:00
2023,S78,5,8912,8928,16,0.9982078853046595,120.399990000000000000,2023-05-01 00:00:00,2023-05-31 23:55:00
2023,S78,6,8639,8640,1,0.9998842592592593,141.200000000000000000,2023-06-01 00:00:00,2023-06-30 23:55:00
2023,S78,7,8917,8928,11,0.9987679211469535,188.800000000000000000,2023-07-01 00:00:00,2023-07-31 23:55:00
2023,S78,8,8925,8928,3,0.9996639784946236,117.400000000000000000,2023-08-01 00:00:00,2023-08-31 23:55:00
2023,S78,9,8638,8640,2,0.9997685185185186,207.800010000000000000,2023-09-01 00:00:00,2023-09-30 23:55:00
2023,S78,10,8634,8928,294,0.9670698924731183,76.800000000000000000,2023-10-01 00:00:00,2023-10-31 23:55:00
2023,S78,11,8568,8640,72,0.9916666666666667,203.000000000000000000,2023-11-01 00:00:00,2023-11-30 23:55:00
2023,S78,12,8908,8928,20,0.9977598566308243,311.400010000000000000,2023-12-01 00:00:00,2023-12-31 23:55:00
2023,S79,1,6270,8928,2658,0.7022849462365591,172.000000000000000000,2023-01-01 00:00:00,2023-01-31 23:55:00
2023,S79,2,7976,8064,88,0.9890873015873016,337.400000000000000000,2023-02-01 00:00:00,2023-02-28 23:55:00
2023,S79,3,8691,8928,237,0.9734543010752689,314.200000000000000000,2023-03-01 00:00:00,2023-03-31 23:55:00
2023,S79,4,8346,8640,294,0.9659722222222222,138.200000000000000000,2023-04-01 00:00:00,2023-04-30 23:55:00
2023,S79,5,8627,8928,301,0.9662858422939068,113.200000000000000000,2023-05-01 00:00:00,2023-05-31 23:55:00
2023,S79,6,8636,8640,4,0.999537037037037,224.600010000000000000,2023-06-01 00:00:00,2023-06-30 23:55:00
2023,S79,7,8918,8928,10,0.9988799283154122,268.000010000000000000,2023-07-01 00:00:00,2023-07-31 23:55:00
2023,S79,8,8928,8928,0,1.0,83.200000000000000000,2023-08-01 00:00:00,2023-08-31 23:55:00
2023,S79,9,8640,8640,0,1.0,172.600000000000000000,2023-09-01 00:00:00,2023-09-30 23:55:00
2023,S79,10,8615,8928,313,0.9649417562724014,99.600010000000000000,2023-10-01 00:00:00,2023-10-31 23:55:00
2023,S79,11,8570,8640,70,0.9918981481481481,271.000010000000000000,2023-11-01 00:00:00,2023-11-30 23:55:00
2023,S79,12,8911,8928,17,0.9980958781362007,448.200000000000000000,2023-12-01 00:00:00,2023-12-31 23:55:00
2023,S81,1,6296,8928,2632,0.7051971326164874,220.000000000000000000,2023-01-01 00:00:00,2023-01-31 23:55:00
2023,S81,2,8031,8064,33,0.9959077380952381,279.600000000000000000,2023-02-01 00:00:00,2023-02-28 23:55:00
2023,S81,3,8928,8928,0,1.0,271.800000000000000000,2023-03-01 00:00:00,2023-03-31 23:55:00
2023,S81,4,8552,8640,88,0.9898148148148148,171.400000000000000000,2023-04-01 00:00:00,2023-04-30 23:55:00
2023,S81,5,8916,8928,12,0.9986559139784946,70.200000000000000000,2023-05-01 00:00:00,2023-05-31 23:55:00
2023,S81,6,8640,8640,0,1.0,268.999990000000000000,2023-06-01 00:00:00,2023-06-30 23:55:00
2023,S81,7,8920,8928,8,0.9991039426523297,115.400000000000000000,2023-07-01 00:00:00,2023-07-31 23:55:00
2023,S81,8,8928,8928,0,1.0,174.200000000000000000,2023-08-01 00:00:00,2023-08-31 23:55:00
2023,S81,9,8640,8640,0,1.0,150.800000000000000000,2023-09-01 00:00:00,2023-09-30 23:55:00
2023,S81,10,8678,8928,250,0.9719982078853047,64.400000000000000000,2023-10-01 00:00:00,2023-10-31 23:55:00
2023,S81,11,8573,8640,67,0.9922453703703704,307.400000000000000000,2023-11-01 00:00:00,2023-11-30 23:55:00
2023,S81,12,8905,8928,23,0.9974238351254481,219.200000000000000000,2023-12-01 00:00:00,2023-12-31 23:55:00
2023,S84,1,6296,8928,2632,0.7051971326164874,254.000000000000000000,2023-01-01 00:00:00,2023-01-31 23:55:00
2023,S84,2,8031,8064,33,0.9959077380952381,323.000000000000000000,2023-02-01 00:00:00,2023-02-28 23:55:00
2023,S84,3,8924,8928,4,0.9995519713261649,256.200000000000000000,2023-03-01 00:00:00,2023-03-31 23:55:00
2023,S84,4,8545,8640,95,0.9890046296296297,122.399990000000000000,2023-04-01 00:00:00,2023-04-30 23:55:00
2023,S84,5,8864,8928,64,0.992831541218638,83.400010000000000000,2023-05-01 00:00:00,2023-05-31 23:55:00
2023,S84,6,6423,8640,2217,0.7434027777777777,166.800010000000000000,2023-06-01 00:00:00,2023-06-30 23:55:00
2023,S84,7,8858,8928,70,0.9921594982078853,206.000000000000000000,2023-07-01 00:00:00,2023-07-31 23:55:00
2023,S84,8,8603,8928,325,0.963597670250896,128.800000000000000000,2023-08-01 00:00:00,2023-08-31 23:55:00
2023,S84,9,8608,8640,32,0.9962962962962963,152.600000000000000000,2023-09-01 00:00:00,2023-09-30 23:55:00
2023,S84,10,7391,8928,1537,0.827844982078853,69.000000000000000000,2023-10-01 00:00:00,2023-10-31 23:55:00
2023,S84,11,8435,8640,205,0.9762731481481481,364.400010000000000000,2023-11-01 00:00:00,2023-11-30 23:55:00
2023,S84,12,8616,8928,312,0.9650537634408602,287.199990000000000000,2023-12-01 00:00:00,2023-12-31 23:55:00
2023,S88,1,6296,8928,2632,0.7051971326164874,185.000000000000000000,2023-01-01 00:00:00,2023-01-31 23:55:00
2023,S88,2,8031,8064,33,0.9959077380952381,287.800000000000000000,2023-02-01 00:00:00,2023-02-28 23:55:00
2023,S88,3,8928,8928,0,1.0,313.999990000000000000,2023-03-01 00:00:00,2023-03-31 23:55:00
2023,S88,4,8551,8640,89,0.9896990740740741,212.599990000000000000,2023-04-01 00:00:00,2023-04-30 23:55:00
2023,S88,5,8916,8928,12,0.9986559139784946,114.400000000000000000,2023-05-01 00:00:00,2023-05-31 23:55:00
2023,S88,6,8633,8640,7,0.9991898148148148,320.400010000000000000,2023-06-01 00:00:00,2023-06-30 23:55:00
2023,S88,7,8914,8928,14,0.9984318996415771,240.800010000000000000,2023-07-01 00:00:00,2023-07-31 23:55:00
2023,S88,8,8925,8928,3,0.9996639784946236,164.400010000000000000,2023-08-01 00:00:00,2023-08-31 23:55:00
2023,S88,9,8630,8640,10,0.9988425925925926,232.000010000000000000,2023-09-01 00:00:00,2023-09-30 23:55:00
2023,S88,10,8672,8928,256,0.9713261648745519,105.200000000000000000,2023-10-01 00:00:00,2023-10-31 23:55:00
2023,S88,11,8573,8640,67,0.9922453703703704,386.399970000000000000,2023-11-01 00:00:00,2023-11-30 23:55:00
2023,S88,12,7832,8928,1096,0.8772401433691757,381.799990000000000000,2023-12-01 00:00:00,2023-12-31 23:55:00
2023,S89,1,6296,8928,2632,0.7051971326164874,181.400000000000000000,2023-01-01 00:00:00,2023-01-31 23:55:00
2023,S89,2,8031,8064,33,0.9959077380952381,288.600000000000000000,2023-02-01 00:00:00,2023-02-28 23:55:00
2023,S89,3,8928,8928,0,1.0,248.000000000000000000,2023-03-01 00:00:00,2023-03-31 23:55:00
2023,S89,4,8552,8640,88,0.9898148148148148,228.600000000000000000,2023-04-01 00:00:00,2023-04-30 23:55:00
2023,S89,5,8916,8928,12,0.9986559139784946,152.800000000000000000,2023-05-01 00:00:00,2023-05-31 23:55:00
2023,S89,6,8615,8640,25,0.9971064814814815,211.200000000000000000,2023-06-01 00:00:00,2023-06-30 23:55:00
2023,S89,7,8911,8928,17,0.9980958781362007,401.000000000000000000,2023-07-01 00:00:00,2023-07-31 23:55:00
2023,S89,8,8535,8928,393,0.9559811827956989,183.800010000000000000,2023-08-01 00:00:00,2023-08-31 23:55:00
2023,S89,9,8428,8640,212,0.975462962962963,153.400000000000000000,2023-09-01 00:00:00,2023-09-30 23:55:00
2023,S89,10,8678,8928,250,0.9719982078853047,227.800000000000000000,2023-10-01 00:00:00,2023-10-31 23:55:00
2023,S89,11,8572,8640,68,0.9921296296296296,296.400000000000000000,2023-11-01 00:00:00,2023-11-30 23:55:00
2023,S89,12,8908,8928,20,0.9977598566308243,411.000020000000000000,2023-12-01 00:00:00,2023-12-31 23:55:00
2023,S90,1,6296,8928,2632,0.7051971326164874,203.600000000000000000,2023-01-01 00:00:00,2023-01-31 23:55:00
2023,S90,2,8031,8064,33,0.9959077380952381,394.200010000000000000,2023-02-01 00:00:00,2023-02-28 23:55:00
2023,S90,3,8928,8928,0,1.0,337.800000000000000000,2023-03-01 00:00:00,2023-03-31 23:55:00
2023,S90,4,8552,8640,88,0.9898148148148148,142.800000000000000000,2023-04-01 00:00:00,2023-04-30 23:55:00
2023,S90,5,8916,8928,12,0.9986559139784946,180.600000000000000000,2023-05-01 00:00:00,2023-05-31 23:55:00
2023,S90,6,8639,8640,1,0.9998842592592593,307.999980000000000000,2023-06-01 00:00:00,2023-06-30 23:55:00
2023,S90,7,8918,8928,10,0.9988799283154122,317.799990000000000000,2023-07-01 00:00:00,2023-07-31 23:55:00
2023,S90,8,8927,8928,1,0.9998879928315412,76.800000000000000000,2023-08-01 00:00:00,2023-08-31 23:55:00
2023,S90,9,8640,8640,0,1.0,190.200000000000000000,2023-09-01 00:00:00,2023-09-30 23:55:00
2023,S90,10,8677,8928,251,0.9718862007168458,135.200000000000000000,2023-10-01 00:00:00,2023-10-31 23:55:00
2023,S90,11,8572,8640,68,0.9921296296296296,285.000010000000000000,2023-11-01 00:00:00,2023-11-30 23:55:00
2023,S90,12,8911,8928,17,0.9980958781362007,407.200010000000000000,2023-12-01 00:00:00,2023-12-31 23:55:00
2023,S900,1,6294,8928,2634,0.7049731182795699,167.400000000000000000,2023-01-01 00:00:00,2023-01-31 23:55:00
2023,S900,2,8025,8064,39,0.9951636904761905,294.599990000000000000,2023-02-01 00:00:00,2023-02-28 23:55:00
2023,S900,3,8922,8928,6,0.9993279569892473,343.800000000000000000,2023-03-01 00:00:00,2023-03-31 23:55:00
2023,S900,4,8329,8640,311,0.9640046296296296,222.800000000000000000,2023-04-01 00:00:00,2023-04-30 23:55:00
2023,S900,5,8880,8928,48,0.9946236559139785,89.800000000000000000,2023-05-01 00:00:00,2023-05-31 23:55:00
2023,S900,6,8638,8640,2,0.9997685185185186,190.200000000000000000,2023-06-01 00:00:00,2023-06-30 23:55:00
2023,S900,7,8918,8928,10,0.9988799283154122,113.000000000000000000,2023-07-01 00:00:00,2023-07-31 23:55:00
2023,S900,8,8924,8928,4,0.9995519713261649,172.000000000000000000,2023-08-01 00:00:00,2023-08-31 23:55:00
2023,S900,9,8640,8640,0,1.0,204.200000000000000000,2023-09-01 00:00:00,2023-09-30 23:55:00
2023,S900,10,8678,8928,250,0.9719982078853047,60.200000000000000000,2023-10-01 00:00:00,2023-10-31 23:55:00
2023,S900,11,8573,8640,67,0.9922453703703704,312.200000000000000000,2023-11-01 00:00:00,2023-11-30 23:55:00
2023,S900,12,8874,8928,54,0.9939516129032258,420.000000000000000000,2023-12-01 00:00:00,2023-12-31 23:55:00
2023,S91,1,0,8928,8928,0.0,0,,
2023,S91,2,1,8064,8063,0.0001240079365079365,0E-18,2023-02-21 14:40:00,2023-02-21 14:40:00
2023,S91,3,0,8928,8928,0.0,0,,
2023,S91,4,0,8640,8640,0.0,0,,
2023,S91,5,0,8928,8928,0.0,0,,
2023,S91,6,0,8640,8640,0.0,0,,
2023,S91,7,0,8928,8928,0.0,0,,
2023,S91,8,0,8928,8928,0.0,0,,
2023,S91,9,0,8640,8640,0.0,0,,
2023,S91,10,0,8928,8928,0.0,0,,
2023,S91,11,0,8640,8640,0.0,0,,
2023,S91,12,0,8928,8928,0.0,0,,
2023,S94,1,6296,8928,2632,0.7051971326164874,234.800000000000000000,2023-01-01 00:00:00,2023-01-31 23:55:00
2023,S94,2,8032,8064,32,0.996031746031746,355.400010000000000000,2023-02-01 00:00:00,2023-02-28 23:55:00
2023,S94,3,8928,8928,0,1.0,268.200000000000000000,2023-03-01 00:00:00,2023-03-31 23:55:00
2023,S94,4,8550,8640,90,0.9895833333333334,127.600000000000000000,2023-04-01 00:00:00,2023-04-30 23:55:00
2023,S94,5,8916,8928,12,0.9986559139784946,127.200000000000000000,2023-05-01 00:00:00,2023-05-31 23:55:00
2023,S94,6,8639,8640,1,0.9998842592592593,270.800010000000000000,2023-06-01 00:00:00,2023-06-30 23:55:00
2023,S94,7,8918,8928,10,0.9988799283154122,175.800000000000000000,2023-07-01 00:00:00,2023-07-31 23:55:00
2023,S94,8,8928,8928,0,1.0,110.000000000000000000,2023-08-01 00:00:00,2023-08-31 23:55:00
2023,S94,9,8637,8640,3,0.9996527777777777,194.000000000000000000,2023-09-01 00:00:00,2023-09-30 23:55:00
2023,S94,10,8677,8928,251,0.9718862007168458,115.800000000000000000,2023-10-01 00:00:00,2023-10-31 23:55:00
2023,S94,11,8573,8640,67,0.9922453703703704,268.000000000000000000,2023-11-01 00:00:00,2023-11-30 23:55:00
2023,S94,12,8911,8928,17,0.9980958781362007,245.400000000000000000,2023-12-01 00:00:00,2023-12-31 23:55:00
2024,S06,1,0,8928,8928,0.0,0,,
2024,S06,2,0,8352,8352,0.0,0,,
2024,S06,3,0,8928,8928,0.0,0,,
2024,S06,4,0,8640,8640,0.0,0,,
2024,S06,5,0,8928,8928,0.0,0,,
2024,S06,6,0,8640,8640,0.0,0,,
2024,S06,7,0,8928,8928,0.0,0,,
2024,S06,8,0,8928,8928,0.0,0,,
2024,S06,9,0,8640,8640,0.0,0,,
2024,S06,10,0,8928,8928,0.0,0,,
2024,S06,11,6719,8640,1921,0.7776620370370371,317.800000000000000000,2024-11-07 15:50:00,2024-11-30 23:55:00
2024,S06,12,8915,8928,13,0.9985439068100358,251.399990000000000000,2024-12-01 00:00:00,2024-12-31 23:55:00
2024,S07,1,8188,8928,740,0.9171146953405018,372.200000000000000000,2024-01-01 00:00:00,2024-01-31 23:55:00
2024,S07,2,8348,8352,4,0.9995210727969349,130.000000000000000000,2024-02-01 00:00:00,2024-02-29 23:55:00
2024,S07,3,8924,8928,4,0.9995519713261649,182.000000000000000000,2024-03-01 00:00:00,2024-03-31 23:55:00
2024,S07,4,8638,8640,2,0.9997685185185186,230.799990000000000000,2024-04-01 00:00:00,2024-04-30 23:55:00
2024,S07,5,8723,8928,205,0.9770385304659498,261.400000000000000000,2024-05-01 00:00:00,2024-05-31 23:55:00
2024,S07,6,8624,8640,16,0.9981481481481481,268.800000000000000000,2024-06-01 00:00:00,2024-06-30 23:55:00
2024,S07,7,8773,8928,155,0.9826388888888888,75.400000000000000000,2024-07-01 00:00:00,2024-07-31 23:55:00
2024,S07,8,7553,8928,1375,0.8459901433691757,83.200000000000000000,2024-08-01 00:00:00,2024-08-31 23:55:00
2024,S07,9,8536,8640,104,0.9879629629629629,279.400000000000000000,2024-09-01 00:00:00,2024-09-30 23:55:00
2024,S07,10,8928,8928,0,1.0,160.400000000000000000,2024-10-01 00:00:00,2024-10-31 23:55:00
2024,S07,11,8389,8640,251,0.970949074074074,377.200000000000000000,2024-11-01 00:00:00,2024-11-30 23:55:00
2024,S07,12,8916,8928,12,0.9986559139784946,240.800000000000000000,2024-12-01 00:00:00,2024-12-31 23:55:00
2024,S08,1,8928,8928,0,1.0,461.399990000000000000,2024-01-01 00:00:00,2024-01-31 23:55:00
2024,S08,2,8348,8352,4,0.9995210727969349,135.400000000000000000,2024-02-01 00:00:00,2024-02-29 23:55:00
2024,S08,3,8928,8928,0,1.0,113.600000000000000000,2024-03-01 00:00:00,2024-03-31 23:55:00
2024,S08,4,8640,8640,0,1.0,276.200010000000000000,2024-04-01 00:00:00,2024-04-30 23:55:00
2024,S08,5,8723,8928,205,0.9770385304659498,367.800010000000000000,2024-05-01 00:00:00,2024-05-31 23:55:00
2024,S08,6,8625,8640,15,0.9982638888888888,283.200000000000000000,2024-06-01 00:00:00,2024-06-30 23:55:00
2024,S08,7,8920,8928,8,0.9991039426523297,51.400000000000000000,2024-07-01 00:00:00,2024-07-31 23:55:00
2024,S08,8,8508,8928,420,0.9529569892473119,80.800000000000000000,2024-08-01 00:00:00,2024-08-31 23:55:00
2024,S08,9,8539,8640,101,0.9883101851851852,169.399990000000000000,2024-09-01 00:00:00,2024-09-30 23:55:00
2024,S08,10,5118,8928,3810,0.573252688172043,50.400000000000000000,2024-10-01 00:00:00,2024-10-31 23:55:00
2024,S08,11,8390,8640,250,0.9710648148148148,458.800010000000000000,2024-11-01 00:00:00,2024-11-30 23:55:00
2024,S08,12,8916,8928,12,0.9986559139784946,197.000000000000000000,2024-12-01 00:00:00,2024-12-31 23:55:00
2024,S102,1,0,8928,8928,0.0,0,,
2024,S102,2,0,8352,8352,0.0,0,,
2024,S102,3,0,8928,8928,0.0,0,,
2024,S102,4,0,8640,8640,0.0,0,,
2024,S102,5,0,8928,8928,0.0,0,,
2024,S102,6,1535,8640,7105,0.17766203703703703,0.200000000000000000,2024-06-25 15:40:00,2024-06-30 23:55:00
2024,S102,7,5034,8928,3894,0.5638440860215054,28.800000000000000000,2024-07-01 00:00:00,2024-07-18 12:50:00
2024,S102,8,0,8928,8928,0.0,0,,
2024,S102,9,0,8640,8640,0.0,0,,
2024,S102,10,0,8928,8928,0.0,0,,
2024,S102,11,0,8640,8640,0.0,0,,
2024,S102,12,0,8928,8928,0.0,0,,
2024,S104,1,8927,8928,1,0.9998879928315412,391.800000000000000000,2024-01-01 00:00:00,2024-01-31 23:55:00
2024,S104,2,8183,8352,169,0.9797653256704981,153.800000000000000000,2024-02-01 00:00:00,2024-02-29 23:55:00
2024,S104,3,8924,8928,4,0.9995519713261649,186.599990000000000000,2024-03-01 00:00:00,2024-03-31 23:55:00
2024,S104,4,8627,8640,13,0.9984953703703704,226.200000000000000000,2024-04-01 00:00:00,2024-04-30 23:55:00
2024,S104,5,8723,8928,205,0.9770385304659498,142.400000000000000000,2024-05-01 00:00:00,2024-05-31 23:55:00
2024,S104,6,8625,8640,15,0.9982638888888888,383.399990000000000000,2024-06-01 00:00:00,2024-06-30 23:55:00
2024,S104,7,8638,8928,290,0.9675179211469535,47.400000000000000000,2024-07-01 00:00:00,2024-07-31 23:55:00
2024,S104,8,7047,8928,1881,0.7893145161290323,168.200000000000000000,2024-08-01 00:00:00,2024-08-31 23:55:00
2024,S104,9,8189,8640,451,0.9478009259259259,235.200000000000000000,2024-09-01 00:00:00,2024-09-30 23:55:00
2024,S104,10,8853,8928,75,0.9915994623655914,172.000000000000000000,2024-10-01 00:00:00,2024-10-31 23:55:00
2024,S104,11,8390,8640,250,0.9710648148148148,535.400020000000000000,2024-11-01 00:00:00,2024-11-30 23:55:00
2024,S104,12,8916,8928,12,0.9986559139784946,224.600000000000000000,2024-12-01 00:00:00,2024-12-31 23:55:00
2024,S106,1,0,8928,8928,0.0,0,,
2024,S106,2,0,8352,8352,0.0,0,,
2024,S106,3,0,8928,8928,0.0,0,,
2024,S106,4,0,8640,8640,0.0,0,,
2024,S106,5,0,8928,8928,0.0,0,,
2024,S106,6,0,8640,8640,0.0,0,,
2024,S106,7,0,8928,8928,0.0,0,,
2024,S106,8,0,8928,8928,0.0,0,,
2024,S106,9,0,8640,8640,0.0,0,,
2024,S106,10,0,8928,8928,0.0,0,,
2024,S106,11,6738,8640,1902,0.7798611111111111,436.000010000000000000,2024-11-06 17:35:00,2024-11-30 23:55:00
2024,S106,12,8916,8928,12,0.9986559139784946,104.400000000000000000,2024-12-01 00:00:00,2024-12-31 23:55:00
2024,S107,1,8435,8928,493,0.9447804659498208,346.000000000000000000,2024-01-01 00:00:00,2024-01-31 23:55:00
2024,S107,2,7069,8352,1283,0.8463840996168582,70.600000000000000000,2024-02-01 00:00:00,2024-02-29 23:55:00
2024,S107,3,8928,8928,0,1.0,114.200000000000000000,2024-03-01 00:00:00,2024-03-31 23:55:00
2024,S107,4,8458,8640,182,0.9789351851851852,154.200000000000000000,2024-04-01 00:00:00,2024-04-30 23:55:00
2024,S107,5,8794,8928,134,0.9849910394265233,153.799990000000000000,2024-05-01 00:00:00,2024-05-31 23:55:00
2024,S107,6,8496,8640,144,0.9833333333333333,233.800000000000000000,2024-06-01 00:00:00,2024-06-30 23:55:00
2024,S107,7,8174,8928,754,0.9155465949820788,31.000000000000000000,2024-07-01 00:00:00,2024-07-31 23:55:00
2024,S107,8,8913,8928,15,0.9983198924731183,104.000000000000000000,2024-08-01 00:00:00,2024-08-31 23:55:00
2024,S107,9,8538,8640,102,0.9881944444444445,178.000000000000000000,2024-09-01 00:00:00,2024-09-30 23:55:00
2024,S107,10,8928,8928,0,1.0,143.600000000000000000,2024-10-01 00:00:00,2024-10-31 23:55:00
2024,S107,11,8390,8640,250,0.9710648148148148,342.600000000000000000,2024-11-01 00:00:00,2024-11-30 23:55:00
2024,S107,12,8915,8928,13,0.9985439068100358,234.999990000000000000,2024-12-01 00:00:00,2024-12-31 23:55:00
2024,S108,1,0,8928,8928,0.0,0,,
2024,S108,2,0,8352,8352,0.0,0,,
2024,S108,3,0,8928,8928,0.0,0,,
2024,S108,4,0,8640,8640,0.0,0,,
2024,S108,5,6764,8928,2164,0.7576164874551972,134.400000000000000000,2024-05-02 15:40:00,2024-05-31 23:55:00
2024,S108,6,8625,8640,15,0.9982638888888888,232.999980000000000000,2024-06-01 00:00:00,2024-06-30 23:55:00
2024,S108,7,8924,8928,4,0.9995519713261649,70.200000000000000000,2024-07-01 00:00:00,2024-07-31 23:55:00
2024,S108,8,8757,8928,171,0.9808467741935484,58.000000000000000000,2024-08-01 00:00:00,2024-08-31 23:55:00
2024,S108,9,8553,8640,87,0.9899305555555555,31.200000000000000000,2024-09-01 00:00:00,2024-09-30 23:55:00
2024,S108,10,8226,8928,702,0.9213709677419355,150.800000000000000000,2024-10-01 00:00:00,2024-10-31 23:55:00
2024,S108,11,1414,8640,7226,0.16365740740740742,11.800000000000000000,2024-11-01 00:00:00,2024-11-05 21:55:00
2024,S108,12,0,8928,8928,0.0,0,,
2024,S109,1,8909,8928,19,0.9978718637992832,366.000000000000000000,2024-01-01 00:00:00,2024-01-31 23:55:00
2024,S109,2,8342,8352,10,0.9988026819923371,150.000000000000000000,2024-02-01 00:00:00,2024-02-29 23:55:00
2024,S109,3,8836,8928,92,0.9896953405017921,128.000000000000000000,2024-03-01 00:00:00,2024-03-31 23:55:00
2024,S109,4,8616,8640,24,0.9972222222222222,312.000000000000000000,2024-04-01 00:00:00,2024-04-30 23:55:00
2024,S109,5,8719,8928,209,0.9765905017921147,368.600000000000000000,2024-05-01 00:00:00,2024-05-31 23:55:00
2024,S109,6,7477,8640,1163,0.8653935185185185,214.200000000000000000,2024-06-01 00:00:00,2024-06-30 23:55:00
2024,S109,7,8910,8928,18,0.9979838709677419,68.600000000000000000,2024-07-01 00:00:00,2024-07-31 23:55:00
2024,S109,8,8913,8928,15,0.9983198924731183,69.000000000000000000,2024-08-01 00:00:00,2024-08-31 23:55:00
2024,S109,9,8540,8640,100,0.9884259259259259,202.599990000000000000,2024-09-01 00:00:00,2024-09-30 23:55:00
2024,S109,10,8928,8928,0,1.0,158.000000000000000000,2024-10-01 00:00:00,2024-10-31 23:55:00
2024,S109,11,8390,8640,250,0.9710648148148148,479.199990000000000000,2024-11-01 00:00:00,2024-11-30 23:55:00
2024,S109,12,8915,8928,13,0.9985439068100358,173.200000000000000000,2024-12-01 00:00:00,2024-12-31 23:55:00
2024,S111,1,8923,8928,5,0.9994399641577061,357.400000000000000000,2024-01-01 00:00:00,2024-01-31 23:55:00
2024,S111,2,8348,8352,4,0.9995210727969349,181.600000000000000000,2024-02-01 00:00:00,2024-02-29 23:55:00
2024,S111,3,8928,8928,0,1.0,187.000000000000000000,2024-03-01 00:00:00,2024-03-31 23:55:00
2024,S111,4,8640,8640,0,1.0,194.800000000000000000,2024-04-01 00:00:00,2024-04-30 23:55:00
2024,S111,5,8723,8928,205,0.9770385304659498,198.000000000000000000,2024-05-01 00:00:00,2024-05-31 23:55:00
2024,S111,6,8624,8640,16,0.9981481481481481,236.800000000000000000,2024-06-01 00:00:00,2024-06-30 23:55:00
2024,S111,7,8926,8928,2,0.9997759856630825,35.200000000000000000,2024-07-01 00:00:00,2024-07-31 23:55:00
2024,S111,8,7310,8928,1618,0.8187724014336918,93.600000000000000000,2024-08-01 00:00:00,2024-08-31 23:55:00
2024,S111,9,8545,8640,95,0.9890046296296297,215.800000000000000000,2024-09-01 00:00:00,2024-09-30 23:55:00
2024,S111,10,8928,8928,0,1.0,199.200000000000000000,2024-10-01 00:00:00,2024-10-31 23:55:00
2024,S111,11,8390,8640,250,0.9710648148148148,373.600000000000000000,2024-11-01 00:00:00,2024-11-30 23:55:00
2024,S111,12,8916,8928,12,0.9986559139784946,233.400000000000000000,2024-12-01 00:00:00,2024-12-31 23:55:00
2024,S112,1,8928,8928,0,1.0,434.000000000000000000,2024-01-01 00:00:00,2024-01-31 23:55:00
2024,S112,2,8348,8352,4,0.9995210727969349,145.999990000000000000,2024-02-01 00:00:00,2024-02-29 23:55:00
2024,S112,3,8928,8928,0,1.0,158.800000000000000000,2024-03-01 00:00:00,2024-03-31 23:55:00
2024,S112,4,8640,8640,0,1.0,216.800000000000000000,2024-04-01 00:00:00,2024-04-30 23:55:00
2024,S112,5,8722,8928,206,0.9769265232974911,375.800000000000000000,2024-05-01 00:00:00,2024-05-31 23:55:00
2024,S112,6,8260,8640,380,0.9560185185185185,365.800000000000000000,2024-06-01 00:00:00,2024-06-30 23:55:00
2024,S112,7,7881,8928,1047,0.8827284946236559,18.400000000000000000,2024-07-01 00:00:00,2024-07-31 19:00:00
2024,S112,8,4534,8928,4394,0.5078405017921147,89.800000000000000000,2024-08-01 01:10:00,2024-08-31 09:35:00
2024,S112,9,6781,8640,1859,0.7848379629629629,204.600000000000000000,2024-09-01 01:15:00,2024-09-30 23:55:00
2024,S112,10,7645,8928,1283,0.8562948028673835,179.600000000000000000,2024-10-01 00:00:00,2024-10-28 10:00:00
2024,S112,11,0,8640,8640,0.0,0,,
2024,S112,12,6227,8928,2701,0.6974686379928315,290.599990000000000000,2024-12-10 09:05:00,2024-12-31 23:55:00
2024,S113,1,8901,8928,27,0.9969758064516129,377.200000000000000000,2024-01-01 00:00:00,2024-01-31 23:55:00
2024,S113,2,8348,8352,4,0.9995210727969349,107.800000000000000000,2024-02-01 00:00:00,2024-02-29 23:55:00
2024,S113,3,8751,8928,177,0.9801747311827957,126.400000000000000000,2024-03-01 00:00:00,2024-03-31 23:55:00
2024,S113,4,8640,8640,0,1.0,162.800000000000000000,2024-04-01 00:00:00,2024-04-30 23:55:00
2024,S113,5,8723,8928,205,0.9770385304659498,211.000000000000000000,2024-05-01 00:00:00,2024-05-31 23:55:00
2024,S113,6,8595,8640,45,0.9947916666666666,231.800000000000000000,2024-06-01 00:00:00,2024-06-30 23:55:00
2024,S113,7,8928,8928,0,1.0,78.000000000000000000,2024-07-01 00:00:00,2024-07-31 23:55:00
2024,S113,8,7887,8928,1041,0.8834005376344086,89.800000000000000000,2024-08-01 00:00:00,2024-08-31 23:55:00
2024,S113,9,6451,8640,2189,0.7466435185185185,115.000000000000000000,2024-09-01 00:00:00,2024-09-30 23:55:00
2024,S113,10,8928,8928,0,1.0,141.600000000000000000,2024-10-01 00:00:00,2024-10-31 23:55:00
2024,S113,11,8390,8640,250,0.9710648148148148,318.800000000000000000,2024-11-01 00:00:00,2024-11-30 23:55:00
2024,S113,12,8149,8928,779,0.9127464157706093,35.600000000000000000,2024-12-01 00:00:00,2024-12-31 23:55:00
2024,S114,1,8636,8928,292,0.9672939068100358,396.400000000000000000,2024-01-01 00:00:00,2024-01-31 23:55:00
2024,S114,2,8348,8352,4,0.9995210727969349,187.800010000000000000,2024-02-01 00:00:00,2024-02-29 23:55:00
2024,S114,3,8928,8928,0,1.0,208.000010000000000000,2024-03-01 00:00:00,2024-03-31 23:55:00
2024,S114,4,8640,8640,0,1.0,165.000000000000000000,2024-04-01 00:00:00,2024-04-30 23:55:00
2024,S114,5,8722,8928,206,0.9769265232974911,210.400000000000000000,2024-05-01 00:00:00,2024-05-31 23:55:00
2024,S114,6,8625,8640,15,0.9982638888888888,403.999990000000000000,2024-06-01 00:00:00,2024-06-30 23:55:00
2024,S114,7,8927,8928,1,0.9998879928315412,91.800000000000000000,2024-07-01 00:00:00,2024-07-31 23:55:00
2024,S114,8,8914,8928,14,0.9984318996415771,227.799990000000000000,2024-08-01 00:00:00,2024-08-31 23:55:00
2024,S114,9,8559,8640,81,0.990625,210.200010000000000000,2024-09-01 00:00:00,2024-09-30 23:55:00
2024,S114,10,8928,8928,0,1.0,226.000000000000000000,2024-10-01 00:00:00,2024-10-31 23:55:00
2024,S114,11,5342,8640,3298,0.618287037037037,297.000010000000000000,2024-11-01 00:00:00,2024-11-20 09:55:00
2024,S114,12,0,8928,8928,0.0,0,,
2024,S115,1,8915,8928,13,0.9985439068100358,314.400000000000000000,2024-01-01 00:00:00,2024-01-31 23:55:00
2024,S115,2,8348,8352,4,0.9995210727969349,149.000000000000000000,2024-02-01 00:00:00,2024-02-29 23:55:00
2024,S115,3,8928,8928,0,1.0,188.200000000000000000,2024-03-01 00:00:00,2024-03-31 23:55:00
2024,S115,4,8640,8640,0,1.0,233.200000000000000000,2024-04-01 00:00:00,2024-04-30 23:55:00
2024,S115,5,8923,8928,5,0.9994399641577061,255.200000000000000000,2024-05-01 00:00:00,2024-05-31 23:55:00
2024,S115,6,5398,8640,3242,0.6247685185185186,40.000000000000000000,2024-06-01 00:00:00,2024-06-30 23:55:00
2024,S115,7,8928,8928,0,1.0,100.200000000000000000,2024-07-01 00:00:00,2024-07-31 23:55:00
2024,S115,8,8913,8928,15,0.9983198924731183,219.200000000000000000,2024-08-01 00:00:00,2024-08-31 23:55:00
2024,S115,9,8543,8640,97,0.9887731481481481,225.400000000000000000,2024-09-01 00:00:00,2024-09-30 23:55:00
2024,S115,10,8749,8928,179,0.9799507168458781,147.200000000000000000,2024-10-01 00:00:00,2024-10-31 23:55:00
2024,S115,11,8265,8640,375,0.9565972222222222,307.800000000000000000,2024-11-01 00:00:00,2024-11-30 23:55:00
2024,S115,12,8868,8928,60,0.9932795698924731,278.600000000000000000,2024-12-01 00:00:00,2024-12-31 23:55:00
2024,S116,1,8925,8928,3,0.9996639784946236,392.600000000000000000,2024-01-01 00:00:00,2024-01-31 23:55:00
2024,S116,2,6503,8352,1849,0.7786159003831418,139.200000000000000000,2024-02-01 00:00:00,2024-02-29 23:55:00
2024,S116,3,8923,8928,5,0.9994399641577061,193.800000000000000000,2024-03-01 00:00:00,2024-03-31 23:55:00
2024,S116,4,8639,8640,1,0.9998842592592593,214.000000000000000000,2024-04-01 00:00:00,2024-04-30 23:55:00
2024,S116,5,4815,8928,4113,0.5393145161290323,196.400000000000000000,2024-05-01 00:00:00,2024-05-31 23:55:00
2024,S116,6,8625,8640,15,0.9982638888888888,198.200000000000000000,2024-06-01 00:00:00,2024-06-30 23:55:00
2024,S116,7,8925,8928,3,0.9996639784946236,145.600000000000000000,2024-07-01 00:00:00,2024-07-31 23:55:00
2024,S116,8,7011,8928,1917,0.7852822580645161,93.800000000000000000,2024-08-01 00:00:00,2024-08-31 23:55:00
2024,S116,9,8639,8640,1,0.9998842592592593,204.599990000000000000,2024-09-01 00:00:00,2024-09-30 23:55:00
2024,S116,10,8924,8928,4,0.9995519713261649,176.000000000000000000,2024-10-01 00:00:00,2024-10-31 23:55:00
2024,S116,11,8390,8640,250,0.9710648148148148,330.000000000000000000,2024-11-01 00:00:00,2024-11-30 23:55:00
2024,S116,12,8916,8928,12,0.9986559139784946,163.399990000000000000,2024-12-01 00:00:00,2024-12-31 23:55:00
2024,S117,1,8928,8928,0,1.0,364.000000000000000000,2024-01-01 00:00:00,2024-01-31 23:55:00
2024,S117,2,8348,8352,4,0.9995210727969349,156.400010000000000000,2024-02-01 00:00:00,2024-02-29 23:55:00
2024,S117,3,8638,8928,290,0.9675179211469535,132.200000000000000000,2024-03-01 00:00:00,2024-03-31 23:55:00
2024,S117,4,8640,8640,0,1.0,309.800000000000000000,2024-04-01 00:00:00,2024-04-30 23:55:00
2024,S117,5,8919,8928,9,0.998991935483871,315.400000000000000000,2024-05-01 00:00:00,2024-05-31 23:55:00
2024,S117,6,8617,8640,23,0.997337962962963,224.000010000000000000,2024-06-01 00:00:00,2024-06-30 23:55:00
2024,S117,7,8621,8928,307,0.9656137992831542,89.200000000000000000,2024-07-01 00:00:00,2024-07-31 23:55:00
2024,S117,8,4601,8928,4327,0.515344982078853,85.000000000000000000,2024-08-01 00:00:00,2024-08-31 23:55:00
2024,S117,9,8495,8640,145,0.9832175925925926,124.200000000000000000,2024-09-01 00:00:00,2024-09-30 23:55:00
2024,S117,10,8925,8928,3,0.9996639784946236,174.200000000000000000,2024-10-01 00:00:00,2024-10-31 23:55:00
2024,S117,11,8389,8640,251,0.970949074074074,255.400000000000000000,2024-11-01 00:00:00,2024-11-30 23:55:00
2024,S117,12,8916,8928,12,0.9986559139784946,326.800000000000000000,2024-12-01 00:00:00,2024-12-31 23:55:00
2024,S118,1,2413,8928,6515,0.2702732974910394,156.600000000000000000,2024-01-01 00:00:00,2024-01-10 09:25:00
2024,S118,2,0,8352,8352,0.0,0,,
2024,S118,3,0,8928,8928,0.0,0,,
2024,S118,4,0,8640,8640,0.0,0,,
2024,S118,5,0,8928,8928,0.0,0,,
2024,S118,6,0,8640,8640,0.0,0,,
2024,S118,7,0,8928,8928,0.0,0,,
2024,S118,8,0,8928,8928,0.0,0,,
2024,S118,9,0,8640,8640,0.0,0,,
2024,S118,10,0,8928,8928,0.0,0,,
2024,S118,11,0,8640,8640,0.0,0,,
2024,S118,12,0,8928,8928,0.0,0,,
2024,S119,1,8927,8928,1,0.9998879928315412,376.400000000000000000,2024-01-01 00:00:00,2024-01-31 23:55:00
2024,S119,2,8348,8352,4,0.9995210727969349,88.200000000000000000,2024-02-01 00:00:00,2024-02-29 23:55:00
2024,S119,3,8928,8928,0,1.0,154.800000000000000000,2024-03-01 00:00:00,2024-03-31 23:55:00
2024,S119,4,8640,8640,0,1.0,182.000000000000000000,2024-04-01 00:00:00,2024-04-30 23:55:00
2024,S119,5,8722,8928,206,0.9769265232974911,144.800000000000000000,2024-05-01 00:00:00,2024-05-31 23:55:00
2024,S119,6,8625,8640,15,0.9982638888888888,202.400000000000000000,2024-06-01 00:00:00,2024-06-30 23:55:00
2024,S119,7,8820,8928,108,0.9879032258064516,43.400000000000000000,2024-07-01 00:00:00,2024-07-31 23:55:00
2024,S119,8,8516,8928,412,0.953853046594982,75.600000000000000000,2024-08-01 00:00:00,2024-08-31 23:55:00
2024,S119,9,8527,8640,113,0.9869212962962963,205.200000000000000000,2024-09-01 00:00:00,2024-09-30 23:55:00
2024,S119,10,8928,8928,0,1.0,195.200000000000000000,2024-10-01 00:00:00,2024-10-31 23:55:00
2024,S119,11,8390,8640,250,0.9710648148148148,343.199980000000000000,2024-11-01 00:00:00,2024-11-30 23:55:00
2024,S119,12,8916,8928,12,0.9986559139784946,199.000000000000000000,2024-12-01 00:00:00,2024-12-31 23:55:00
2024,S120,1,8926,8928,2,0.9997759856630825,404.000000000000000000,2024-01-01 00:00:00,2024-01-31 23:55:00
2024,S120,2,8347,8352,5,0.9994013409961686,173.600000000000000000,2024-02-01 00:00:00,2024-02-29 23:55:00
2024,S120,3,5001,8928,3927,0.5601478494623656,161.400000000000000000,2024-03-01 00:00:00,2024-03-31 23:55:00
2024,S120,4,8632,8640,8,0.9990740740740741,222.000000000000000000,2024-04-01 00:00:00,2024-04-30 23:55:00
2024,S120,5,475,8928,8453,0.053203405017921146,7.400000000000000000,2024-05-01 00:00:00,2024-05-02 15:35:00
2024,S120,6,0,8640,8640,0.0,0,,
2024,S120,7,0,8928,8928,0.0,0,,
2024,S120,8,0,8928,8928,0.0,0,,
2024,S120,9,0,8640,8640,0.0,0,,
2024,S120,10,0,8928,8928,0.0,0,,
2024,S120,11,0,8640,8640,0.0,0,,
2024,S120,12,0,8928,8928,0.0,0,,
2024,S121,1,8921,8928,7,0.9992159498207885,356.000000000000000000,2024-01-01 00:00:00,2024-01-31 23:55:00
2024,S121,2,8348,8352,4,0.9995210727969349,207.799990000000000000,2024-02-01 00:00:00,2024-02-29 23:55:00
2024,S121,3,8928,8928,0,1.0,185.800000000000000000,2024-03-01 00:00:00,2024-03-31 23:55:00
2024,S121,4,8640,8640,0,1.0,162.200000000000000000,2024-04-01 00:00:00,2024-04-30 23:55:00
2024,S121,5,8922,8928,6,0.9993279569892473,259.599980000000000000,2024-05-01 00:00:00,2024-05-31 23:55:00
2024,S121,6,5731,8640,2909,0.6633101851851851,306.400010000000000000,2024-06-01 00:00:00,2024-06-29 07:25:00
2024,S121,7,8630,8928,298,0.9666218637992832,95.400000000000000000,2024-07-01 14:35:00,2024-07-31 23:55:00
2024,S121,8,7705,8928,1223,0.8630152329749103,177.000000000000000000,2024-08-01 00:00:00,2024-08-31 23:55:00
2024,S121,9,8533,8640,107,0.9876157407407408,234.800000000000000000,2024-09-01 00:00:00,2024-09-30 23:55:00
2024,S121,10,8924,8928,4,0.9995519713261649,215.400000000000000000,2024-10-01 00:00:00,2024-10-31 23:55:00
2024,S121,11,8389,8640,251,0.970949074074074,366.200000000000000000,2024-11-01 00:00:00,2024-11-30 23:55:00
2024,S121,12,8915,8928,13,0.9985439068100358,167.600000000000000000,2024-12-01 00:00:00,2024-12-31 23:55:00
2024,S123,1,8913,8928,15,0.9983198924731183,386.400000000000000000,2024-01-01 00:00:00,2024-01-31 23:55:00
2024,S123,2,8348,8352,4,0.9995210727969349,112.800000000000000000,2024-02-01 00:00:00,2024-02-29 23:55:00
2024,S123,3,6323,8928,2605,0.7082213261648745,219.400000000000000000,2024-03-01 00:00:00,2024-03-31 23:55:00
2024,S123,4,8627,8640,13,0.9984953703703704,243.600010000000000000,2024-04-01 00:00:00,2024-04-30 23:55:00
2024,S123,5,8722,8928,206,0.9769265232974911,253.799990000000000000,2024-05-01 00:00:00,2024-05-31 23:55:00
2024,S123,6,8625,8640,15,0.9982638888888888,214.800000000000000000,2024-06-01 00:00:00,2024-06-30 23:55:00
2024,S123,7,6501,8928,2427,0.7281586021505376,34.600000000000000000,2024-07-01 00:00:00,2024-07-31 23:55:00
2024,S123,8,4441,8928,4487,0.497423835125448,42.000000000000000000,2024-08-01 00:00:00,2024-08-31 23:05:00
2024,S123,9,5750,8640,2890,0.6655092592592593,93.200000000000000000,2024-09-01 10:25:00,2024-09-28 11:10:00
2024,S123,10,3746,8928,5182,0.419578853046595,36.800000000000000000,2024-10-15 15:15:00,2024-10-28 15:20:00
2024,S123,11,0,8640,8640,0.0,0,,
2024,S123,12,7946,8928,982,0.8900089605734767,39.000000000000000000,2024-12-04 08:50:00,2024-12-31 23:55:00
2024,S201,1,8928,8928,0,1.0,383.200000000000000000,2024-01-01 00:00:00,2024-01-31 23:55:00
2024,S201,2,8348,8352,4,0.9995210727969349,149.000010000000000000,2024-02-01 00:00:00,2024-02-29 23:55:00
2024,S201,3,8928,8928,0,1.0,185.000010000000000000,2024-03-01 00:00:00,2024-03-31 23:55:00
2024,S201,4,8640,8640,0,1.0,223.200000000000000000,2024-04-01 00:00:00,2024-04-30 23:55:00
2024,S201,5,8923,8928,5,0.9994399641577061,330.799990000000000000,2024-05-01 00:00:00,2024-05-31 23:55:00
2024,S201,6,8625,8640,15,0.9982638888888888,319.600000000000000000,2024-06-01 00:00:00,2024-06-30 23:55:00
2024,S201,7,8918,8928,10,0.9988799283154122,91.200010000000000000,2024-07-01 00:00:00,2024-07-31 23:55:00
2024,S201,8,8928,8928,0,1.0,130.400000000000000000,2024-08-01 00:00:00,2024-08-31 23:55:00
2024,S201,9,8639,8640,1,0.9998842592592593,294.400000000000000000,2024-09-01 00:00:00,2024-09-30 23:55:00
2024,S201,10,8910,8928,18,0.9979838709677419,306.600000000000000000,2024-10-01 00:00:00,2024-10-31 23:55:00
2024,S201,11,8390,8640,250,0.9710648148148148,510.000000000000000000,2024-11-01 00:00:00,2024-11-30 23:55:00
2024,S201,12,8916,8928,12,0.9986559139784946,192.400000000000000000,2024-12-01 00:00:00,2024-12-31 23:55:00
2024,S203,1,8928,8928,0,1.0,432.954000000000000000,2024-01-01 00:00:00,2024-01-31 23:55:00
2024,S203,2,8348,8352,4,0.9995210727969349,131.454000000000000000,2024-02-01 00:00:00,2024-02-29 23:55:00
2024,S203,3,8928,8928,0,1.0,285.822000000000000000,2024-03-01 00:00:00,2024-03-31 23:55:00
2024,S203,4,8640,8640,0,1.0,225.722990000000000000,2024-04-01 00:00:00,2024-04-30 23:55:00
2024,S203,5,8923,8928,5,0.9994399641577061,245.019000000000000000,2024-05-01 00:00:00,2024-05-31 23:55:00
2024,S203,6,8625,8640,15,0.9982638888888888,299.691000000000000000,2024-06-01 00:00:00,2024-06-30 23:55:00
2024,S203,7,8924,8928,4,0.9995519713261649,85.224000000000000000,2024-07-01 00:00:00,2024-07-31 23:55:00
2024,S203,8,3834,8928,5094,0.42943548387096775,49.848000000000000000,2024-08-01 00:00:00,2024-08-31 23:55:00
2024,S203,9,8639,8640,1,0.9998842592592593,314.967010000000000000,2024-09-01 00:00:00,2024-09-30 23:55:00
2024,S203,10,8912,8928,16,0.9982078853046595,250.044000000000000000,2024-10-01 00:00:00,2024-10-31 23:55:00
2024,S203,11,8390,8640,250,0.9710648148148148,376.473000000000000000,2024-11-01 00:00:00,2024-11-30 23:55:00
2024,S203,12,8916,8928,12,0.9986559139784946,148.338000000000000000,2024-12-01 00:00:00,2024-12-31 23:55:00
2024,S207,1,8923,8928,5,0.9994399641577061,439.587000000000000000,2024-01-01 00:00:00,2024-01-31 23:55:00
2024,S207,2,8320,8352,32,0.9961685823754789,68.742000000000000000,2024-02-01 00:00:00,2024-02-29 23:55:00
2024,S207,3,8507,8928,421,0.952844982078853,138.489000000000000000,2024-03-01 00:00:00,2024-03-31 23:55:00
2024,S207,4,8640,8640,0,1.0,169.443000000000000000,2024-04-01 00:00:00,2024-04-30 23:55:00
2024,S207,5,8923,8928,5,0.9994399641577061,235.371000000000000000,2024-05-01 00:00:00,2024-05-31 23:55:00
2024,S207,6,8625,8640,15,0.9982638888888888,274.163990000000000000,2024-06-01 00:00:00,2024-06-30 23:55:00
2024,S207,7,8636,8928,292,0.9672939068100358,31.557000000000000000,2024-07-01 00:00:00,2024-07-31 23:55:00
2024,S207,8,8928,8928,0,1.0,156.378000000000000000,2024-08-01 00:00:00,2024-08-31 23:55:00
2024,S207,9,8639,8640,1,0.9998842592592593,241.200000000000000000,2024-09-01 00:00:00,2024-09-30 23:55:00
2024,S207,10,8912,8928,16,0.9982078853046595,167.634000000000000000,2024-10-01 00:00:00,2024-10-31 23:55:00
2024,S207,11,8390,8640,250,0.9710648148148148,448.028990000000000000,2024-11-01 00:00:00,2024-11-30 23:55:00
2024,S207,12,8916,8928,12,0.9986559139784946,276.978000000000000000,2024-12-01 00:00:00,2024-12-31 23:55:00
2024,S208,1,8928,8928,0,1.0,206.856000000000000000,2024-01-01 00:00:00,2024-01-31 23:55:00
2024,S208,2,8348,8352,4,0.9995210727969349,60.384000000000000000,2024-02-01 00:00:00,2024-02-29 23:55:00
2024,S208,3,8928,8928,0,1.0,144.432000000000000000,2024-03-01 00:00:00,2024-03-31 23:55:00
2024,S208,4,8640,8640,0,1.0,87.516000000000000000,2024-04-01 00:00:00,2024-04-30 23:55:00
2024,S208,5,8923,8928,5,0.9994399641577061,108.732000000000000000,2024-05-01 00:00:00,2024-05-31 23:55:00
2024,S208,6,8625,8640,15,0.9982638888888888,38.556000000000000000,2024-06-01 00:00:00,2024-06-30 23:55:00
2024,S208,7,8917,8928,11,0.9987679211469535,40.596000000000000000,2024-07-01 00:00:00,2024-07-31 23:55:00
2024,S208,8,8918,8928,10,0.9988799283154122,87.720000000000000000,2024-08-01 00:00:00,2024-08-31 23:55:00
2024,S208,9,8639,8640,1,0.9998842592592593,127.704000000000000000,2024-09-01 00:00:00,2024-09-30 23:55:00
2024,S208,10,8912,8928,16,0.9982078853046595,131.784000000000000000,2024-10-01 00:00:00,2024-10-31 23:55:00
2024,S208,11,8390,8640,250,0.9710648148148148,226.032000000000000000,2024-11-01 00:00:00,2024-11-30 23:55:00
2024,S208,12,8916,8928,12,0.9986559139784946,169.932000000000000000,2024-12-01 00:00:00,2024-12-31 23:55:00
2024,S209,1,8925,8928,3,0.9996639784946236,492.072000000000000000,2024-01-01 00:00:00,2024-01-31 23:55:00
2024,S209,2,8229,8352,123,0.9852729885057471,111.100000000000000000,2024-02-01 00:00:00,2024-02-29 23:55:00
2024,S209,3,8928,8928,0,1.0,138.168000000000000000,2024-03-01 00:00:00,2024-03-31 23:55:00
2024,S209,4,8640,8640,0,1.0,170.488000000000000000,2024-04-01 00:00:00,2024-04-30 23:55:00
2024,S209,5,8923,8928,5,0.9994399641577061,210.484000000000000000,2024-05-01 00:00:00,2024-05-31 23:55:00
2024,S209,6,8625,8640,15,0.9982638888888888,229.068000000000000000,2024-06-01 00:00:00,2024-06-30 23:55:00
2024,S209,7,8924,8928,4,0.9995519713261649,43.430000000000000000,2024-07-01 00:00:00,2024-07-31 23:55:00
2024,S209,8,8928,8928,0,1.0,99.787990000000000000,2024-08-01 00:00:00,2024-08-31 23:55:00
2024,S209,9,8638,8640,2,0.9997685185185186,269.063990000000000000,2024-09-01 00:00:00,2024-09-30 23:55:00
2024,S209,10,8912,8928,16,0.9982078853046595,232.704000000000000000,2024-10-01 00:00:00,2024-10-31 23:55:00
2024,S209,11,8390,8640,250,0.9710648148148148,520.756000000000000000,2024-11-01 00:00:00,2024-11-30 23:55:00
2024,S209,12,8916,8928,12,0.9986559139784946,183.416000000000000000,2024-12-01 00:00:00,2024-12-31 23:55:00
2024,S210,1,7147,8928,1781,0.8005152329749103,221.502000000000000000,2024-01-01 00:00:00,2024-01-31 23:55:00
2024,S210,2,8348,8352,4,0.9995210727969349,176.880010000000000000,2024-02-01 00:00:00,2024-02-29 23:55:00
2024,S210,3,8928,8928,0,1.0,238.989010000000000000,2024-03-01 00:00:00,2024-03-31 23:55:00
2024,S210,4,8640,8640,0,1.0,222.507000000000000000,2024-04-01 00:00:00,2024-04-30 23:55:00
2024,S210,5,8923,8928,5,0.9994399641577061,285.018000000000000000,2024-05-01 00:00:00,2024-05-31 23:55:00
2024,S210,6,8625,8640,15,0.9982638888888888,443.808010000000000000,2024-06-01 00:00:00,2024-06-30 23:55:00
2024,S210,7,8928,8928,0,1.0,45.426000000000000000,2024-07-01 00:00:00,2024-07-31 23:55:00
2024,S210,8,8914,8928,14,0.9984318996415771,270.345020000000000000,2024-08-01 00:00:00,2024-08-31 23:55:00
2024,S210,9,8638,8640,2,0.9997685185185186,249.642000000000000000,2024-09-01 00:00:00,2024-09-30 23:55:00
2024,S210,10,8912,8928,16,0.9982078853046595,184.116000000000000000,2024-10-01 00:00:00,2024-10-31 23:55:00
2024,S210,11,8390,8640,250,0.9710648148148148,525.615000000000000000,2024-11-01 00:00:00,2024-11-30 23:55:00
2024,S210,12,8913,8928,15,0.9983198924731183,227.532000000000000000,2024-12-01 00:00:00,2024-12-31 23:55:00
2024,S211,1,8925,8928,3,0.9996639784946236,473.396000000000000000,2024-01-01 00:00:00,2024-01-31 23:55:00
2024,S211,2,8348,8352,4,0.9995210727969349,180.872990000000000000,2024-02-01 00:00:00,2024-02-29 23:55:00
2024,S211,3,8928,8928,0,1.0,221.676000000000000000,2024-03-01 00:00:00,2024-03-31 23:55:00
2024,S211,4,8640,8640,0,1.0,208.480990000000000000,2024-04-01 00:00:00,2024-04-30 23:55:00
2024,S211,5,8922,8928,6,0.9993279569892473,293.334990000000000000,2024-05-01 00:00:00,2024-05-31 23:55:00
2024,S211,6,7463,8640,1177,0.8637731481481481,449.848000000000000000,2024-06-01 00:00:00,2024-06-26 23:05:00
2024,S211,7,8675,8928,253,0.9716621863799283,56.434000000000000000,2024-07-01 15:00:00,2024-07-31 23:55:00
2024,S211,8,8928,8928,0,1.0,264.915010000000000000,2024-08-01 00:00:00,2024-08-31 23:55:00
2024,S211,9,8639,8640,1,0.9998842592592593,237.307000000000000000,2024-09-01 00:00:00,2024-09-30 23:55:00
2024,S211,10,8912,8928,16,0.9982078853046595,211.526000000000000000,2024-10-01 00:00:00,2024-10-31 23:55:00
2024,S211,11,8390,8640,250,0.9710648148148148,426.300000000000000000,2024-11-01 00:00:00,2024-11-30 23:55:00
2024,S211,12,8916,8928,12,0.9986559139784946,239.946020000000000000,2024-12-01 00:00:00,2024-12-31 23:55:00
2024,S212,1,8928,8928,0,1.0,439.200000000000000000,2024-01-01 00:00:00,2024-01-31 23:55:00
2024,S212,2,8348,8352,4,0.9995210727969349,80.400000000000000000,2024-02-01 00:00:00,2024-02-29 23:55:00
2024,S212,3,8928,8928,0,1.0,136.400000000000000000,2024-03-01 00:00:00,2024-03-31 23:55:00
2024,S212,4,8640,8640,0,1.0,151.800000000000000000,2024-04-01 00:00:00,2024-04-30 23:55:00
2024,S212,5,8923,8928,5,0.9994399641577061,276.999990000000000000,2024-05-01 00:00:00,2024-05-31 23:55:00
2024,S212,6,8625,8640,15,0.9982638888888888,293.800000000000000000,2024-06-01 00:00:00,2024-06-30 23:55:00
2024,S212,7,8928,8928,0,1.0,48.800000000000000000,2024-07-01 00:00:00,2024-07-31 23:55:00
2024,S212,8,1183,8928,7745,0.13250448028673836,35.400000000000000000,2024-08-01 00:00:00,2024-08-05 02:30:00
2024,S212,9,0,8640,8640,0.0,0,,
2024,S212,10,0,8928,8928,0.0,0,,
2024,S212,11,0,8640,8640,0.0,0,,
2024,S212,12,0,8928,8928,0.0,0,,
2024,S213,1,8928,8928,0,1.0,380.400000000000000000,2024-01-01 00:00:00,2024-01-31 23:55:00
2024,S213,2,8348,8352,4,0.9995210727969349,152.400000000000000000,2024-02-01 00:00:00,2024-02-29 23:55:00
2024,S213,3,8927,8928,1,0.9998879928315412,188.200000000000000000,2024-03-01 00:00:00,2024-03-31 23:55:00
2024,S213,4,8640,8640,0,1.0,213.999990000000000000,2024-04-01 00:00:00,2024-04-30 23:55:00
2024,S213,5,8923,8928,5,0.9994399641577061,222.400000000000000000,2024-05-01 00:00:00,2024-05-31 23:55:00
2024,S213,6,8625,8640,15,0.9982638888888888,357.800000000000000000,2024-06-01 00:00:00,2024-06-30 23:55:00
2024,S213,7,8926,8928,2,0.9997759856630825,67.000000000000000000,2024-07-01 00:00:00,2024-07-31 23:55:00
2024,S213,8,8928,8928,0,1.0,137.000000000000000000,2024-08-01 00:00:00,2024-08-31 23:55:00
2024,S213,9,8638,8640,2,0.9997685185185186,243.400000000000000000,2024-09-01 00:00:00,2024-09-30 23:55:00
2024,S213,10,8912,8928,16,0.9982078853046595,246.799990000000000000,2024-10-01 00:00:00,2024-10-31 23:55:00
2024,S213,11,8390,8640,250,0.9710648148148148,423.600000000000000000,2024-11-01 00:00:00,2024-11-30 23:55:00
2024,S213,12,8394,8928,534,0.9401881720430108,257.400000000000000000,2024-12-01 00:00:00,2024-12-31 23:55:00
2024,S214,1,8928,8928,0,1.0,366.617000000000000000,2024-01-01 00:00:00,2024-01-31 23:55:00
2024,S214,2,8348,8352,4,0.9995210727969349,54.175000000000000000,2024-02-01 00:00:00,2024-02-29 23:55:00
2024,S214,3,8928,8928,0,1.0,147.553000000000000000,2024-03-01 00:00:00,2024-03-31 23:55:00
2024,S214,4,8640,8640,0,1.0,171.981000000000000000,2024-04-01 00:00:00,2024-04-30 23:55:00
2024,S214,5,8923,8928,5,0.9994399641577061,157.797000000000000000,2024-05-01 00:00:00,2024-05-31 23:55:00
2024,S214,6,8625,8640,15,0.9982638888888888,185.574000000000000000,2024-06-01 00:00:00,2024-06-30 23:55:00
2024,S214,7,8924,8928,4,0.9995519713261649,64.025000000000000000,2024-07-01 00:00:00,2024-07-31 23:55:00
2024,S214,8,8928,8928,0,1.0,75.648000000000000000,2024-08-01 00:00:00,2024-08-31 23:55:00
2024,S214,9,8639,8640,1,0.9998842592592593,156.418000000000000000,2024-09-01 00:00:00,2024-09-30 23:55:00
2024,S214,10,8912,8928,16,0.9982078853046595,128.838000000000000000,2024-10-01 00:00:00,2024-10-31 23:55:00
2024,S214,11,8390,8640,250,0.9710648148148148,300.031000000000000000,2024-11-01 00:00:00,2024-11-30 23:55:00
2024,S214,12,8916,8928,12,0.9986559139784946,145.977000000000000000,2024-12-01 00:00:00,2024-12-31 23:55:00
2024,S215,1,5708,8928,3220,0.639336917562724,222.082000000000000000,2024-01-01 00:00:00,2024-01-27 06:35:00
2024,S215,2,1859,8352,6493,0.22258141762452108,0E-18,2024-02-01 23:20:00,2024-02-29 23:55:00
2024,S215,3,8928,8928,0,1.0,138.243000000000000000,2024-03-01 00:00:00,2024-03-31 23:55:00
2024,S215,4,8627,8640,13,0.9984953703703704,183.512000000000000000,2024-04-01 00:00:00,2024-04-30 23:55:00
2024,S215,5,8923,8928,5,0.9994399641577061,185.542010000000000000,2024-05-01 00:00:00,2024-05-31 23:55:00
2024,S215,6,8625,8640,15,0.9982638888888888,186.760000000000000000,2024-06-01 00:00:00,2024-06-30 23:55:00
2024,S215,7,8923,8928,5,0.9994399641577061,83.636010000000000000,2024-07-01 00:00:00,2024-07-31 23:55:00
2024,S215,8,8928,8928,0,1.0,73.486000000000000000,2024-08-01 00:00:00,2024-08-31 23:55:00
2024,S215,9,8639,8640,1,0.9998842592592593,149.611000000000000000,2024-09-01 00:00:00,2024-09-30 23:55:00
2024,S215,10,8912,8928,16,0.9982078853046595,148.393000000000000000,2024-10-01 00:00:00,2024-10-31 23:55:00
2024,S215,11,8390,8640,250,0.9710648148148148,408.233000000000000000,2024-11-01 00:00:00,2024-11-30 23:55:00
2024,S215,12,8916,8928,12,0.9986559139784946,206.653990000000000000,2024-12-01 00:00:00,2024-12-31 23:55:00
2024,S216,1,8928,8928,0,1.0,390.456000000000000000,2024-01-01 00:00:00,2024-01-31 23:55:00
2024,S216,2,8348,8352,4,0.9995210727969349,167.688000000000000000,2024-02-01 00:00:00,2024-02-29 23:55:00
2024,S216,3,8928,8928,0,1.0,185.640000000000000000,2024-03-01 00:00:00,2024-03-31 23:55:00
2024,S216,4,8640,8640,0,1.0,308.652010000000000000,2024-04-01 00:00:00,2024-04-30 23:55:00
2024,S216,5,8921,8928,7,0.9992159498207885,413.100010000000000000,2024-05-01 00:00:00,2024-05-31 23:55:00
2024,S216,6,8625,8640,15,0.9982638888888888,301.716000000000000000,2024-06-01 00:00:00,2024-06-30 23:55:00
2024,S216,7,8923,8928,5,0.9994399641577061,79.968000000000000000,2024-07-01 00:00:00,2024-07-31 23:55:00
2024,S216,8,8928,8928,0,1.0,81.396000000000000000,2024-08-01 00:00:00,2024-08-31 23:55:00
2024,S216,9,8639,8640,1,0.9998842592592593,243.780000000000000000,2024-09-01 00:00:00,2024-09-30 23:55:00
2024,S216,10,8912,8928,16,0.9982078853046595,183.804000000000000000,2024-10-01 00:00:00,2024-10-31 23:55:00
2024,S216,11,8390,8640,250,0.9710648148148148,463.079990000000000000,2024-11-01 00:00:00,2024-11-30 23:55:00
2024,S216,12,8916,8928,12,0.9986559139784946,231.335990000000000000,2024-12-01 00:00:00,2024-12-31 23:55:00
2024,S217,1,8928,8928,0,1.0,382.968000000000000000,2024-01-01 00:00:00,2024-01-31 23:55:00
2024,S217,2,8348,8352,4,0.9995210727969349,133.369000000000000000,2024-02-01 00:00:00,2024-02-29 23:55:00
2024,S217,3,8928,8928,0,1.0,187.347000000000000000,2024-03-01 00:00:00,2024-03-31 23:55:00
2024,S217,4,8640,8640,0,1.0,221.822000000000000000,2024-04-01 00:00:00,2024-04-30 23:55:00
2024,S217,5,8923,8928,5,0.9994399641577061,350.463010000000000000,2024-05-01 00:00:00,2024-05-31 23:55:00
2024,S217,6,8625,8640,15,0.9982638888888888,298.060990000000000000,2024-06-01 00:00:00,2024-06-30 23:55:00
2024,S217,7,8875,8928,53,0.9940636200716846,84.316000000000000000,2024-07-01 00:00:00,2024-07-31 23:55:00
2024,S217,8,8928,8928,0,1.0,87.862010000000000000,2024-08-01 00:00:00,2024-08-31 23:55:00
2024,S217,9,8639,8640,1,0.9998842592592593,246.053000000000000000,2024-09-01 00:00:00,2024-09-30 23:55:00
2024,S217,10,8912,8928,16,0.9982078853046595,188.135000000000000000,2024-10-01 00:00:00,2024-10-31 23:55:00
2024,S217,11,8390,8640,250,0.9710648148148148,434.582000000000000000,2024-11-01 00:00:00,2024-11-30 23:55:00
2024,S217,12,8916,8928,12,0.9986559139784946,225.171010000000000000,2024-12-01 00:00:00,2024-12-31 23:55:00
2024,S218,1,8927,8928,1,0.9998879928315412,389.028000000000000000,2024-01-01 00:00:00,2024-01-31 23:55:00
2024,S218,2,8346,8352,6,0.9992816091954023,176.051990000000000000,2024-02-01 00:00:00,2024-02-29 23:55:00
2024,S218,3,8928,8928,0,1.0,167.892010000000000000,2024-03-01 00:00:00,2024-03-31 23:55:00
2024,S218,4,8640,8640,0,1.0,193.392010000000000000,2024-04-01 00:00:00,2024-04-30 23:55:00
2024,S218,5,8923,8928,5,0.9994399641577061,279.072000000000000000,2024-05-01 00:00:00,2024-05-31 23:55:00
2024,S218,6,8625,8640,15,0.9982638888888888,333.744010000000000000,2024-06-01 00:00:00,2024-06-30 23:55:00
2024,S218,7,8928,8928,0,1.0,132.600000000000000000,2024-07-01 00:00:00,2024-07-31 23:55:00
2024,S218,8,8925,8928,3,0.9996639784946236,164.220000000000000000,2024-08-01 00:00:00,2024-08-31 23:55:00
2024,S218,9,8638,8640,2,0.9997685185185186,302.736010000000000000,2024-09-01 00:00:00,2024-09-30 23:55:00
2024,S218,10,8912,8928,16,0.9982078853046595,205.835990000000000000,2024-10-01 00:00:00,2024-10-31 23:55:00
2024,S218,11,8390,8640,250,0.9710648148148148,436.764000000000000000,2024-11-01 00:00:00,2024-11-30 23:55:00
2024,S218,12,8916,8928,12,0.9986559139784946,253.572010000000000000,2024-12-01 00:00:00,2024-12-31 23:55:00
2024,S219,1,8928,8928,0,1.0,436.974000000000000000,2024-01-01 00:00:00,2024-01-31 23:55:00
2024,S219,2,8348,8352,4,0.9995210727969349,172.257000000000000000,2024-02-01 00:00:00,2024-02-29 23:55:00
2024,S219,3,8928,8928,0,1.0,195.774000000000000000,2024-03-01 00:00:00,2024-03-31 23:55:00
2024,S219,4,8640,8640,0,1.0,300.495010000000000000,2024-04-01 00:00:00,2024-04-30 23:55:00
2024,S219,5,8923,8928,5,0.9994399641577061,300.696000000000000000,2024-05-01 00:00:00,2024-05-31 23:55:00
2024,S219,6,8625,8640,15,0.9982638888888888,281.801990000000000000,2024-06-01 00:00:00,2024-06-30 23:55:00
2024,S219,7,8923,8928,5,0.9994399641577061,77.184000000000000000,2024-07-01 00:00:00,2024-07-31 23:55:00
2024,S219,8,8928,8928,0,1.0,72.762000000000000000,2024-08-01 00:00:00,2024-08-31 23:55:00
2024,S219,9,8639,8640,1,0.9998842592592593,215.070000000000000000,2024-09-01 00:00:00,2024-09-30 23:55:00
2024,S219,10,8912,8928,16,0.9982078853046595,120.600000000000000000,2024-10-01 00:00:00,2024-10-31 23:55:00
2024,S219,11,8390,8640,250,0.9710648148148148,399.387000000000000000,2024-11-01 00:00:00,2024-11-30 23:55:00
2024,S219,12,8916,8928,12,0.9986559139784946,202.407000000000000000,2024-12-01 00:00:00,2024-12-31 23:55:00
2024,S220,1,8928,8928,0,1.0,402.752000000000000000,2024-01-01 00:00:00,2024-01-31 23:55:00
2024,S220,2,8348,8352,4,0.9995210727969349,143.927000000000000000,2024-02-01 00:00:00,2024-02-29 23:55:00
2024,S220,3,8928,8928,0,1.0,151.031990000000000000,2024-03-01 00:00:00,2024-03-31 23:55:00
2024,S220,4,8640,8640,0,1.0,289.681000000000000000,2024-04-01 00:00:00,2024-04-30 23:55:00
2024,S220,5,8922,8928,6,0.9993279569892473,233.247000000000000000,2024-05-01 00:00:00,2024-05-31 23:55:00
2024,S220,6,8625,8640,15,0.9982638888888888,229.999000000000000000,2024-06-01 00:00:00,2024-06-30 23:55:00
2024,S220,7,8909,8928,19,0.9978718637992832,96.628000000000000000,2024-07-01 00:00:00,2024-07-31 23:55:00
2024,S220,8,8928,8928,0,1.0,77.343000000000000000,2024-08-01 00:00:00,2024-08-31 23:55:00
2024,S220,9,8639,8640,1,0.9998842592592593,173.971000000000000000,2024-09-01 00:00:00,2024-09-30 23:55:00
2024,S220,10,8912,8928,16,0.9982078853046595,131.950000000000000000,2024-10-01 00:00:00,2024-10-31 23:55:00
2024,S220,11,8390,8640,250,0.9710648148148148,311.199000000000000000,2024-11-01 00:00:00,2024-11-30 23:55:00
2024,S220,12,8916,8928,12,0.9986559139784946,142.100000000000000000,2024-12-01 00:00:00,2024-12-31 23:55:00
2024,S221,1,8928,8928,0,1.0,435.204000000000000000,2024-01-01 00:00:00,2024-01-31 23:55:00
2024,S221,2,8347,8352,5,0.9994013409961686,134.639990000000000000,2024-02-01 00:00:00,2024-02-29 23:55:00
2024,S221,3,8928,8928,0,1.0,203.742000000000000000,2024-03-01 00:00:00,2024-03-31 23:55:00
2024,S221,4,8640,8640,0,1.0,271.458010000000000000,2024-04-01 00:00:00,2024-04-30 23:55:00
2024,S221,5,8922,8928,6,0.9993279569892473,268.488000000000000000,2024-05-01 00:00:00,2024-05-31 23:55:00
2024,S221,6,8625,8640,15,0.9982638888888888,299.772000000000000000,2024-06-01 00:00:00,2024-06-30 23:55:00
2024,S221,7,8882,8928,46,0.994847670250896,146.718000000000000000,2024-07-01 00:00:00,2024-07-31 23:55:00
2024,S221,8,8928,8928,0,1.0,71.082000000000000000,2024-08-01 00:00:00,2024-08-31 23:55:00
2024,S221,9,8638,8640,2,0.9997685185185186,162.755990000000000000,2024-09-01 00:00:00,2024-09-30 23:55:00
2024,S221,10,8912,8928,16,0.9982078853046595,137.016000000000000000,2024-10-01 00:00:00,2024-10-31 23:55:00
2024,S221,11,8390,8640,250,0.9710648148148148,401.148010000000000000,2024-11-01 00:00:00,2024-11-30 23:55:00
2024,S221,12,8916,8928,12,0.9986559139784946,302.940030000000000000,2024-12-01 00:00:00,2024-12-31 23:55:00
2024,S222,1,8928,8928,0,1.0,476.169010000000000000,2024-01-01 00:00:00,2024-01-31 23:55:00
2024,S222,2,8348,8352,4,0.9995210727969349,176.478000000000000000,2024-02-01 00:00:00,2024-02-29 23:55:00
2024,S222,3,8928,8928,0,1.0,204.618000000000000000,2024-03-01 00:00:00,2024-03-31 23:55:00
2024,S222,4,8640,8640,0,1.0,199.995000000000000000,2024-04-01 00:00:00,2024-04-30 23:55:00
2024,S222,5,8923,8928,5,0.9994399641577061,254.064000000000000000,2024-05-01 00:00:00,2024-05-31 23:55:00
2024,S222,6,8625,8640,15,0.9982638888888888,304.716000000000000000,2024-06-01 00:00:00,2024-06-30 23:55:00
2024,S222,7,8927,8928,1,0.9998879928315412,104.319000000000000000,2024-07-01 00:00:00,2024-07-31 23:55:00
2024,S222,8,8909,8928,19,0.9978718637992832,110.751000000000000000,2024-08-01 00:00:00,2024-08-31 23:55:00
2024,S222,9,8639,8640,1,0.9998842592592593,272.355000000000000000,2024-09-01 00:00:00,2024-09-30 23:55:00
2024,S222,10,8862,8928,66,0.9926075268817204,247.029000000000000000,2024-10-01 00:00:00,2024-10-31 23:55:00
2024,S222,11,8390,8640,250,0.9710648148148148,388.532990000000000000,2024-11-01 00:00:00,2024-11-30 23:55:00
2024,S222,12,8916,8928,12,0.9986559139784946,281.198990000000000000,2024-12-01 00:00:00,2024-12-31 23:55:00
2024,S223,1,8928,8928,0,1.0,378.595000000000000000,2024-01-01 00:00:00,2024-01-31 23:55:00
2024,S223,2,8348,8352,4,0.9995210727969349,122.003000000000000000,2024-02-01 00:00:00,2024-02-29 23:55:00
2024,S223,3,8928,8928,0,1.0,226.751000000000000000,2024-03-01 00:00:00,2024-03-31 23:55:00
2024,S223,4,8640,8640,0,1.0,205.030000000000000000,2024-04-01 00:00:00,2024-04-30 23:55:00
2024,S223,5,8474,8928,454,0.9491487455197133,231.623000000000000000,2024-05-01 00:00:00,2024-05-31 23:55:00
2024,S223,6,7194,8640,1446,0.8326388888888889,221.270000000000000000,2024-06-01 00:00:00,2024-06-30 23:55:00
2024,S223,7,8917,8928,11,0.9987679211469535,83.636000000000000000,2024-07-01 00:00:00,2024-07-31 23:55:00
2024,S223,8,8916,8928,12,0.9986559139784946,123.627000000000000000,2024-08-01 00:00:00,2024-08-31 23:55:00
2024,S223,9,8639,8640,1,0.9998842592592593,247.457000000000000000,2024-09-01 00:00:00,2024-09-30 23:55:00
2024,S223,10,8912,8928,16,0.9982078853046595,217.616000000000000000,2024-10-01 00:00:00,2024-10-31 23:55:00
2024,S223,11,8390,8640,250,0.9710648148148148,327.439000000000000000,2024-11-01 00:00:00,2024-11-30 23:55:00
2024,S223,12,8916,8928,12,0.9986559139784946,229.390000000000000000,2024-12-01 00:00:00,2024-12-31 23:55:00
2024,S224,1,8928,8928,0,1.0,401.397000000000000000,2024-01-01 00:00:00,2024-01-31 23:55:00
2024,S224,2,8348,8352,4,0.9995210727969349,43.014000000000000000,2024-02-01 00:00:00,2024-02-29 23:55:00
2024,S224,3,8928,8928,0,1.0,138.489000000000000000,2024-03-01 00:00:00,2024-03-31 23:55:00
2024,S224,4,8640,8640,0,1.0,146.730000000000000000,2024-04-01 00:00:00,2024-04-30 23:55:00
2024,S224,5,8921,8928,7,0.9992159498207885,201.201000000000000000,2024-05-01 00:00:00,2024-05-31 23:55:00
2024,S224,6,8625,8640,15,0.9982638888888888,245.018990000000000000,2024-06-01 00:00:00,2024-06-30 23:55:00
2024,S224,7,8914,8928,14,0.9984318996415771,41.004000000000000000,2024-07-01 00:00:00,2024-07-31 23:55:00
2024,S224,8,8914,8928,14,0.9984318996415771,116.580000000000000000,2024-08-01 00:00:00,2024-08-31 23:55:00
2024,S224,9,8640,8640,0,1.0,213.261000000000000000,2024-09-01 00:00:00,2024-09-30 23:55:00
2024,S224,10,8912,8928,16,0.9982078853046595,124.218000000000000000,2024-10-01 00:00:00,2024-10-31 23:55:00
2024,S224,11,8390,8640,250,0.9710648148148148,344.112000000000000000,2024-11-01 00:00:00,2024-11-30 23:55:00
2024,S224,12,8916,8928,12,0.9986559139784946,29.547000000000000000,2024-12-01 00:00:00,2024-12-31 23:55:00
2024,S226,1,8928,8928,0,1.0,384.000000000000000000,2024-01-01 00:00:00,2024-01-31 23:55:00
2024,S226,2,8348,8352,4,0.9995210727969349,140.200000000000000000,2024-02-01 00:00:00,2024-02-29 23:55:00
2024,S226,3,8928,8928,0,1.0,223.799990000000000000,2024-03-01 00:00:00,2024-03-31 23:55:00
2024,S226,4,7609,8640,1031,0.8806712962962963,102.000000000000000000,2024-04-01 00:00:00,2024-04-30 23:55:00
2024,S226,5,8923,8928,5,0.9994399641577061,256.200000000000000000,2024-05-01 00:00:00,2024-05-31 23:55:00
2024,S226,6,8625,8640,15,0.9982638888888888,192.000000000000000000,2024-06-01 00:00:00,2024-06-30 23:55:00
2024,S226,7,8927,8928,1,0.9998879928315412,133.200010000000000000,2024-07-01 00:00:00,2024-07-31 23:55:00
2024,S226,8,8742,8928,186,0.9791666666666666,139.000000000000000000,2024-08-01 00:00:00,2024-08-31 23:55:00
2024,S226,9,8622,8640,18,0.9979166666666667,283.200000000000000000,2024-09-01 00:00:00,2024-09-30 23:55:00
2024,S226,10,8910,8928,18,0.9979838709677419,246.600000000000000000,2024-10-01 00:00:00,2024-10-31 23:55:00
2024,S226,11,8387,8640,253,0.9707175925925926,344.200000000000000000,2024-11-01 00:00:00,2024-11-30 23:55:00
2024,S226,12,8916,8928,12,0.9986559139784946,240.000000000000000000,2024-12-01 00:00:00,2024-12-31 23:55:00
2024,S227,1,8928,8928,0,1.0,437.128000000000000000,2024-01-01 00:00:00,2024-01-31 23:55:00
2024,S227,2,8348,8352,4,0.9995210727969349,102.212000000000000000,2024-02-01 00:00:00,2024-02-29 23:55:00
2024,S227,3,8928,8928,0,1.0,159.176000000000000000,2024-03-01 00:00:00,2024-03-31 23:55:00
2024,S227,4,8640,8640,0,1.0,305.625980000000000000,2024-04-01 00:00:00,2024-04-30 23:55:00
2024,S227,5,8923,8928,5,0.9994399641577061,289.466000000000000000,2024-05-01 00:00:00,2024-05-31 23:55:00
2024,S227,6,8625,8640,15,0.9982638888888888,411.878010000000000000,2024-06-01 00:00:00,2024-06-30 23:55:00
2024,S227,7,8912,8928,16,0.9982078853046595,44.642000000000000000,2024-07-01 00:00:00,2024-07-31 23:55:00
2024,S227,8,8928,8928,0,1.0,182.608000000000000000,2024-08-01 00:00:00,2024-08-31 23:55:00
2024,S227,9,8639,8640,1,0.9998842592592593,302.797990000000000000,2024-09-01 00:00:00,2024-09-30 23:55:00
2024,S227,10,8912,8928,16,0.9982078853046595,195.940000000000000000,2024-10-01 00:00:00,2024-10-31 23:55:00
2024,S227,11,8390,8640,250,0.9710648148148148,518.937980000000000000,2024-11-01 00:00:00,2024-11-30 23:55:00
2024,S227,12,8916,8928,12,0.9986559139784946,203.414000000000000000,2024-12-01 00:00:00,2024-12-31 23:55:00
2024,S228,1,8928,8928,0,1.0,377.982000000000000000,2024-01-01 00:00:00,2024-01-31 23:55:00
2024,S228,2,8348,8352,4,0.9995210727969349,182.358000000000000000,2024-02-01 00:00:00,2024-02-29 23:55:00
2024,S228,3,8928,8928,0,1.0,222.948000000000000000,2024-03-01 00:00:00,2024-03-31 23:55:00
2024,S228,4,8640,8640,0,1.0,312.443990000000000000,2024-04-01 00:00:00,2024-04-30 23:55:00
2024,S228,5,8923,8928,5,0.9994399641577061,386.496000000000000000,2024-05-01 00:00:00,2024-05-31 23:55:00
2024,S228,6,8625,8640,15,0.9982638888888888,319.176000000000000000,2024-06-01 00:00:00,2024-06-30 23:55:00
2024,S228,7,8926,8928,2,0.9997759856630825,164.736000000000000000,2024-07-01 00:00:00,2024-07-31 23:55:00
2024,S228,8,8928,8928,0,1.0,157.212010000000000000,2024-08-01 00:00:00,2024-08-31 23:55:00
2024,S228,9,8639,8640,1,0.9998842592592593,313.236010000000000000,2024-09-01 00:00:00,2024-09-30 23:55:00
2024,S228,10,8912,8928,16,0.9982078853046595,234.432000000000000000,2024-10-01 00:00:00,2024-10-31 23:55:00
2024,S228,11,8390,8640,250,0.9710648148148148,397.781990000000000000,2024-11-01 00:00:00,2024-11-30 23:55:00
2024,S228,12,8916,8928,12,0.9986559139784946,246.510000000000000000,2024-12-01 00:00:00,2024-12-31 23:55:00
2024,S229,1,8928,8928,0,1.0,369.663000000000000000,2024-01-01 00:00:00,2024-01-31 23:55:00
2024,S229,2,8348,8352,4,0.9995210727969349,183.309000000000000000,2024-02-01 00:00:00,2024-02-29 23:55:00
2024,S229,3,8928,8928,0,1.0,224.315000000000000000,2024-03-01 00:00:00,2024-03-31 23:55:00
2024,S229,4,8640,8640,0,1.0,215.789000000000000000,2024-04-01 00:00:00,2024-04-30 23:55:00
2024,S229,5,8922,8928,6,0.9993279569892473,301.252000000000000000,2024-05-01 00:00:00,2024-05-31 23:55:00
2024,S229,6,8625,8640,15,0.9982638888888888,332.717000000000000000,2024-06-01 00:00:00,2024-06-30 23:55:00
2024,S229,7,8920,8928,8,0.9991039426523297,122.206000000000000000,2024-07-01 00:00:00,2024-07-31 23:55:00
2024,S229,8,8928,8928,0,1.0,163.415000000000000000,2024-08-01 00:00:00,2024-08-31 23:55:00
2024,S229,9,8639,8640,1,0.9998842592592593,333.935010000000000000,2024-09-01 00:00:00,2024-09-30 23:55:00
2024,S229,10,8912,8928,16,0.9982078853046595,241.570000000000000000,2024-10-01 00:00:00,2024-10-31 23:55:00
2024,S229,11,8390,8640,250,0.9710648148148148,451.878000000000000000,2024-11-01 00:00:00,2024-11-30 23:55:00
2024,S229,12,8916,8928,12,0.9986559139784946,195.286000000000000000,2024-12-01 00:00:00,2024-12-31 23:55:00
2024,S230,1,8928,8928,0,1.0,376.200000000000000000,2024-01-01 00:00:00,2024-01-31 23:55:00
2024,S230,2,8348,8352,4,0.9995210727969349,148.000000000000000000,2024-02-01 00:00:00,2024-02-29 23:55:00
2024,S230,3,8928,8928,0,1.0,229.400000000000000000,2024-03-01 00:00:00,2024-03-31 23:55:00
2024,S230,4,8640,8640,0,1.0,229.000000000000000000,2024-04-01 00:00:00,2024-04-30 23:55:00
2024,S230,5,8922,8928,6,0.9993279569892473,217.200000000000000000,2024-05-01 00:00:00,2024-05-31 23:55:00
2024,S230,6,8625,8640,15,0.9982638888888888,273.400010000000000000,2024-06-01 00:00:00,2024-06-30 23:55:00
2024,S230,7,8925,8928,3,0.9996639784946236,69.200000000000000000,2024-07-01 00:00:00,2024-07-31 23:55:00
2024,S230,8,8928,8928,0,1.0,114.400000000000000000,2024-08-01 00:00:00,2024-08-31 23:55:00
2024,S230,9,8639,8640,1,0.9998842592592593,298.799990000000000000,2024-09-01 00:00:00,2024-09-30 23:55:00
2024,S230,10,8912,8928,16,0.9982078853046595,221.000000000000000000,2024-10-01 00:00:00,2024-10-31 23:55:00
2024,S230,11,8390,8640,250,0.9710648148148148,401.800020000000000000,2024-11-01 00:00:00,2024-11-30 23:55:00
2024,S230,12,8916,8928,12,0.9986559139784946,150.600000000000000000,2024-12-01 00:00:00,2024-12-31 23:55:00
2024,S24,1,8923,8928,5,0.9994399641577061,500.400010000000000000,2024-01-01 00:00:00,2024-01-31 23:55:00
2024,S24,2,8348,8352,4,0.9995210727969349,60.600000000000000000,2024-02-01 00:00:00,2024-02-29 23:55:00
2024,S24,3,8925,8928,3,0.9996639784946236,161.199990000000000000,2024-03-01 00:00:00,2024-03-31 23:55:00
2024,S24,4,8613,8640,27,0.996875,205.200000000000000000,2024-04-01 00:00:00,2024-04-30 23:55:00
2024,S24,5,8723,8928,205,0.9770385304659498,226.800000000000000000,2024-05-01 00:00:00,2024-05-31 23:55:00
2024,S24,6,8625,8640,15,0.9982638888888888,245.800000000000000000,2024-06-01 00:00:00,2024-06-30 23:55:00
2024,S24,7,8887,8928,41,0.99540770609319,36.800000000000000000,2024-07-01 00:00:00,2024-07-31 23:55:00
2024,S24,8,8912,8928,16,0.9982078853046595,85.800000000000000000,2024-08-01 00:00:00,2024-08-31 23:55:00
2024,S24,9,8527,8640,113,0.9869212962962963,122.400000000000000000,2024-09-01 00:00:00,2024-09-30 23:55:00
2024,S24,10,8928,8928,0,1.0,154.400000000000000000,2024-10-01 00:00:00,2024-10-31 23:55:00
2024,S24,11,8390,8640,250,0.9710648148148148,407.600000000000000000,2024-11-01 00:00:00,2024-11-30 23:55:00
2024,S24,12,8915,8928,13,0.9985439068100358,234.800010000000000000,2024-12-01 00:00:00,2024-12-31 23:55:00
2024,S29,1,0,8928,8928,0.0,0,,
2024,S29,2,0,8352,8352,0.0,0,,
2024,S29,3,0,8928,8928,0.0,0,,
2024,S29,4,0,8640,8640,0.0,0,,
2024,S29,5,0,8928,8928,0.0,0,,
2024,S29,6,0,8640,8640,0.0,0,,
2024,S29,7,0,8928,8928,0.0,0,,
2024,S29,8,0,8928,8928,0.0,0,,
2024,S29,9,0,8640,8640,0.0,0,,
2024,S29,10,0,8928,8928,0.0,0,,
2024,S29,11,6739,8640,1901,0.7799768518518518,519.399990000000000000,2024-11-06 17:35:00,2024-11-30 23:55:00
2024,S29,12,8916,8928,12,0.9986559139784946,139.600000000000000000,2024-12-01 00:00:00,2024-12-31 23:55:00
2024,S33,1,8923,8928,5,0.9994399641577061,329.799990000000000000,2024-01-01 00:00:00,2024-01-31 23:55:00
2024,S33,2,8348,8352,4,0.9995210727969349,191.000000000000000000,2024-02-01 00:00:00,2024-02-29 23:55:00
2024,S33,3,8926,8928,2,0.9997759856630825,151.599990000000000000,2024-03-01 00:00:00,2024-03-31 23:55:00
2024,S33,4,8637,8640,3,0.9996527777777777,215.800000000000000000,2024-04-01 00:00:00,2024-04-30 23:55:00
2024,S33,5,8886,8928,42,0.9952956989247311,447.000000000000000000,2024-05-01 00:00:00,2024-05-31 23:55:00
2024,S33,6,8428,8640,212,0.975462962962963,192.399990000000000000,2024-06-01 00:00:00,2024-06-30 23:55:00
2024,S33,7,8614,8928,314,0.9648297491039427,144.600000000000000000,2024-07-01 00:00:00,2024-07-31 23:55:00
2024,S33,8,3506,8928,5422,0.3926971326164875,40.600000000000000000,2024-08-01 00:00:00,2024-08-31 23:55:00
2024,S33,9,8639,8640,1,0.9998842592592593,236.799990000000000000,2024-09-01 00:00:00,2024-09-30 23:55:00
2024,S33,10,8924,8928,4,0.9995519713261649,241.600000000000000000,2024-10-01 00:00:00,2024-10-31 23:55:00
2024,S33,11,8390,8640,250,0.9710648148148148,410.000000000000000000,2024-11-01 00:00:00,2024-11-30 23:55:00
2024,S33,12,8828,8928,100,0.9887992831541219,213.200000000000000000,2024-12-01 00:00:00,2024-12-31 23:55:00
2024,S35,1,8907,8928,21,0.9976478494623656,335.200000000000000000,2024-01-01 00:00:00,2024-01-31 23:55:00
2024,S35,2,8348,8352,4,0.9995210727969349,146.600010000000000000,2024-02-01 00:00:00,2024-02-29 23:55:00
2024,S35,3,8928,8928,0,1.0,139.600000000000000000,2024-03-01 00:00:00,2024-03-31 23:55:00
2024,S35,4,8640,8640,0,1.0,172.200000000000000000,2024-04-01 00:00:00,2024-04-30 23:55:00
2024,S35,5,8723,8928,205,0.9770385304659498,238.400000000000000000,2024-05-01 00:00:00,2024-05-31 23:55:00
2024,S35,6,8624,8640,16,0.9981481481481481,276.400000000000000000,2024-06-01 00:00:00,2024-06-30 23:55:00
2024,S35,7,8927,8928,1,0.9998879928315412,127.200000000000000000,2024-07-01 00:00:00,2024-07-31 23:55:00
2024,S35,8,8914,8928,14,0.9984318996415771,114.200000000000000000,2024-08-01 00:00:00,2024-08-31 23:55:00
2024,S35,9,8507,8640,133,0.9846064814814814,318.600010000000000000,2024-09-01 00:00:00,2024-09-30 23:55:00
2024,S35,10,8928,8928,0,1.0,270.599980000000000000,2024-10-01 00:00:00,2024-10-31 23:55:00
2024,S35,11,8389,8640,251,0.970949074074074,524.000000000000000000,2024-11-01 00:00:00,2024-11-30 23:55:00
2024,S35,12,8915,8928,13,0.9985439068100358,251.000000000000000000,2024-12-01 00:00:00,2024-12-31 23:55:00
2024,S40,1,8928,8928,0,1.0,405.000000000000000000,2024-01-01 00:00:00,2024-01-31 23:55:00
2024,S40,2,8345,8352,7,0.999161877394636,165.200000000000000000,2024-02-01 00:00:00,2024-02-29 23:55:00
2024,S40,3,8928,8928,0,1.0,92.000000000000000000,2024-03-01 00:00:00,2024-03-31 23:55:00
2024,S40,4,8640,8640,0,1.0,158.600000000000000000,2024-04-01 00:00:00,2024-04-30 23:55:00
2024,S40,5,8723,8928,205,0.9770385304659498,291.400000000000000000,2024-05-01 00:00:00,2024-05-31 23:55:00
2024,S40,6,8625,8640,15,0.9982638888888888,322.800000000000000000,2024-06-01 00:00:00,2024-06-30 23:55:00
2024,S40,7,8927,8928,1,0.9998879928315412,94.000000000000000000,2024-07-01 00:00:00,2024-07-31 23:55:00
2024,S40,8,8913,8928,15,0.9983198924731183,130.400000000000000000,2024-08-01 00:00:00,2024-08-31 23:55:00
2024,S40,9,8543,8640,97,0.9887731481481481,214.000000000000000000,2024-09-01 00:00:00,2024-09-30 23:55:00
2024,S40,10,4009,8928,4919,0.44903673835125446,17.600000000000000000,2024-10-01 00:00:00,2024-10-14 22:00:00
2024,S40,11,6729,8640,1911,0.7788194444444444,461.599990000000000000,2024-11-07 15:15:00,2024-11-30 23:55:00
2024,S40,12,8912,8928,16,0.9982078853046595,192.600000000000000000,2024-12-01 00:00:00,2024-12-31 23:55:00
2024,S43,1,8928,8928,0,1.0,393.800000000000000000,2024-01-01 00:00:00,2024-01-31 23:55:00
2024,S43,2,8348,8352,4,0.9995210727969349,109.000000000000000000,2024-02-01 00:00:00,2024-02-29 23:55:00
2024,S43,3,8927,8928,1,0.9998879928315412,158.400000000000000000,2024-03-01 00:00:00,2024-03-31 23:55:00
2024,S43,4,8639,8640,1,0.9998842592592593,214.200000000000000000,2024-04-01 00:00:00,2024-04-30 23:55:00
2024,S43,5,8720,8928,208,0.9767025089605734,287.000010000000000000,2024-05-01 00:00:00,2024-05-31 23:55:00
2024,S43,6,8625,8640,15,0.9982638888888888,245.200000000000000000,2024-06-01 00:00:00,2024-06-30 23:55:00
2024,S43,7,8928,8928,0,1.0,144.000010000000000000,2024-07-01 00:00:00,2024-07-31 23:55:00
2024,S43,8,8773,8928,155,0.9826388888888888,59.000000000000000000,2024-08-01 00:00:00,2024-08-31 23:55:00
2024,S43,9,8553,8640,87,0.9899305555555555,163.800000000000000000,2024-09-01 00:00:00,2024-09-30 23:55:00
2024,S43,10,8690,8928,238,0.97334229390681,174.400000000000000000,2024-10-01 00:00:00,2024-10-31 23:55:00
2024,S43,11,8390,8640,250,0.9710648148148148,348.400000000000000000,2024-11-01 00:00:00,2024-11-30 23:55:00
2024,S43,12,8915,8928,13,0.9985439068100358,314.000010000000000000,2024-12-01 00:00:00,2024-12-31 23:55:00
2024,S44,1,8918,8928,10,0.9988799283154122,301.399990000000000000,2024-01-01 00:00:00,2024-01-31 23:55:00
2024,S44,2,8344,8352,8,0.9990421455938697,141.000000000000000000,2024-02-01 00:00:00,2024-02-29 23:55:00
2024,S44,3,8928,8928,0,1.0,243.400000000000000000,2024-03-01 00:00:00,2024-03-31 23:55:00
2024,S44,4,8349,8640,291,0.9663194444444444,267.600010000000000000,2024-04-01 00:00:00,2024-04-30 23:55:00
2024,S44,5,8332,8928,596,0.9332437275985663,409.000010000000000000,2024-05-01 00:00:00,2024-05-31 23:55:00
2024,S44,6,8625,8640,15,0.9982638888888888,297.200010000000000000,2024-06-01 00:00:00,2024-06-30 23:55:00
2024,S44,7,8837,8928,91,0.9898073476702509,122.400010000000000000,2024-07-01 00:00:00,2024-07-31 23:55:00
2024,S44,8,8913,8928,15,0.9983198924731183,158.600000000000000000,2024-08-01 00:00:00,2024-08-31 23:55:00
2024,S44,9,8539,8640,101,0.9883101851851852,260.000000000000000000,2024-09-01 00:00:00,2024-09-30 23:55:00
2024,S44,10,8928,8928,0,1.0,179.000000000000000000,2024-10-01 00:00:00,2024-10-31 23:55:00
2024,S44,11,8181,8640,459,0.946875,356.400000000000000000,2024-11-01 00:00:00,2024-11-30 06:30:00
2024,S44,12,0,8928,8928,0.0,0,,
2024,S50,1,8926,8928,2,0.9997759856630825,395.800000000000000000,2024-01-01 00:00:00,2024-01-31 23:55:00
2024,S50,2,8348,8352,4,0.9995210727969349,163.399990000000000000,2024-02-01 00:00:00,2024-02-29 23:55:00
2024,S50,3,8923,8928,5,0.9994399641577061,164.200000000000000000,2024-03-01 00:00:00,2024-03-31 23:55:00
2024,S50,4,8638,8640,2,0.9997685185185186,163.600000000000000000,2024-04-01 00:00:00,2024-04-30 23:55:00
2024,S50,5,8723,8928,205,0.9770385304659498,230.600000000000000000,2024-05-01 00:00:00,2024-05-31 23:55:00
2024,S50,6,8625,8640,15,0.9982638888888888,319.600000000000000000,2024-06-01 00:00:00,2024-06-30 23:55:00
2024,S50,7,8921,8928,7,0.9992159498207885,79.200000000000000000,2024-07-01 00:00:00,2024-07-31 23:55:00
2024,S50,8,8912,8928,16,0.9982078853046595,93.800000000000000000,2024-08-01 00:00:00,2024-08-31 23:55:00
2024,S50,9,8547,8640,93,0.9892361111111111,272.000000000000000000,2024-09-01 00:00:00,2024-09-30 23:55:00
2024,S50,10,8928,8928,0,1.0,294.399980000000000000,2024-10-01 00:00:00,2024-10-31 23:55:00
2024,S50,11,8388,8640,252,0.9708333333333333,422.800010000000000000,2024-11-01 00:00:00,2024-11-30 23:55:00
2024,S50,12,8916,8928,12,0.9986559139784946,206.400010000000000000,2024-12-01 00:00:00,2024-12-31 23:55:00
2024,S60,1,6584,8928,2344,0.7374551971326165,143.200000000000000000,2024-01-01 00:00:00,2024-01-31 23:55:00
2024,S60,2,8348,8352,4,0.9995210727969349,96.400000000000000000,2024-02-01 00:00:00,2024-02-29 23:55:00
2024,S60,3,4983,8928,3945,0.5581317204301075,110.600000000000000000,2024-03-01 00:00:00,2024-03-29 06:55:00
2024,S60,4,6727,8640,1913,0.778587962962963,133.200000000000000000,2024-04-01 11:20:00,2024-04-30 23:55:00
2024,S60,5,8921,8928,7,0.9992159498207885,191.999990000000000000,2024-05-01 00:00:00,2024-05-31 23:55:00
2024,S60,6,8624,8640,16,0.9981481481481481,137.200000000000000000,2024-06-01 00:00:00,2024-06-30 23:55:00
2024,S60,7,8845,8928,83,0.9907034050179212,79.799990000000000000,2024-07-01 00:00:00,2024-07-31 23:55:00
2024,S60,8,6145,8928,2783,0.6882840501792115,72.800000000000000000,2024-08-01 00:00:00,2024-08-31 23:55:00
2024,S60,9,8640,8640,0,1.0,187.600000000000000000,2024-09-01 00:00:00,2024-09-30 23:55:00
2024,S60,10,8924,8928,4,0.9995519713261649,209.800000000000000000,2024-10-01 00:00:00,2024-10-31 23:55:00
2024,S60,11,8390,8640,250,0.9710648148148148,265.199990000000000000,2024-11-01 00:00:00,2024-11-30 23:55:00
2024,S60,12,8916,8928,12,0.9986559139784946,242.400000000000000000,2024-12-01 00:00:00,2024-12-31 23:55:00
2024,S64,1,8916,8928,12,0.9986559139784946,375.999990000000000000,2024-01-01 00:00:00,2024-01-31 23:55:00
2024,S64,2,8343,8352,9,0.9989224137931034,173.600000000000000000,2024-02-01 00:00:00,2024-02-29 23:55:00
2024,S64,3,8928,8928,0,1.0,203.600010000000000000,2024-03-01 00:00:00,2024-03-31 23:55:00
2024,S64,4,8640,8640,0,1.0,171.600000000000000000,2024-04-01 00:00:00,2024-04-30 23:55:00
2024,S64,5,8723,8928,205,0.9770385304659498,301.600010000000000000,2024-05-01 00:00:00,2024-05-31 23:55:00
2024,S64,6,8625,8640,15,0.9982638888888888,388.000010000000000000,2024-06-01 00:00:00,2024-06-30 23:55:00
2024,S64,7,8922,8928,6,0.9993279569892473,107.400000000000000000,2024-07-01 00:00:00,2024-07-31 23:55:00
2024,S64,8,8508,8928,420,0.9529569892473119,160.800000000000000000,2024-08-01 00:00:00,2024-08-31 23:55:00
2024,S64,9,8540,8640,100,0.9884259259259259,230.000000000000000000,2024-09-01 00:00:00,2024-09-30 23:55:00
2024,S64,10,8928,8928,0,1.0,222.800000000000000000,2024-10-01 00:00:00,2024-10-31 23:55:00
2024,S64,11,8390,8640,250,0.9710648148148148,452.199990000000000000,2024-11-01 00:00:00,2024-11-30 23:55:00
2024,S64,12,8915,8928,13,0.9985439068100358,259.400000000000000000,2024-12-01 00:00:00,2024-12-31 23:55:00
2024,S66,1,8926,8928,2,0.9997759856630825,459.400000000000000000,2024-01-01 00:00:00,2024-01-31 23:55:00
2024,S66,2,8347,8352,5,0.9994013409961686,192.400010000000000000,2024-02-01 00:00:00,2024-02-29 23:55:00
2024,S66,3,8922,8928,6,0.9993279569892473,189.999990000000000000,2024-03-01 00:00:00,2024-03-31 23:55:00
2024,S66,4,8622,8640,18,0.9979166666666667,266.999990000000000000,2024-04-01 00:00:00,2024-04-30 23:55:00
2024,S66,5,8686,8928,242,0.972894265232975,263.199990000000000000,2024-05-01 00:00:00,2024-05-31 23:55:00
2024,S66,6,8616,8640,24,0.9972222222222222,528.200000000000000000,2024-06-01 00:00:00,2024-06-30 23:55:00
2024,S66,7,8924,8928,4,0.9995519713261649,73.200000000000000000,2024-07-01 00:00:00,2024-07-31 23:55:00
2024,S66,8,8627,8928,301,0.9662858422939068,259.200000000000000000,2024-08-01 00:00:00,2024-08-31 23:55:00
2024,S66,9,8536,8640,104,0.9879629629629629,233.400000000000000000,2024-09-01 00:00:00,2024-09-30 23:55:00
2024,S66,10,6065,8928,2863,0.6793234767025089,122.800000000000000000,2024-10-01 00:00:00,2024-10-31 23:55:00
2024,S66,11,7832,8640,808,0.9064814814814814,378.200010000000000000,2024-11-01 00:00:00,2024-11-30 23:55:00
2024,S66,12,8916,8928,12,0.9986559139784946,241.999990000000000000,2024-12-01 00:00:00,2024-12-31 23:55:00
2024,S69,1,8853,8928,75,0.9915994623655914,459.600000000000000000,2024-01-01 00:00:00,2024-01-31 23:55:00
2024,S69,2,8347,8352,5,0.9994013409961686,84.000000000000000000,2024-02-01 00:00:00,2024-02-29 23:55:00
2024,S69,3,8461,8928,467,0.9476926523297491,104.800000000000000000,2024-03-01 00:00:00,2024-03-31 23:55:00
2024,S69,4,8531,8640,109,0.9873842592592592,205.199990000000000000,2024-04-01 00:00:00,2024-04-30 23:55:00
2024,S69,5,8875,8928,53,0.9940636200716846,270.800010000000000000,2024-05-01 00:00:00,2024-05-31 23:55:00
2024,S69,6,8557,8640,83,0.9903935185185185,319.200000000000000000,2024-06-01 00:00:00,2024-06-30 23:55:00
2024,S69,7,8219,8928,709,0.920586917562724,79.400000000000000000,2024-07-01 00:00:00,2024-07-31 23:55:00
2024,S69,8,6108,8928,2820,0.6841397849462365,93.200000000000000000,2024-08-01 00:00:00,2024-08-31 23:55:00
2024,S69,9,8623,8640,17,0.9980324074074074,206.200000000000000000,2024-09-01 00:00:00,2024-09-30 23:55:00
2024,S69,10,8911,8928,17,0.9980958781362007,203.200000000000000000,2024-10-01 00:00:00,2024-10-31 23:55:00
2024,S69,11,8389,8640,251,0.970949074074074,491.400010000000000000,2024-11-01 00:00:00,2024-11-30 23:55:00
2024,S69,12,6536,8928,2392,0.732078853046595,222.200000000000000000,2024-12-01 00:00:00,2024-12-31 23:55:00
2024,S71,1,8928,8928,0,1.0,386.200000000000000000,2024-01-01 00:00:00,2024-01-31 23:55:00
2024,S71,2,8348,8352,4,0.9995210727969349,117.000000000000000000,2024-02-01 00:00:00,2024-02-29 23:55:00
2024,S71,3,8927,8928,1,0.9998879928315412,253.600000000000000000,2024-03-01 00:00:00,2024-03-31 23:55:00
2024,S71,4,8640,8640,0,1.0,173.800000000000000000,2024-04-01 00:00:00,2024-04-30 23:55:00
2024,S71,5,8722,8928,206,0.9769265232974911,207.400000000000000000,2024-05-01 00:00:00,2024-05-31 23:55:00
2024,S71,6,8621,8640,19,0.997800925925926,296.000000000000000000,2024-06-01 00:00:00,2024-06-30 23:55:00
2024,S71,7,8926,8928,2,0.9997759856630825,90.200000000000000000,2024-07-01 00:00:00,2024-07-31 23:55:00
2024,S71,8,8482,8928,446,0.9500448028673835,124.400000000000000000,2024-08-01 00:00:00,2024-08-31 23:55:00
2024,S71,9,8549,8640,91,0.9894675925925925,285.599990000000000000,2024-09-01 00:00:00,2024-09-30 23:55:00
2024,S71,10,5474,8928,3454,0.6131272401433692,248.199990000000000000,2024-10-01 00:00:00,2024-10-31 23:55:00
2024,S71,11,8390,8640,250,0.9710648148148148,343.600000000000000000,2024-11-01 00:00:00,2024-11-30 23:55:00
2024,S71,12,8916,8928,12,0.9986559139784946,181.799990000000000000,2024-12-01 00:00:00,2024-12-31 23:55:00
2024,S77,1,8928,8928,0,1.0,336.200000000000000000,2024-01-01 00:00:00,2024-01-31 23:55:00
2024,S77,2,8347,8352,5,0.9994013409961686,127.200000000000000000,2024-02-01 00:00:00,2024-02-29 23:55:00
2024,S77,3,8928,8928,0,1.0,180.400000000000000000,2024-03-01 00:00:00,2024-03-31 23:55:00
2024,S77,4,8638,8640,2,0.9997685185185186,180.200000000000000000,2024-04-01 00:00:00,2024-04-30 23:55:00
2024,S77,5,8722,8928,206,0.9769265232974911,190.400000000000000000,2024-05-01 00:00:00,2024-05-31 23:55:00
2024,S77,6,8599,8640,41,0.9952546296296296,231.600000000000000000,2024-06-01 00:00:00,2024-06-30 23:55:00
2024,S77,7,8924,8928,4,0.9995519713261649,70.200000000000000000,2024-07-01 00:00:00,2024-07-31 23:55:00
2024,S77,8,8489,8928,439,0.950828853046595,98.200000000000000000,2024-08-01 00:00:00,2024-08-31 23:55:00
2024,S77,9,8540,8640,100,0.9884259259259259,209.800000000000000000,2024-09-01 00:00:00,2024-09-30 23:55:00
2024,S77,10,8907,8928,21,0.9976478494623656,210.200000000000000000,2024-10-01 00:00:00,2024-10-31 23:55:00
2024,S77,11,8390,8640,250,0.9710648148148148,311.600010000000000000,2024-11-01 00:00:00,2024-11-30 23:55:00
2024,S77,12,8062,8928,866,0.9030017921146953,256.399990000000000000,2024-12-01 00:00:00,2024-12-31 23:55:00
2024,S78,1,8922,8928,6,0.9993279569892473,421.799990000000000000,2024-01-01 00:00:00,2024-01-31 23:55:00
2024,S78,2,8344,8352,8,0.9990421455938697,79.799990000000000000,2024-02-01 00:00:00,2024-02-29 23:55:00
2024,S78,3,8920,8928,8,0.9991039426523297,170.400000000000000000,2024-03-01 00:00:00,2024-03-31 23:55:00
2024,S78,4,8610,8640,30,0.9965277777777778,213.799990000000000000,2024-04-01 00:00:00,2024-04-30 23:55:00
2024,S78,5,8692,8928,236,0.9735663082437276,210.800000000000000000,2024-05-01 00:00:00,2024-05-31 23:55:00
2024,S78,6,8623,8640,17,0.9980324074074074,208.000000000000000000,2024-06-01 00:00:00,2024-06-30 23:55:00
2024,S78,7,8924,8928,4,0.9995519713261649,104.000000000000000000,2024-07-01 00:00:00,2024-07-31 23:55:00
2024,S78,8,8242,8928,686,0.923163082437276,79.200000000000000000,2024-08-01 00:00:00,2024-08-31 23:55:00
2024,S78,9,8499,8640,141,0.9836805555555556,165.200000000000000000,2024-09-01 00:00:00,2024-09-30 23:55:00
2024,S78,10,8707,8928,221,0.9752464157706093,129.200000000000000000,2024-10-01 00:00:00,2024-10-31 23:55:00
2024,S78,11,8242,8640,398,0.9539351851851852,348.600000000000000000,2024-11-01 00:00:00,2024-11-30 23:55:00
2024,S78,12,8892,8928,36,0.9959677419354839,192.400000000000000000,2024-12-01 00:00:00,2024-12-31 23:55:00
2024,S79,1,7969,8928,959,0.8925851254480287,288.600000000000000000,2024-01-01 00:00:00,2024-01-31 23:55:00
2024,S79,2,7586,8352,766,0.9082854406130269,136.600000000000000000,2024-02-01 00:00:00,2024-02-29 23:55:00
2024,S79,3,8928,8928,0,1.0,173.800000000000000000,2024-03-01 00:00:00,2024-03-31 23:55:00
2024,S79,4,8640,8640,0,1.0,183.000000000000000000,2024-04-01 00:00:00,2024-04-30 23:55:00
2024,S79,5,8923,8928,5,0.9994399641577061,176.199980000000000000,2024-05-01 00:00:00,2024-05-31 23:55:00
2024,S79,6,8622,8640,18,0.9979166666666667,222.600000000000000000,2024-06-01 00:00:00,2024-06-30 23:55:00
2024,S79,7,3623,8928,5305,0.40580197132616486,14.600000000000000000,2024-07-01 00:00:00,2024-07-31 23:55:00
2024,S79,8,2967,8928,5961,0.3323252688172043,44.400000000000000000,2024-08-01 00:00:00,2024-08-31 23:55:00
2024,S79,9,8419,8640,221,0.9744212962962963,173.600000000000000000,2024-09-01 00:00:00,2024-09-30 23:55:00
2024,S79,10,8781,8928,147,0.9835349462365591,203.400000000000000000,2024-10-01 00:00:00,2024-10-31 23:55:00
2024,S79,11,8193,8640,447,0.9482638888888889,373.000000000000000000,2024-11-01 00:00:00,2024-11-30 23:55:00
2024,S79,12,8751,8928,177,0.9801747311827957,247.799990000000000000,2024-12-01 00:00:00,2024-12-31 23:55:00
2024,S81,1,8928,8928,0,1.0,451.600000000000000000,2024-01-01 00:00:00,2024-01-31 23:55:00
2024,S81,2,8348,8352,4,0.9995210727969349,135.400000000000000000,2024-02-01 00:00:00,2024-02-29 23:55:00
2024,S81,3,8928,8928,0,1.0,146.199990000000000000,2024-03-01 00:00:00,2024-03-31 23:55:00
2024,S81,4,8640,8640,0,1.0,192.400000000000000000,2024-04-01 00:00:00,2024-04-30 23:55:00
2024,S81,5,8723,8928,205,0.9770385304659498,250.800000000000000000,2024-05-01 00:00:00,2024-05-31 23:55:00
2024,S81,6,8625,8640,15,0.9982638888888888,220.000000000000000000,2024-06-01 00:00:00,2024-06-30 23:55:00
2024,S81,7,8926,8928,2,0.9997759856630825,87.200000000000000000,2024-07-01 00:00:00,2024-07-31 23:55:00
2024,S81,8,8515,8928,413,0.9537410394265233,88.800000000000000000,2024-08-01 00:00:00,2024-08-31 23:55:00
2024,S81,9,8541,8640,99,0.9885416666666667,185.200000000000000000,2024-09-01 00:00:00,2024-09-30 23:55:00
2024,S81,10,8928,8928,0,1.0,117.600000000000000000,2024-10-01 00:00:00,2024-10-31 23:55:00
2024,S81,11,8389,8640,251,0.970949074074074,355.400000000000000000,2024-11-01 00:00:00,2024-11-30 23:55:00
2024,S81,12,8903,8928,25,0.9971998207885304,123.400000000000000000,2024-12-01 00:00:00,2024-12-31 23:55:00
2024,S84,1,8565,8928,363,0.9593413978494624,468.800010000000000000,2024-01-01 00:00:00,2024-01-31 23:55:00
2024,S84,2,8280,8352,72,0.9913793103448276,77.400000000000000000,2024-02-01 00:00:00,2024-02-29 23:55:00
2024,S84,3,8802,8928,126,0.9858870967741935,101.400000000000000000,2024-03-01 00:00:00,2024-03-31 23:55:00
2024,S84,4,8540,8640,100,0.9884259259259259,195.200000000000000000,2024-04-01 00:00:00,2024-04-30 23:55:00
2024,S84,5,8554,8928,374,0.9581093189964157,264.600000000000000000,2024-05-01 00:00:00,2024-05-31 23:55:00
2024,S84,6,8567,8640,73,0.991550925925926,265.400000000000000000,2024-06-01 00:00:00,2024-06-30 23:55:00
2024,S84,7,8928,8928,0,1.0,59.200000000000000000,2024-07-01 00:00:00,2024-07-31 23:55:00
2024,S84,8,8501,8928,427,0.9521729390681004,128.000000000000000000,2024-08-01 00:00:00,2024-08-31 23:55:00
2024,S84,9,8544,8640,96,0.9888888888888889,157.600000000000000000,2024-09-01 00:00:00,2024-09-30 23:55:00
2024,S84,10,8928,8928,0,1.0,202.000000000000000000,2024-10-01 00:00:00,2024-10-31 23:55:00
2024,S84,11,8390,8640,250,0.9710648148148148,405.000000000000000000,2024-11-01 00:00:00,2024-11-30 23:55:00
2024,S84,12,7470,8928,1458,0.8366935483870968,235.000000000000000000,2024-12-01 00:00:00,2024-12-31 23:55:00
2024,S88,1,8928,8928,0,1.0,354.800000000000000000,2024-01-01 00:00:00,2024-01-31 23:55:00
2024,S88,2,8334,8352,18,0.9978448275862069,105.400000000000000000,2024-02-01 00:00:00,2024-02-29 23:55:00
2024,S88,3,8925,8928,3,0.9996639784946236,199.400000000000000000,2024-03-01 00:00:00,2024-03-31 23:55:00
2024,S88,4,8637,8640,3,0.9996527777777777,201.400000000000000000,2024-04-01 00:00:00,2024-04-30 23:55:00
2024,S88,5,8723,8928,205,0.9770385304659498,294.200000000000000000,2024-05-01 00:00:00,2024-05-31 23:55:00
2024,S88,6,8583,8640,57,0.9934027777777777,235.200000000000000000,2024-06-01 00:00:00,2024-06-30 23:55:00
2024,S88,7,8925,8928,3,0.9996639784946236,96.000000000000000000,2024-07-01 00:00:00,2024-07-31 23:55:00
2024,S88,8,8485,8928,443,0.9503808243727598,83.800000000000000000,2024-08-01 00:00:00,2024-08-31 23:55:00
2024,S88,9,6290,8640,2350,0.7280092592592593,223.600010000000000000,2024-09-01 00:00:00,2024-09-30 23:55:00
2024,S88,10,8928,8928,0,1.0,209.600000000000000000,2024-10-01 00:00:00,2024-10-31 23:55:00
2024,S88,11,8390,8640,250,0.9710648148148148,410.999990000000000000,2024-11-01 00:00:00,2024-11-30 23:55:00
2024,S88,12,8906,8928,22,0.9975358422939068,236.200000000000000000,2024-12-01 00:00:00,2024-12-31 23:55:00
2024,S89,1,8928,8928,0,1.0,320.600000000000000000,2024-01-01 00:00:00,2024-01-31 23:55:00
2024,S89,2,8348,8352,4,0.9995210727969349,96.400000000000000000,2024-02-01 00:00:00,2024-02-29 23:55:00
2024,S89,3,8926,8928,2,0.9997759856630825,229.000000000000000000,2024-03-01 00:00:00,2024-03-31 23:55:00
2024,S89,4,8640,8640,0,1.0,228.400000000000000000,2024-04-01 00:00:00,2024-04-30 23:55:00
2024,S89,5,8723,8928,205,0.9770385304659498,493.200000000000000000,2024-05-01 00:00:00,2024-05-31 23:55:00
2024,S89,6,8623,8640,17,0.9980324074074074,150.999990000000000000,2024-06-01 00:00:00,2024-06-30 23:55:00
2024,S89,7,8927,8928,1,0.9998879928315412,79.600000000000000000,2024-07-01 00:00:00,2024-07-31 23:55:00
2024,S89,8,8463,8928,465,0.9479166666666666,200.400000000000000000,2024-08-01 00:00:00,2024-08-31 23:55:00
2024,S89,9,7979,8640,661,0.9234953703703703,261.799990000000000000,2024-09-01 00:00:00,2024-09-30 23:55:00
2024,S89,10,8928,8928,0,1.0,182.200000000000000000,2024-10-01 00:00:00,2024-10-31 23:55:00
2024,S89,11,8390,8640,250,0.9710648148148148,396.400000000000000000,2024-11-01 00:00:00,2024-11-30 23:55:00
2024,S89,12,8912,8928,16,0.9982078853046595,289.200000000000000000,2024-12-01 00:00:00,2024-12-31 23:55:00
2024,S90,1,8928,8928,0,1.0,360.800000000000000000,2024-01-01 00:00:00,2024-01-31 23:55:00
2024,S90,2,8346,8352,6,0.9992816091954023,162.200000000000000000,2024-02-01 00:00:00,2024-02-29 23:55:00
2024,S90,3,8926,8928,2,0.9997759856630825,161.800000000000000000,2024-03-01 00:00:00,2024-03-31 23:55:00
2024,S90,4,8637,8640,3,0.9996527777777777,201.200000000000000000,2024-04-01 00:00:00,2024-04-30 23:55:00
2024,S90,5,8723,8928,205,0.9770385304659498,208.399990000000000000,2024-05-01 00:00:00,2024-05-31 23:55:00
2024,S90,6,8489,8640,151,0.9825231481481481,280.800010000000000000,2024-06-01 00:00:00,2024-06-30 23:55:00
2024,S90,7,8927,8928,1,0.9998879928315412,53.400000000000000000,2024-07-01 00:00:00,2024-07-31 23:55:00
2024,S90,8,8518,8928,410,0.9540770609318996,117.200010000000000000,2024-08-01 00:00:00,2024-08-31 23:55:00
2024,S90,9,8537,8640,103,0.9880787037037037,245.800000000000000000,2024-09-01 00:00:00,2024-09-30 23:55:00
2024,S90,10,7210,8928,1718,0.8075716845878136,215.800000000000000000,2024-10-01 00:00:00,2024-10-31 23:55:00
2024,S90,11,8390,8640,250,0.9710648148148148,419.600000000000000000,2024-11-01 00:00:00,2024-11-30 23:55:00
2024,S90,12,8916,8928,12,0.9986559139784946,297.599990000000000000,2024-12-01 00:00:00,2024-12-31 23:55:00
2024,S900,1,8800,8928,128,0.985663082437276,455.200000000000000000,2024-01-01 00:00:00,2024-01-31 23:55:00
2024,S900,2,8348,8352,4,0.9995210727969349,135.000010000000000000,2024-02-01 00:00:00,2024-02-29 23:55:00
2024,S900,3,8926,8928,2,0.9997759856630825,175.800000000000000000,2024-03-01 00:00:00,2024-03-31 23:55:00
2024,S900,4,8625,8640,15,0.9982638888888888,207.400000000000000000,2024-04-01 00:00:00,2024-04-30 23:55:00
2024,S900,5,8610,8928,318,0.9643817204301075,233.600000000000000000,2024-05-01 00:00:00,2024-05-31 23:55:00
2024,S900,6,8623,8640,17,0.9980324074074074,180.400000000000000000,2024-06-01 00:00:00,2024-06-30 23:55:00
2024,S900,7,8924,8928,4,0.9995519713261649,90.400000000000000000,2024-07-01 00:00:00,2024-07-31 23:55:00
2024,S900,8,8487,8928,441,0.9506048387096774,83.400000000000000000,2024-08-01 00:00:00,2024-08-31 23:55:00
2024,S900,9,8541,8640,99,0.9885416666666667,268.800000000000000000,2024-09-01 00:00:00,2024-09-30 23:55:00
2024,S900,10,8928,8928,0,1.0,192.600000000000000000,2024-10-01 00:00:00,2024-10-31 23:55:00
2024,S900,11,8390,8640,250,0.9710648148148148,533.600000000000000000,2024-11-01 00:00:00,2024-11-30 23:55:00
2024,S900,12,8746,8928,182,0.9796146953405018,134.800000000000000000,2024-12-01 00:00:00,2024-12-31 23:55:00
2024,S92,1,0,8928,8928,0.0,0,,
2024,S92,2,0,8352,8352,0.0,0,,
2024,S92,3,0,8928,8928,0.0,0,,
2024,S92,4,0,8640,8640,0.0,0,,
2024,S92,5,0,8928,8928,0.0,0,,
2024,S92,6,0,8640,8640,0.0,0,,
2024,S92,7,0,8928,8928,0.0,0,,
2024,S92,8,0,8928,8928,0.0,0,,
2024,S92,9,0,8640,8640,0.0,0,,
2024,S92,10,0,8928,8928,0.0,0,,
2024,S92,11,3116,8640,5524,0.36064814814814816,128.800000000000000000,2024-11-06 17:35:00,2024-11-18 10:00:00
2024,S92,12,6230,8928,2698,0.6978046594982079,193.600000000000000000,2024-12-10 08:50:00,2024-12-31 23:55:00
2024,S94,1,8927,8928,1,0.9998879928315412,533.999990000000000000,2024-01-01 00:00:00,2024-01-31 23:55:00
2024,S94,2,8348,8352,4,0.9995210727969349,94.200000000000000000,2024-02-01 00:00:00,2024-02-29 23:55:00
2024,S94,3,8927,8928,1,0.9998879928315412,143.600000000000000000,2024-03-01 00:00:00,2024-03-31 23:55:00
2024,S94,4,8640,8640,0,1.0,231.399990000000000000,2024-04-01 00:00:00,2024-04-30 23:55:00
2024,S94,5,8722,8928,206,0.9769265232974911,321.400000000000000000,2024-05-01 00:00:00,2024-05-31 23:55:00
2024,S94,6,8613,8640,27,0.996875,253.400000000000000000,2024-06-01 00:00:00,2024-06-30 23:55:00
2024,S94,7,8927,8928,1,0.9998879928315412,63.200000000000000000,2024-07-01 00:00:00,2024-07-31 23:55:00
2024,S94,8,7882,8928,1046,0.8828405017921147,94.400000000000000000,2024-08-01 00:00:00,2024-08-31 23:55:00
2024,S94,9,8535,8640,105,0.9878472222222222,139.600000000000000000,2024-09-01 00:00:00,2024-09-30 23:55:00
2024,S94,10,8928,8928,0,1.0,140.600000000000000000,2024-10-01 00:00:00,2024-10-31 23:55:00
2024,S94,11,3049,8640,5591,0.3528935185185185,103.800000000000000000,2024-11-01 00:00:00,2024-11-12 10:50:00
2024,S94,12,6228,8928,2700,0.6975806451612904,104.000000000000000000,2024-12-10 09:00:00,2024-12-31 23:55:00
