year,station_id,month,unique_timestamps,occupied_nominal_slots,expected_calendar_slots,calendar_coverage_ratio,calendar_unobserved_slots,observed_span_slots,observed_span_unobserved_slots,observed_span_coverage_ratio,time_phase_variants,off_grid_unique_timestamps,slot_collision_excess,candidate_unique_timestamps,candidate_calendar_coverage_ratio,first_epoch_s,last_epoch_s
2017,S06,1,8821,8821,8928,0.98801523,107,8832,11,0.99875453,1,8821,0,8821,0.98801523,1483229099,1485878399
2017,S06,2,8063,8063,8064,0.99987599,1,8064,1,0.99987599,1,8063,0,8063,0.99987599,1485878699,1488297599
2017,S06,3,7623,7623,8928,0.85383065,1305,7623,0,1.0,1,7623,0,7623,0.85383065,1488297899,1490584499
2017,S06,4,0,0,8640,0.0,8640,0,0,,0,0,0,0,0.0,,
2017,S06,5,0,0,8928,0.0,8928,0,0,,0,0,0,0,0.0,,
2017,S06,6,0,0,8640,0.0,8640,0,0,,0,0,0,0,0.0,,
2017,S06,7,0,0,8928,0.0,8928,0,0,,0,0,0,0,0.0,,
2017,S06,8,0,0,8928,0.0,8928,0,0,,0,0,0,0,0.0,,
2017,S06,9,0,0,8640,0.0,8640,0,0,,0,0,0,0,0.0,,
2017,S06,10,0,0,8928,0.0,8928,0,0,,0,0,0,0,0.0,,
2017,S06,11,0,0,8640,0.0,8640,0,0,,0,0,0,0,0.0,,
2017,S06,12,0,0,8928,0.0,8928,0,0,,0,0,0,0,0.0,,
2017,S07,1,8832,8832,8928,0.98924731,96,8832,0,1.0,1,8832,0,8832,0.98924731,1483229099,1485878399
2017,S07,2,8061,8061,8064,0.99962798,3,8064,3,0.99962798,1,8061,0,8061,0.99962798,1485878699,1488297599
2017,S07,3,8927,8927,8928,0.99988799,1,8928,1,0.99988799,1,8927,0,8927,0.99988799,1488297899,1490975999
2017,S07,4,7418,7417,8640,0.85844907,1223,8640,1223,0.85844907,2,6437,1,7418,0.85844907,1490976299,1493567700
2017,S07,5,8464,8464,8928,0.94802867,464,8928,464,0.94802867,1,0,0,8464,0.94802867,1493568000,1496246100
2017,S07,6,8429,8429,8640,0.9755787,211,8640,211,0.9755787,1,0,0,8429,0.9755787,1496246400,1498838100
2017,S07,7,8436,8436,8928,0.94489247,492,8928,492,0.94489247,1,0,0,8436,0.94489247,1498838400,1501516500
2017,S07,8,8622,8622,8928,0.96572581,306,8928,306,0.96572581,1,0,0,8622,0.96572581,1501516800,1504194900
2017,S07,9,8431,8431,8640,0.97581019,209,8640,209,0.97581019,1,0,0,8431,0.97581019,1504195200,1506786900
2017,S07,10,8591,8591,8928,0.96225358,337,8881,290,0.96734602,1,0,0,8591,0.96225358,1506787200,1509451200
2017,S07,11,4331,4331,8640,0.50127315,4309,8542,4211,0.50702412,1,0,0,4331,0.50127315,1509495000,1512057300
2017,S07,12,8747,8747,8928,0.9797267,181,8928,181,0.9797267,1,0,0,8747,0.9797267,1512057600,1514735700
2017,S08,1,8831,8831,8928,0.9891353,97,8832,1,0.99988678,1,8831,0,8831,0.9891353,1483229099,1485878399
2017,S08,2,8063,8063,8064,0.99987599,1,8064,1,0.99987599,1,8063,0,8063,0.99987599,1485878699,1488297599
2017,S08,3,8928,8928,8928,1.0,0,8928,0,1.0,1,8928,0,8928,1.0,1488297899,1490975999
2017,S08,4,4237,4236,8640,0.49027778,4404,8640,4404,0.49027778,2,2941,1,4237,0.49027778,1490976299,1493567700
2017,S08,5,8681,8681,8928,0.97233423,247,8928,247,0.97233423,1,0,0,8681,0.97233423,1493568000,1496246100
2017,S08,6,2875,2875,8640,0.33275463,5765,6327,3452,0.45440177,1,0,0,2875,0.33275463,1496246400,1498144200
2017,S08,7,4389,4389,8928,0.49159946,4539,7858,3469,0.55853907,1,0,0,4389,0.49159946,1499159400,1501516500
2017,S08,8,8652,8652,8928,0.96908602,276,8928,276,0.96908602,1,0,0,8652,0.96908602,1501516800,1504194900
2017,S08,9,8400,8400,8640,0.97222222,240,8640,240,0.97222222,1,0,0,8400,0.97222222,1504195200,1506786900
2017,S08,10,8673,8673,8928,0.97143817,255,8928,255,0.97143817,1,0,0,8673,0.97143817,1506787200,1509465300
2017,S08,11,8417,8417,8640,0.97418981,223,8640,223,0.97418981,1,0,0,8417,0.97418981,1509465600,1512057300
2017,S08,12,8733,8733,8928,0.9781586,195,8928,195,0.9781586,1,0,0,8733,0.9781586,1512057600,1514735700
2017,S100,1,8816,8816,8928,0.9874552,112,8832,16,0.99818841,1,8816,0,8816,0.9874552,1483229099,1485878399
2017,S100,2,8052,8052,8064,0.9985119,12,8064,12,0.9985119,1,8052,0,8052,0.9985119,1485878699,1488297599
2017,S100,3,8907,8907,8928,0.99764785,21,8928,21,0.99764785,1,8907,0,8907,0.99764785,1488297899,1490975999
2017,S100,4,8198,8197,8640,0.94872685,443,8640,443,0.94872685,2,7001,1,8198,0.94872685,1490976299,1493567700
2017,S100,5,7388,7388,8928,0.82750896,1540,8928,1540,0.82750896,1,0,0,7388,0.82750896,1493568000,1496246100
2017,S100,6,8318,8318,8640,0.96273148,322,8640,322,0.96273148,1,0,0,8318,0.96273148,1496246400,1498838100
2017,S100,7,8741,8741,8928,0.97905466,187,8928,187,0.97905466,1,0,0,8741,0.97905466,1498838400,1501516500
2017,S100,8,8718,8718,8928,0.97647849,210,8928,210,0.97647849,1,0,0,8718,0.97647849,1501516800,1504194900
2017,S100,9,8407,8407,8640,0.97303241,233,8640,233,0.97303241,1,0,0,8407,0.97303241,1504195200,1506786900
2017,S100,10,8479,8479,8928,0.94970878,449,8928,449,0.94970878,1,0,0,8479,0.94970878,1506787200,1509465300
2017,S100,11,7686,7686,8640,0.88958333,954,8640,954,0.88958333,1,0,0,7686,0.88958333,1509465600,1512057300
2017,S100,12,8705,8705,8928,0.9750224,223,8928,223,0.9750224,1,0,0,8705,0.9750224,1512057600,1514735700
2017,S101,1,8830,8830,8928,0.9890233,98,8832,2,0.99977355,1,8830,0,8830,0.9890233,1483229099,1485878399
2017,S101,2,8062,8062,8064,0.99975198,2,8064,2,0.99975198,1,8062,0,8062,0.99975198,1485878699,1488297599
2017,S101,3,8927,8927,8928,0.99988799,1,8928,1,0.99988799,1,8927,0,8927,0.99988799,1488297899,1490975999
2017,S101,4,8086,8085,8640,0.93576389,555,8640,555,0.93576389,2,6790,1,8086,0.93576389,1490976299,1493567700
2017,S101,5,8678,8678,8928,0.97199821,250,8928,250,0.97199821,1,0,0,8678,0.97199821,1493568000,1496246100
2017,S101,6,8341,8341,8640,0.96539352,299,8640,299,0.96539352,1,0,0,8341,0.96539352,1496246400,1498838100
2017,S101,7,8760,8760,8928,0.9811828,168,8928,168,0.9811828,1,0,0,8760,0.9811828,1498838400,1501516500
2017,S101,8,8496,8496,8928,0.9516129,432,8928,432,0.9516129,1,0,0,8496,0.9516129,1501516800,1504194900
2017,S101,9,8427,8427,8640,0.97534722,213,8640,213,0.97534722,1,0,0,8427,0.97534722,1504195200,1506786900
2017,S101,10,8645,8645,8928,0.96830197,283,8928,283,0.96830197,1,0,0,8645,0.96830197,1506787200,1509465300
2017,S101,11,8176,8176,8640,0.9462963,464,8640,464,0.9462963,1,0,0,8176,0.9462963,1509465600,1512057300
2017,S101,12,1287,1287,8928,0.14415323,7641,1316,29,0.97796353,1,0,0,1287,0.14415323,1512057600,1512452100
2017,S102,1,7921,7921,8928,0.88720878,1007,8832,911,0.89685236,1,7921,0,7921,0.88720878,1483229099,1485878399
2017,S102,2,7497,7497,8064,0.9296875,567,8064,567,0.9296875,1,7497,0,7497,0.9296875,1485878699,1488297599
2017,S102,3,8580,8580,8928,0.96102151,348,8928,348,0.96102151,1,8580,0,8580,0.96102151,1488297899,1490975999
2017,S102,4,5291,5290,8640,0.61226852,3350,8640,3350,0.61226852,2,4039,1,5291,0.61226852,1490976299,1493567700
2017,S102,5,7834,7834,8928,0.87746416,1094,8928,1094,0.87746416,1,0,0,7834,0.87746416,1493568000,1496246100
2017,S102,6,8427,8427,8640,0.97534722,213,8640,213,0.97534722,1,0,0,8427,0.97534722,1496246400,1498838100
2017,S102,7,8748,8748,8928,0.97983871,180,8928,180,0.97983871,1,0,0,8748,0.97983871,1498838400,1501516500
2017,S102,8,8605,8605,8928,0.96382168,323,8928,323,0.96382168,1,0,0,8605,0.96382168,1501516800,1504194900
2017,S102,9,8161,8161,8640,0.94456019,479,8640,479,0.94456019,1,0,0,8161,0.94456019,1504195200,1506786900
2017,S102,10,8628,8628,8928,0.96639785,300,8928,300,0.96639785,1,0,0,8628,0.96639785,1506787200,1509465300
2017,S102,11,8169,8169,8640,0.94548611,471,8640,471,0.94548611,1,0,0,8169,0.94548611,1509465600,1512057300
2017,S102,12,3571,3571,8928,0.3999776,5357,3647,76,0.97916095,1,0,0,3571,0.3999776,1512057600,1513151400
2017,S103,1,0,0,8928,0.0,8928,0,0,,0,0,0,0,0.0,,
2017,S103,2,0,0,8064,0.0,8064,0,0,,0,0,0,0,0.0,,
2017,S103,3,45,45,8928,0.00504032,8883,2558,2513,0.01759187,1,45,0,45,0.00504032,1490152799,1490919899
2017,S103,4,0,0,8640,0.0,8640,0,0,,0,0,0,0,0.0,,
2017,S103,5,0,0,8928,0.0,8928,0,0,,0,0,0,0,0.0,,
2017,S103,6,0,0,8640,0.0,8640,0,0,,0,0,0,0,0.0,,
2017,S103,7,0,0,8928,0.0,8928,0,0,,0,0,0,0,0.0,,
2017,S103,8,0,0,8928,0.0,8928,0,0,,0,0,0,0,0.0,,
2017,S103,9,0,0,8640,0.0,8640,0,0,,0,0,0,0,0.0,,
2017,S103,10,0,0,8928,0.0,8928,0,0,,0,0,0,0,0.0,,
2017,S103,11,0,0,8640,0.0,8640,0,0,,0,0,0,0,0.0,,
2017,S103,12,0,0,8928,0.0,8928,0,0,,0,0,0,0,0.0,,
2017,S104,1,8829,8829,8928,0.98891129,99,8832,3,0.99966033,1,8829,0,8829,0.98891129,1483229099,1485878399
2017,S104,2,8059,8059,8064,0.99937996,5,8064,5,0.99937996,1,8059,0,8059,0.99937996,1485878699,1488297599
2017,S104,3,8921,8921,8928,0.99921595,7,8928,7,0.99921595,1,8921,0,8921,0.99921595,1488297899,1490975999
2017,S104,4,7995,7994,8640,0.92523148,646,8640,646,0.92523148,2,7020,1,7995,0.92523148,1490976299,1493567700
2017,S104,5,6514,6514,8928,0.7296147,2414,8928,2414,0.7296147,1,0,0,6514,0.7296147,1493568000,1496246100
2017,S104,6,6813,6813,8640,0.78854167,1827,8640,1827,0.78854167,1,0,0,6813,0.78854167,1496246400,1498838100
2017,S104,7,5461,5461,8928,0.61167115,3467,6541,1080,0.83488763,1,0,0,5461,0.61167115,1498838400,1500800400
2017,S104,8,6047,6047,8928,0.67730735,2881,6200,153,0.97532258,1,0,0,6047,0.67730735,1502335200,1504194900
2017,S104,9,8413,8413,8640,0.97372685,227,8640,227,0.97372685,1,0,0,8413,0.97372685,1504195200,1506786900
2017,S104,10,8625,8625,8928,0.96606183,303,8928,303,0.96606183,1,0,0,8625,0.96606183,1506787200,1509465300
2017,S104,11,5512,5512,8640,0.63796296,3128,5659,147,0.97402368,1,0,0,5512,0.63796296,1509465600,1511163000
2017,S104,12,0,0,8928,0.0,8928,0,0,,0,0,0,0,0.0,,
2017,S106,1,7171,7171,8928,0.80320341,1757,8832,1661,0.81193388,1,7171,0,7171,0.80320341,1483229099,1485878399
2017,S106,2,7878,7878,8064,0.97693452,186,8064,186,0.97693452,1,7878,0,7878,0.97693452,1485878699,1488297599
2017,S106,3,8421,8421,8928,0.94321237,507,8928,507,0.94321237,1,8421,0,8421,0.94321237,1488297899,1490975999
2017,S106,4,7241,7240,8640,0.83796296,1400,8497,1257,0.85206543,2,6236,1,7241,0.83796296,1490976299,1493524800
2017,S106,5,7332,7332,8928,0.82123656,1596,8788,1456,0.83431953,1,0,0,7332,0.82123656,1493610000,1496246100
2017,S106,6,3499,3499,8640,0.40497685,5141,8450,4951,0.41408284,1,0,0,3499,0.40497685,1496246400,1498781100
2017,S106,7,7593,7593,8928,0.85047043,1335,8809,1216,0.86195936,1,0,0,7593,0.85047043,1498874100,1501516500
2017,S106,8,8083,8083,8928,0.90535394,845,8928,845,0.90535394,1,0,0,8083,0.90535394,1501516800,1504194900
2017,S106,9,8018,8018,8640,0.92800926,622,8640,622,0.92800926,1,0,0,8018,0.92800926,1504195200,1506786900
2017,S106,10,6859,6859,8928,0.76825717,2069,8928,2069,0.76825717,1,0,0,6859,0.76825717,1506787200,1509465300
2017,S106,11,7849,7849,8640,0.90844907,791,8640,791,0.90844907,1,0,0,7849,0.90844907,1509465600,1512057300
2017,S106,12,7841,7841,8928,0.87824821,1087,8928,1087,0.87824821,1,0,0,7841,0.87824821,1512057600,1514735700
2017,S107,1,8828,8828,8928,0.98879928,100,8832,4,0.9995471,1,8828,0,8828,0.98879928,1483229099,1485878399
2017,S107,2,8063,8063,8064,0.99987599,1,8064,1,0.99987599,1,8063,0,8063,0.99987599,1485878699,1488297599
2017,S107,3,8928,8928,8928,1.0,0,8928,0,1.0,1,8928,0,8928,1.0,1488297899,1490975999
2017,S107,4,8048,8048,8640,0.93148148,592,8640,592,0.93148148,2,6830,0,8048,0.93148148,1490976299,1493567700
2017,S107,5,5680,5680,8928,0.63620072,3248,8928,3248,0.63620072,1,0,0,5680,0.63620072,1493568000,1496246100
2017,S107,6,7641,7641,8640,0.884375,999,8640,999,0.884375,1,0,0,7641,0.884375,1496246400,1498838100
2017,S107,7,8611,8611,8928,0.96449373,317,8928,317,0.96449373,1,0,0,8611,0.96449373,1498838400,1501516500
2017,S107,8,8693,8693,8928,0.97367832,235,8928,235,0.97367832,1,0,0,8693,0.97367832,1501516800,1504194900
2017,S107,9,8389,8389,8640,0.97094907,251,8640,251,0.97094907,1,0,0,8389,0.97094907,1504195200,1506786900
2017,S107,10,8626,8626,8928,0.96617384,302,8928,302,0.96617384,1,0,0,8626,0.96617384,1506787200,1509465300
2017,S107,11,8429,8429,8640,0.9755787,211,8640,211,0.9755787,1,0,0,8429,0.9755787,1509465600,1512057300
2017,S107,12,8705,8705,8928,0.9750224,223,8928,223,0.9750224,1,0,0,8705,0.9750224,1512057600,1514735700
2017,S108,1,8804,8804,8928,0.98611111,124,8832,28,0.99682971,1,8804,0,8804,0.98611111,1483229099,1485878399
2017,S108,2,7779,7779,8064,0.96465774,285,8064,285,0.96465774,1,7779,0,7779,0.96465774,1485878699,1488297599
2017,S108,3,8774,8774,8928,0.9827509,154,8928,154,0.9827509,1,8774,0,8774,0.9827509,1488297899,1490975999
2017,S108,4,7132,7131,8640,0.82534722,1509,8639,1508,0.82544276,2,6556,1,7132,0.82534722,1490976299,1493567400
2017,S108,5,4637,4637,8928,0.51937724,4291,8645,4008,0.53637941,1,0,0,4637,0.51937724,1493568000,1496161200
2017,S108,6,4073,4073,8640,0.47141204,4567,7274,3201,0.55993951,1,0,0,4073,0.47141204,1496379900,1498561800
2017,S108,7,7059,7059,8928,0.7906586,1869,7901,842,0.89343121,1,0,0,7059,0.7906586,1499146500,1501516500
2017,S108,8,8271,8271,8928,0.92641129,657,8928,657,0.92641129,1,0,0,8271,0.92641129,1501516800,1504194900
2017,S108,9,8072,8072,8640,0.93425926,568,8640,568,0.93425926,1,0,0,8072,0.93425926,1504195200,1506786900
2017,S108,10,8501,8501,8928,0.95217294,427,8904,403,0.95473944,1,0,0,8501,0.95217294,1506787200,1509458100
2017,S108,11,6239,6239,8640,0.72210648,2401,8238,1999,0.75734402,1,0,0,6239,0.72210648,1509586200,1512057300
2017,S108,12,8135,8135,8928,0.91117832,793,8640,505,0.94155093,1,0,0,8135,0.91117832,1512057600,1514649300
2017,S109,1,8823,8823,8928,0.98823925,105,8832,9,0.99898098,1,8823,0,8823,0.98823925,1483229099,1485878399
2017,S109,2,8055,8055,8064,0.99888393,9,8064,9,0.99888393,1,8055,0,8055,0.99888393,1485878699,1488297599
2017,S109,3,8925,8925,8928,0.99966398,3,8928,3,0.99966398,1,8925,0,8925,0.99966398,1488297899,1490975999
2017,S109,4,8183,8182,8640,0.94699074,458,8640,458,0.94699074,2,7020,1,8183,0.94699074,1490976299,1493567700
2017,S109,5,6652,6652,8928,0.74507168,2276,8928,2276,0.74507168,1,0,0,6652,0.74507168,1493568000,1496246100
2017,S109,6,7593,7593,8640,0.87881944,1047,8640,1047,0.87881944,1,0,0,7593,0.87881944,1496246400,1498838100
2017,S109,7,6794,6794,8928,0.7609767,2134,8928,2134,0.7609767,1,0,0,6794,0.7609767,1498838400,1501516500
2017,S109,8,7673,7673,8928,0.859431,1255,8928,1255,0.859431,1,0,0,7673,0.859431,1501516800,1504194900
2017,S109,9,7369,7369,8640,0.85289352,1271,8640,1271,0.85289352,1,0,0,7369,0.85289352,1504195200,1506786900
2017,S109,10,8631,8631,8928,0.96673387,297,8928,297,0.96673387,1,0,0,8631,0.96673387,1506787200,1509465300
2017,S109,11,8431,8431,8640,0.97581019,209,8640,209,0.97581019,1,0,0,8431,0.97581019,1509465600,1512057300
2017,S109,12,8713,8713,8928,0.97591846,215,8928,215,0.97591846,1,0,0,8713,0.97591846,1512057600,1514735700
2017,S11,1,8832,8832,8928,0.98924731,96,8832,0,1.0,1,8832,0,8832,0.98924731,1483229099,1485878399
2017,S11,2,8064,8064,8064,1.0,0,8064,0,1.0,1,8064,0,8064,1.0,1485878699,1488297599
2017,S11,3,8914,8914,8928,0.9984319,14,8928,14,0.9984319,1,8914,0,8914,0.9984319,1488297899,1490975999
2017,S11,4,8290,8289,8640,0.959375,351,8640,351,0.959375,2,6994,1,8290,0.959375,1490976299,1493567700
2017,S11,5,8549,8549,8928,0.95754928,379,8928,379,0.95754928,1,0,0,8549,0.95754928,1493568000,1496246100
2017,S11,6,8423,8423,8640,0.97488426,217,8640,217,0.97488426,1,0,0,8423,0.97488426,1496246400,1498838100
2017,S11,7,8761,8761,8928,0.9812948,167,8928,167,0.9812948,1,0,0,8761,0.9812948,1498838400,1501516500
2017,S11,8,8732,8732,8928,0.97804659,196,8928,196,0.97804659,1,0,0,8732,0.97804659,1501516800,1504194900
2017,S11,9,8436,8436,8640,0.97638889,204,8640,204,0.97638889,1,0,0,8436,0.97638889,1504195200,1506786900
2017,S11,10,8665,8665,8928,0.97054211,263,8928,263,0.97054211,1,0,0,8665,0.97054211,1506787200,1509465300
2017,S11,11,8458,8458,8640,0.97893519,182,8640,182,0.97893519,1,0,0,8458,0.97893519,1509465600,1512057300
2017,S11,12,8748,8748,8928,0.97983871,180,8928,180,0.97983871,1,0,0,8748,0.97983871,1512057600,1514735700
2017,S110,1,8823,8823,8928,0.98823925,105,8832,9,0.99898098,1,8823,0,8823,0.98823925,1483229099,1485878399
2017,S110,2,8062,8062,8064,0.99975198,2,8064,2,0.99975198,1,8062,0,8062,0.99975198,1485878699,1488297599
2017,S110,3,8927,8927,8928,0.99988799,1,8928,1,0.99988799,1,8927,0,8927,0.99988799,1488297899,1490975999
2017,S110,4,1761,1761,8640,0.20381944,6879,1783,22,0.98766125,1,1761,0,1761,0.20381944,1490976299,1491510899
2017,S110,5,0,0,8928,0.0,8928,0,0,,0,0,0,0,0.0,,
2017,S110,6,0,0,8640,0.0,8640,0,0,,0,0,0,0,0.0,,
2017,S110,7,0,0,8928,0.0,8928,0,0,,0,0,0,0,0.0,,
2017,S110,8,0,0,8928,0.0,8928,0,0,,0,0,0,0,0.0,,
2017,S110,9,0,0,8640,0.0,8640,0,0,,0,0,0,0,0.0,,
2017,S110,10,0,0,8928,0.0,8928,0,0,,0,0,0,0,0.0,,
2017,S110,11,0,0,8640,0.0,8640,0,0,,0,0,0,0,0.0,,
2017,S110,12,0,0,8928,0.0,8928,0,0,,0,0,0,0,0.0,,
2017,S111,1,0,0,8928,0.0,8928,0,0,,0,0,0,0,0.0,,
2017,S111,2,0,0,8064,0.0,8064,0,0,,0,0,0,0,0.0,,
2017,S111,3,0,0,8928,0.0,8928,0,0,,0,0,0,0,0.0,,
2017,S111,4,0,0,8640,0.0,8640,0,0,,0,0,0,0,0.0,,
2017,S111,5,0,0,8928,0.0,8928,0,0,,0,0,0,0,0.0,,
2017,S111,6,0,0,8640,0.0,8640,0,0,,0,0,0,0,0.0,,
2017,S111,7,0,0,8928,0.0,8928,0,0,,0,0,0,0,0.0,,
2017,S111,8,167,167,8928,0.0187052,8761,167,0,1.0,1,0,0,167,0.0187052,1504145100,1504194900
2017,S111,9,7485,7485,8640,0.86631944,1155,8640,1155,0.86631944,1,0,0,7485,0.86631944,1504195200,1506786900
2017,S111,10,8629,8629,8928,0.96650986,299,8928,299,0.96650986,1,0,0,8629,0.96650986,1506787200,1509465300
2017,S111,11,6580,6580,8640,0.76157407,2060,8640,2060,0.76157407,1,0,0,6580,0.76157407,1509465600,1512057300
2017,S111,12,8684,8684,8928,0.97267025,244,8928,244,0.97267025,1,0,0,8684,0.97267025,1512057600,1514735700
2017,S112,1,8521,8521,8928,0.95441308,407,8832,311,0.96478714,1,8521,0,8521,0.95441308,1483229099,1485878399
2017,S112,2,7842,7842,8064,0.97247024,222,8064,222,0.97247024,1,7842,0,7842,0.97247024,1485878699,1488297599
2017,S112,3,8740,8740,8928,0.97894265,188,8928,188,0.97894265,1,8740,0,8740,0.97894265,1488297899,1490975999
2017,S112,4,8115,8114,8640,0.93912037,526,8640,526,0.93912037,2,6819,1,8115,0.93912037,1490976299,1493567700
2017,S112,5,8823,8823,8928,0.98823925,105,8928,105,0.98823925,1,0,0,8823,0.98823925,1493568000,1496246100
2017,S112,6,8452,8452,8640,0.97824074,188,8640,188,0.97824074,1,0,0,8452,0.97824074,1496246400,1498838100
2017,S112,7,7540,7540,8928,0.84453405,1388,8600,1060,0.87674419,1,0,0,7540,0.84453405,1498838400,1501418100
2017,S112,8,8613,8613,8928,0.96471774,315,8831,218,0.97531423,1,0,0,8613,0.96471774,1501545900,1504194900
2017,S112,9,8415,8415,8640,0.97395833,225,8640,225,0.97395833,1,0,0,8415,0.97395833,1504195200,1506786900
2017,S112,10,8227,8227,8928,0.92148297,701,8928,701,0.92148297,1,0,0,8227,0.92148297,1506787200,1509465300
2017,S112,11,8438,8438,8640,0.97662037,202,8640,202,0.97662037,1,0,0,8438,0.97662037,1509465600,1512057300
2017,S112,12,8728,8728,8928,0.97759857,200,8928,200,0.97759857,1,0,0,8728,0.97759857,1512057600,1514735700
2017,S113,1,8831,8831,8928,0.9891353,97,8832,1,0.99988678,1,8831,0,8831,0.9891353,1483229099,1485878399
2017,S113,2,8062,8062,8064,0.99975198,2,8064,2,0.99975198,1,8062,0,8062,0.99975198,1485878699,1488297599
2017,S113,3,8291,8291,8928,0.92865143,637,8928,637,0.92865143,1,8291,0,8291,0.92865143,1488297899,1490975999
2017,S113,4,8292,8291,8640,0.95960648,349,8640,349,0.95960648,2,6996,1,8292,0.95960648,1490976299,1493567700
2017,S113,5,8876,8876,8928,0.99417563,52,8928,52,0.99417563,1,0,0,8876,0.99417563,1493568000,1496246100
2017,S113,6,8632,8632,8640,0.99907407,8,8640,8,0.99907407,1,0,0,8632,0.99907407,1496246400,1498838100
2017,S113,7,8762,8762,8928,0.98140681,166,8928,166,0.98140681,1,0,0,8762,0.98140681,1498838400,1501516500
2017,S113,8,8721,8721,8928,0.97681452,207,8928,207,0.97681452,1,0,0,8721,0.97681452,1501516800,1504194900
2017,S113,9,6670,6670,8640,0.77199074,1970,8640,1970,0.77199074,1,0,0,6670,0.77199074,1504195200,1506786900
2017,S113,10,8645,8645,8928,0.96830197,283,8928,283,0.96830197,1,0,0,8645,0.96830197,1506787200,1509465300
2017,S113,11,8436,8436,8640,0.97638889,204,8640,204,0.97638889,1,0,0,8436,0.97638889,1509465600,1512057300
2017,S113,12,8715,8715,8928,0.97614247,213,8928,213,0.97614247,1,0,0,8715,0.97614247,1512057600,1514735700
2017,S114,1,8831,8831,8928,0.9891353,97,8832,1,0.99988678,1,8831,0,8831,0.9891353,1483229099,1485878399
2017,S114,2,8062,8062,8064,0.99975198,2,8064,2,0.99975198,1,8062,0,8062,0.99975198,1485878699,1488297599
2017,S114,3,8927,8927,8928,0.99988799,1,8928,1,0.99988799,1,8927,0,8927,0.99988799,1488297899,1490975999
2017,S114,4,7251,7250,8640,0.83912037,1390,8640,1390,0.83912037,2,6061,1,7251,0.83912037,1490976299,1493567700
2017,S114,5,8497,8497,8928,0.95172491,431,8928,431,0.95172491,1,0,0,8497,0.95172491,1493568000,1496246100
2017,S114,6,8393,8393,8640,0.97141204,247,8640,247,0.97141204,1,0,0,8393,0.97141204,1496246400,1498838100
2017,S114,7,8760,8760,8928,0.9811828,168,8928,168,0.9811828,1,0,0,8760,0.9811828,1498838400,1501516500
2017,S114,8,8717,8717,8928,0.97636649,211,8928,211,0.97636649,1,0,0,8717,0.97636649,1501516800,1504194900
2017,S114,9,8414,8414,8640,0.97384259,226,8640,226,0.97384259,1,0,0,8414,0.97384259,1504195200,1506786900
2017,S114,10,8568,8568,8928,0.95967742,360,8928,360,0.95967742,1,0,0,8568,0.95967742,1506787200,1509465300
2017,S114,11,7902,7902,8640,0.91458333,738,8640,738,0.91458333,1,0,0,7902,0.91458333,1509465600,1512057300
2017,S114,12,8720,8720,8928,0.97670251,208,8928,208,0.97670251,1,0,0,8720,0.97670251,1512057600,1514735700
2017,S115,1,8555,8555,8928,0.95822133,373,8832,277,0.96863678,1,8555,0,8555,0.95822133,1483229099,1485878399
2017,S115,2,7944,7944,8064,0.98511905,120,8064,120,0.98511905,1,7944,0,7944,0.98511905,1485878699,1488297599
2017,S115,3,8926,8926,8928,0.99977599,2,8928,2,0.99977599,1,8926,0,8926,0.99977599,1488297899,1490975999
2017,S115,4,8269,8268,8640,0.95694444,372,8640,372,0.95694444,2,6973,1,8269,0.95694444,1490976299,1493567700
2017,S115,5,8123,8123,8928,0.90983423,805,8928,805,0.90983423,1,0,0,8123,0.90983423,1493568000,1496246100
2017,S115,6,7030,7030,8640,0.81365741,1610,8640,1610,0.81365741,1,0,0,7030,0.81365741,1496246400,1498838100
2017,S115,7,7859,7859,8928,0.88026434,1069,8928,1069,0.88026434,1,0,0,7859,0.88026434,1498838400,1501516500
2017,S115,8,8223,8223,8928,0.92103495,705,8928,705,0.92103495,1,0,0,8223,0.92103495,1501516800,1504194900
2017,S115,9,8358,8358,8640,0.96736111,282,8640,282,0.96736111,1,0,0,8358,0.96736111,1504195200,1506786900
2017,S115,10,8527,8527,8928,0.95508513,401,8928,401,0.95508513,1,0,0,8527,0.95508513,1506787200,1509465300
2017,S115,11,8326,8326,8640,0.96365741,314,8640,314,0.96365741,1,0,0,8326,0.96365741,1509465600,1512057300
2017,S115,12,8550,8550,8928,0.95766129,378,8928,378,0.95766129,1,0,0,8550,0.95766129,1512057600,1514735700
2017,S116,1,8815,8815,8928,0.98734319,113,8832,17,0.99807518,1,8815,0,8815,0.98734319,1483229099,1485878399
2017,S116,2,8051,8051,8064,0.9983879,13,8064,13,0.9983879,1,8051,0,8051,0.9983879,1485878699,1488297599
2017,S116,3,8914,8914,8928,0.9984319,14,8928,14,0.9984319,1,8914,0,8914,0.9984319,1488297899,1490975999
2017,S116,4,8306,8305,8640,0.96122685,335,8640,335,0.96122685,2,7010,1,8306,0.96122685,1490976299,1493567700
2017,S116,5,8826,8826,8928,0.98857527,102,8928,102,0.98857527,1,0,0,8826,0.98857527,1493568000,1496246100
2017,S116,6,8584,8584,8640,0.99351852,56,8640,56,0.99351852,1,0,0,8584,0.99351852,1496246400,1498838100
2017,S116,7,8698,8698,8928,0.97423835,230,8928,230,0.97423835,1,0,0,8698,0.97423835,1498838400,1501516500
2017,S116,8,8689,8689,8928,0.97323029,239,8928,239,0.97323029,1,0,0,8689,0.97323029,1501516800,1504194900
2017,S116,9,8372,8372,8640,0.96898148,268,8640,268,0.96898148,1,0,0,8372,0.96898148,1504195200,1506786900
2017,S116,10,8542,8542,8928,0.95676523,386,8928,386,0.95676523,1,0,0,8542,0.95676523,1506787200,1509465300
2017,S116,11,8375,8375,8640,0.9693287,265,8640,265,0.9693287,1,0,0,8375,0.9693287,1509465600,1512057300
2017,S116,12,8558,8558,8928,0.95855735,370,8928,370,0.95855735,1,0,0,8558,0.95855735,1512057600,1514735700
2017,S117,1,8812,8812,8928,0.98700717,116,8832,20,0.99773551,1,8812,0,8812,0.98700717,1483229099,1485878399
2017,S117,2,8048,8048,8064,0.99801587,16,8064,16,0.99801587,1,8048,0,8048,0.99801587,1485878699,1488297599
2017,S117,3,8897,8897,8928,0.99652778,31,8928,31,0.99652778,1,8897,0,8897,0.99652778,1488297899,1490975999
2017,S117,4,8288,8287,8640,0.95914352,353,8640,353,0.95914352,2,6995,1,8288,0.95914352,1490976299,1493567700
2017,S117,5,8891,8891,8928,0.99585573,37,8928,37,0.99585573,1,0,0,8891,0.99585573,1493568000,1496246100
2017,S117,6,8639,8639,8640,0.99988426,1,8640,1,0.99988426,1,0,0,8639,0.99988426,1496246400,1498838100
2017,S117,7,8477,8477,8928,0.94948477,451,8928,451,0.94948477,1,0,0,8477,0.94948477,1498838400,1501516500
2017,S117,8,8716,8716,8928,0.97625448,212,8928,212,0.97625448,1,0,0,8716,0.97625448,1501516800,1504194900
2017,S117,9,8406,8406,8640,0.97291667,234,8640,234,0.97291667,1,0,0,8406,0.97291667,1504195200,1506786900
2017,S117,10,8631,8631,8928,0.96673387,297,8928,297,0.96673387,1,0,0,8631,0.96673387,1506787200,1509465300
2017,S117,11,5795,5795,8640,0.67071759,2845,8640,2845,0.67071759,1,0,0,5795,0.67071759,1509465600,1512057300
2017,S117,12,8710,8710,8928,0.97558244,218,8928,218,0.97558244,1,0,0,8710,0.97558244,1512057600,1514735700
2017,S118,1,7386,7386,8928,0.82728495,1542,8832,1446,0.83627717,1,7386,0,7386,0.82728495,1483229099,1485878399
2017,S118,2,8062,8062,8064,0.99975198,2,8064,2,0.99975198,1,8062,0,8062,0.99975198,1485878699,1488297599
2017,S118,3,8801,8801,8928,0.98577509,127,8928,127,0.98577509,1,8801,0,8801,0.98577509,1488297899,1490975999
2017,S118,4,6991,6991,8640,0.80914352,1649,8640,1649,0.80914352,2,6398,0,6991,0.80914352,1490976299,1493567700
2017,S118,5,5946,5946,8928,0.66599462,2982,8923,2977,0.66636781,1,0,0,5946,0.66599462,1493568000,1496244600
2017,S118,6,7316,7316,8640,0.84675926,1324,8640,1324,0.84675926,1,0,0,7316,0.84675926,1496246400,1498838100
2017,S118,7,8592,8592,8928,0.96236559,336,8928,336,0.96236559,1,0,0,8592,0.96236559,1498838400,1501516500
2017,S118,8,8617,8617,8928,0.96516577,311,8928,311,0.96516577,1,0,0,8617,0.96516577,1501516800,1504194900
2017,S118,9,8417,8417,8640,0.97418981,223,8640,223,0.97418981,1,0,0,8417,0.97418981,1504195200,1506786900
2017,S118,10,8321,8321,8928,0.93201165,607,8928,607,0.93201165,1,0,0,8321,0.93201165,1506787200,1509465300
2017,S118,11,8034,8034,8640,0.92986111,606,8640,606,0.92986111,1,0,0,8034,0.92986111,1509465600,1512057300
2017,S118,12,8283,8283,8928,0.92775538,645,8928,645,0.92775538,1,0,0,8283,0.92775538,1512057600,1514735700
2017,S119,1,8830,8830,8928,0.9890233,98,8832,2,0.99977355,1,8830,0,8830,0.9890233,1483229099,1485878399
2017,S119,2,8063,8063,8064,0.99987599,1,8064,1,0.99987599,1,8063,0,8063,0.99987599,1485878699,1488297599
2017,S119,3,8927,8927,8928,0.99988799,1,8928,1,0.99988799,1,8927,0,8927,0.99988799,1488297899,1490975999
2017,S119,4,8231,8230,8640,0.9525463,410,8640,410,0.9525463,2,6965,1,8231,0.9525463,1490976299,1493567700
2017,S119,5,8015,8015,8928,0.89773746,913,8928,913,0.89773746,1,0,0,8015,0.89773746,1493568000,1496246100
2017,S119,6,8149,8149,8640,0.9431713,491,8640,491,0.9431713,1,0,0,8149,0.9431713,1496246400,1498838100
2017,S119,7,7815,7815,8928,0.87533602,1113,8928,1113,0.87533602,1,0,0,7815,0.87533602,1498838400,1501516500
2017,S119,8,8685,8685,8928,0.97278226,243,8928,243,0.97278226,1,0,0,8685,0.97278226,1501516800,1504194900
2017,S119,9,8367,8367,8640,0.96840278,273,8640,273,0.96840278,1,0,0,8367,0.96840278,1504195200,1506786900
2017,S119,10,8486,8486,8928,0.95049283,442,8928,442,0.95049283,1,0,0,8486,0.95049283,1506787200,1509465300
2017,S119,11,8355,8355,8640,0.96701389,285,8640,285,0.96701389,1,0,0,8355,0.96701389,1509465600,1512057300
2017,S119,12,8663,8663,8928,0.9703181,265,8928,265,0.9703181,1,0,0,8663,0.9703181,1512057600,1514735700
2017,S120,1,8829,8829,8928,0.98891129,99,8832,3,0.99966033,1,8829,0,8829,0.98891129,1483229099,1485878399
2017,S120,2,8062,8062,8064,0.99975198,2,8064,2,0.99975198,1,8062,0,8062,0.99975198,1485878699,1488297599
2017,S120,3,8927,8927,8928,0.99988799,1,8928,1,0.99988799,1,8927,0,8927,0.99988799,1488297899,1490975999
2017,S120,4,7354,7353,8640,0.85104167,1287,8640,1287,0.85104167,2,6058,1,7354,0.85104167,1490976299,1493567700
2017,S120,5,8738,8738,8928,0.97871864,190,8928,190,0.97871864,1,0,0,8738,0.97871864,1493568000,1496246100
2017,S120,6,8593,8593,8640,0.99456019,47,8640,47,0.99456019,1,0,0,8593,0.99456019,1496246400,1498838100
2017,S120,7,8760,8760,8928,0.9811828,168,8928,168,0.9811828,1,0,0,8760,0.9811828,1498838400,1501516500
2017,S120,8,8711,8711,8928,0.97569444,217,8928,217,0.97569444,1,0,0,8711,0.97569444,1501516800,1504194900
2017,S120,9,8417,8417,8640,0.97418981,223,8640,223,0.97418981,1,0,0,8417,0.97418981,1504195200,1506786900
2017,S120,10,8640,8640,8928,0.96774194,288,8928,288,0.96774194,1,0,0,8640,0.96774194,1506787200,1509465300
2017,S120,11,8442,8442,8640,0.97708333,198,8640,198,0.97708333,1,0,0,8442,0.97708333,1509465600,1512057300
2017,S120,12,8711,8711,8928,0.97569444,217,8928,217,0.97569444,1,0,0,8711,0.97569444,1512057600,1514735700
2017,S121,1,8822,8822,8928,0.98812724,106,8832,10,0.99886775,1,8822,0,8822,0.98812724,1483229099,1485878399
2017,S121,2,8054,8054,8064,0.99875992,10,8064,10,0.99875992,1,8054,0,8054,0.99875992,1485878699,1488297599
2017,S121,3,8917,8917,8928,0.99876792,11,8928,11,0.99876792,1,8917,0,8917,0.99876792,1488297899,1490975999
2017,S121,4,3309,3309,8640,0.38298611,5331,5864,2555,0.56429059,1,3309,0,3309,0.38298611,1490976299,1492735199
2017,S121,5,4266,4266,8928,0.47782258,4662,7568,3302,0.56368922,1,0,0,4266,0.47782258,1493897100,1496167200
2017,S121,6,5314,5314,8640,0.6150463,3326,8227,2913,0.64592196,1,0,0,5314,0.6150463,1496280000,1498747800
2017,S121,7,7906,7906,8928,0.88552867,1022,8832,926,0.89515399,1,0,0,7906,0.88552867,1498867200,1501516500
2017,S121,8,8689,8689,8928,0.97323029,239,8928,239,0.97323029,1,0,0,8689,0.97323029,1501516800,1504194900
2017,S121,9,8388,8388,8640,0.97083333,252,8640,252,0.97083333,1,0,0,8388,0.97083333,1504195200,1506786900
2017,S121,10,8614,8614,8928,0.96482975,314,8928,314,0.96482975,1,0,0,8614,0.96482975,1506787200,1509465300
2017,S121,11,8415,8415,8640,0.97395833,225,8640,225,0.97395833,1,0,0,8415,0.97395833,1509465600,1512057300
2017,S121,12,8701,8701,8928,0.97457437,227,8928,227,0.97457437,1,0,0,8701,0.97457437,1512057600,1514735700
2017,S122,1,8817,8817,8928,0.9875672,111,8832,15,0.99830163,1,8817,0,8817,0.9875672,1483229099,1485878399
2017,S122,2,8038,8038,8064,0.99677579,26,8064,26,0.99677579,1,8038,0,8038,0.99677579,1485878699,1488297599
2017,S122,3,8901,8901,8928,0.99697581,27,8928,27,0.99697581,1,8901,0,8901,0.99697581,1488297899,1490975999
2017,S122,4,8292,8291,8640,0.95960648,349,8640,349,0.95960648,2,7003,1,8292,0.95960648,1490976299,1493567700
2017,S122,5,7807,7807,8928,0.87443996,1121,8928,1121,0.87443996,1,0,0,7807,0.87443996,1493568000,1496246100
2017,S122,6,8290,8290,8640,0.95949074,350,8640,350,0.95949074,1,0,0,8290,0.95949074,1496246400,1498838100
2017,S122,7,8469,8469,8928,0.94858871,459,8928,459,0.94858871,1,0,0,8469,0.94858871,1498838400,1501516500
2017,S122,8,7503,7503,8928,0.84038978,1425,8928,1425,0.84038978,1,0,0,7503,0.84038978,1501516800,1504194900
2017,S122,9,8408,8408,8640,0.97314815,232,8640,232,0.97314815,1,0,0,8408,0.97314815,1504195200,1506786900
2017,S122,10,8615,8615,8928,0.96494176,313,8928,313,0.96494176,1,0,0,8615,0.96494176,1506787200,1509465300
2017,S122,11,3327,3327,8640,0.38506944,5313,3656,329,0.91001094,1,0,0,3327,0.38506944,1509465600,1510562100
2017,S122,12,6013,6013,8928,0.6734991,2915,7603,1590,0.79087202,1,0,0,6013,0.6734991,1512455100,1514735700
2017,S123,1,8832,8832,8928,0.98924731,96,8832,0,1.0,1,8832,0,8832,0.98924731,1483229099,1485878399
2017,S123,2,8064,8064,8064,1.0,0,8064,0,1.0,1,8064,0,8064,1.0,1485878699,1488297599
2017,S123,3,8920,8920,8928,0.99910394,8,8928,8,0.99910394,1,8920,0,8920,0.99910394,1488297899,1490975999
2017,S123,4,8308,8307,8640,0.96145833,333,8640,333,0.96145833,2,7012,1,8308,0.96145833,1490976299,1493567700
2017,S123,5,8771,8771,8928,0.98241487,157,8928,157,0.98241487,1,0,0,8771,0.98241487,1493568000,1496246100
2017,S123,6,8610,8610,8640,0.99652778,30,8640,30,0.99652778,1,0,0,8610,0.99652778,1496246400,1498838100
2017,S123,7,8756,8756,8928,0.98073477,172,8928,172,0.98073477,1,0,0,8756,0.98073477,1498838400,1501516500
2017,S123,8,8702,8702,8928,0.97468638,226,8928,226,0.97468638,1,0,0,8702,0.97468638,1501516800,1504194900
2017,S123,9,8399,8399,8640,0.97210648,241,8640,241,0.97210648,1,0,0,8399,0.97210648,1504195200,1506786900
2017,S123,10,8642,8642,8928,0.96796595,286,8928,286,0.96796595,1,0,0,8642,0.96796595,1506787200,1509465300
2017,S123,11,8440,8440,8640,0.97685185,200,8640,200,0.97685185,1,0,0,8440,0.97685185,1509465600,1512057300
2017,S123,12,8715,8715,8928,0.97614247,213,8928,213,0.97614247,1,0,0,8715,0.97614247,1512057600,1514735700
2017,S24,1,8451,8451,8928,0.94657258,477,8832,381,0.95686141,1,8451,0,8451,0.94657258,1483229099,1485878399
2017,S24,2,8004,8004,8064,0.99255952,60,8064,60,0.99255952,1,8004,0,8004,0.99255952,1485878699,1488297599
2017,S24,3,8882,8882,8928,0.99484767,46,8928,46,0.99484767,1,8882,0,8882,0.99484767,1488297899,1490975999
2017,S24,4,8294,8293,8640,0.95983796,347,8640,347,0.95983796,2,6998,1,8294,0.95983796,1490976299,1493567700
2017,S24,5,7310,7310,8928,0.8187724,1618,8928,1618,0.8187724,1,0,0,7310,0.8187724,1493568000,1496246100
2017,S24,6,7900,7900,8640,0.91435185,740,8640,740,0.91435185,1,0,0,7900,0.91435185,1496246400,1498838100
2017,S24,7,8748,8748,8928,0.97983871,180,8928,180,0.97983871,1,0,0,8748,0.97983871,1498838400,1501516500
2017,S24,8,8660,8660,8928,0.96998208,268,8928,268,0.96998208,1,0,0,8660,0.96998208,1501516800,1504194900
2017,S24,9,8409,8409,8640,0.97326389,231,8640,231,0.97326389,1,0,0,8409,0.97326389,1504195200,1506786900
2017,S24,10,8644,8644,8928,0.96818996,284,8928,284,0.96818996,1,0,0,8644,0.96818996,1506787200,1509465300
2017,S24,11,8426,8426,8640,0.97523148,214,8640,214,0.97523148,1,0,0,8426,0.97523148,1509465600,1512057300
2017,S24,12,8641,8641,8928,0.96785394,287,8928,287,0.96785394,1,0,0,8641,0.96785394,1512057600,1514735700
2017,S24B,1,8757,8757,8928,0.98084677,171,8832,75,0.99150815,1,8757,0,8757,0.98084677,1483229099,1485878399
2017,S24B,2,8003,8003,8064,0.99243552,61,8064,61,0.99243552,1,8003,0,8003,0.99243552,1485878699,1488297599
2017,S24B,3,8864,8864,8928,0.99283154,64,8928,64,0.99283154,1,8864,0,8864,0.99283154,1488297899,1490975999
2017,S24B,4,7024,7024,8640,0.81296296,1616,7049,25,0.9964534,1,7024,0,7024,0.81296296,1490976299,1493090699
2017,S24B,5,0,0,8928,0.0,8928,0,0,,0,0,0,0,0.0,,
2017,S24B,6,0,0,8640,0.0,8640,0,0,,0,0,0,0,0.0,,
2017,S24B,7,0,0,8928,0.0,8928,0,0,,0,0,0,0,0.0,,
2017,S24B,8,0,0,8928,0.0,8928,0,0,,0,0,0,0,0.0,,
2017,S24B,9,0,0,8640,0.0,8640,0,0,,0,0,0,0,0.0,,
2017,S24B,10,0,0,8928,0.0,8928,0,0,,0,0,0,0,0.0,,
2017,S24B,11,0,0,8640,0.0,8640,0,0,,0,0,0,0,0.0,,
2017,S24B,12,0,0,8928,0.0,8928,0,0,,0,0,0,0,0.0,,
2017,S29,1,8831,8831,8928,0.9891353,97,8832,1,0.99988678,1,8831,0,8831,0.9891353,1483229099,1485878399
2017,S29,2,8060,8060,8064,0.99950397,4,8064,4,0.99950397,1,8060,0,8060,0.99950397,1485878699,1488297599
2017,S29,3,8928,8928,8928,1.0,0,8928,0,1.0,1,8928,0,8928,1.0,1488297899,1490975999
2017,S29,4,7635,7634,8640,0.88356481,1006,8640,1006,0.88356481,2,6339,1,7635,0.88356481,1490976299,1493567700
2017,S29,5,8313,8313,8928,0.93111559,615,8572,259,0.96978535,1,0,0,8313,0.93111559,1493568000,1496139300
2017,S29,6,7470,7470,8640,0.86458333,1170,8184,714,0.9127566,1,0,0,7470,0.86458333,1496383200,1498838100
2017,S29,7,8426,8426,8928,0.9437724,502,8928,502,0.9437724,1,0,0,8426,0.9437724,1498838400,1501516500
2017,S29,8,8726,8726,8928,0.97737455,202,8928,202,0.97737455,1,0,0,8726,0.97737455,1501516800,1504194900
2017,S29,9,8434,8434,8640,0.97615741,206,8640,206,0.97615741,1,0,0,8434,0.97615741,1504195200,1506786900
2017,S29,10,8592,8592,8928,0.96236559,336,8928,336,0.96236559,1,0,0,8592,0.96236559,1506787200,1509465300
2017,S29,11,7885,7885,8640,0.91261574,755,8640,755,0.91261574,1,0,0,7885,0.91261574,1509465600,1512057300
2017,S29,12,8572,8572,8928,0.96012545,356,8928,356,0.96012545,1,0,0,8572,0.96012545,1512057600,1514735700
2017,S33,1,8830,8830,8928,0.9890233,98,8832,2,0.99977355,1,8830,0,8830,0.9890233,1483229099,1485878399
2017,S33,2,8062,8062,8064,0.99975198,2,8064,2,0.99975198,1,8062,0,8062,0.99975198,1485878699,1488297599
2017,S33,3,8928,8928,8928,1.0,0,8928,0,1.0,1,8928,0,8928,1.0,1488297899,1490975999
2017,S33,4,8148,8147,8640,0.94293981,493,8640,493,0.94293981,2,7008,1,8148,0.94293981,1490976299,1493567700
2017,S33,5,7596,7596,8928,0.85080645,1332,8928,1332,0.85080645,1,0,0,7596,0.85080645,1493568000,1496246100
2017,S33,6,8418,8418,8640,0.97430556,222,8640,222,0.97430556,1,0,0,8418,0.97430556,1496246400,1498838100
2017,S33,7,8575,8575,8928,0.96046147,353,8928,353,0.96046147,1,0,0,8575,0.96046147,1498838400,1501516500
2017,S33,8,6145,6145,8928,0.68828405,2783,8928,2783,0.68828405,1,0,0,6145,0.68828405,1501516800,1504194900
2017,S33,9,8435,8435,8640,0.97627315,205,8640,205,0.97627315,1,0,0,8435,0.97627315,1504195200,1506786900
2017,S33,10,8225,8225,8928,0.92125896,703,8928,703,0.92125896,1,0,0,8225,0.92125896,1506787200,1509465300
2017,S33,11,8020,8020,8640,0.92824074,620,8640,620,0.92824074,1,0,0,8020,0.92824074,1509465600,1512057300
2017,S33,12,8749,8749,8928,0.97995072,179,8928,179,0.97995072,1,0,0,8749,0.97995072,1512057600,1514735700
2017,S35,1,8832,8832,8928,0.98924731,96,8832,0,1.0,1,8832,0,8832,0.98924731,1483229099,1485878399
2017,S35,2,8063,8063,8064,0.99987599,1,8064,1,0.99987599,1,8063,0,8063,0.99987599,1485878699,1488297599
2017,S35,3,8928,8928,8928,1.0,0,8928,0,1.0,1,8928,0,8928,1.0,1488297899,1490975999
2017,S35,4,8274,8273,8640,0.95752315,367,8640,367,0.95752315,2,6978,1,8274,0.95752315,1490976299,1493567700
2017,S35,5,8868,8868,8928,0.99327957,60,8928,60,0.99327957,1,0,0,8868,0.99327957,1493568000,1496246100
2017,S35,6,8630,8630,8640,0.99884259,10,8640,10,0.99884259,1,0,0,8630,0.99884259,1496246400,1498838100
2017,S35,7,8765,8765,8928,0.98174283,163,8928,163,0.98174283,1,0,0,8765,0.98174283,1498838400,1501516500
2017,S35,8,8727,8727,8928,0.97748656,201,8928,201,0.97748656,1,0,0,8727,0.97748656,1501516800,1504194900
2017,S35,9,8424,8424,8640,0.975,216,8640,216,0.975,1,0,0,8424,0.975,1504195200,1506786900
2017,S35,10,8664,8664,8928,0.97043011,264,8928,264,0.97043011,1,0,0,8664,0.97043011,1506787200,1509465300
2017,S35,11,7303,7303,8640,0.84525463,1337,8640,1337,0.84525463,1,0,0,7303,0.84525463,1509465600,1512057300
2017,S35,12,8749,8749,8928,0.97995072,179,8928,179,0.97995072,1,0,0,8749,0.97995072,1512057600,1514735700
2017,S36,1,8531,8531,8928,0.95553315,397,8832,301,0.96591938,1,8531,0,8531,0.95553315,1483229099,1485878399
2017,S36,2,8061,8061,8064,0.99962798,3,8064,3,0.99962798,1,8061,0,8061,0.99962798,1485878699,1488297599
2017,S36,3,8928,8928,8928,1.0,0,8928,0,1.0,1,8928,0,8928,1.0,1488297899,1490975999
2017,S36,4,1962,1962,8640,0.22708333,6678,6636,4674,0.29566004,1,1962,0,1962,0.22708333,1490976299,1492966799
2017,S36,5,2590,2590,8928,0.29009857,6338,8178,5588,0.31670335,1,0,0,2590,0.29009857,1493793000,1496246100
2017,S36,6,3023,3023,8640,0.34988426,5617,6325,3302,0.47794466,1,0,0,3023,0.34988426,1496246400,1498143600
2017,S36,7,3068,3068,8928,0.34363799,5860,6141,3073,0.4995929,1,0,0,3068,0.34363799,1499674500,1501516500
2017,S36,8,8726,8726,8928,0.97737455,202,8928,202,0.97737455,1,0,0,8726,0.97737455,1501516800,1504194900
2017,S36,9,7947,7947,8640,0.91979167,693,8640,693,0.91979167,1,0,0,7947,0.91979167,1504195200,1506786900
2017,S36,10,8428,8428,8928,0.94399642,500,8928,500,0.94399642,1,0,0,8428,0.94399642,1506787200,1509465300
2017,S36,11,7350,7350,8640,0.85069444,1290,8640,1290,0.85069444,1,0,0,7350,0.85069444,1509465600,1512057300
2017,S36,12,7824,7824,8928,0.87634409,1104,8928,1104,0.87634409,1,0,0,7824,0.87634409,1512057600,1514735700
2017,S40,1,8831,8831,8928,0.9891353,97,8832,1,0.99988678,1,8831,0,8831,0.9891353,1483229099,1485878399
2017,S40,2,8062,8062,8064,0.99975198,2,8064,2,0.99975198,1,8062,0,8062,0.99975198,1485878699,1488297599
2017,S40,3,8926,8926,8928,0.99977599,2,8928,2,0.99977599,1,8926,0,8926,0.99977599,1488297899,1490975999
2017,S40,4,8165,8165,8640,0.94502315,475,8640,475,0.94502315,2,6954,0,8165,0.94502315,1490976299,1493567700
2017,S40,5,7978,7978,8928,0.89359319,950,8928,950,0.89359319,1,0,0,7978,0.89359319,1493568000,1496246100
2017,S40,6,7383,7383,8640,0.85451389,1257,8640,1257,0.85451389,1,0,0,7383,0.85451389,1496246400,1498838100
2017,S40,7,8377,8377,8928,0.93828405,551,8928,551,0.93828405,1,0,0,8377,0.93828405,1498838400,1501516500
2017,S40,8,8730,8730,8928,0.97782258,198,8928,198,0.97782258,1,0,0,8730,0.97782258,1501516800,1504194900
2017,S40,9,8434,8434,8640,0.97615741,206,8640,206,0.97615741,1,0,0,8434,0.97615741,1504195200,1506786900
2017,S40,10,8656,8656,8928,0.96953405,272,8928,272,0.96953405,1,0,0,8656,0.96953405,1506787200,1509465300
2017,S40,11,8202,8202,8640,0.94930556,438,8640,438,0.94930556,1,0,0,8202,0.94930556,1509465600,1512057300
2017,S40,12,8748,8748,8928,0.97983871,180,8928,180,0.97983871,1,0,0,8748,0.97983871,1512057600,1514735700
2017,S43,1,8831,8831,8928,0.9891353,97,8832,1,0.99988678,1,8831,0,8831,0.9891353,1483229099,1485878399
2017,S43,2,8064,8064,8064,1.0,0,8064,0,1.0,1,8064,0,8064,1.0,1485878699,1488297599
2017,S43,3,8919,8919,8928,0.99899194,9,8928,9,0.99899194,1,8919,0,8919,0.99899194,1488297899,1490975999
2017,S43,4,8206,8205,8640,0.94965278,435,8640,435,0.94965278,2,6975,1,8206,0.94965278,1490976299,1493567700
2017,S43,5,7458,7458,8928,0.83534946,1470,8927,1469,0.83544304,1,0,0,7458,0.83534946,1493568000,1496245800
2017,S43,6,7204,7204,8640,0.8337963,1436,8640,1436,0.8337963,1,0,0,7204,0.8337963,1496246400,1498838100
2017,S43,7,8747,8747,8928,0.9797267,181,8928,181,0.9797267,1,0,0,8747,0.9797267,1498838400,1501516500
2017,S43,8,8714,8714,8928,0.97603047,214,8928,214,0.97603047,1,0,0,8714,0.97603047,1501516800,1504194900
2017,S43,9,8421,8421,8640,0.97465278,219,8640,219,0.97465278,1,0,0,8421,0.97465278,1504195200,1506786900
2017,S43,10,8208,8208,8928,0.91935484,720,8928,720,0.91935484,1,0,0,8208,0.91935484,1506787200,1509465300
2017,S43,11,8452,8452,8640,0.97824074,188,8640,188,0.97824074,1,0,0,8452,0.97824074,1509465600,1512057300
2017,S43,12,8732,8732,8928,0.97804659,196,8928,196,0.97804659,1,0,0,8732,0.97804659,1512057600,1514735700
2017,S44,1,8830,8830,8928,0.9890233,98,8832,2,0.99977355,1,8830,0,8830,0.9890233,1483229099,1485878399
2017,S44,2,8053,8053,8064,0.99863591,11,8064,11,0.99863591,1,8053,0,8053,0.99863591,1485878699,1488297599
2017,S44,3,8925,8925,8928,0.99966398,3,8928,3,0.99966398,1,8925,0,8925,0.99966398,1488297899,1490975999
2017,S44,4,7055,7055,8640,0.81655093,1585,8640,1585,0.81655093,2,6553,0,7055,0.81655093,1490976299,1493567700
2017,S44,5,4372,4372,8928,0.48969534,4556,8928,4556,0.48969534,1,0,0,4372,0.48969534,1493568000,1496246100
2017,S44,6,3361,3361,8640,0.38900463,5279,8640,5279,0.38900463,1,0,0,3361,0.38900463,1496246400,1498838100
2017,S44,7,6723,6723,8928,0.75302419,2205,8928,2205,0.75302419,1,0,0,6723,0.75302419,1498838400,1501516500
2017,S44,8,8076,8076,8928,0.90456989,852,8275,199,0.97595166,1,0,0,8076,0.90456989,1501516800,1503999000
2017,S44,9,7136,7136,8640,0.82592593,1504,7319,183,0.97499658,1,0,0,7136,0.82592593,1504591500,1506786900
2017,S44,10,8634,8634,8928,0.96706989,294,8928,294,0.96706989,1,0,0,8634,0.96706989,1506787200,1509465300
2017,S44,11,6992,6992,8640,0.80925926,1648,8532,1540,0.81950305,1,0,0,6992,0.80925926,1509465600,1512024900
2017,S44,12,4287,4287,8928,0.48017473,4641,8845,4558,0.48468061,1,0,0,4287,0.48017473,1512082500,1514735700
2017,S46,1,8831,8831,8928,0.9891353,97,8832,1,0.99988678,1,8831,0,8831,0.9891353,1483229099,1485878399
2017,S46,2,8060,8060,8064,0.99950397,4,8064,4,0.99950397,1,8060,0,8060,0.99950397,1485878699,1488297599
2017,S46,3,8927,8927,8928,0.99988799,1,8928,1,0.99988799,1,8927,0,8927,0.99988799,1488297899,1490975999
2017,S46,4,8323,8322,8640,0.96319444,318,8640,318,0.96319444,2,7027,1,8323,0.96319444,1490976299,1493567700
2017,S46,5,8530,8530,8928,0.95542115,398,8928,398,0.95542115,1,0,0,8530,0.95542115,1493568000,1496246100
2017,S46,6,7950,7950,8640,0.92013889,690,8640,690,0.92013889,1,0,0,7950,0.92013889,1496246400,1498838100
2017,S46,7,8238,8238,8928,0.92271505,690,8928,690,0.92271505,1,0,0,8238,0.92271505,1498838400,1501516500
2017,S46,8,8011,8011,8928,0.89728943,917,8928,917,0.89728943,1,0,0,8011,0.89728943,1501516800,1504194900
2017,S46,9,6909,6909,8640,0.79965278,1731,8640,1731,0.79965278,1,0,0,6909,0.79965278,1504195200,1506786900
2017,S46,10,8657,8657,8928,0.96964606,271,8928,271,0.96964606,1,0,0,8657,0.96964606,1506787200,1509465300
2017,S46,11,8454,8454,8640,0.97847222,186,8640,186,0.97847222,1,0,0,8454,0.97847222,1509465600,1512057300
2017,S46,12,8747,8747,8928,0.9797267,181,8928,181,0.9797267,1,0,0,8747,0.9797267,1512057600,1514735700
2017,S50,1,8829,8829,8928,0.98891129,99,8832,3,0.99966033,1,8829,0,8829,0.98891129,1483229099,1485878399
2017,S50,2,8058,8058,8064,0.99925595,6,8064,6,0.99925595,1,8058,0,8058,0.99925595,1485878699,1488297599
2017,S50,3,8915,8915,8928,0.99854391,13,8928,13,0.99854391,1,8915,0,8915,0.99854391,1488297899,1490975999
2017,S50,4,7995,7994,8640,0.92523148,646,8640,646,0.92523148,2,7020,1,7995,0.92523148,1490976299,1493567700
2017,S50,5,6704,6704,8928,0.75089606,2224,8671,1967,0.77315189,1,0,0,6704,0.75089606,1493568000,1496169000
2017,S50,6,3895,3895,8640,0.45081019,4745,8305,4410,0.46899458,1,0,0,3895,0.45081019,1496280000,1498771200
2017,S50,7,7050,7050,8928,0.78965054,1878,8155,1105,0.86450031,1,0,0,7050,0.78965054,1498867200,1501313400
2017,S50,8,8374,8374,8928,0.93794803,554,8742,368,0.95790437,1,0,0,8374,0.93794803,1501572600,1504194900
2017,S50,9,7877,7877,8640,0.91168981,763,8640,763,0.91168981,1,0,0,7877,0.91168981,1504195200,1506786900
2017,S50,10,7129,7129,8928,0.7984991,1799,8928,1799,0.7984991,1,0,0,7129,0.7984991,1506787200,1509465300
2017,S50,11,7684,7684,8640,0.88935185,956,8640,956,0.88935185,1,0,0,7684,0.88935185,1509465600,1512057300
2017,S50,12,7504,7504,8928,0.84050179,1424,8928,1424,0.84050179,1,0,0,7504,0.84050179,1512057600,1514735700
2017,S55,1,8831,8831,8928,0.9891353,97,8832,1,0.99988678,1,8831,0,8831,0.9891353,1483229099,1485878399
2017,S55,2,8062,8062,8064,0.99975198,2,8064,2,0.99975198,1,8062,0,8062,0.99975198,1485878699,1488297599
2017,S55,3,8927,8927,8928,0.99988799,1,8928,1,0.99988799,1,8927,0,8927,0.99988799,1488297899,1490975999
2017,S55,4,8280,8279,8640,0.95821759,361,8640,361,0.95821759,2,6984,1,8280,0.95821759,1490976299,1493567700
2017,S55,5,8805,8805,8928,0.98622312,123,8928,123,0.98622312,1,0,0,8805,0.98622312,1493568000,1496246100
2017,S55,6,8624,8624,8640,0.99814815,16,8640,16,0.99814815,1,0,0,8624,0.99814815,1496246400,1498838100
2017,S55,7,8770,8770,8928,0.98230287,158,8928,158,0.98230287,1,0,0,8770,0.98230287,1498838400,1501516500
2017,S55,8,8739,8739,8928,0.97883065,189,8928,189,0.97883065,1,0,0,8739,0.97883065,1501516800,1504194900
2017,S55,9,8446,8446,8640,0.9775463,194,8640,194,0.9775463,1,0,0,8446,0.9775463,1504195200,1506786900
2017,S55,10,8661,8661,8928,0.97009409,267,8928,267,0.97009409,1,0,0,8661,0.97009409,1506787200,1509465300
2017,S55,11,8438,8438,8640,0.97662037,202,8640,202,0.97662037,1,0,0,8438,0.97662037,1509465600,1512057300
2017,S55,12,8745,8745,8928,0.97950269,183,8928,183,0.97950269,1,0,0,8745,0.97950269,1512057600,1514735700
2017,S60,1,5105,5105,8928,0.57179659,3823,7366,2261,0.69304914,1,5105,0,5105,0.57179659,1483668899,1485878399
2017,S60,2,5118,5118,8064,0.63467262,2946,8064,2946,0.63467262,1,5118,0,5118,0.63467262,1485878699,1488297599
2017,S60,3,3395,3395,8928,0.38026434,5533,5736,2341,0.59187587,1,3395,0,3395,0.38026434,1488297899,1490018399
2017,S60,4,0,0,8640,0.0,8640,0,0,,0,0,0,0,0.0,,
2017,S60,5,0,0,8928,0.0,8928,0,0,,0,0,0,0,0.0,,
2017,S60,6,0,0,8640,0.0,8640,0,0,,0,0,0,0,0.0,,
2017,S60,7,0,0,8928,0.0,8928,0,0,,0,0,0,0,0.0,,
2017,S60,8,167,167,8928,0.0187052,8761,167,0,1.0,1,0,0,167,0.0187052,1504145100,1504194900
2017,S60,9,8424,8424,8640,0.975,216,8640,216,0.975,1,0,0,8424,0.975,1504195200,1506786900
2017,S60,10,8627,8627,8928,0.96628584,301,8928,301,0.96628584,1,0,0,8627,0.96628584,1506787200,1509465300
2017,S60,11,4290,4290,8640,0.49652778,4350,8640,4350,0.49652778,1,0,0,4290,0.49652778,1509465600,1512057300
2017,S60,12,8251,8251,8928,0.92417115,677,8776,525,0.94017776,1,0,0,8251,0.92417115,1512057600,1514690100
2017,S61,1,8832,8832,8928,0.98924731,96,8832,0,1.0,1,8832,0,8832,0.98924731,1483229099,1485878399
2017,S61,2,8063,8063,8064,0.99987599,1,8064,1,0.99987599,1,8063,0,8063,0.99987599,1485878699,1488297599
2017,S61,3,8925,8925,8928,0.99966398,3,8928,3,0.99966398,1,8925,0,8925,0.99966398,1488297899,1490975999
2017,S61,4,8302,8301,8640,0.96076389,339,8640,339,0.96076389,2,7006,1,8302,0.96076389,1490976299,1493567700
2017,S61,5,8832,8832,8928,0.98924731,96,8928,96,0.98924731,1,0,0,8832,0.98924731,1493568000,1496246100
2017,S61,6,8572,8572,8640,0.99212963,68,8640,68,0.99212963,1,0,0,8572,0.99212963,1496246400,1498838100
2017,S61,7,8766,8766,8928,0.98185484,162,8928,162,0.98185484,1,0,0,8766,0.98185484,1498838400,1501516500
2017,S61,8,8717,8717,8928,0.97636649,211,8928,211,0.97636649,1,0,0,8717,0.97636649,1501516800,1504194900
2017,S61,9,8413,8413,8640,0.97372685,227,8640,227,0.97372685,1,0,0,8413,0.97372685,1504195200,1506786900
2017,S61,10,8646,8646,8928,0.96841398,282,8928,282,0.96841398,1,0,0,8646,0.96841398,1506787200,1509465300
2017,S61,11,8431,8431,8640,0.97581019,209,8640,209,0.97581019,1,0,0,8431,0.97581019,1509465600,1512057300
2017,S61,12,8712,8712,8928,0.97580645,216,8928,216,0.97580645,1,0,0,8712,0.97580645,1512057600,1514735700
2017,S63,1,8831,8831,8928,0.9891353,97,8832,1,0.99988678,1,8831,0,8831,0.9891353,1483229099,1485878399
2017,S63,2,8063,8063,8064,0.99987599,1,8064,1,0.99987599,1,8063,0,8063,0.99987599,1485878699,1488297599
2017,S63,3,8836,8836,8928,0.98969534,92,8839,3,0.9996606,1,8836,0,8836,0.98969534,1488297899,1490949299
2017,S63,4,5807,5806,8640,0.67199074,2834,7606,1800,0.76334473,2,5035,1,5807,0.67199074,1491286499,1493567700
2017,S63,5,7513,7513,8928,0.84150986,1415,8928,1415,0.84150986,1,0,0,7513,0.84150986,1493568000,1496246100
2017,S63,6,7554,7554,8640,0.87430556,1086,8475,921,0.89132743,1,0,0,7554,0.87430556,1496246400,1498788600
2017,S63,7,8069,8069,8928,0.90378584,859,8544,475,0.94440543,1,0,0,8069,0.90378584,1498953600,1501516500
2017,S63,8,8726,8726,8928,0.97737455,202,8928,202,0.97737455,1,0,0,8726,0.97737455,1501516800,1504194900
2017,S63,9,8373,8373,8640,0.96909722,267,8640,267,0.96909722,1,0,0,8373,0.96909722,1504195200,1506786900
2017,S63,10,8480,8480,8928,0.94982079,448,8928,448,0.94982079,1,0,0,8480,0.94982079,1506787200,1509465300
2017,S63,11,8461,8461,8640,0.97928241,179,8640,179,0.97928241,1,0,0,8461,0.97928241,1509465600,1512057300
2017,S63,12,5177,5177,8928,0.57986111,3751,5304,127,0.97605581,1,0,0,5177,0.57986111,1512057600,1513648500
2017,S64,1,8831,8831,8928,0.9891353,97,8832,1,0.99988678,1,8831,0,8831,0.9891353,1483229099,1485878399
2017,S64,2,8062,8062,8064,0.99975198,2,8064,2,0.99975198,1,8062,0,8062,0.99975198,1485878699,1488297599
2017,S64,3,8927,8927,8928,0.99988799,1,8928,1,0.99988799,1,8927,0,8927,0.99988799,1488297899,1490975999
2017,S64,4,8316,8315,8640,0.96238426,325,8640,325,0.96238426,2,7020,1,8316,0.96238426,1490976299,1493567700
2017,S64,5,8891,8891,8928,0.99585573,37,8928,37,0.99585573,1,0,0,8891,0.99585573,1493568000,1496246100
2017,S64,6,8634,8634,8640,0.99930556,6,8640,6,0.99930556,1,0,0,8634,0.99930556,1496246400,1498838100
2017,S64,7,8760,8760,8928,0.9811828,168,8928,168,0.9811828,1,0,0,8760,0.9811828,1498838400,1501516500
2017,S64,8,8712,8712,8928,0.97580645,216,8928,216,0.97580645,1,0,0,8712,0.97580645,1501516800,1504194900
2017,S64,9,8428,8428,8640,0.97546296,212,8640,212,0.97546296,1,0,0,8428,0.97546296,1504195200,1506786900
2017,S64,10,8664,8664,8928,0.97043011,264,8928,264,0.97043011,1,0,0,8664,0.97043011,1506787200,1509465300
2017,S64,11,8447,8447,8640,0.97766204,193,8640,193,0.97766204,1,0,0,8447,0.97766204,1509465600,1512057300
2017,S64,12,8745,8745,8928,0.97950269,183,8928,183,0.97950269,1,0,0,8745,0.97950269,1512057600,1514735700
2017,S66,1,8829,8829,8928,0.98891129,99,8832,3,0.99966033,1,8829,0,8829,0.98891129,1483229099,1485878399
2017,S66,2,8059,8059,8064,0.99937996,5,8064,5,0.99937996,1,8059,0,8059,0.99937996,1485878699,1488297599
2017,S66,3,8870,8870,8928,0.99350358,58,8928,58,0.99350358,1,8870,0,8870,0.99350358,1488297899,1490975999
2017,S66,4,8289,8288,8640,0.95925926,352,8640,352,0.95925926,2,6993,1,8289,0.95925926,1490976299,1493567700
2017,S66,5,8712,8712,8928,0.97580645,216,8928,216,0.97580645,1,0,0,8712,0.97580645,1493568000,1496246100
2017,S66,6,8095,8095,8640,0.9369213,545,8640,545,0.9369213,1,0,0,8095,0.9369213,1496246400,1498838100
2017,S66,7,8535,8535,8928,0.95598118,393,8928,393,0.95598118,1,0,0,8535,0.95598118,1498838400,1501516500
2017,S66,8,8339,8339,8928,0.93402778,589,8928,589,0.93402778,1,0,0,8339,0.93402778,1501516800,1504194900
2017,S66,9,5817,5817,8640,0.67326389,2823,8640,2823,0.67326389,1,0,0,5817,0.67326389,1504195200,1506786900
2017,S66,10,8421,8421,8928,0.94321237,507,8928,507,0.94321237,1,0,0,8421,0.94321237,1506787200,1509465300
2017,S66,11,7932,7932,8640,0.91805556,708,8640,708,0.91805556,1,0,0,7932,0.91805556,1509465600,1512057300
2017,S66,12,8744,8744,8928,0.97939068,184,8928,184,0.97939068,1,0,0,8744,0.97939068,1512057600,1514735700
2017,S69,1,8411,8411,8928,0.94209229,517,8832,421,0.95233243,1,8411,0,8411,0.94209229,1483229099,1485878399
2017,S69,2,7912,7912,8064,0.98115079,152,8064,152,0.98115079,1,7912,0,7912,0.98115079,1485878699,1488297599
2017,S69,3,8778,8778,8928,0.98319892,150,8928,150,0.98319892,1,8778,0,8778,0.98319892,1488297899,1490975999
2017,S69,4,2366,2366,8640,0.27384259,6274,6528,4162,0.36243873,1,2366,0,2366,0.27384259,1490976299,1492934399
2017,S69,5,8040,8040,8928,0.90053763,888,8178,138,0.98312546,1,0,0,8040,0.90053763,1493793000,1496246100
2017,S69,6,8637,8637,8640,0.99965278,3,8640,3,0.99965278,1,0,0,8637,0.99965278,1496246400,1498838100
2017,S69,7,8777,8777,8928,0.98308692,151,8928,151,0.98308692,1,0,0,8777,0.98308692,1498838400,1501516500
2017,S69,8,8735,8735,8928,0.97838262,193,8928,193,0.97838262,1,0,0,8735,0.97838262,1501516800,1504194900
2017,S69,9,8427,8427,8640,0.97534722,213,8640,213,0.97534722,1,0,0,8427,0.97534722,1504195200,1506786900
2017,S69,10,8662,8662,8928,0.97020609,266,8928,266,0.97020609,1,0,0,8662,0.97020609,1506787200,1509465300
2017,S69,11,8441,8441,8640,0.97696759,199,8640,199,0.97696759,1,0,0,8441,0.97696759,1509465600,1512057300
2017,S69,12,8743,8743,8928,0.97927867,185,8928,185,0.97927867,1,0,0,8743,0.97927867,1512057600,1514735700
2017,S71,1,8789,8789,8928,0.984431,139,8832,43,0.99513134,1,8789,0,8789,0.984431,1483229099,1485878399
2017,S71,2,8015,8015,8064,0.99392361,49,8064,49,0.99392361,1,8015,0,8015,0.99392361,1485878699,1488297599
2017,S71,3,8713,8713,8928,0.97591846,215,8928,215,0.97591846,1,8713,0,8713,0.97591846,1488297899,1490975999
2017,S71,4,6166,6165,8640,0.71354167,2475,8640,2475,0.71354167,2,4982,1,6166,0.71354167,1490976299,1493567700
2017,S71,5,5368,5368,8928,0.60125448,3560,5977,609,0.89810942,1,0,0,5368,0.60125448,1493568000,1495360800
2017,S71,6,8000,8000,8640,0.92592593,640,8170,170,0.97919217,1,0,0,8000,0.92592593,1496387400,1498838100
2017,S71,7,8766,8766,8928,0.98185484,162,8928,162,0.98185484,1,0,0,8766,0.98185484,1498838400,1501516500
2017,S71,8,8563,8563,8928,0.95911738,365,8928,365,0.95911738,1,0,0,8563,0.95911738,1501516800,1504194900
2017,S71,9,8426,8426,8640,0.97523148,214,8640,214,0.97523148,1,0,0,8426,0.97523148,1504195200,1506786900
2017,S71,10,8643,8643,8928,0.96807796,285,8928,285,0.96807796,1,0,0,8643,0.96807796,1506787200,1509465300
2017,S71,11,7240,7240,8640,0.83796296,1400,8640,1400,0.83796296,1,0,0,7240,0.83796296,1509465600,1512057300
2017,S71,12,8732,8732,8928,0.97804659,196,8928,196,0.97804659,1,0,0,8732,0.97804659,1512057600,1514735700
2017,S72,1,0,0,8928,0.0,8928,0,0,,0,0,0,0,0.0,,
2017,S72,2,17,17,8064,0.00210813,8047,6049,6032,0.00281038,1,17,0,17,0.00210813,1486398599,1488212999
2017,S72,3,16,16,8928,0.00179211,8912,1297,1281,0.01233616,1,16,0,16,0.00179211,1488450599,1488839399
2017,S72,4,0,0,8640,0.0,8640,0,0,,0,0,0,0,0.0,,
2017,S72,5,0,0,8928,0.0,8928,0,0,,0,0,0,0,0.0,,
2017,S72,6,0,0,8640,0.0,8640,0,0,,0,0,0,0,0.0,,
2017,S72,7,0,0,8928,0.0,8928,0,0,,0,0,0,0,0.0,,
2017,S72,8,0,0,8928,0.0,8928,0,0,,0,0,0,0,0.0,,
2017,S72,9,0,0,8640,0.0,8640,0,0,,0,0,0,0,0.0,,
2017,S72,10,0,0,8928,0.0,8928,0,0,,0,0,0,0,0.0,,
2017,S72,11,0,0,8640,0.0,8640,0,0,,0,0,0,0,0.0,,
2017,S72,12,0,0,8928,0.0,8928,0,0,,0,0,0,0,0.0,,
2017,S77,1,8832,8832,8928,0.98924731,96,8832,0,1.0,1,8832,0,8832,0.98924731,1483229099,1485878399
2017,S77,2,8063,8063,8064,0.99987599,1,8064,1,0.99987599,1,8063,0,8063,0.99987599,1485878699,1488297599
2017,S77,3,8926,8926,8928,0.99977599,2,8928,2,0.99977599,1,8926,0,8926,0.99977599,1488297899,1490975999
2017,S77,4,8313,8312,8640,0.96203704,328,8640,328,0.96203704,2,7017,1,8313,0.96203704,1490976299,1493567700
2017,S77,5,8622,8622,8928,0.96572581,306,8927,305,0.96583399,1,0,0,8622,0.96572581,1493568000,1496245800
2017,S77,6,8635,8635,8640,0.9994213,5,8640,5,0.9994213,1,0,0,8635,0.9994213,1496246400,1498838100
2017,S77,7,8767,8767,8928,0.98196685,161,8928,161,0.98196685,1,0,0,8767,0.98196685,1498838400,1501516500
2017,S77,8,8714,8714,8928,0.97603047,214,8928,214,0.97603047,1,0,0,8714,0.97603047,1501516800,1504194900
2017,S77,9,8431,8431,8640,0.97581019,209,8640,209,0.97581019,1,0,0,8431,0.97581019,1504195200,1506786900
2017,S77,10,8644,8644,8928,0.96818996,284,8928,284,0.96818996,1,0,0,8644,0.96818996,1506787200,1509465300
2017,S77,11,8455,8455,8640,0.97858796,185,8640,185,0.97858796,1,0,0,8455,0.97858796,1509465600,1512057300
2017,S77,12,8749,8749,8928,0.97995072,179,8928,179,0.97995072,1,0,0,8749,0.97995072,1512057600,1514735700
2017,S78,1,8830,8830,8928,0.9890233,98,8832,2,0.99977355,1,8830,0,8830,0.9890233,1483229099,1485878399
2017,S78,2,8063,8063,8064,0.99987599,1,8064,1,0.99987599,1,8063,0,8063,0.99987599,1485878699,1488297599
2017,S78,3,8316,8316,8928,0.93145161,612,8928,612,0.93145161,1,8316,0,8316,0.93145161,1488297899,1490975999
2017,S78,4,8313,8312,8640,0.96203704,328,8640,328,0.96203704,2,7017,1,8313,0.96203704,1490976299,1493567700
2017,S78,5,8772,8772,8928,0.98252688,156,8928,156,0.98252688,1,0,0,8772,0.98252688,1493568000,1496246100
2017,S78,6,8553,8553,8640,0.98993056,87,8640,87,0.98993056,1,0,0,8553,0.98993056,1496246400,1498838100
2017,S78,7,8764,8764,8928,0.98163082,164,8928,164,0.98163082,1,0,0,8764,0.98163082,1498838400,1501516500
2017,S78,8,8722,8722,8928,0.97692652,206,8928,206,0.97692652,1,0,0,8722,0.97692652,1501516800,1504194900
2017,S78,9,8424,8424,8640,0.975,216,8640,216,0.975,1,0,0,8424,0.975,1504195200,1506786900
2017,S78,10,8652,8652,8928,0.96908602,276,8928,276,0.96908602,1,0,0,8652,0.96908602,1506787200,1509465300
2017,S78,11,8448,8448,8640,0.97777778,192,8640,192,0.97777778,1,0,0,8448,0.97777778,1509465600,1512057300
2017,S78,12,8742,8742,8928,0.97916667,186,8928,186,0.97916667,1,0,0,8742,0.97916667,1512057600,1514735700
2017,S79,1,8816,8816,8928,0.9874552,112,8832,16,0.99818841,1,8816,0,8816,0.9874552,1483229099,1485878399
2017,S79,2,8057,8057,8064,0.99913194,7,8064,7,0.99913194,1,8057,0,8057,0.99913194,1485878699,1488297599
2017,S79,3,8917,8917,8928,0.99876792,11,8928,11,0.99876792,1,8917,0,8917,0.99876792,1488297899,1490975999
2017,S79,4,8226,8225,8640,0.95196759,415,8640,415,0.95196759,2,6930,1,8226,0.95196759,1490976299,1493567700
2017,S79,5,8842,8842,8928,0.99036738,86,8928,86,0.99036738,1,0,0,8842,0.99036738,1493568000,1496246100
2017,S79,6,8564,8564,8640,0.9912037,76,8640,76,0.9912037,1,0,0,8564,0.9912037,1496246400,1498838100
2017,S79,7,8756,8756,8928,0.98073477,172,8928,172,0.98073477,1,0,0,8756,0.98073477,1498838400,1501516500
2017,S79,8,8734,8734,8928,0.97827061,194,8928,194,0.97827061,1,0,0,8734,0.97827061,1501516800,1504194900
2017,S79,9,8381,8381,8640,0.97002315,259,8640,259,0.97002315,1,0,0,8381,0.97002315,1504195200,1506786900
2017,S79,10,8640,8640,8928,0.96774194,288,8928,288,0.96774194,1,0,0,8640,0.96774194,1506787200,1509465300
2017,S79,11,8443,8443,8640,0.97719907,197,8640,197,0.97719907,1,0,0,8443,0.97719907,1509465600,1512057300
2017,S79,12,7403,7403,8928,0.82918907,1525,8928,1525,0.82918907,1,0,0,7403,0.82918907,1512057600,1514735700
2017,S81,1,8832,8832,8928,0.98924731,96,8832,0,1.0,1,8832,0,8832,0.98924731,1483229099,1485878399
2017,S81,2,8063,8063,8064,0.99987599,1,8064,1,0.99987599,1,8063,0,8063,0.99987599,1485878699,1488297599
2017,S81,3,8927,8927,8928,0.99988799,1,8928,1,0.99988799,1,8927,0,8927,0.99988799,1488297899,1490975999
2017,S81,4,7600,7599,8640,0.87951389,1041,8640,1041,0.87951389,2,6304,1,7600,0.87951389,1490976299,1493567700
2017,S81,5,8752,8752,8928,0.98028674,176,8928,176,0.98028674,1,0,0,8752,0.98028674,1493568000,1496246100
2017,S81,6,8478,8478,8640,0.98125,162,8640,162,0.98125,1,0,0,8478,0.98125,1496246400,1498838100
2017,S81,7,8764,8764,8928,0.98163082,164,8928,164,0.98163082,1,0,0,8764,0.98163082,1498838400,1501516500
2017,S81,8,8725,8725,8928,0.97726254,203,8928,203,0.97726254,1,0,0,8725,0.97726254,1501516800,1504194900
2017,S81,9,8428,8428,8640,0.97546296,212,8640,212,0.97546296,1,0,0,8428,0.97546296,1504195200,1506786900
2017,S81,10,8645,8645,8928,0.96830197,283,8928,283,0.96830197,1,0,0,8645,0.96830197,1506787200,1509465300
2017,S81,11,8446,8446,8640,0.9775463,194,8640,194,0.9775463,1,0,0,8446,0.9775463,1509465600,1512057300
2017,S81,12,8738,8738,8928,0.97871864,190,8928,190,0.97871864,1,0,0,8738,0.97871864,1512057600,1514735700
2017,S82,1,0,0,8928,0.0,8928,0,0,,0,0,0,0,0.0,,
2017,S82,2,0,0,8064,0.0,8064,0,0,,0,0,0,0,0.0,,
2017,S82,3,0,0,8928,0.0,8928,0,0,,0,0,0,0,0.0,,
2017,S82,4,0,0,8640,0.0,8640,0,0,,0,0,0,0,0.0,,
2017,S82,5,0,0,8928,0.0,8928,0,0,,0,0,0,0,0.0,,
2017,S82,6,0,0,8640,0.0,8640,0,0,,0,0,0,0,0.0,,
2017,S82,7,0,0,8928,0.0,8928,0,0,,0,0,0,0,0.0,,
2017,S82,8,0,0,8928,0.0,8928,0,0,,0,0,0,0,0.0,,
2017,S82,9,0,0,8640,0.0,8640,0,0,,0,0,0,0,0.0,,
2017,S82,10,0,0,8928,0.0,8928,0,0,,0,0,0,0,0.0,,
2017,S82,11,6095,6095,8640,0.70543981,2545,6497,402,0.93812529,1,0,0,6095,0.70543981,1510108500,1512057300
2017,S82,12,8723,8723,8928,0.97703853,205,8928,205,0.97703853,1,0,0,8723,0.97703853,1512057600,1514735700
2017,S84,1,8829,8829,8928,0.98891129,99,8832,3,0.99966033,1,8829,0,8829,0.98891129,1483229099,1485878399
2017,S84,2,8063,8063,8064,0.99987599,1,8064,1,0.99987599,1,8063,0,8063,0.99987599,1485878699,1488297599
2017,S84,3,8928,8928,8928,1.0,0,8928,0,1.0,1,8928,0,8928,1.0,1488297899,1490975999
2017,S84,4,7400,7399,8640,0.85636574,1241,8640,1241,0.85636574,2,6104,1,7400,0.85636574,1490976299,1493567700
2017,S84,5,8623,8623,8928,0.96583781,305,8928,305,0.96583781,1,0,0,8623,0.96583781,1493568000,1496246100
2017,S84,6,5810,5810,8640,0.6724537,2830,5986,176,0.97059806,1,0,0,5810,0.6724537,1496246400,1498041900
2017,S84,7,5832,5832,8928,0.65322581,3096,8218,2386,0.70966172,1,0,0,5832,0.65322581,1499051400,1501516500
2017,S84,8,8725,8725,8928,0.97726254,203,8928,203,0.97726254,1,0,0,8725,0.97726254,1501516800,1504194900
2017,S84,9,8421,8421,8640,0.97465278,219,8640,219,0.97465278,1,0,0,8421,0.97465278,1504195200,1506786900
2017,S84,10,8646,8646,8928,0.96841398,282,8928,282,0.96841398,1,0,0,8646,0.96841398,1506787200,1509465300
2017,S84,11,8446,8446,8640,0.9775463,194,8640,194,0.9775463,1,0,0,8446,0.9775463,1509465600,1512057300
2017,S84,12,8723,8723,8928,0.97703853,205,8928,205,0.97703853,1,0,0,8723,0.97703853,1512057600,1514735700
2017,S88,1,8821,8821,8928,0.98801523,107,8832,11,0.99875453,1,8821,0,8821,0.98801523,1483229099,1485878399
2017,S88,2,8060,8060,8064,0.99950397,4,8064,4,0.99950397,1,8060,0,8060,0.99950397,1485878699,1488297599
2017,S88,3,8928,8928,8928,1.0,0,8928,0,1.0,1,8928,0,8928,1.0,1488297899,1490975999
2017,S88,4,6480,6479,8640,0.74988426,2161,8640,2161,0.74988426,2,5184,1,6480,0.74988426,1490976299,1493567700
2017,S88,5,8800,8800,8928,0.98566308,128,8928,128,0.98566308,1,0,0,8800,0.98566308,1493568000,1496246100
2017,S88,6,8588,8588,8640,0.99398148,52,8640,52,0.99398148,1,0,0,8588,0.99398148,1496246400,1498838100
2017,S88,7,8760,8760,8928,0.9811828,168,8928,168,0.9811828,1,0,0,8760,0.9811828,1498838400,1501516500
2017,S88,8,8723,8723,8928,0.97703853,205,8928,205,0.97703853,1,0,0,8723,0.97703853,1501516800,1504194900
2017,S88,9,8425,8425,8640,0.97511574,215,8640,215,0.97511574,1,0,0,8425,0.97511574,1504195200,1506786900
2017,S88,10,8642,8642,8928,0.96796595,286,8928,286,0.96796595,1,0,0,8642,0.96796595,1506787200,1509465300
2017,S88,11,8447,8447,8640,0.97766204,193,8640,193,0.97766204,1,0,0,8447,0.97766204,1509465600,1512057300
2017,S88,12,8728,8728,8928,0.97759857,200,8928,200,0.97759857,1,0,0,8728,0.97759857,1512057600,1514735700
2017,S89,1,6896,6896,8928,0.77240143,2032,8832,1936,0.7807971,1,6896,0,6896,0.77240143,1483229099,1485878399
2017,S89,2,4989,4989,8064,0.6186756,3075,7873,2884,0.63368475,1,4989,0,4989,0.6186756,1485878699,1488240299
2017,S89,3,6852,6852,8928,0.76747312,2076,8787,1935,0.77978832,1,6852,0,6852,0.76747312,1488340199,1490975999
2017,S89,4,8323,8322,8640,0.96319444,318,8640,318,0.96319444,2,7027,1,8323,0.96319444,1490976299,1493567700
2017,S89,5,8585,8585,8928,0.96158154,343,8928,343,0.96158154,1,0,0,8585,0.96158154,1493568000,1496246100
2017,S89,6,8194,8194,8640,0.94837963,446,8640,446,0.94837963,1,0,0,8194,0.94837963,1496246400,1498838100
2017,S89,7,8759,8759,8928,0.98107079,169,8928,169,0.98107079,1,0,0,8759,0.98107079,1498838400,1501516500
2017,S89,8,8732,8732,8928,0.97804659,196,8928,196,0.97804659,1,0,0,8732,0.97804659,1501516800,1504194900
2017,S89,9,8425,8425,8640,0.97511574,215,8640,215,0.97511574,1,0,0,8425,0.97511574,1504195200,1506786900
2017,S89,10,8646,8646,8928,0.96841398,282,8928,282,0.96841398,1,0,0,8646,0.96841398,1506787200,1509465300
2017,S89,11,8181,8181,8640,0.946875,459,8640,459,0.946875,1,0,0,8181,0.946875,1509465600,1512057300
2017,S89,12,8731,8731,8928,0.97793459,197,8928,197,0.97793459,1,0,0,8731,0.97793459,1512057600,1514735700
2017,S90,1,8832,8832,8928,0.98924731,96,8832,0,1.0,1,8832,0,8832,0.98924731,1483229099,1485878399
2017,S90,2,8060,8060,8064,0.99950397,4,8064,4,0.99950397,1,8060,0,8060,0.99950397,1485878699,1488297599
2017,S90,3,8928,8928,8928,1.0,0,8928,0,1.0,1,8928,0,8928,1.0,1488297899,1490975999
2017,S90,4,4912,4912,8640,0.56851852,3728,4935,23,0.99533941,1,4912,0,4912,0.56851852,1490976299,1492456499
2017,S90,5,7835,7835,8928,0.87757616,1093,8094,259,0.96800099,1,0,0,7835,0.87757616,1493818200,1496246100
2017,S90,6,8450,8450,8640,0.97800926,190,8640,190,0.97800926,1,0,0,8450,0.97800926,1496246400,1498838100
2017,S90,7,8760,8760,8928,0.9811828,168,8928,168,0.9811828,1,0,0,8760,0.9811828,1498838400,1501516500
2017,S90,8,8732,8732,8928,0.97804659,196,8928,196,0.97804659,1,0,0,8732,0.97804659,1501516800,1504194900
2017,S90,9,8369,8369,8640,0.96863426,271,8640,271,0.96863426,1,0,0,8369,0.96863426,1504195200,1506786900
2017,S90,10,8608,8608,8928,0.96415771,320,8928,320,0.96415771,1,0,0,8608,0.96415771,1506787200,1509465300
2017,S90,11,8445,8445,8640,0.97743056,195,8640,195,0.97743056,1,0,0,8445,0.97743056,1509465600,1512057300
2017,S90,12,8729,8729,8928,0.97771057,199,8928,199,0.97771057,1,0,0,8729,0.97771057,1512057600,1514735700
2017,S900,1,8832,8832,8928,0.98924731,96,8832,0,1.0,1,8832,0,8832,0.98924731,1483229099,1485878399
2017,S900,2,8062,8062,8064,0.99975198,2,8064,2,0.99975198,1,8062,0,8062,0.99975198,1485878699,1488297599
2017,S900,3,8928,8928,8928,1.0,0,8928,0,1.0,1,8928,0,8928,1.0,1488297899,1490975999
2017,S900,4,8292,8291,8640,0.95960648,349,8640,349,0.95960648,2,6996,1,8292,0.95960648,1490976299,1493567700
2017,S900,5,7285,7285,8928,0.81597222,1643,8928,1643,0.81597222,1,0,0,7285,0.81597222,1493568000,1496246100
2017,S900,6,7415,7415,8640,0.85821759,1225,8640,1225,0.85821759,1,0,0,7415,0.85821759,1496246400,1498838100
2017,S900,7,8614,8614,8928,0.96482975,314,8928,314,0.96482975,1,0,0,8614,0.96482975,1498838400,1501516500
2017,S900,8,8578,8578,8928,0.96079749,350,8928,350,0.96079749,1,0,0,8578,0.96079749,1501516800,1504194900
2017,S900,9,8080,8080,8640,0.93518519,560,8640,560,0.93518519,1,0,0,8080,0.93518519,1504195200,1506786900
2017,S900,10,8634,8634,8928,0.96706989,294,8928,294,0.96706989,1,0,0,8634,0.96706989,1506787200,1509465300
2017,S900,11,8420,8420,8640,0.97453704,220,8640,220,0.97453704,1,0,0,8420,0.97453704,1509465600,1512057300
2017,S900,12,8601,8601,8928,0.96337366,327,8928,327,0.96337366,1,0,0,8601,0.96337366,1512057600,1514735700
2017,S91,1,8832,8832,8928,0.98924731,96,8832,0,1.0,1,8832,0,8832,0.98924731,1483229099,1485878399
2017,S91,2,8064,8064,8064,1.0,0,8064,0,1.0,1,8064,0,8064,1.0,1485878699,1488297599
2017,S91,3,8928,8928,8928,1.0,0,8928,0,1.0,1,8928,0,8928,1.0,1488297899,1490975999
2017,S91,4,2225,2225,8640,0.25752315,6415,4908,2683,0.45334148,1,2225,0,2225,0.25752315,1490976299,1492448399
2017,S91,5,4319,4319,8928,0.48375896,4609,6054,1735,0.71341262,1,0,0,4319,0.48375896,1493794200,1495610100
2017,S91,6,6965,6965,8640,0.80613426,1675,6991,26,0.99628093,1,0,0,6965,0.80613426,1496741100,1498838100
2017,S91,7,8746,8746,8928,0.9796147,182,8928,182,0.9796147,1,0,0,8746,0.9796147,1498838400,1501516500
2017,S91,8,8736,8736,8928,0.97849462,192,8928,192,0.97849462,1,0,0,8736,0.97849462,1501516800,1504194900
2017,S91,9,8435,8435,8640,0.97627315,205,8640,205,0.97627315,1,0,0,8435,0.97627315,1504195200,1506786900
2017,S91,10,8656,8656,8928,0.96953405,272,8928,272,0.96953405,1,0,0,8656,0.96953405,1506787200,1509465300
2017,S91,11,8442,8442,8640,0.97708333,198,8640,198,0.97708333,1,0,0,8442,0.97708333,1509465600,1512057300
2017,S91,12,8729,8729,8928,0.97771057,199,8928,199,0.97771057,1,0,0,8729,0.97771057,1512057600,1514735700
2017,S92,1,8831,8831,8928,0.9891353,97,8832,1,0.99988678,1,8831,0,8831,0.9891353,1483229099,1485878399
2017,S92,2,8063,8063,8064,0.99987599,1,8064,1,0.99987599,1,8063,0,8063,0.99987599,1485878699,1488297599
2017,S92,3,8927,8927,8928,0.99988799,1,8928,1,0.99988799,1,8927,0,8927,0.99988799,1488297899,1490975999
2017,S92,4,6494,6493,8640,0.75150463,2147,8640,2147,0.75150463,2,5198,1,6494,0.75150463,1490976299,1493567700
2017,S92,5,8789,8789,8928,0.984431,139,8928,139,0.984431,1,0,0,8789,0.984431,1493568000,1496246100
2017,S92,6,8042,8042,8640,0.93078704,598,8640,598,0.93078704,1,0,0,8042,0.93078704,1496246400,1498838100
2017,S92,7,7731,7731,8928,0.86592742,1197,8278,547,0.93392124,1,0,0,7731,0.86592742,1498838400,1501321500
2017,S92,8,8524,8524,8928,0.9547491,404,8722,198,0.97729878,1,0,0,8524,0.9547491,1501578600,1504194900
2017,S92,9,8419,8419,8640,0.9744213,221,8640,221,0.9744213,1,0,0,8419,0.9744213,1504195200,1506786900
2017,S92,10,8645,8645,8928,0.96830197,283,8928,283,0.96830197,1,0,0,8645,0.96830197,1506787200,1509465300
2017,S92,11,7457,7457,8640,0.8630787,1183,8640,1183,0.8630787,1,0,0,7457,0.8630787,1509465600,1512057300
2017,S92,12,8729,8729,8928,0.97771057,199,8928,199,0.97771057,1,0,0,8729,0.97771057,1512057600,1514735700
2017,S94,1,8832,8832,8928,0.98924731,96,8832,0,1.0,1,8832,0,8832,0.98924731,1483229099,1485878399
2017,S94,2,8064,8064,8064,1.0,0,8064,0,1.0,1,8064,0,8064,1.0,1485878699,1488297599
2017,S94,3,8919,8919,8928,0.99899194,9,8928,9,0.99899194,1,8919,0,8919,0.99899194,1488297899,1490975999
2017,S94,4,8304,8303,8640,0.96099537,337,8640,337,0.96099537,2,7008,1,8304,0.96099537,1490976299,1493567700
2017,S94,5,8721,8721,8928,0.97681452,207,8928,207,0.97681452,1,0,0,8721,0.97681452,1493568000,1496246100
2017,S94,6,8567,8567,8640,0.99155093,73,8640,73,0.99155093,1,0,0,8567,0.99155093,1496246400,1498838100
2017,S94,7,8730,8730,8928,0.97782258,198,8928,198,0.97782258,1,0,0,8730,0.97782258,1498838400,1501516500
2017,S94,8,8692,8692,8928,0.97356631,236,8928,236,0.97356631,1,0,0,8692,0.97356631,1501516800,1504194900
2017,S94,9,8429,8429,8640,0.9755787,211,8640,211,0.9755787,1,0,0,8429,0.9755787,1504195200,1506786900
2017,S94,10,8649,8649,8928,0.96875,279,8928,279,0.96875,1,0,0,8649,0.96875,1506787200,1509465300
2017,S94,11,8421,8421,8640,0.97465278,219,8640,219,0.97465278,1,0,0,8421,0.97465278,1509465600,1512057300
2017,S94,12,8694,8694,8928,0.97379032,234,8928,234,0.97379032,1,0,0,8694,0.97379032,1512057600,1514735700
2017,S96,1,8807,8807,8928,0.98644713,121,8832,25,0.99716938,1,8807,0,8807,0.98644713,1483229099,1485878399
2017,S96,2,8043,8043,8064,0.99739583,21,8064,21,0.99739583,1,8043,0,8043,0.99739583,1485878699,1488297599
2017,S96,3,8910,8910,8928,0.99798387,18,8928,18,0.99798387,1,8910,0,8910,0.99798387,1488297899,1490975999
2017,S96,4,4873,4873,8640,0.56400463,3767,4945,72,0.98543984,1,4873,0,4873,0.56400463,1490976299,1492459499
2017,S96,5,0,0,8928,0.0,8928,0,0,,0,0,0,0,0.0,,
2017,S96,6,0,0,8640,0.0,8640,0,0,,0,0,0,0,0.0,,
2017,S96,7,0,0,8928,0.0,8928,0,0,,0,0,0,0,0.0,,
2017,S96,8,0,0,8928,0.0,8928,0,0,,0,0,0,0,0.0,,
2017,S96,9,0,0,8640,0.0,8640,0,0,,0,0,0,0,0.0,,
2017,S96,10,0,0,8928,0.0,8928,0,0,,0,0,0,0,0.0,,
2017,S96,11,0,0,8640,0.0,8640,0,0,,0,0,0,0,0.0,,
2017,S96,12,0,0,8928,0.0,8928,0,0,,0,0,0,0,0.0,,
2017,S97,1,6,6,8928,0.00067204,8922,6,0,1.0,1,6,0,6,0.00067204,1483587899,1483589399
2017,S97,2,0,0,8064,0.0,8064,0,0,,0,0,0,0,0.0,,
2017,S97,3,0,0,8928,0.0,8928,0,0,,0,0,0,0,0.0,,
2017,S97,4,0,0,8640,0.0,8640,0,0,,0,0,0,0,0.0,,
2017,S97,5,0,0,8928,0.0,8928,0,0,,0,0,0,0,0.0,,
2017,S97,6,0,0,8640,0.0,8640,0,0,,0,0,0,0,0.0,,
2017,S97,7,0,0,8928,0.0,8928,0,0,,0,0,0,0,0.0,,
2017,S97,8,0,0,8928,0.0,8928,0,0,,0,0,0,0,0.0,,
2017,S97,9,0,0,8640,0.0,8640,0,0,,0,0,0,0,0.0,,
2017,S97,10,0,0,8928,0.0,8928,0,0,,0,0,0,0,0.0,,
2017,S97,11,0,0,8640,0.0,8640,0,0,,0,0,0,0,0.0,,
2017,S97,12,0,0,8928,0.0,8928,0,0,,0,0,0,0,0.0,,
2018,S07,1,7722,7722,8928,0.86491935,1206,8928,1206,0.86491935,1,0,0,7722,0.86491935,1514736000,1517414100
2018,S07,2,4965,4965,8064,0.6156994,3099,8063,3098,0.61577577,1,0,0,4965,0.6156994,1517414400,1519833000
2018,S07,3,6476,6476,8928,0.72535842,2452,8927,2451,0.72543968,1,0,0,6476,0.72535842,1519833600,1522511400
2018,S07,4,6088,6088,8640,0.70462963,2552,8639,2551,0.70471119,1,0,0,6088,0.70462963,1522512300,1525103700
2018,S07,5,8194,8194,8928,0.91778674,734,8928,734,0.91778674,1,0,0,8194,0.91778674,1525104000,1527782100
2018,S07,6,7801,7801,8640,0.90289352,839,7808,7,0.99910348,1,0,0,7801,0.90289352,1527782400,1530124500
2018,S07,7,8782,8782,8928,0.98364695,146,8806,24,0.99727459,1,0,0,8782,0.98364695,1530411000,1533052500
2018,S07,8,672,672,8928,0.07526882,8256,672,0,1.0,1,0,0,672,0.07526882,1533052800,1533254100
2018,S07,9,8389,8389,8640,0.97094907,251,8544,155,0.98185861,1,0,0,8389,0.97094907,1535760000,1538322900
2018,S07,10,8922,8922,8928,0.99932796,6,8928,6,0.99932796,1,0,0,8922,0.99932796,1538323200,1541001300
2018,S07,11,8624,8624,8640,0.99814815,16,8640,16,0.99814815,1,0,0,8624,0.99814815,1541001600,1543593300
2018,S07,12,8924,8924,8928,0.99955197,4,8928,4,0.99955197,1,0,0,8924,0.99955197,1543593600,1546271700
2018,S08,1,8017,8017,8928,0.89796147,911,8928,911,0.89796147,1,0,0,8017,0.89796147,1514736000,1517414100
2018,S08,2,4643,4643,8064,0.57576885,3421,8063,3420,0.57584026,1,0,0,4643,0.57576885,1517414400,1519833000
2018,S08,3,6150,6150,8928,0.68884409,2778,8711,2561,0.7060039,1,0,0,6150,0.68884409,1519833600,1522446600
2018,S08,4,5389,5389,8640,0.62372685,3251,8290,2901,0.65006031,1,0,0,5389,0.62372685,1522617000,1525103700
2018,S08,5,8882,8882,8928,0.99484767,46,8928,46,0.99484767,1,0,0,8882,0.99484767,1525104000,1527782100
2018,S08,6,8566,8566,8640,0.99143519,74,8640,74,0.99143519,1,0,0,8566,0.99143519,1527782400,1530374100
2018,S08,7,8888,8888,8928,0.99551971,40,8928,40,0.99551971,1,0,0,8888,0.99551971,1530374400,1533052500
2018,S08,8,663,663,8928,0.07426075,8265,672,9,0.98660714,1,0,0,663,0.07426075,1533052800,1533254100
2018,S08,9,8541,8541,8640,0.98854167,99,8544,3,0.99964888,1,0,0,8541,0.98854167,1535760000,1538322900
2018,S08,10,8903,8903,8928,0.99719982,25,8928,25,0.99719982,1,0,0,8903,0.99719982,1538323200,1541001300
2018,S08,11,8614,8614,8640,0.99699074,26,8640,26,0.99699074,1,0,0,8614,0.99699074,1541001600,1543593300
2018,S08,12,8918,8918,8928,0.99887993,10,8928,10,0.99887993,1,0,0,8918,0.99887993,1543593600,1546271700
2018,S100,1,6329,6329,8928,0.70889337,2599,8418,2089,0.75184129,1,0,0,6329,0.70889337,1514736000,1517261100
2018,S100,2,4802,4802,8064,0.59548611,3262,7902,3100,0.60769425,1,0,0,4802,0.59548611,1517462700,1519833000
2018,S100,3,4148,4148,8928,0.46460573,4780,8927,4779,0.46465778,1,0,0,4148,0.46460573,1519833600,1522511400
2018,S100,4,5859,5859,8640,0.678125,2781,8639,2780,0.6782035,1,0,0,5859,0.678125,1522512300,1525103700
2018,S100,5,8713,8713,8928,0.97591846,215,8928,215,0.97591846,1,0,0,8713,0.97591846,1525104000,1527782100
2018,S100,6,8539,8539,8640,0.98831019,101,8640,101,0.98831019,1,0,0,8539,0.98831019,1527782400,1530374100
2018,S100,7,8902,8902,8928,0.99708781,26,8928,26,0.99708781,1,0,0,8902,0.99708781,1530374400,1533052500
2018,S100,8,672,672,8928,0.07526882,8256,672,0,1.0,1,0,0,672,0.07526882,1533052800,1533254100
2018,S100,9,8403,8403,8640,0.97256944,237,8544,141,0.98349719,1,0,0,8403,0.97256944,1535760000,1538322900
2018,S100,10,8912,8912,8928,0.99820789,16,8928,16,0.99820789,1,0,0,8912,0.99820789,1538323200,1541001300
2018,S100,11,7830,7830,8640,0.90625,810,8640,810,0.90625,1,0,0,7830,0.90625,1541001600,1543593300
2018,S100,12,8912,8912,8928,0.99820789,16,8928,16,0.99820789,1,0,0,8912,0.99820789,1543593600,1546271700
2018,S101,1,3762,3762,8928,0.42137097,5166,3869,107,0.97234428,1,0,0,3762,0.42137097,1516253700,1517414100
2018,S101,2,4022,4022,8064,0.49875992,4042,8063,4041,0.49882178,1,0,0,4022,0.49875992,1517414400,1519833000
2018,S101,3,6467,6467,8928,0.72435036,2461,8927,2460,0.7244315,1,0,0,6467,0.72435036,1519833600,1522511400
2018,S101,4,6081,6081,8640,0.70381944,2559,8639,2558,0.70390091,1,0,0,6081,0.70381944,1522512300,1525103700
2018,S101,5,8896,8896,8928,0.99641577,32,8928,32,0.99641577,1,0,0,8896,0.99641577,1525104000,1527782100
2018,S101,6,8633,8633,8640,0.99918981,7,8640,7,0.99918981,1,0,0,8633,0.99918981,1527782400,1530374100
2018,S101,7,8906,8906,8928,0.99753584,22,8928,22,0.99753584,1,0,0,8906,0.99753584,1530374400,1533052500
2018,S101,8,672,672,8928,0.07526882,8256,672,0,1.0,1,0,0,672,0.07526882,1533052800,1533254100
2018,S101,9,8415,8415,8640,0.97395833,225,8544,129,0.98490169,1,0,0,8415,0.97395833,1535760000,1538322900
2018,S101,10,8921,8921,8928,0.99921595,7,8928,7,0.99921595,1,0,0,8921,0.99921595,1538323200,1541001300
2018,S101,11,8623,8623,8640,0.99803241,17,8640,17,0.99803241,1,0,0,8623,0.99803241,1541001600,1543593300
2018,S101,12,1846,1846,8928,0.20676523,7082,1846,0,1.0,1,0,0,1846,0.20676523,1543593600,1544147100
2018,S102,1,3991,3991,8928,0.44702061,4937,4129,138,0.96657786,1,0,0,3991,0.44702061,1516175700,1517414100
2018,S102,2,4942,4942,8064,0.61284722,3122,8063,3121,0.61292323,1,0,0,4942,0.61284722,1517414400,1519833000
2018,S102,3,6223,6223,8928,0.69702061,2705,8927,2704,0.69709869,1,0,0,6223,0.69702061,1519833600,1522511400
2018,S102,4,5992,5992,8640,0.69351852,2648,8639,2647,0.6935988,1,0,0,5992,0.69351852,1522512300,1525103700
2018,S102,5,8745,8745,8928,0.97950269,183,8928,183,0.97950269,1,0,0,8745,0.97950269,1525104000,1527782100
2018,S102,6,8443,8443,8640,0.97719907,197,8640,197,0.97719907,1,0,0,8443,0.97719907,1527782400,1530374100
2018,S102,7,8477,8477,8928,0.94948477,451,8928,451,0.94948477,1,0,0,8477,0.94948477,1530374400,1533052500
2018,S102,8,658,658,8928,0.07370072,8270,672,14,0.97916667,1,0,0,658,0.07370072,1533052800,1533254100
2018,S102,9,2920,2920,8640,0.33796296,5720,2995,75,0.97495826,1,0,0,2920,0.33796296,1535760000,1536658200
2018,S102,10,0,0,8928,0.0,8928,0,0,,0,0,0,0,0.0,,
2018,S102,11,0,0,8640,0.0,8640,0,0,,0,0,0,0,0.0,,
2018,S102,12,0,0,8928,0.0,8928,0,0,,0,0,0,0,0.0,,
2018,S104,1,7687,7687,8928,0.8609991,1241,7870,183,0.97674714,1,0,0,7687,0.8609991,1515053400,1517414100
2018,S104,2,4981,4981,8064,0.61768353,3083,8063,3082,0.61776014,1,0,0,4981,0.61768353,1517414400,1519833000
2018,S104,3,6553,6553,8928,0.73398297,2375,8927,2374,0.7340652,1,0,0,6553,0.73398297,1519833600,1522511400
2018,S104,4,5675,5675,8640,0.6568287,2965,8639,2964,0.65690473,1,0,0,5675,0.6568287,1522512300,1525103700
2018,S104,5,8905,8905,8928,0.99742384,23,8928,23,0.99742384,1,0,0,8905,0.99742384,1525104000,1527782100
2018,S104,6,8639,8639,8640,0.99988426,1,8640,1,0.99988426,1,0,0,8639,0.99988426,1527782400,1530374100
2018,S104,7,8911,8911,8928,0.99809588,17,8928,17,0.99809588,1,0,0,8911,0.99809588,1530374400,1533052500
2018,S104,8,672,672,8928,0.07526882,8256,672,0,1.0,1,0,0,672,0.07526882,1533052800,1533254100
2018,S104,9,8416,8416,8640,0.97407407,224,8544,128,0.98501873,1,0,0,8416,0.97407407,1535760000,1538322900
2018,S104,10,8924,8924,8928,0.99955197,4,8928,4,0.99955197,1,0,0,8924,0.99955197,1538323200,1541001300
2018,S104,11,5071,5071,8640,0.5869213,3569,8640,3569,0.5869213,1,0,0,5071,0.5869213,1541001600,1543593300
2018,S104,12,2801,2801,8928,0.31373208,6127,4866,2065,0.5756268,1,0,0,2801,0.31373208,1543593600,1545053100
2018,S105,1,0,0,8928,0.0,8928,0,0,,0,0,0,0,0.0,,
2018,S105,2,0,0,8064,0.0,8064,0,0,,0,0,0,0,0.0,,
2018,S105,3,0,0,8928,0.0,8928,0,0,,0,0,0,0,0.0,,
2018,S105,4,0,0,8640,0.0,8640,0,0,,0,0,0,0,0.0,,
2018,S105,5,0,0,8928,0.0,8928,0,0,,0,0,0,0,0.0,,
2018,S105,6,0,0,8640,0.0,8640,0,0,,0,0,0,0,0.0,,
2018,S105,7,0,0,8928,0.0,8928,0,0,,0,0,0,0,0.0,,
2018,S105,8,0,0,8928,0.0,8928,0,0,,0,0,0,0,0.0,,
2018,S105,9,0,0,8640,0.0,8640,0,0,,0,0,0,0,0.0,,
2018,S105,10,0,0,8928,0.0,8928,0,0,,0,0,0,0,0.0,,
2018,S105,11,0,0,8640,0.0,8640,0,0,,0,0,0,0,0.0,,
2018,S105,12,5760,5760,8928,0.64516129,3168,5761,1,0.99982642,1,0,0,5760,0.64516129,1544543700,1546271700
2018,S106,1,7232,7232,8928,0.81003584,1696,8928,1696,0.81003584,1,0,0,7232,0.81003584,1514736000,1517414100
2018,S106,2,4847,4847,8064,0.60106647,3217,8063,3216,0.60114101,1,0,0,4847,0.60106647,1517414400,1519833000
2018,S106,3,6428,6428,8928,0.71998208,2500,8927,2499,0.72006273,1,0,0,6428,0.71998208,1519833600,1522511400
2018,S106,4,6054,6054,8640,0.70069444,2586,8639,2585,0.70077555,1,0,0,6054,0.70069444,1522512300,1525103700
2018,S106,5,8377,8377,8928,0.93828405,551,8928,551,0.93828405,1,0,0,8377,0.93828405,1525104000,1527782100
2018,S106,6,8500,8500,8640,0.9837963,140,8640,140,0.9837963,1,0,0,8500,0.9837963,1527782400,1530374100
2018,S106,7,8567,8567,8928,0.95956541,361,8928,361,0.95956541,1,0,0,8567,0.95956541,1530374400,1533052500
2018,S106,8,648,648,8928,0.07258065,8280,672,24,0.96428571,1,0,0,648,0.07258065,1533052800,1533254100
2018,S106,9,8429,8429,8640,0.9755787,211,8544,115,0.98654026,1,0,0,8429,0.9755787,1535760000,1538322900
2018,S106,10,7661,7661,8928,0.85808692,1267,7877,216,0.97257839,1,0,0,7661,0.85808692,1538323200,1540686000
2018,S106,11,2179,2179,8640,0.25219907,6461,2189,10,0.9954317,1,0,0,2179,0.25219907,1542174300,1542830700
2018,S106,12,8151,8151,8928,0.91297043,777,8187,36,0.99560278,1,0,0,8151,0.91297043,1543815900,1546271700
2018,S107,1,8711,8711,8928,0.97569444,217,8928,217,0.97569444,1,0,0,8711,0.97569444,1514736000,1517414100
2018,S107,2,4953,4953,8064,0.61421131,3111,8063,3110,0.61428749,1,0,0,4953,0.61421131,1517414400,1519833000
2018,S107,3,6411,6411,8928,0.71807796,2517,8927,2516,0.7181584,1,0,0,6411,0.71807796,1519833600,1522511400
2018,S107,4,6075,6075,8640,0.703125,2565,8639,2564,0.70320639,1,0,0,6075,0.703125,1522512300,1525103700
2018,S107,5,8911,8911,8928,0.99809588,17,8928,17,0.99809588,1,0,0,8911,0.99809588,1525104000,1527782100
2018,S107,6,7756,7756,8640,0.89768519,884,8640,884,0.89768519,1,0,0,7756,0.89768519,1527782400,1530374100
2018,S107,7,8905,8905,8928,0.99742384,23,8928,23,0.99742384,1,0,0,8905,0.99742384,1530374400,1533052500
2018,S107,8,672,672,8928,0.07526882,8256,672,0,1.0,1,0,0,672,0.07526882,1533052800,1533254100
2018,S107,9,8541,8541,8640,0.98854167,99,8544,3,0.99964888,1,0,0,8541,0.98854167,1535760000,1538322900
2018,S107,10,8788,8788,8928,0.984319,140,8928,140,0.984319,1,0,0,8788,0.984319,1538323200,1541001300
2018,S107,11,7444,7444,8640,0.86157407,1196,8640,1196,0.86157407,1,0,0,7444,0.86157407,1541001600,1543593300
2018,S107,12,8921,8921,8928,0.99921595,7,8928,7,0.99921595,1,0,0,8921,0.99921595,1543593600,1546271700
2018,S108,1,6597,6597,8928,0.73891129,2331,8256,1659,0.79905523,1,0,0,6597,0.73891129,1514937600,1517414100
2018,S108,2,4662,4662,8064,0.578125,3402,8063,3401,0.5781967,1,0,0,4662,0.578125,1517414400,1519833000
2018,S108,3,5826,5826,8928,0.65255376,3102,8927,3101,0.65262686,1,0,0,5826,0.65255376,1519833600,1522511400
2018,S108,4,3298,3298,8640,0.38171296,5342,8639,5341,0.38175715,1,0,0,3298,0.38171296,1522512300,1525103700
2018,S108,5,4226,4226,8928,0.47334229,4702,8928,4702,0.47334229,1,0,0,4226,0.47334229,1525104000,1527782100
2018,S108,6,6880,6880,8640,0.7962963,1760,8640,1760,0.7962963,1,0,0,6880,0.7962963,1527782400,1530374100
2018,S108,7,7549,7549,8928,0.84554211,1379,8388,839,0.89997616,1,0,0,7549,0.84554211,1530374400,1532890500
2018,S108,8,530,530,8928,0.0593638,8398,530,0,1.0,1,0,0,530,0.0593638,1533095400,1533254100
2018,S108,9,5600,5600,8640,0.64814815,3040,6589,989,0.84990135,1,0,0,5600,0.64814815,1535847900,1537824300
2018,S108,10,8280,8280,8928,0.92741935,648,8795,515,0.941444,1,0,0,8280,0.92741935,1538363100,1541001300
2018,S108,11,7239,7239,8640,0.83784722,1401,8640,1401,0.83784722,1,0,0,7239,0.83784722,1541001600,1543593300
2018,S108,12,7036,7036,8928,0.78808244,1892,8928,1892,0.78808244,1,0,0,7036,0.78808244,1543593600,1546271700
2018,S109,1,8729,8729,8928,0.97771057,199,8928,199,0.97771057,1,0,0,8729,0.97771057,1514736000,1517414100
2018,S109,2,3726,3726,8064,0.46205357,4338,8063,4337,0.46211088,1,0,0,3726,0.46205357,1517414400,1519833000
2018,S109,3,6482,6482,8928,0.72603047,2446,8927,2445,0.7261118,1,0,0,6482,0.72603047,1519833600,1522511400
2018,S109,4,6089,6089,8640,0.70474537,2551,8639,2550,0.70482695,1,0,0,6089,0.70474537,1522512300,1525103700
2018,S109,5,8904,8904,8928,0.99731183,24,8928,24,0.99731183,1,0,0,8904,0.99731183,1525104000,1527782100
2018,S109,6,7383,7383,8640,0.85451389,1257,8640,1257,0.85451389,1,0,0,7383,0.85451389,1527782400,1530374100
2018,S109,7,8906,8906,8928,0.99753584,22,8928,22,0.99753584,1,0,0,8906,0.99753584,1530374400,1533052500
2018,S109,8,672,672,8928,0.07526882,8256,672,0,1.0,1,0,0,672,0.07526882,1533052800,1533254100
2018,S109,9,8407,8407,8640,0.97303241,233,8544,137,0.98396536,1,0,0,8407,0.97303241,1535760000,1538322900
2018,S109,10,6129,6129,8928,0.68649194,2799,8928,2799,0.68649194,1,0,0,6129,0.68649194,1538323200,1541001300
2018,S109,11,7537,7537,8640,0.87233796,1103,7554,17,0.99774954,1,0,0,7537,0.87233796,1541001600,1543267500
2018,S109,12,6848,6848,8928,0.76702509,2080,6855,7,0.99897885,1,0,0,6848,0.76702509,1543805400,1545861600
2018,S11,1,8752,8752,8928,0.98028674,176,8928,176,0.98028674,1,0,0,8752,0.98028674,1514736000,1517414100
2018,S11,2,4967,4967,8064,0.61594742,3097,8063,3096,0.61602381,1,0,0,4967,0.61594742,1517414400,1519833000
2018,S11,3,6459,6459,8928,0.7234543,2469,8927,2468,0.72353534,1,0,0,6459,0.7234543,1519833600,1522511400
2018,S11,4,6088,6088,8640,0.70462963,2552,8639,2551,0.70471119,1,0,0,6088,0.70462963,1522512300,1525103700
2018,S11,5,8916,8916,8928,0.99865591,12,8928,12,0.99865591,1,0,0,8916,0.99865591,1525104000,1527782100
2018,S11,6,8632,8632,8640,0.99907407,8,8640,8,0.99907407,1,0,0,8632,0.99907407,1527782400,1530374100
2018,S11,7,8907,8907,8928,0.99764785,21,8928,21,0.99764785,1,0,0,8907,0.99764785,1530374400,1533052500
2018,S11,8,672,672,8928,0.07526882,8256,672,0,1.0,1,0,0,672,0.07526882,1533052800,1533254100
2018,S11,9,7928,7928,8640,0.91759259,712,8544,616,0.92790262,1,0,0,7928,0.91759259,1535760000,1538322900
2018,S11,10,8831,8831,8928,0.9891353,97,8928,97,0.9891353,1,0,0,8831,0.9891353,1538323200,1541001300
2018,S11,11,8145,8145,8640,0.94270833,495,8640,495,0.94270833,1,0,0,8145,0.94270833,1541001600,1543593300
2018,S11,12,6471,6471,8928,0.72479839,2457,8928,2457,0.72479839,1,0,0,6471,0.72479839,1543593600,1546271700
2018,S111,1,7577,7577,8928,0.84867832,1351,8928,1351,0.84867832,1,0,0,7577,0.84867832,1514736000,1517414100
2018,S111,2,4939,4939,8064,0.6124752,3125,8063,3124,0.61255116,1,0,0,4939,0.6124752,1517414400,1519833000
2018,S111,3,6434,6434,8928,0.72065412,2494,8927,2493,0.72073485,1,0,0,6434,0.72065412,1519833600,1522511400
2018,S111,4,6088,6088,8640,0.70462963,2552,8639,2551,0.70471119,1,0,0,6088,0.70462963,1522512300,1525103700
2018,S111,5,8904,8904,8928,0.99731183,24,8928,24,0.99731183,1,0,0,8904,0.99731183,1525104000,1527782100
2018,S111,6,8093,8093,8640,0.93668981,547,8640,547,0.93668981,1,0,0,8093,0.93668981,1527782400,1530374100
2018,S111,7,8904,8904,8928,0.99731183,24,8928,24,0.99731183,1,0,0,8904,0.99731183,1530374400,1533052500
2018,S111,8,672,672,8928,0.07526882,8256,672,0,1.0,1,0,0,672,0.07526882,1533052800,1533254100
2018,S111,9,8417,8417,8640,0.97418981,223,8544,127,0.98513577,1,0,0,8417,0.97418981,1535760000,1538322900
2018,S111,10,8920,8920,8928,0.99910394,8,8928,8,0.99910394,1,0,0,8920,0.99910394,1538323200,1541001300
2018,S111,11,8623,8623,8640,0.99803241,17,8640,17,0.99803241,1,0,0,8623,0.99803241,1541001600,1543593300
2018,S111,12,8910,8910,8928,0.99798387,18,8928,18,0.99798387,1,0,0,8910,0.99798387,1543593600,1546271700
2018,S112,1,8024,8024,8928,0.89874552,904,8928,904,0.89874552,1,0,0,8024,0.89874552,1514736000,1517414100
2018,S112,2,4960,4960,8064,0.61507937,3104,8063,3103,0.61515565,1,0,0,4960,0.61507937,1517414400,1519833000
2018,S112,3,6408,6408,8928,0.71774194,2520,8927,2519,0.71782234,1,0,0,6408,0.71774194,1519833600,1522511400
2018,S112,4,5191,5191,8640,0.60081019,3449,8639,3448,0.60087973,1,0,0,5191,0.60081019,1522512300,1525103700
2018,S112,5,8096,8096,8928,0.90681004,832,8928,832,0.90681004,1,0,0,8096,0.90681004,1525104000,1527782100
2018,S112,6,7397,7397,8640,0.85613426,1243,8640,1243,0.85613426,1,0,0,7397,0.85613426,1527782400,1530374100
2018,S112,7,8520,8520,8928,0.95430108,408,8928,408,0.95430108,1,0,0,8520,0.95430108,1530374400,1533052500
2018,S112,8,672,672,8928,0.07526882,8256,672,0,1.0,1,0,0,672,0.07526882,1533052800,1533254100
2018,S112,9,8419,8419,8640,0.9744213,221,8544,125,0.98536985,1,0,0,8419,0.9744213,1535760000,1538322900
2018,S112,10,8921,8921,8928,0.99921595,7,8928,7,0.99921595,1,0,0,8921,0.99921595,1538323200,1541001300
2018,S112,11,8622,8622,8640,0.99791667,18,8640,18,0.99791667,1,0,0,8622,0.99791667,1541001600,1543593300
2018,S112,12,8050,8050,8928,0.90165771,878,8928,878,0.90165771,1,0,0,8050,0.90165771,1543593600,1546271700
2018,S113,1,8717,8717,8928,0.97636649,211,8928,211,0.97636649,1,0,0,8717,0.97636649,1514736000,1517414100
2018,S113,2,4960,4960,8064,0.61507937,3104,8063,3103,0.61515565,1,0,0,4960,0.61507937,1517414400,1519833000
2018,S113,3,6485,6485,8928,0.72636649,2443,8927,2442,0.72644785,1,0,0,6485,0.72636649,1519833600,1522511400
2018,S113,4,6091,6091,8640,0.70497685,2549,8639,2548,0.70505846,1,0,0,6091,0.70497685,1522512300,1525103700
2018,S113,5,8899,8899,8928,0.99675179,29,8928,29,0.99675179,1,0,0,8899,0.99675179,1525104000,1527782100
2018,S113,6,8633,8633,8640,0.99918981,7,8640,7,0.99918981,1,0,0,8633,0.99918981,1527782400,1530374100
2018,S113,7,7666,7666,8928,0.85864695,1262,8928,1262,0.85864695,1,0,0,7666,0.85864695,1530374400,1533052500
2018,S113,8,672,672,8928,0.07526882,8256,672,0,1.0,1,0,0,672,0.07526882,1533052800,1533254100
2018,S113,9,8415,8415,8640,0.97395833,225,8544,129,0.98490169,1,0,0,8415,0.97395833,1535760000,1538322900
2018,S113,10,8923,8923,8928,0.99943996,5,8928,5,0.99943996,1,0,0,8923,0.99943996,1538323200,1541001300
2018,S113,11,8623,8623,8640,0.99803241,17,8640,17,0.99803241,1,0,0,8623,0.99803241,1541001600,1543593300
2018,S113,12,8921,8921,8928,0.99921595,7,8928,7,0.99921595,1,0,0,8921,0.99921595,1543593600,1546271700
2018,S114,1,8392,8392,8928,0.93996416,536,8928,536,0.93996416,1,0,0,8392,0.93996416,1514736000,1517414100
2018,S114,2,4961,4961,8064,0.61520337,3103,8063,3102,0.61527967,1,0,0,4961,0.61520337,1517414400,1519833000
2018,S114,3,6484,6484,8928,0.72625448,2444,8927,2443,0.72633584,1,0,0,6484,0.72625448,1519833600,1522511400
2018,S114,4,6089,6089,8640,0.70474537,2551,8639,2550,0.70482695,1,0,0,6089,0.70474537,1522512300,1525103700
2018,S114,5,8910,8910,8928,0.99798387,18,8928,18,0.99798387,1,0,0,8910,0.99798387,1525104000,1527782100
2018,S114,6,8634,8634,8640,0.99930556,6,8640,6,0.99930556,1,0,0,8634,0.99930556,1527782400,1530374100
2018,S114,7,8907,8907,8928,0.99764785,21,8928,21,0.99764785,1,0,0,8907,0.99764785,1530374400,1533052500
2018,S114,8,672,672,8928,0.07526882,8256,672,0,1.0,1,0,0,672,0.07526882,1533052800,1533254100
2018,S114,9,8417,8417,8640,0.97418981,223,8544,127,0.98513577,1,0,0,8417,0.97418981,1535760000,1538322900
2018,S114,10,8922,8922,8928,0.99932796,6,8928,6,0.99932796,1,0,0,8922,0.99932796,1538323200,1541001300
2018,S114,11,8618,8618,8640,0.9974537,22,8640,22,0.9974537,1,0,0,8618,0.9974537,1541001600,1543593300
2018,S114,12,8922,8922,8928,0.99932796,6,8928,6,0.99932796,1,0,0,8922,0.99932796,1543593600,1546271700
2018,S115,1,8430,8430,8928,0.94422043,498,8928,498,0.94422043,1,0,0,8430,0.94422043,1514736000,1517414100
2018,S115,2,4895,4895,8064,0.60701885,3169,8063,3168,0.60709413,1,0,0,4895,0.60701885,1517414400,1519833000
2018,S115,3,6408,6408,8928,0.71774194,2520,8927,2519,0.71782234,1,0,0,6408,0.71774194,1519833600,1522511400
2018,S115,4,6020,6020,8640,0.69675926,2620,8639,2619,0.69683991,1,0,0,6020,0.69675926,1522512300,1525103700
2018,S115,5,7825,7825,8928,0.87645609,1103,8928,1103,0.87645609,1,0,0,7825,0.87645609,1525104000,1527782100
2018,S115,6,7685,7685,8640,0.88946759,955,8640,955,0.88946759,1,0,0,7685,0.88946759,1527782400,1530374100
2018,S115,7,8839,8839,8928,0.99003136,89,8928,89,0.99003136,1,0,0,8839,0.99003136,1530374400,1533052500
2018,S115,8,672,672,8928,0.07526882,8256,672,0,1.0,1,0,0,672,0.07526882,1533052800,1533254100
2018,S115,9,7682,7682,8640,0.88912037,958,8544,862,0.89911049,1,0,0,7682,0.88912037,1535760000,1538322900
2018,S115,10,8712,8712,8928,0.97580645,216,8928,216,0.97580645,1,0,0,8712,0.97580645,1538323200,1541001300
2018,S115,11,8458,8458,8640,0.97893519,182,8640,182,0.97893519,1,0,0,8458,0.97893519,1541001600,1543593300
2018,S115,12,8743,8743,8928,0.97927867,185,8928,185,0.97927867,1,0,0,8743,0.97927867,1543593600,1546271700
2018,S116,1,8572,8572,8928,0.96012545,356,8928,356,0.96012545,1,0,0,8572,0.96012545,1514736000,1517414100
2018,S116,2,4952,4952,8064,0.6140873,3112,8063,3111,0.61416346,1,0,0,4952,0.6140873,1517414400,1519833000
2018,S116,3,6355,6355,8928,0.71180556,2573,8927,2572,0.71188529,1,0,0,6355,0.71180556,1519833600,1522511400
2018,S116,4,6052,6052,8640,0.70046296,2588,8639,2587,0.70054404,1,0,0,6052,0.70046296,1522512300,1525103700
2018,S116,5,8835,8835,8928,0.98958333,93,8928,93,0.98958333,1,0,0,8835,0.98958333,1525104000,1527782100
2018,S116,6,8568,8568,8640,0.99166667,72,8640,72,0.99166667,1,0,0,8568,0.99166667,1527782400,1530374100
2018,S116,7,8842,8842,8928,0.99036738,86,8928,86,0.99036738,1,0,0,8842,0.99036738,1530374400,1533052500
2018,S116,8,671,671,8928,0.07515681,8257,672,1,0.9985119,1,0,0,671,0.07515681,1533052800,1533254100
2018,S116,9,8376,8376,8640,0.96944444,264,8544,168,0.98033708,1,0,0,8376,0.96944444,1535760000,1538322900
2018,S116,10,8880,8880,8928,0.99462366,48,8928,48,0.99462366,1,0,0,8880,0.99462366,1538323200,1541001300
2018,S116,11,8572,8572,8640,0.99212963,68,8640,68,0.99212963,1,0,0,8572,0.99212963,1541001600,1543593300
2018,S116,12,8860,8860,8928,0.99238351,68,8928,68,0.99238351,1,0,0,8860,0.99238351,1543593600,1546271700
2018,S117,1,8274,8274,8928,0.92674731,654,8454,180,0.9787083,1,0,0,8274,0.92674731,1514736000,1517271900
2018,S117,2,4488,4488,8064,0.55654762,3576,7586,3098,0.59161613,1,0,0,4488,0.55654762,1517557500,1519833000
2018,S117,3,6482,6482,8928,0.72603047,2446,8927,2445,0.7261118,1,0,0,6482,0.72603047,1519833600,1522511400
2018,S117,4,4889,4889,8640,0.56585648,3751,8639,3750,0.56592198,1,0,0,4889,0.56585648,1522512300,1525103700
2018,S117,5,8904,8904,8928,0.99731183,24,8928,24,0.99731183,1,0,0,8904,0.99731183,1525104000,1527782100
2018,S117,6,8636,8636,8640,0.99953704,4,8640,4,0.99953704,1,0,0,8636,0.99953704,1527782400,1530374100
2018,S117,7,8906,8906,8928,0.99753584,22,8928,22,0.99753584,1,0,0,8906,0.99753584,1530374400,1533052500
2018,S117,8,672,672,8928,0.07526882,8256,672,0,1.0,1,0,0,672,0.07526882,1533052800,1533254100
2018,S117,9,6482,6482,8640,0.75023148,2158,8544,2062,0.75866105,1,0,0,6482,0.75023148,1535760000,1538322900
2018,S117,10,7353,7353,8928,0.82358871,1575,8928,1575,0.82358871,1,0,0,7353,0.82358871,1538323200,1541001300
2018,S117,11,8624,8624,8640,0.99814815,16,8640,16,0.99814815,1,0,0,8624,0.99814815,1541001600,1543593300
2018,S117,12,6453,6453,8928,0.72278226,2475,7698,1245,0.83826968,1,0,0,6453,0.72278226,1543593600,1545902700
2018,S118,1,8157,8157,8928,0.91364247,771,8928,771,0.91364247,1,0,0,8157,0.91364247,1514736000,1517414100
2018,S118,2,4959,4959,8064,0.61495536,3105,8063,3104,0.61503163,1,0,0,4959,0.61495536,1517414400,1519833000
2018,S118,3,6474,6474,8928,0.72513441,2454,8927,2453,0.72521564,1,0,0,6474,0.72513441,1519833600,1522511400
2018,S118,4,6087,6087,8640,0.70451389,2553,8639,2552,0.70459544,1,0,0,6087,0.70451389,1522512300,1525103700
2018,S118,5,8898,8898,8928,0.99663978,30,8928,30,0.99663978,1,0,0,8898,0.99663978,1525104000,1527782100
2018,S118,6,8633,8633,8640,0.99918981,7,8640,7,0.99918981,1,0,0,8633,0.99918981,1527782400,1530374100
2018,S118,7,8906,8906,8928,0.99753584,22,8928,22,0.99753584,1,0,0,8906,0.99753584,1530374400,1533052500
2018,S118,8,672,672,8928,0.07526882,8256,672,0,1.0,1,0,0,672,0.07526882,1533052800,1533254100
2018,S118,9,8413,8413,8640,0.97372685,227,8544,131,0.9846676,1,0,0,8413,0.97372685,1535760000,1538322900
2018,S118,10,8921,8921,8928,0.99921595,7,8928,7,0.99921595,1,0,0,8921,0.99921595,1538323200,1541001300
2018,S118,11,8153,8153,8640,0.94363426,487,8640,487,0.94363426,1,0,0,8153,0.94363426,1541001600,1543593300
2018,S118,12,7548,7548,8928,0.84543011,1380,8928,1380,0.84543011,1,0,0,7548,0.84543011,1543593600,1546271700
2018,S119,1,8396,8396,8928,0.94041219,532,8928,532,0.94041219,1,0,0,8396,0.94041219,1514736000,1517414100
2018,S119,2,4935,4935,8064,0.61197917,3129,8063,3128,0.61205507,1,0,0,4935,0.61197917,1517414400,1519833000
2018,S119,3,6327,6327,8928,0.70866935,2601,8927,2600,0.70874874,1,0,0,6327,0.70866935,1519833600,1522511400
2018,S119,4,5907,5907,8640,0.68368056,2733,8639,2732,0.68375969,1,0,0,5907,0.68368056,1522512300,1525103700
2018,S119,5,8735,8735,8928,0.97838262,193,8928,193,0.97838262,1,0,0,8735,0.97838262,1525104000,1527782100
2018,S119,6,8523,8523,8640,0.98645833,117,8640,117,0.98645833,1,0,0,8523,0.98645833,1527782400,1530374100
2018,S119,7,8744,8744,8928,0.97939068,184,8928,184,0.97939068,1,0,0,8744,0.97939068,1530374400,1533052500
2018,S119,8,669,669,8928,0.0749328,8259,672,3,0.99553571,1,0,0,669,0.0749328,1533052800,1533254100
2018,S119,9,8276,8276,8640,0.95787037,364,8544,268,0.96863296,1,0,0,8276,0.95787037,1535760000,1538322900
2018,S119,10,8328,8328,8928,0.9327957,600,8928,600,0.9327957,1,0,0,8328,0.9327957,1538323200,1541001300
2018,S119,11,6545,6545,8640,0.75752315,2095,8640,2095,0.75752315,1,0,0,6545,0.75752315,1541001600,1543593300
2018,S119,12,8815,8815,8928,0.98734319,113,8928,113,0.98734319,1,0,0,8815,0.98734319,1543593600,1546271700
2018,S120,1,8729,8729,8928,0.97771057,199,8928,199,0.97771057,1,0,0,8729,0.97771057,1514736000,1517414100
2018,S120,2,4960,4960,8064,0.61507937,3104,8063,3103,0.61515565,1,0,0,4960,0.61507937,1517414400,1519833000
2018,S120,3,6468,6468,8928,0.72446237,2460,8927,2459,0.72454352,1,0,0,6468,0.72446237,1519833600,1522511400
2018,S120,4,5594,5594,8640,0.6474537,3046,8639,3045,0.64752865,1,0,0,5594,0.6474537,1522512300,1525103700
2018,S120,5,8911,8911,8928,0.99809588,17,8928,17,0.99809588,1,0,0,8911,0.99809588,1525104000,1527782100
2018,S120,6,8635,8635,8640,0.9994213,5,8640,5,0.9994213,1,0,0,8635,0.9994213,1527782400,1530374100
2018,S120,7,8907,8907,8928,0.99764785,21,8928,21,0.99764785,1,0,0,8907,0.99764785,1530374400,1533052500
2018,S120,8,672,672,8928,0.07526882,8256,672,0,1.0,1,0,0,672,0.07526882,1533052800,1533254100
2018,S120,9,8416,8416,8640,0.97407407,224,8544,128,0.98501873,1,0,0,8416,0.97407407,1535760000,1538322900
2018,S120,10,8921,8921,8928,0.99921595,7,8928,7,0.99921595,1,0,0,8921,0.99921595,1538323200,1541001300
2018,S120,11,8623,8623,8640,0.99803241,17,8640,17,0.99803241,1,0,0,8623,0.99803241,1541001600,1543593300
2018,S120,12,8923,8923,8928,0.99943996,5,8928,5,0.99943996,1,0,0,8923,0.99943996,1543593600,1546271700
2018,S121,1,8066,8066,8928,0.90344982,862,8928,862,0.90344982,1,0,0,8066,0.90344982,1514736000,1517414100
2018,S121,2,4948,4948,8064,0.61359127,3116,8063,3115,0.61366737,1,0,0,4948,0.61359127,1517414400,1519833000
2018,S121,3,6461,6461,8928,0.72367832,2467,8927,2466,0.72375938,1,0,0,6461,0.72367832,1519833600,1522511400
2018,S121,4,6086,6086,8640,0.70439815,2554,8639,2553,0.70447969,1,0,0,6086,0.70439815,1522512300,1525103700
2018,S121,5,8896,8896,8928,0.99641577,32,8928,32,0.99641577,1,0,0,8896,0.99641577,1525104000,1527782100
2018,S121,6,8629,8629,8640,0.99872685,11,8640,11,0.99872685,1,0,0,8629,0.99872685,1527782400,1530374100
2018,S121,7,8896,8896,8928,0.99641577,32,8928,32,0.99641577,1,0,0,8896,0.99641577,1530374400,1533052500
2018,S121,8,672,672,8928,0.07526882,8256,672,0,1.0,1,0,0,672,0.07526882,1533052800,1533254100
2018,S121,9,8530,8530,8640,0.98726852,110,8544,14,0.99836142,1,0,0,8530,0.98726852,1535760000,1538322900
2018,S121,10,8912,8912,8928,0.99820789,16,8928,16,0.99820789,1,0,0,8912,0.99820789,1538323200,1541001300
2018,S121,11,8613,8613,8640,0.996875,27,8640,27,0.996875,1,0,0,8613,0.996875,1541001600,1543593300
2018,S121,12,8917,8917,8928,0.99876792,11,8928,11,0.99876792,1,0,0,8917,0.99876792,1543593600,1546271700
2018,S122,1,8708,8708,8928,0.97535842,220,8928,220,0.97535842,1,0,0,8708,0.97535842,1514736000,1517414100
2018,S122,2,4973,4973,8064,0.61669147,3091,8063,3090,0.61676795,1,0,0,4973,0.61669147,1517414400,1519833000
2018,S122,3,6332,6332,8928,0.70922939,2596,8927,2595,0.70930884,1,0,0,6332,0.70922939,1519833600,1522511400
2018,S122,4,5040,5040,8640,0.58333333,3600,8639,3599,0.58340086,1,0,0,5040,0.58333333,1522512300,1525103700
2018,S122,5,8229,8229,8928,0.92170699,699,8928,699,0.92170699,1,0,0,8229,0.92170699,1525104000,1527782100
2018,S122,6,8640,8640,8640,1.0,0,8640,0,1.0,1,0,0,8640,1.0,1527782400,1530374100
2018,S122,7,8911,8911,8928,0.99809588,17,8928,17,0.99809588,1,0,0,8911,0.99809588,1530374400,1533052500
2018,S122,8,672,672,8928,0.07526882,8256,672,0,1.0,1,0,0,672,0.07526882,1533052800,1533254100
2018,S122,9,8415,8415,8640,0.97395833,225,8544,129,0.98490169,1,0,0,8415,0.97395833,1535760000,1538322900
2018,S122,10,8904,8904,8928,0.99731183,24,8928,24,0.99731183,1,0,0,8904,0.99731183,1538323200,1541001300
2018,S122,11,5967,5967,8640,0.690625,2673,8640,2673,0.690625,1,0,0,5967,0.690625,1541001600,1543593300
2018,S122,12,8924,8924,8928,0.99955197,4,8928,4,0.99955197,1,0,0,8924,0.99955197,1543593600,1546271700
2018,S123,1,8732,8732,8928,0.97804659,196,8928,196,0.97804659,1,0,0,8732,0.97804659,1514736000,1517414100
2018,S123,2,4960,4960,8064,0.61507937,3104,8063,3103,0.61515565,1,0,0,4960,0.61507937,1517414400,1519833000
2018,S123,3,6483,6483,8928,0.72614247,2445,8927,2444,0.72622382,1,0,0,6483,0.72614247,1519833600,1522511400
2018,S123,4,6091,6091,8640,0.70497685,2549,8639,2548,0.70505846,1,0,0,6091,0.70497685,1522512300,1525103700
2018,S123,5,8882,8882,8928,0.99484767,46,8928,46,0.99484767,1,0,0,8882,0.99484767,1525104000,1527782100
2018,S123,6,8634,8634,8640,0.99930556,6,8640,6,0.99930556,1,0,0,8634,0.99930556,1527782400,1530374100
2018,S123,7,8906,8906,8928,0.99753584,22,8928,22,0.99753584,1,0,0,8906,0.99753584,1530374400,1533052500
2018,S123,8,664,664,8928,0.07437276,8264,672,8,0.98809524,1,0,0,664,0.07437276,1533052800,1533254100
2018,S123,9,8415,8415,8640,0.97395833,225,8544,129,0.98490169,1,0,0,8415,0.97395833,1535760000,1538322900
2018,S123,10,8921,8921,8928,0.99921595,7,8928,7,0.99921595,1,0,0,8921,0.99921595,1538323200,1541001300
2018,S123,11,8615,8615,8640,0.99710648,25,8640,25,0.99710648,1,0,0,8615,0.99710648,1541001600,1543593300
2018,S123,12,8913,8913,8928,0.99831989,15,8928,15,0.99831989,1,0,0,8913,0.99831989,1543593600,1546271700
2018,S215,1,0,0,8928,0.0,8928,0,0,,0,0,0,0,0.0,,
2018,S215,2,0,0,8064,0.0,8064,0,0,,0,0,0,0,0.0,,
2018,S215,3,0,0,8928,0.0,8928,0,0,,0,0,0,0,0.0,,
2018,S215,4,4091,4091,8640,0.47349537,4549,4136,45,0.98911992,1,0,0,4091,0.47349537,1523863200,1525103700
2018,S215,5,8923,8923,8928,0.99943996,5,8928,5,0.99943996,1,0,0,8923,0.99943996,1525104000,1527782100
2018,S215,6,8640,8640,8640,1.0,0,8640,0,1.0,1,0,0,8640,1.0,1527782400,1530374100
2018,S215,7,8912,8912,8928,0.99820789,16,8928,16,0.99820789,1,0,0,8912,0.99820789,1530374400,1533052500
2018,S215,8,672,672,8928,0.07526882,8256,672,0,1.0,1,0,0,672,0.07526882,1533052800,1533254100
2018,S215,9,8539,8539,8640,0.98831019,101,8544,5,0.99941479,1,0,0,8539,0.98831019,1535760000,1538322900
2018,S215,10,8773,8773,8928,0.98263889,155,8928,155,0.98263889,1,0,0,8773,0.98263889,1538323200,1541001300
2018,S215,11,8623,8623,8640,0.99803241,17,8640,17,0.99803241,1,0,0,8623,0.99803241,1541001600,1543593300
2018,S215,12,8926,8926,8928,0.99977599,2,8928,2,0.99977599,1,0,0,8926,0.99977599,1543593600,1546271700
2018,S24,1,8725,8725,8928,0.97726254,203,8928,203,0.97726254,1,0,0,8725,0.97726254,1514736000,1517414100
2018,S24,2,4956,4956,8064,0.61458333,3108,8063,3107,0.61465956,1,0,0,4956,0.61458333,1517414400,1519833000
2018,S24,3,6475,6475,8928,0.72524642,2453,8927,2452,0.72532766,1,0,0,6475,0.72524642,1519833600,1522511400
2018,S24,4,6084,6084,8640,0.70416667,2556,8639,2555,0.70424818,1,0,0,6084,0.70416667,1522512300,1525103700
2018,S24,5,8896,8896,8928,0.99641577,32,8928,32,0.99641577,1,0,0,8896,0.99641577,1525104000,1527782100
2018,S24,6,8630,8630,8640,0.99884259,10,8640,10,0.99884259,1,0,0,8630,0.99884259,1527782400,1530374100
2018,S24,7,8839,8839,8928,0.99003136,89,8928,89,0.99003136,1,0,0,8839,0.99003136,1530374400,1533052500
2018,S24,8,672,672,8928,0.07526882,8256,672,0,1.0,1,0,0,672,0.07526882,1533052800,1533254100
2018,S24,9,8432,8432,8640,0.97592593,208,8544,112,0.98689139,1,0,0,8432,0.97592593,1535760000,1538322900
2018,S24,10,8921,8921,8928,0.99921595,7,8928,7,0.99921595,1,0,0,8921,0.99921595,1538323200,1541001300
2018,S24,11,8604,8604,8640,0.99583333,36,8640,36,0.99583333,1,0,0,8604,0.99583333,1541001600,1543593300
2018,S24,12,8911,8911,8928,0.99809588,17,8928,17,0.99809588,1,0,0,8911,0.99809588,1543593600,1546271700
2018,S29,1,6517,6517,8928,0.72995072,2411,8928,2411,0.72995072,1,0,0,6517,0.72995072,1514736000,1517414100
2018,S29,2,4967,4967,8064,0.61594742,3097,8063,3096,0.61602381,1,0,0,4967,0.61594742,1517414400,1519833000
2018,S29,3,6483,6483,8928,0.72614247,2445,8927,2444,0.72622382,1,0,0,6483,0.72614247,1519833600,1522511400
2018,S29,4,6089,6089,8640,0.70474537,2551,8639,2550,0.70482695,1,0,0,6089,0.70474537,1522512300,1525103700
2018,S29,5,8904,8904,8928,0.99731183,24,8928,24,0.99731183,1,0,0,8904,0.99731183,1525104000,1527782100
2018,S29,6,7999,7999,8640,0.92581019,641,8640,641,0.92581019,1,0,0,7999,0.92581019,1527782400,1530374100
2018,S29,7,8904,8904,8928,0.99731183,24,8928,24,0.99731183,1,0,0,8904,0.99731183,1530374400,1533052500
2018,S29,8,672,672,8928,0.07526882,8256,672,0,1.0,1,0,0,672,0.07526882,1533052800,1533254100
2018,S29,9,6575,6575,8640,0.76099537,2065,8544,1969,0.76954588,1,0,0,6575,0.76099537,1535760000,1538322900
2018,S29,10,8920,8920,8928,0.99910394,8,8928,8,0.99910394,1,0,0,8920,0.99910394,1538323200,1541001300
2018,S29,11,8620,8620,8640,0.99768519,20,8640,20,0.99768519,1,0,0,8620,0.99768519,1541001600,1543593300
2018,S29,12,8921,8921,8928,0.99921595,7,8928,7,0.99921595,1,0,0,8921,0.99921595,1543593600,1546271700
2018,S33,1,7460,7460,8928,0.83557348,1468,8928,1468,0.83557348,1,0,0,7460,0.83557348,1514736000,1517414100
2018,S33,2,4964,4964,8064,0.6155754,3100,8063,3099,0.61565174,1,0,0,4964,0.6155754,1517414400,1519833000
2018,S33,3,6442,6442,8928,0.72155018,2486,8927,2485,0.72163101,1,0,0,6442,0.72155018,1519833600,1522511400
2018,S33,4,6000,6000,8640,0.69444444,2640,8639,2639,0.69452483,1,0,0,6000,0.69444444,1522512300,1525103700
2018,S33,5,8585,8585,8928,0.96158154,343,8928,343,0.96158154,1,0,0,8585,0.96158154,1525104000,1527782100
2018,S33,6,8145,8145,8640,0.94270833,495,8640,495,0.94270833,1,0,0,8145,0.94270833,1527782400,1530374100
2018,S33,7,8675,8675,8928,0.97166219,253,8928,253,0.97166219,1,0,0,8675,0.97166219,1530374400,1533052500
2018,S33,8,672,672,8928,0.07526882,8256,672,0,1.0,1,0,0,672,0.07526882,1533052800,1533254100
2018,S33,9,8415,8415,8640,0.97395833,225,8544,129,0.98490169,1,0,0,8415,0.97395833,1535760000,1538322900
2018,S33,10,8924,8924,8928,0.99955197,4,8928,4,0.99955197,1,0,0,8924,0.99955197,1538323200,1541001300
2018,S33,11,8613,8613,8640,0.996875,27,8640,27,0.996875,1,0,0,8613,0.996875,1541001600,1543593300
2018,S33,12,8907,8907,8928,0.99764785,21,8928,21,0.99764785,1,0,0,8907,0.99764785,1543593600,1546271700
2018,S35,1,7205,7205,8928,0.80701165,1723,8928,1723,0.80701165,1,0,0,7205,0.80701165,1514736000,1517414100
2018,S35,2,4921,4921,8064,0.61024306,3143,8063,3142,0.61031874,1,0,0,4921,0.61024306,1517414400,1519833000
2018,S35,3,6270,6270,8928,0.70228495,2658,8927,2657,0.70236362,1,0,0,6270,0.70228495,1519833600,1522511400
2018,S35,4,5620,5620,8640,0.65046296,3020,8639,3019,0.65053826,1,0,0,5620,0.65046296,1522512300,1525103700
2018,S35,5,6690,6690,8928,0.74932796,2238,8928,2238,0.74932796,1,0,0,6690,0.74932796,1525104000,1527782100
2018,S35,6,8632,8632,8640,0.99907407,8,8640,8,0.99907407,1,0,0,8632,0.99907407,1527782400,1530374100
2018,S35,7,8811,8811,8928,0.98689516,117,8928,117,0.98689516,1,0,0,8811,0.98689516,1530374400,1533052500
2018,S35,8,672,672,8928,0.07526882,8256,672,0,1.0,1,0,0,672,0.07526882,1533052800,1533254100
2018,S35,9,8414,8414,8640,0.97384259,226,8544,130,0.98478464,1,0,0,8414,0.97384259,1535760000,1538322900
2018,S35,10,8920,8920,8928,0.99910394,8,8928,8,0.99910394,1,0,0,8920,0.99910394,1538323200,1541001300
2018,S35,11,8621,8621,8640,0.99780093,19,8640,19,0.99780093,1,0,0,8621,0.99780093,1541001600,1543593300
2018,S35,12,8906,8906,8928,0.99753584,22,8928,22,0.99753584,1,0,0,8906,0.99753584,1543593600,1546271700
2018,S36,1,6556,6556,8928,0.734319,2372,8928,2372,0.734319,1,0,0,6556,0.734319,1514736000,1517414100
2018,S36,2,4448,4448,8064,0.5515873,3616,8063,3615,0.55165571,1,0,0,4448,0.5515873,1517414400,1519833000
2018,S36,3,5852,5852,8928,0.65546595,3076,8927,3075,0.65553937,1,0,0,5852,0.65546595,1519833600,1522511400
2018,S36,4,5089,5089,8640,0.58900463,3551,8639,3550,0.58907281,1,0,0,5089,0.58900463,1522512300,1525103700
2018,S36,5,6436,6436,8928,0.72087814,2492,8928,2492,0.72087814,1,0,0,6436,0.72087814,1525104000,1527782100
2018,S36,6,7151,7151,8640,0.82766204,1489,8640,1489,0.82766204,1,0,0,7151,0.82766204,1527782400,1530374100
2018,S36,7,7697,7697,8928,0.86211918,1231,8371,674,0.91948393,1,0,0,7697,0.86211918,1530374400,1532885400
2018,S36,8,499,499,8928,0.05589158,8429,499,0,1.0,1,0,0,499,0.05589158,1533104700,1533254100
2018,S36,9,7281,7281,8640,0.84270833,1359,8467,1186,0.85992677,1,0,0,7281,0.84270833,1535783100,1538322900
2018,S36,10,5943,5943,8928,0.6656586,2985,8928,2985,0.6656586,1,0,0,5943,0.6656586,1538323200,1541001300
2018,S36,11,5576,5576,8640,0.64537037,3064,8619,3043,0.6469428,1,0,0,5576,0.64537037,1541001600,1543587000
2018,S36,12,4822,4822,8928,0.54009857,4106,8839,4017,0.54553683,1,0,0,4822,0.54009857,1543620300,1546271700
2018,S40,1,8754,8754,8928,0.98051075,174,8928,174,0.98051075,1,0,0,8754,0.98051075,1514736000,1517414100
2018,S40,2,4965,4965,8064,0.6156994,3099,8063,3098,0.61577577,1,0,0,4965,0.6156994,1517414400,1519833000
2018,S40,3,6475,6475,8928,0.72524642,2453,8927,2452,0.72532766,1,0,0,6475,0.72524642,1519833600,1522511400
2018,S40,4,6088,6088,8640,0.70462963,2552,8639,2551,0.70471119,1,0,0,6088,0.70462963,1522512300,1525103700
2018,S40,5,8900,8900,8928,0.9968638,28,8928,28,0.9968638,1,0,0,8900,0.9968638,1525104000,1527782100
2018,S40,6,8632,8632,8640,0.99907407,8,8640,8,0.99907407,1,0,0,8632,0.99907407,1527782400,1530374100
2018,S40,7,8906,8906,8928,0.99753584,22,8928,22,0.99753584,1,0,0,8906,0.99753584,1530374400,1533052500
2018,S40,8,672,672,8928,0.07526882,8256,672,0,1.0,1,0,0,672,0.07526882,1533052800,1533254100
2018,S40,9,8414,8414,8640,0.97384259,226,8544,130,0.98478464,1,0,0,8414,0.97384259,1535760000,1538322900
2018,S40,10,8921,8921,8928,0.99921595,7,8928,7,0.99921595,1,0,0,8921,0.99921595,1538323200,1541001300
2018,S40,11,8623,8623,8640,0.99803241,17,8640,17,0.99803241,1,0,0,8623,0.99803241,1541001600,1543593300
2018,S40,12,8921,8921,8928,0.99921595,7,8928,7,0.99921595,1,0,0,8921,0.99921595,1543593600,1546271700
2018,S43,1,8586,8586,8928,0.96169355,342,8928,342,0.96169355,1,0,0,8586,0.96169355,1514736000,1517414100
2018,S43,2,4959,4959,8064,0.61495536,3105,8063,3104,0.61503163,1,0,0,4959,0.61495536,1517414400,1519833000
2018,S43,3,5736,5736,8928,0.64247312,3192,8339,2603,0.68785226,1,0,0,5736,0.64247312,1519833600,1522335000
2018,S43,4,5786,5786,8640,0.66967593,2854,8223,2437,0.70363614,1,0,0,5786,0.66967593,1522637100,1525103700
2018,S43,5,8906,8906,8928,0.99753584,22,8928,22,0.99753584,1,0,0,8906,0.99753584,1525104000,1527782100
2018,S43,6,8629,8629,8640,0.99872685,11,8640,11,0.99872685,1,0,0,8629,0.99872685,1527782400,1530374100
2018,S43,7,8904,8904,8928,0.99731183,24,8928,24,0.99731183,1,0,0,8904,0.99731183,1530374400,1533052500
2018,S43,8,672,672,8928,0.07526882,8256,672,0,1.0,1,0,0,672,0.07526882,1533052800,1533254100
2018,S43,9,8414,8414,8640,0.97384259,226,8544,130,0.98478464,1,0,0,8414,0.97384259,1535760000,1538322900
2018,S43,10,8496,8496,8928,0.9516129,432,8928,432,0.9516129,1,0,0,8496,0.9516129,1538323200,1541001300
2018,S43,11,8109,8109,8640,0.93854167,531,8640,531,0.93854167,1,0,0,8109,0.93854167,1541001600,1543593300
2018,S43,12,8913,8913,8928,0.99831989,15,8928,15,0.99831989,1,0,0,8913,0.99831989,1543593600,1546271700
2018,S44,1,8737,8737,8928,0.97860663,191,8928,191,0.97860663,1,0,0,8737,0.97860663,1514736000,1517414100
2018,S44,2,4959,4959,8064,0.61495536,3105,8063,3104,0.61503163,1,0,0,4959,0.61495536,1517414400,1519833000
2018,S44,3,6481,6481,8928,0.72591846,2447,8927,2446,0.72599978,1,0,0,6481,0.72591846,1519833600,1522511400
2018,S44,4,5523,5523,8640,0.63923611,3117,8639,3116,0.63931011,1,0,0,5523,0.63923611,1522512300,1525103700
2018,S44,5,8907,8907,8928,0.99764785,21,8928,21,0.99764785,1,0,0,8907,0.99764785,1525104000,1527782100
2018,S44,6,8630,8630,8640,0.99884259,10,8640,10,0.99884259,1,0,0,8630,0.99884259,1527782400,1530374100
2018,S44,7,8906,8906,8928,0.99753584,22,8928,22,0.99753584,1,0,0,8906,0.99753584,1530374400,1533052500
2018,S44,8,672,672,8928,0.07526882,8256,672,0,1.0,1,0,0,672,0.07526882,1533052800,1533254100
2018,S44,9,8413,8413,8640,0.97372685,227,8544,131,0.9846676,1,0,0,8413,0.97372685,1535760000,1538322900
2018,S44,10,8918,8918,8928,0.99887993,10,8928,10,0.99887993,1,0,0,8918,0.99887993,1538323200,1541001300
2018,S44,11,8623,8623,8640,0.99803241,17,8640,17,0.99803241,1,0,0,8623,0.99803241,1541001600,1543593300
2018,S44,12,8913,8913,8928,0.99831989,15,8928,15,0.99831989,1,0,0,8913,0.99831989,1543593600,1546271700
2018,S46,1,6620,6620,8928,0.74148746,2308,8928,2308,0.74148746,1,0,0,6620,0.74148746,1514736000,1517414100
2018,S46,2,4591,4591,8064,0.56932044,3473,8063,3472,0.56939105,1,0,0,4591,0.56932044,1517414400,1519833000
2018,S46,3,6233,6233,8928,0.69814068,2695,8927,2694,0.69821889,1,0,0,6233,0.69814068,1519833600,1522511400
2018,S46,4,5976,5976,8640,0.69166667,2664,8639,2663,0.69174673,1,0,0,5976,0.69166667,1522512300,1525103700
2018,S46,5,8110,8110,8928,0.90837814,818,8928,818,0.90837814,1,0,0,8110,0.90837814,1525104000,1527782100
2018,S46,6,6719,6719,8640,0.77766204,1921,8359,1640,0.80380428,1,0,0,6719,0.77766204,1527782400,1530289800
2018,S46,7,8791,8791,8928,0.98465502,137,8815,24,0.99727737,1,0,0,8791,0.98465502,1530408300,1533052500
2018,S46,8,522,522,8928,0.05846774,8406,672,150,0.77678571,1,0,0,522,0.05846774,1533052800,1533254100
2018,S46,9,8414,8414,8640,0.97384259,226,8544,130,0.98478464,1,0,0,8414,0.97384259,1535760000,1538322900
2018,S46,10,8559,8559,8928,0.95866935,369,8928,369,0.95866935,1,0,0,8559,0.95866935,1538323200,1541001300
2018,S46,11,8243,8243,8640,0.95405093,397,8640,397,0.95405093,1,0,0,8243,0.95405093,1541001600,1543593300
2018,S46,12,7795,7795,8928,0.87309588,1133,8928,1133,0.87309588,1,0,0,7795,0.87309588,1543593600,1546271700
2018,S50,1,6958,6958,8928,0.77934588,1970,8928,1970,0.77934588,1,0,0,6958,0.77934588,1514736000,1517414100
2018,S50,2,4661,4661,8064,0.57800099,3403,8063,3402,0.57807268,1,0,0,4661,0.57800099,1517414400,1519833000
2018,S50,3,6141,6141,8928,0.68783602,2787,8927,2786,0.68791307,1,0,0,6141,0.68783602,1519833600,1522511400
2018,S50,4,4634,4634,8640,0.53634259,4006,8639,4005,0.53640468,1,0,0,4634,0.53634259,1522512300,1525103700
2018,S50,5,7162,7162,8928,0.80219534,1766,8928,1766,0.80219534,1,0,0,7162,0.80219534,1525104000,1527782100
2018,S50,6,8589,8589,8640,0.99409722,51,8640,51,0.99409722,1,0,0,8589,0.99409722,1527782400,1530374100
2018,S50,7,8893,8893,8928,0.99607975,35,8928,35,0.99607975,1,0,0,8893,0.99607975,1530374400,1533052500
2018,S50,8,672,672,8928,0.07526882,8256,672,0,1.0,1,0,0,672,0.07526882,1533052800,1533254100
2018,S50,9,8524,8524,8640,0.98657407,116,8544,20,0.99765918,1,0,0,8524,0.98657407,1535760000,1538322900
2018,S50,10,8918,8918,8928,0.99887993,10,8928,10,0.99887993,1,0,0,8918,0.99887993,1538323200,1541001300
2018,S50,11,8614,8614,8640,0.99699074,26,8640,26,0.99699074,1,0,0,8614,0.99699074,1541001600,1543593300
2018,S50,12,8915,8915,8928,0.99854391,13,8928,13,0.99854391,1,0,0,8915,0.99854391,1543593600,1546271700
2018,S55,1,8749,8749,8928,0.97995072,179,8928,179,0.97995072,1,0,0,8749,0.97995072,1514736000,1517414100
2018,S55,2,4960,4960,8064,0.61507937,3104,8063,3103,0.61515565,1,0,0,4960,0.61507937,1517414400,1519833000
2018,S55,3,6477,6477,8928,0.72547043,2451,8927,2450,0.7255517,1,0,0,6477,0.72547043,1519833600,1522511400
2018,S55,4,6089,6089,8640,0.70474537,2551,8639,2550,0.70482695,1,0,0,6089,0.70474537,1522512300,1525103700
2018,S55,5,8914,8914,8928,0.9984319,14,8928,14,0.9984319,1,0,0,8914,0.9984319,1525104000,1527782100
2018,S55,6,8634,8634,8640,0.99930556,6,8640,6,0.99930556,1,0,0,8634,0.99930556,1527782400,1530374100
2018,S55,7,8903,8903,8928,0.99719982,25,8928,25,0.99719982,1,0,0,8903,0.99719982,1530374400,1533052500
2018,S55,8,672,672,8928,0.07526882,8256,672,0,1.0,1,0,0,672,0.07526882,1533052800,1533254100
2018,S55,9,8407,8407,8640,0.97303241,233,8544,137,0.98396536,1,0,0,8407,0.97303241,1535760000,1538322900
2018,S55,10,8922,8922,8928,0.99932796,6,8928,6,0.99932796,1,0,0,8922,0.99932796,1538323200,1541001300
2018,S55,11,8622,8622,8640,0.99791667,18,8640,18,0.99791667,1,0,0,8622,0.99791667,1541001600,1543593300
2018,S55,12,8924,8924,8928,0.99955197,4,8928,4,0.99955197,1,0,0,8924,0.99955197,1543593600,1546271700
2018,S60,1,7685,7685,8928,0.86077509,1243,8256,571,0.93083818,1,0,0,7685,0.86077509,1514937600,1517414100
2018,S60,2,3710,3710,8064,0.46006944,4354,8063,4353,0.4601265,1,0,0,3710,0.46006944,1517414400,1519833000
2018,S60,3,6461,6461,8928,0.72367832,2467,8927,2466,0.72375938,1,0,0,6461,0.72367832,1519833600,1522511400
2018,S60,4,6077,6077,8640,0.70335648,2563,8639,2562,0.7034379,1,0,0,6077,0.70335648,1522512300,1525103700
2018,S60,5,8891,8891,8928,0.99585573,37,8928,37,0.99585573,1,0,0,8891,0.99585573,1525104000,1527782100
2018,S60,6,7332,7332,8640,0.84861111,1308,8640,1308,0.84861111,1,0,0,7332,0.84861111,1527782400,1530374100
2018,S60,7,8466,8466,8928,0.94825269,462,8928,462,0.94825269,1,0,0,8466,0.94825269,1530374400,1533052500
2018,S60,8,671,671,8928,0.07515681,8257,672,1,0.9985119,1,0,0,671,0.07515681,1533052800,1533254100
2018,S60,9,8153,8153,8640,0.94363426,487,8544,391,0.95423689,1,0,0,8153,0.94363426,1535760000,1538322900
2018,S60,10,8911,8911,8928,0.99809588,17,8928,17,0.99809588,1,0,0,8911,0.99809588,1538323200,1541001300
2018,S60,11,7973,7973,8640,0.92280093,667,8640,667,0.92280093,1,0,0,7973,0.92280093,1541001600,1543593300
2018,S60,12,8410,8410,8928,0.94198029,518,8424,14,0.99833808,1,0,0,8410,0.94198029,1543593600,1546120500
2018,S61,1,8754,8754,8928,0.98051075,174,8928,174,0.98051075,1,0,0,8754,0.98051075,1514736000,1517414100
2018,S61,2,4963,4963,8064,0.61545139,3101,8063,3100,0.61552772,1,0,0,4963,0.61545139,1517414400,1519833000
2018,S61,3,6469,6469,8928,0.72457437,2459,8927,2458,0.72465554,1,0,0,6469,0.72457437,1519833600,1522511400
2018,S61,4,6035,6035,8640,0.69849537,2605,8639,2604,0.69857622,1,0,0,6035,0.69849537,1522512300,1525103700
2018,S61,5,8911,8911,8928,0.99809588,17,8928,17,0.99809588,1,0,0,8911,0.99809588,1525104000,1527782100
2018,S61,6,8176,8176,8640,0.9462963,464,8640,464,0.9462963,1,0,0,8176,0.9462963,1527782400,1530374100
2018,S61,7,8905,8905,8928,0.99742384,23,8928,23,0.99742384,1,0,0,8905,0.99742384,1530374400,1533052500
2018,S61,8,672,672,8928,0.07526882,8256,672,0,1.0,1,0,0,672,0.07526882,1533052800,1533254100
2018,S61,9,8414,8414,8640,0.97384259,226,8544,130,0.98478464,1,0,0,8414,0.97384259,1535760000,1538322900
2018,S61,10,8921,8921,8928,0.99921595,7,8928,7,0.99921595,1,0,0,8921,0.99921595,1538323200,1541001300
2018,S61,11,8621,8621,8640,0.99780093,19,8640,19,0.99780093,1,0,0,8621,0.99780093,1541001600,1543593300
2018,S61,12,8922,8922,8928,0.99932796,6,8928,6,0.99932796,1,0,0,8922,0.99932796,1543593600,1546271700
2018,S64,1,8750,8750,8928,0.98006272,178,8928,178,0.98006272,1,0,0,8750,0.98006272,1514736000,1517414100
2018,S64,2,4960,4960,8064,0.61507937,3104,8063,3103,0.61515565,1,0,0,4960,0.61507937,1517414400,1519833000
2018,S64,3,6481,6481,8928,0.72591846,2447,8927,2446,0.72599978,1,0,0,6481,0.72591846,1519833600,1522511400
2018,S64,4,6089,6089,8640,0.70474537,2551,8639,2550,0.70482695,1,0,0,6089,0.70474537,1522512300,1525103700
2018,S64,5,8907,8907,8928,0.99764785,21,8928,21,0.99764785,1,0,0,8907,0.99764785,1525104000,1527782100
2018,S64,6,8629,8629,8640,0.99872685,11,8640,11,0.99872685,1,0,0,8629,0.99872685,1527782400,1530374100
2018,S64,7,8903,8903,8928,0.99719982,25,8928,25,0.99719982,1,0,0,8903,0.99719982,1530374400,1533052500
2018,S64,8,669,669,8928,0.0749328,8259,672,3,0.99553571,1,0,0,669,0.0749328,1533052800,1533254100
2018,S64,9,8413,8413,8640,0.97372685,227,8544,131,0.9846676,1,0,0,8413,0.97372685,1535760000,1538322900
2018,S64,10,8920,8920,8928,0.99910394,8,8928,8,0.99910394,1,0,0,8920,0.99910394,1538323200,1541001300
2018,S64,11,8622,8622,8640,0.99791667,18,8640,18,0.99791667,1,0,0,8622,0.99791667,1541001600,1543593300
2018,S64,12,8922,8922,8928,0.99932796,6,8928,6,0.99932796,1,0,0,8922,0.99932796,1543593600,1546271700
2018,S66,1,8233,8233,8928,0.92215502,695,8928,695,0.92215502,1,0,0,8233,0.92215502,1514736000,1517414100
2018,S66,2,4959,4959,8064,0.61495536,3105,8063,3104,0.61503163,1,0,0,4959,0.61495536,1517414400,1519833000
2018,S66,3,6469,6469,8928,0.72457437,2459,8927,2458,0.72465554,1,0,0,6469,0.72457437,1519833600,1522511400
2018,S66,4,6084,6084,8640,0.70416667,2556,8639,2555,0.70424818,1,0,0,6084,0.70416667,1522512300,1525103700
2018,S66,5,8390,8390,8928,0.93974014,538,8928,538,0.93974014,1,0,0,8390,0.93974014,1525104000,1527782100
2018,S66,6,8160,8160,8640,0.94444444,480,8640,480,0.94444444,1,0,0,8160,0.94444444,1527782400,1530374100
2018,S66,7,8528,8528,8928,0.95519713,400,8928,400,0.95519713,1,0,0,8528,0.95519713,1530374400,1533052500
2018,S66,8,672,672,8928,0.07526882,8256,672,0,1.0,1,0,0,672,0.07526882,1533052800,1533254100
2018,S66,9,8413,8413,8640,0.97372685,227,8544,131,0.9846676,1,0,0,8413,0.97372685,1535760000,1538322900
2018,S66,10,8741,8741,8928,0.97905466,187,8928,187,0.97905466,1,0,0,8741,0.97905466,1538323200,1541001300
2018,S66,11,8616,8616,8640,0.99722222,24,8640,24,0.99722222,1,0,0,8616,0.99722222,1541001600,1543593300
2018,S66,12,3460,3460,8928,0.3875448,5468,3776,316,0.91631356,1,0,0,3460,0.3875448,1543593600,1544726100
2018,S69,1,7776,7776,8928,0.87096774,1152,8928,1152,0.87096774,1,0,0,7776,0.87096774,1514736000,1517414100
2018,S69,2,4961,4961,8064,0.61520337,3103,8063,3102,0.61527967,1,0,0,4961,0.61520337,1517414400,1519833000
2018,S69,3,6371,6371,8928,0.71359767,2557,8927,2556,0.71367761,1,0,0,6371,0.71359767,1519833600,1522511400
2018,S69,4,4514,4514,8640,0.5224537,4126,8119,3605,0.5559798,1,0,0,4514,0.5224537,1522512300,1524947700
2018,S69,5,7658,7658,8928,0.8577509,1270,7916,258,0.96740778,1,0,0,7658,0.8577509,1525407600,1527782100
2018,S69,6,7695,7695,8640,0.890625,945,8640,945,0.890625,1,0,0,7695,0.890625,1527782400,1530374100
2018,S69,7,8370,8370,8928,0.9375,558,8928,558,0.9375,1,0,0,8370,0.9375,1530374400,1533052500
2018,S69,8,672,672,8928,0.07526882,8256,672,0,1.0,1,0,0,672,0.07526882,1533052800,1533254100
2018,S69,9,7131,7131,8640,0.82534722,1509,8544,1413,0.83462079,1,0,0,7131,0.82534722,1535760000,1538322900
2018,S69,10,8922,8922,8928,0.99932796,6,8928,6,0.99932796,1,0,0,8922,0.99932796,1538323200,1541001300
2018,S69,11,8621,8621,8640,0.99780093,19,8640,19,0.99780093,1,0,0,8621,0.99780093,1541001600,1543593300
2018,S69,12,8924,8924,8928,0.99955197,4,8928,4,0.99955197,1,0,0,8924,0.99955197,1543593600,1546271700
2018,S71,1,7304,7304,8928,0.81810036,1624,8928,1624,0.81810036,1,0,0,7304,0.81810036,1514736000,1517414100
2018,S71,2,4947,4947,8064,0.61346726,3117,8063,3116,0.61354335,1,0,0,4947,0.61346726,1517414400,1519833000
2018,S71,3,6455,6455,8928,0.72300627,2473,8927,2472,0.72308726,1,0,0,6455,0.72300627,1519833600,1522511400
2018,S71,4,6055,6055,8640,0.70081019,2585,8639,2584,0.70089131,1,0,0,6055,0.70081019,1522512300,1525103700
2018,S71,5,8876,8876,8928,0.99417563,52,8928,52,0.99417563,1,0,0,8876,0.99417563,1525104000,1527782100
2018,S71,6,8591,8591,8640,0.9943287,49,8640,49,0.9943287,1,0,0,8591,0.9943287,1527782400,1530374100
2018,S71,7,8746,8746,8928,0.9796147,182,8928,182,0.9796147,1,0,0,8746,0.9796147,1530374400,1533052500
2018,S71,8,672,672,8928,0.07526882,8256,672,0,1.0,1,0,0,672,0.07526882,1533052800,1533254100
2018,S71,9,8334,8334,8640,0.96458333,306,8544,210,0.97542135,1,0,0,8334,0.96458333,1535760000,1538322900
2018,S71,10,8884,8884,8928,0.99507168,44,8928,44,0.99507168,1,0,0,8884,0.99507168,1538323200,1541001300
2018,S71,11,8074,8074,8640,0.93449074,566,8640,566,0.93449074,1,0,0,8074,0.93449074,1541001600,1543593300
2018,S71,12,3906,3906,8928,0.4375,5022,6770,2864,0.57695716,1,0,0,3906,0.4375,1543593600,1545624300
2018,S77,1,8744,8744,8928,0.97939068,184,8928,184,0.97939068,1,0,0,8744,0.97939068,1514736000,1517414100
2018,S77,2,4961,4961,8064,0.61520337,3103,8063,3102,0.61527967,1,0,0,4961,0.61520337,1517414400,1519833000
2018,S77,3,6474,6474,8928,0.72513441,2454,8927,2453,0.72521564,1,0,0,6474,0.72513441,1519833600,1522511400
2018,S77,4,6089,6089,8640,0.70474537,2551,8639,2550,0.70482695,1,0,0,6089,0.70474537,1522512300,1525103700
2018,S77,5,8910,8910,8928,0.99798387,18,8928,18,0.99798387,1,0,0,8910,0.99798387,1525104000,1527782100
2018,S77,6,8632,8632,8640,0.99907407,8,8640,8,0.99907407,1,0,0,8632,0.99907407,1527782400,1530374100
2018,S77,7,8904,8904,8928,0.99731183,24,8928,24,0.99731183,1,0,0,8904,0.99731183,1530374400,1533052500
2018,S77,8,672,672,8928,0.07526882,8256,672,0,1.0,1,0,0,672,0.07526882,1533052800,1533254100
2018,S77,9,8413,8413,8640,0.97372685,227,8544,131,0.9846676,1,0,0,8413,0.97372685,1535760000,1538322900
2018,S77,10,8916,8916,8928,0.99865591,12,8928,12,0.99865591,1,0,0,8916,0.99865591,1538323200,1541001300
2018,S77,11,8613,8613,8640,0.996875,27,8640,27,0.996875,1,0,0,8613,0.996875,1541001600,1543593300
2018,S77,12,8906,8906,8928,0.99753584,22,8928,22,0.99753584,1,0,0,8906,0.99753584,1543593600,1546271700
2018,S78,1,8740,8740,8928,0.97894265,188,8928,188,0.97894265,1,0,0,8740,0.97894265,1514736000,1517414100
2018,S78,2,4960,4960,8064,0.61507937,3104,8063,3103,0.61515565,1,0,0,4960,0.61507937,1517414400,1519833000
2018,S78,3,6468,6468,8928,0.72446237,2460,8927,2459,0.72454352,1,0,0,6468,0.72446237,1519833600,1522511400
2018,S78,4,5885,5885,8640,0.68113426,2755,8639,2754,0.6812131,1,0,0,5885,0.68113426,1522512300,1525103700
2018,S78,5,8829,8829,8928,0.98891129,99,8928,99,0.98891129,1,0,0,8829,0.98891129,1525104000,1527782100
2018,S78,6,8631,8631,8640,0.99895833,9,8640,9,0.99895833,1,0,0,8631,0.99895833,1527782400,1530374100
2018,S78,7,8904,8904,8928,0.99731183,24,8928,24,0.99731183,1,0,0,8904,0.99731183,1530374400,1533052500
2018,S78,8,672,672,8928,0.07526882,8256,672,0,1.0,1,0,0,672,0.07526882,1533052800,1533254100
2018,S78,9,8412,8412,8640,0.97361111,228,8544,132,0.98455056,1,0,0,8412,0.97361111,1535760000,1538322900
2018,S78,10,8923,8923,8928,0.99943996,5,8928,5,0.99943996,1,0,0,8923,0.99943996,1538323200,1541001300
2018,S78,11,8623,8623,8640,0.99803241,17,8640,17,0.99803241,1,0,0,8623,0.99803241,1541001600,1543593300
2018,S78,12,8922,8922,8928,0.99932796,6,8928,6,0.99932796,1,0,0,8922,0.99932796,1543593600,1546271700
2018,S79,1,8727,8727,8928,0.97748656,201,8928,201,0.97748656,1,0,0,8727,0.97748656,1514736000,1517414100
2018,S79,2,4961,4961,8064,0.61520337,3103,8063,3102,0.61527967,1,0,0,4961,0.61520337,1517414400,1519833000
2018,S79,3,5600,5600,8928,0.62724014,3328,8921,3321,0.62773232,1,0,0,5600,0.62724014,1519833600,1522509600
2018,S79,4,5657,5657,8640,0.65474537,2983,8398,2741,0.67361276,1,0,0,5657,0.65474537,1522584600,1525103700
2018,S79,5,8901,8901,8928,0.99697581,27,8928,27,0.99697581,1,0,0,8901,0.99697581,1525104000,1527782100
2018,S79,6,8634,8634,8640,0.99930556,6,8640,6,0.99930556,1,0,0,8634,0.99930556,1527782400,1530374100
2018,S79,7,8887,8887,8928,0.99540771,41,8928,41,0.99540771,1,0,0,8887,0.99540771,1530374400,1533052500
2018,S79,8,672,672,8928,0.07526882,8256,672,0,1.0,1,0,0,672,0.07526882,1533052800,1533254100
2018,S79,9,8414,8414,8640,0.97384259,226,8544,130,0.98478464,1,0,0,8414,0.97384259,1535760000,1538322900
2018,S79,10,8923,8923,8928,0.99943996,5,8928,5,0.99943996,1,0,0,8923,0.99943996,1538323200,1541001300
2018,S79,11,8623,8623,8640,0.99803241,17,8640,17,0.99803241,1,0,0,8623,0.99803241,1541001600,1543593300
2018,S79,12,8923,8923,8928,0.99943996,5,8928,5,0.99943996,1,0,0,8923,0.99943996,1543593600,1546271700
2018,S81,1,8743,8743,8928,0.97927867,185,8928,185,0.97927867,1,0,0,8743,0.97927867,1514736000,1517414100
2018,S81,2,4961,4961,8064,0.61520337,3103,8063,3102,0.61527967,1,0,0,4961,0.61520337,1517414400,1519833000
2018,S81,3,6468,6468,8928,0.72446237,2460,8927,2459,0.72454352,1,0,0,6468,0.72446237,1519833600,1522511400
2018,S81,4,6089,6089,8640,0.70474537,2551,8639,2550,0.70482695,1,0,0,6089,0.70474537,1522512300,1525103700
2018,S81,5,8902,8902,8928,0.99708781,26,8928,26,0.99708781,1,0,0,8902,0.99708781,1525104000,1527782100
2018,S81,6,8634,8634,8640,0.99930556,6,8640,6,0.99930556,1,0,0,8634,0.99930556,1527782400,1530374100
2018,S81,7,8905,8905,8928,0.99742384,23,8928,23,0.99742384,1,0,0,8905,0.99742384,1530374400,1533052500
2018,S81,8,672,672,8928,0.07526882,8256,672,0,1.0,1,0,0,672,0.07526882,1533052800,1533254100
2018,S81,9,8407,8407,8640,0.97303241,233,8544,137,0.98396536,1,0,0,8407,0.97303241,1535760000,1538322900
2018,S81,10,8924,8924,8928,0.99955197,4,8928,4,0.99955197,1,0,0,8924,0.99955197,1538323200,1541001300
2018,S81,11,8622,8622,8640,0.99791667,18,8640,18,0.99791667,1,0,0,8622,0.99791667,1541001600,1543593300
2018,S81,12,8921,8921,8928,0.99921595,7,8928,7,0.99921595,1,0,0,8921,0.99921595,1543593600,1546271700
2018,S82,1,8742,8742,8928,0.97916667,186,8928,186,0.97916667,1,0,0,8742,0.97916667,1514736000,1517414100
2018,S82,2,4849,4849,8064,0.60131448,3215,8063,3214,0.60138906,1,0,0,4849,0.60131448,1517414400,1519833000
2018,S82,3,6391,6391,8928,0.71583781,2537,8927,2536,0.715918,1,0,0,6391,0.71583781,1519833600,1522511400
2018,S82,4,6090,6090,8640,0.70486111,2550,8639,2549,0.7049427,1,0,0,6090,0.70486111,1522512300,1525103700
2018,S82,5,8760,8760,8928,0.9811828,168,8928,168,0.9811828,1,0,0,8760,0.9811828,1525104000,1527782100
2018,S82,6,8596,8596,8640,0.99490741,44,8640,44,0.99490741,1,0,0,8596,0.99490741,1527782400,1530374100
2018,S82,7,8844,8844,8928,0.9905914,84,8928,84,0.9905914,1,0,0,8844,0.9905914,1530374400,1533052500
2018,S82,8,651,651,8928,0.07291667,8277,672,21,0.96875,1,0,0,651,0.07291667,1533052800,1533254100
2018,S82,9,8343,8343,8640,0.965625,297,8544,201,0.97647472,1,0,0,8343,0.965625,1535760000,1538322900
2018,S82,10,8874,8874,8928,0.99395161,54,8928,54,0.99395161,1,0,0,8874,0.99395161,1538323200,1541001300
2018,S82,11,8576,8576,8640,0.99259259,64,8640,64,0.99259259,1,0,0,8576,0.99259259,1541001600,1543593300
2018,S82,12,8898,8898,8928,0.99663978,30,8928,30,0.99663978,1,0,0,8898,0.99663978,1543593600,1546271700
2018,S84,1,8663,8663,8928,0.9703181,265,8928,265,0.9703181,1,0,0,8663,0.9703181,1514736000,1517414100
2018,S84,2,4951,4951,8064,0.61396329,3113,8063,3112,0.61403944,1,0,0,4951,0.61396329,1517414400,1519833000
2018,S84,3,6468,6468,8928,0.72446237,2460,8927,2459,0.72454352,1,0,0,6468,0.72446237,1519833600,1522511400
2018,S84,4,6090,6090,8640,0.70486111,2550,8639,2549,0.7049427,1,0,0,6090,0.70486111,1522512300,1525103700
2018,S84,5,8905,8905,8928,0.99742384,23,8928,23,0.99742384,1,0,0,8905,0.99742384,1525104000,1527782100
2018,S84,6,8630,8630,8640,0.99884259,10,8640,10,0.99884259,1,0,0,8630,0.99884259,1527782400,1530374100
2018,S84,7,8905,8905,8928,0.99742384,23,8928,23,0.99742384,1,0,0,8905,0.99742384,1530374400,1533052500
2018,S84,8,672,672,8928,0.07526882,8256,672,0,1.0,1,0,0,672,0.07526882,1533052800,1533254100
2018,S84,9,8086,8086,8640,0.93587963,554,8544,458,0.94639513,1,0,0,8086,0.93587963,1535760000,1538322900
2018,S84,10,8342,8342,8928,0.9343638,586,8928,586,0.9343638,1,0,0,8342,0.9343638,1538323200,1541001300
2018,S84,11,8623,8623,8640,0.99803241,17,8640,17,0.99803241,1,0,0,8623,0.99803241,1541001600,1543593300
2018,S84,12,5992,5992,8928,0.67114695,2936,7645,1653,0.78378025,1,0,0,5992,0.67114695,1543593600,1545886800
2018,S88,1,8745,8745,8928,0.97950269,183,8928,183,0.97950269,1,0,0,8745,0.97950269,1514736000,1517414100
2018,S88,2,4961,4961,8064,0.61520337,3103,8063,3102,0.61527967,1,0,0,4961,0.61520337,1517414400,1519833000
2018,S88,3,6468,6468,8928,0.72446237,2460,8927,2459,0.72454352,1,0,0,6468,0.72446237,1519833600,1522511400
2018,S88,4,6090,6090,8640,0.70486111,2550,8639,2549,0.7049427,1,0,0,6090,0.70486111,1522512300,1525103700
2018,S88,5,8901,8901,8928,0.99697581,27,8928,27,0.99697581,1,0,0,8901,0.99697581,1525104000,1527782100
2018,S88,6,8634,8634,8640,0.99930556,6,8640,6,0.99930556,1,0,0,8634,0.99930556,1527782400,1530374100
2018,S88,7,8905,8905,8928,0.99742384,23,8928,23,0.99742384,1,0,0,8905,0.99742384,1530374400,1533052500
2018,S88,8,672,672,8928,0.07526882,8256,672,0,1.0,1,0,0,672,0.07526882,1533052800,1533254100
2018,S88,9,8413,8413,8640,0.97372685,227,8544,131,0.9846676,1,0,0,8413,0.97372685,1535760000,1538322900
2018,S88,10,8923,8923,8928,0.99943996,5,8928,5,0.99943996,1,0,0,8923,0.99943996,1538323200,1541001300
2018,S88,11,8623,8623,8640,0.99803241,17,8640,17,0.99803241,1,0,0,8623,0.99803241,1541001600,1543593300
2018,S88,12,8915,8915,8928,0.99854391,13,8928,13,0.99854391,1,0,0,8915,0.99854391,1543593600,1546271700
2018,S89,1,8742,8742,8928,0.97916667,186,8928,186,0.97916667,1,0,0,8742,0.97916667,1514736000,1517414100
2018,S89,2,4960,4960,8064,0.61507937,3104,8063,3103,0.61515565,1,0,0,4960,0.61507937,1517414400,1519833000
2018,S89,3,6485,6485,8928,0.72636649,2443,8927,2442,0.72644785,1,0,0,6485,0.72636649,1519833600,1522511400
2018,S89,4,6088,6088,8640,0.70462963,2552,8639,2551,0.70471119,1,0,0,6088,0.70462963,1522512300,1525103700
2018,S89,5,8907,8907,8928,0.99764785,21,8928,21,0.99764785,1,0,0,8907,0.99764785,1525104000,1527782100
2018,S89,6,8634,8634,8640,0.99930556,6,8640,6,0.99930556,1,0,0,8634,0.99930556,1527782400,1530374100
2018,S89,7,8906,8906,8928,0.99753584,22,8928,22,0.99753584,1,0,0,8906,0.99753584,1530374400,1533052500
2018,S89,8,672,672,8928,0.07526882,8256,672,0,1.0,1,0,0,672,0.07526882,1533052800,1533254100
2018,S89,9,8411,8411,8640,0.97349537,229,8544,133,0.98443352,1,0,0,8411,0.97349537,1535760000,1538322900
2018,S89,10,8924,8924,8928,0.99955197,4,8928,4,0.99955197,1,0,0,8924,0.99955197,1538323200,1541001300
2018,S89,11,8623,8623,8640,0.99803241,17,8640,17,0.99803241,1,0,0,8623,0.99803241,1541001600,1543593300
2018,S89,12,8921,8921,8928,0.99921595,7,8928,7,0.99921595,1,0,0,8921,0.99921595,1543593600,1546271700
2018,S90,1,8743,8743,8928,0.97927867,185,8928,185,0.97927867,1,0,0,8743,0.97927867,1514736000,1517414100
2018,S90,2,4961,4961,8064,0.61520337,3103,8063,3102,0.61527967,1,0,0,4961,0.61520337,1517414400,1519833000
2018,S90,3,6467,6467,8928,0.72435036,2461,8927,2460,0.7244315,1,0,0,6467,0.72435036,1519833600,1522511400
2018,S90,4,6088,6088,8640,0.70462963,2552,8639,2551,0.70471119,1,0,0,6088,0.70462963,1522512300,1525103700
2018,S90,5,8912,8912,8928,0.99820789,16,8928,16,0.99820789,1,0,0,8912,0.99820789,1525104000,1527782100
2018,S90,6,8634,8634,8640,0.99930556,6,8640,6,0.99930556,1,0,0,8634,0.99930556,1527782400,1530374100
2018,S90,7,8906,8906,8928,0.99753584,22,8928,22,0.99753584,1,0,0,8906,0.99753584,1530374400,1533052500
2018,S90,8,672,672,8928,0.07526882,8256,672,0,1.0,1,0,0,672,0.07526882,1533052800,1533254100
2018,S90,9,8415,8415,8640,0.97395833,225,8544,129,0.98490169,1,0,0,8415,0.97395833,1535760000,1538322900
2018,S90,10,8924,8924,8928,0.99955197,4,8928,4,0.99955197,1,0,0,8924,0.99955197,1538323200,1541001300
2018,S90,11,8617,8617,8640,0.99733796,23,8640,23,0.99733796,1,0,0,8617,0.99733796,1541001600,1543593300
2018,S90,12,8922,8922,8928,0.99932796,6,8928,6,0.99932796,1,0,0,8922,0.99932796,1543593600,1546271700
2018,S900,1,8599,8599,8928,0.96314964,329,8928,329,0.96314964,1,0,0,8599,0.96314964,1514736000,1517414100
2018,S900,2,4959,4959,8064,0.61495536,3105,8063,3104,0.61503163,1,0,0,4959,0.61495536,1517414400,1519833000
2018,S900,3,6435,6435,8928,0.72076613,2493,8927,2492,0.72084687,1,0,0,6435,0.72076613,1519833600,1522511400
2018,S900,4,6089,6089,8640,0.70474537,2551,8639,2550,0.70482695,1,0,0,6089,0.70474537,1522512300,1525103700
2018,S900,5,8555,8555,8928,0.95822133,373,8928,373,0.95822133,1,0,0,8555,0.95822133,1525104000,1527782100
2018,S900,6,8633,8633,8640,0.99918981,7,8640,7,0.99918981,1,0,0,8633,0.99918981,1527782400,1530374100
2018,S900,7,8907,8907,8928,0.99764785,21,8928,21,0.99764785,1,0,0,8907,0.99764785,1530374400,1533052500
2018,S900,8,672,672,8928,0.07526882,8256,672,0,1.0,1,0,0,672,0.07526882,1533052800,1533254100
2018,S900,9,8440,8440,8640,0.97685185,200,8544,104,0.98782772,1,0,0,8440,0.97685185,1535760000,1538322900
2018,S900,10,8676,8676,8928,0.97177419,252,8683,7,0.99919383,1,0,0,8676,0.97177419,1538323200,1540927800
2018,S900,11,8452,8452,8640,0.97824074,188,8505,53,0.99376837,1,0,0,8452,0.97824074,1541042100,1543593300
2018,S900,12,8657,8657,8928,0.96964606,271,8928,271,0.96964606,1,0,0,8657,0.96964606,1543593600,1546271700
2018,S91,1,8741,8741,8928,0.97905466,187,8928,187,0.97905466,1,0,0,8741,0.97905466,1514736000,1517414100
2018,S91,2,4961,4961,8064,0.61520337,3103,8063,3102,0.61527967,1,0,0,4961,0.61520337,1517414400,1519833000
2018,S91,3,6485,6485,8928,0.72636649,2443,8927,2442,0.72644785,1,0,0,6485,0.72636649,1519833600,1522511400
2018,S91,4,6089,6089,8640,0.70474537,2551,8639,2550,0.70482695,1,0,0,6089,0.70474537,1522512300,1525103700
2018,S91,5,8914,8914,8928,0.9984319,14,8928,14,0.9984319,1,0,0,8914,0.9984319,1525104000,1527782100
2018,S91,6,8634,8634,8640,0.99930556,6,8640,6,0.99930556,1,0,0,8634,0.99930556,1527782400,1530374100
2018,S91,7,8900,8900,8928,0.9968638,28,8928,28,0.9968638,1,0,0,8900,0.9968638,1530374400,1533052500
2018,S91,8,672,672,8928,0.07526882,8256,672,0,1.0,1,0,0,672,0.07526882,1533052800,1533254100
2018,S91,9,8542,8542,8640,0.98865741,98,8544,2,0.99976592,1,0,0,8542,0.98865741,1535760000,1538322900
2018,S91,10,8863,8863,8928,0.99271953,65,8928,65,0.99271953,1,0,0,8863,0.99271953,1538323200,1541001300
2018,S91,11,8620,8620,8640,0.99768519,20,8640,20,0.99768519,1,0,0,8620,0.99768519,1541001600,1543593300
2018,S91,12,3289,3289,8928,0.36839158,5639,5670,2381,0.58007055,1,0,0,3289,0.36839158,1543593600,1545294300
2018,S92,1,7419,7419,8928,0.83098118,1509,8928,1509,0.83098118,1,0,0,7419,0.83098118,1514736000,1517414100
2018,S92,2,4962,4962,8064,0.61532738,3102,8063,3101,0.6154037,1,0,0,4962,0.61532738,1517414400,1519833000
2018,S92,3,6468,6468,8928,0.72446237,2460,8927,2459,0.72454352,1,0,0,6468,0.72446237,1519833600,1522511400
2018,S92,4,5844,5844,8640,0.67638889,2796,8639,2795,0.67646718,1,0,0,5844,0.67638889,1522512300,1525103700
2018,S92,5,8907,8907,8928,0.99764785,21,8928,21,0.99764785,1,0,0,8907,0.99764785,1525104000,1527782100
2018,S92,6,8631,8631,8640,0.99895833,9,8640,9,0.99895833,1,0,0,8631,0.99895833,1527782400,1530374100
2018,S92,7,8905,8905,8928,0.99742384,23,8928,23,0.99742384,1,0,0,8905,0.99742384,1530374400,1533052500
2018,S92,8,672,672,8928,0.07526882,8256,672,0,1.0,1,0,0,672,0.07526882,1533052800,1533254100
2018,S92,9,8412,8412,8640,0.97361111,228,8544,132,0.98455056,1,0,0,8412,0.97361111,1535760000,1538322900
2018,S92,10,8921,8921,8928,0.99921595,7,8928,7,0.99921595,1,0,0,8921,0.99921595,1538323200,1541001300
2018,S92,11,8622,8622,8640,0.99791667,18,8640,18,0.99791667,1,0,0,8622,0.99791667,1541001600,1543593300
2018,S92,12,8214,8214,8928,0.92002688,714,8928,714,0.92002688,1,0,0,8214,0.92002688,1543593600,1546271700
2018,S94,1,8733,8733,8928,0.9781586,195,8928,195,0.9781586,1,0,0,8733,0.9781586,1514736000,1517414100
2018,S94,2,4961,4961,8064,0.61520337,3103,8063,3102,0.61527967,1,0,0,4961,0.61520337,1517414400,1519833000
2018,S94,3,6484,6484,8928,0.72625448,2444,8927,2443,0.72633584,1,0,0,6484,0.72625448,1519833600,1522511400
2018,S94,4,6089,6089,8640,0.70474537,2551,8639,2550,0.70482695,1,0,0,6089,0.70474537,1522512300,1525103700
2018,S94,5,8903,8903,8928,0.99719982,25,8928,25,0.99719982,1,0,0,8903,0.99719982,1525104000,1527782100
2018,S94,6,8631,8631,8640,0.99895833,9,8640,9,0.99895833,1,0,0,8631,0.99895833,1527782400,1530374100
2018,S94,7,8904,8904,8928,0.99731183,24,8928,24,0.99731183,1,0,0,8904,0.99731183,1530374400,1533052500
2018,S94,8,671,671,8928,0.07515681,8257,672,1,0.9985119,1,0,0,671,0.07515681,1533052800,1533254100
2018,S94,9,8410,8410,8640,0.97337963,230,8544,134,0.98431648,1,0,0,8410,0.97337963,1535760000,1538322900
2018,S94,10,8921,8921,8928,0.99921595,7,8928,7,0.99921595,1,0,0,8921,0.99921595,1538323200,1541001300
2018,S94,11,8621,8621,8640,0.99780093,19,8640,19,0.99780093,1,0,0,8621,0.99780093,1541001600,1543593300
2018,S94,12,8922,8922,8928,0.99932796,6,8928,6,0.99932796,1,0,0,8922,0.99932796,1543593600,1546271700
2019,S07,1,8924,8924,8928,0.99955197,4,8928,4,0.99955197,1,0,0,8924,0.99955197,1546272000,1548950100
2019,S07,2,8060,8060,8064,0.99950397,4,8064,4,0.99950397,1,0,0,8060,0.99950397,1548950400,1551369300
2019,S07,3,8924,8924,8928,0.99955197,4,8928,4,0.99955197,1,0,0,8924,0.99955197,1551369600,1554047700
2019,S07,4,7877,7877,8640,0.91168981,763,8640,763,0.91168981,1,0,0,7877,0.91168981,1554048000,1556639700
2019,S07,5,8314,8314,8928,0.9312276,614,8928,614,0.9312276,1,0,0,8314,0.9312276,1556640000,1559318100
2019,S07,6,7612,7612,8640,0.88101852,1028,8640,1028,0.88101852,1,0,0,7612,0.88101852,1559318400,1561910100
2019,S07,7,6879,6879,8928,0.77049731,2049,8928,2049,0.77049731,1,0,0,6879,0.77049731,1561910400,1564588500
2019,S07,8,8914,8914,8928,0.9984319,14,8928,14,0.9984319,1,0,0,8914,0.9984319,1564588800,1567266900
2019,S07,9,8637,8637,8640,0.99965278,3,8640,3,0.99965278,1,0,0,8637,0.99965278,1567267200,1569858900
2019,S07,10,8925,8925,8928,0.99966398,3,8928,3,0.99966398,1,0,0,8925,0.99966398,1569859200,1572537300
2019,S07,11,6896,6896,8640,0.79814815,1744,8640,1744,0.79814815,1,0,0,6896,0.79814815,1572537600,1575129300
2019,S07,12,8611,8611,8928,0.96449373,317,8928,317,0.96449373,1,0,0,8611,0.96449373,1575129600,1577807700
2019,S08,1,8905,8905,8928,0.99742384,23,8928,23,0.99742384,1,0,0,8905,0.99742384,1546272000,1548950100
2019,S08,2,8035,8035,8064,0.99640377,29,8064,29,0.99640377,1,0,0,8035,0.99640377,1548950400,1551369300
2019,S08,3,8840,8840,8928,0.99014337,88,8928,88,0.99014337,1,0,0,8840,0.99014337,1551369600,1554047700
2019,S08,4,7817,7817,8640,0.90474537,823,8640,823,0.90474537,1,0,0,7817,0.90474537,1554048000,1556639700
2019,S08,5,8878,8878,8928,0.99439964,50,8928,50,0.99439964,1,0,0,8878,0.99439964,1556640000,1559318100
2019,S08,6,8527,8527,8640,0.9869213,113,8640,113,0.9869213,1,0,0,8527,0.9869213,1559318400,1561910100
2019,S08,7,7530,7530,8928,0.84341398,1398,8928,1398,0.84341398,1,0,0,7530,0.84341398,1561910400,1564588500
2019,S08,8,8911,8911,8928,0.99809588,17,8928,17,0.99809588,1,0,0,8911,0.99809588,1564588800,1567266900
2019,S08,9,8637,8637,8640,0.99965278,3,8640,3,0.99965278,1,0,0,8637,0.99965278,1567267200,1569858900
2019,S08,10,8927,8927,8928,0.99988799,1,8928,1,0.99988799,1,0,0,8927,0.99988799,1569859200,1572537300
2019,S08,11,6896,6896,8640,0.79814815,1744,8640,1744,0.79814815,1,0,0,6896,0.79814815,1572537600,1575129300
2019,S08,12,8921,8921,8928,0.99921595,7,8928,7,0.99921595,1,0,0,8921,0.99921595,1575129600,1577807700
2019,S100,1,8906,8906,8928,0.99753584,22,8928,22,0.99753584,1,0,0,8906,0.99753584,1546272000,1548950100
2019,S100,2,7307,7307,8064,0.90612599,757,8064,757,0.90612599,1,0,0,7307,0.90612599,1548950400,1551369300
2019,S100,3,8915,8915,8928,0.99854391,13,8928,13,0.99854391,1,0,0,8915,0.99854391,1551369600,1554047700
2019,S100,4,7874,7874,8640,0.91134259,766,8640,766,0.91134259,1,0,0,7874,0.91134259,1554048000,1556639700
2019,S100,5,7608,7608,8928,0.85215054,1320,8928,1320,0.85215054,1,0,0,7608,0.85215054,1556640000,1559318100
2019,S100,6,8638,8638,8640,0.99976852,2,8640,2,0.99976852,1,0,0,8638,0.99976852,1559318400,1561910100
2019,S100,7,7465,7465,8928,0.83613351,1463,8928,1463,0.83613351,1,0,0,7465,0.83613351,1561910400,1564588500
2019,S100,8,8904,8904,8928,0.99731183,24,8928,24,0.99731183,1,0,0,8904,0.99731183,1564588800,1567266900
2019,S100,9,8609,8609,8640,0.99641204,31,8640,31,0.99641204,1,0,0,8609,0.99641204,1567267200,1569858900
2019,S100,10,8923,8923,8928,0.99943996,5,8928,5,0.99943996,1,0,0,8923,0.99943996,1569859200,1572537300
2019,S100,11,6891,6891,8640,0.79756944,1749,8640,1749,0.79756944,1,0,0,6891,0.79756944,1572537600,1575129300
2019,S100,12,8902,8902,8928,0.99708781,26,8928,26,0.99708781,1,0,0,8902,0.99708781,1575129600,1577807700
2019,S104,1,8169,8169,8928,0.91498656,759,8173,4,0.99951058,1,0,0,8169,0.91498656,1546498500,1548950100
2019,S104,2,8060,8060,8064,0.99950397,4,8064,4,0.99950397,1,0,0,8060,0.99950397,1548950400,1551369300
2019,S104,3,8926,8926,8928,0.99977599,2,8928,2,0.99977599,1,0,0,8926,0.99977599,1551369600,1554047700
2019,S104,4,7877,7877,8640,0.91168981,763,8640,763,0.91168981,1,0,0,7877,0.91168981,1554048000,1556639700
2019,S104,5,8928,8928,8928,1.0,0,8928,0,1.0,1,0,0,8928,1.0,1556640000,1559318100
2019,S104,6,8638,8638,8640,0.99976852,2,8640,2,0.99976852,1,0,0,8638,0.99976852,1559318400,1561910100
2019,S104,7,7539,7539,8928,0.84442204,1389,8928,1389,0.84442204,1,0,0,7539,0.84442204,1561910400,1564588500
2019,S104,8,8919,8919,8928,0.99899194,9,8928,9,0.99899194,1,0,0,8919,0.99899194,1564588800,1567266900
2019,S104,9,8640,8640,8640,1.0,0,8640,0,1.0,1,0,0,8640,1.0,1567267200,1569858900
2019,S104,10,8927,8927,8928,0.99988799,1,8928,1,0.99988799,1,0,0,8927,0.99988799,1569859200,1572537300
2019,S104,11,6891,6891,8640,0.79756944,1749,8640,1749,0.79756944,1,0,0,6891,0.79756944,1572537600,1575129300
2019,S104,12,8919,8919,8928,0.99899194,9,8928,9,0.99899194,1,0,0,8919,0.99899194,1575129600,1577807700
2019,S105,1,8924,8924,8928,0.99955197,4,8928,4,0.99955197,1,0,0,8924,0.99955197,1546272000,1548950100
2019,S105,2,8055,8055,8064,0.99888393,9,8064,9,0.99888393,1,0,0,8055,0.99888393,1548950400,1551369300
2019,S105,3,8926,8926,8928,0.99977599,2,8928,2,0.99977599,1,0,0,8926,0.99977599,1551369600,1554047700
2019,S105,4,7878,7878,8640,0.91180556,762,8640,762,0.91180556,1,0,0,7878,0.91180556,1554048000,1556639700
2019,S105,5,8928,8928,8928,1.0,0,8928,0,1.0,1,0,0,8928,1.0,1556640000,1559318100
2019,S105,6,8622,8622,8640,0.99791667,18,8640,18,0.99791667,1,0,0,8622,0.99791667,1559318400,1561910100
2019,S105,7,7531,7531,8928,0.84352599,1397,8928,1397,0.84352599,1,0,0,7531,0.84352599,1561910400,1564588500
2019,S105,8,8917,8917,8928,0.99876792,11,8928,11,0.99876792,1,0,0,8917,0.99876792,1564588800,1567266900
2019,S105,9,8639,8639,8640,0.99988426,1,8640,1,0.99988426,1,0,0,8639,0.99988426,1567267200,1569858900
2019,S105,10,8927,8927,8928,0.99988799,1,8928,1,0.99988799,1,0,0,8927,0.99988799,1569859200,1572537300
2019,S105,11,6896,6896,8640,0.79814815,1744,8640,1744,0.79814815,1,0,0,6896,0.79814815,1572537600,1575129300
2019,S105,12,8872,8872,8928,0.9937276,56,8928,56,0.9937276,1,0,0,8872,0.9937276,1575129600,1577807700
2019,S106,1,8872,8872,8928,0.9937276,56,8928,56,0.9937276,1,0,0,8872,0.9937276,1546272000,1548950100
2019,S106,2,8040,8040,8064,0.99702381,24,8064,24,0.99702381,1,0,0,8040,0.99702381,1548950400,1551369300
2019,S106,3,8923,8923,8928,0.99943996,5,8928,5,0.99943996,1,0,0,8923,0.99943996,1551369600,1554047700
2019,S106,4,5565,5565,8640,0.64409722,3075,5575,10,0.99820628,1,0,0,5565,0.64409722,1554048000,1555720200
2019,S106,5,7055,7055,8928,0.79021057,1873,7063,8,0.99886734,1,0,0,7055,0.79021057,1557199500,1559318100
2019,S106,6,8107,8107,8640,0.93831019,533,8640,533,0.93831019,1,0,0,8107,0.93831019,1559318400,1561910100
2019,S106,7,7159,7159,8928,0.80185932,1769,8928,1769,0.80185932,1,0,0,7159,0.80185932,1561910400,1564588500
2019,S106,8,8917,8917,8928,0.99876792,11,8928,11,0.99876792,1,0,0,8917,0.99876792,1564588800,1567266900
2019,S106,9,8628,8628,8640,0.99861111,12,8640,12,0.99861111,1,0,0,8628,0.99861111,1567267200,1569858900
2019,S106,10,8893,8893,8928,0.99607975,35,8928,35,0.99607975,1,0,0,8893,0.99607975,1569859200,1572537300
2019,S106,11,6887,6887,8640,0.79710648,1753,8640,1753,0.79710648,1,0,0,6887,0.79710648,1572537600,1575129300
2019,S106,12,8260,8260,8928,0.92517921,668,8928,668,0.92517921,1,0,0,8260,0.92517921,1575129600,1577807700
2019,S107,1,8925,8925,8928,0.99966398,3,8928,3,0.99966398,1,0,0,8925,0.99966398,1546272000,1548950100
2019,S107,2,8059,8059,8064,0.99937996,5,8064,5,0.99937996,1,0,0,8059,0.99937996,1548950400,1551369300
2019,S107,3,8323,8323,8928,0.93223566,605,8928,605,0.93223566,1,0,0,8323,0.93223566,1551369600,1554047700
2019,S107,4,7856,7856,8640,0.90925926,784,8640,784,0.90925926,1,0,0,7856,0.90925926,1554048000,1556639700
2019,S107,5,8924,8924,8928,0.99955197,4,8928,4,0.99955197,1,0,0,8924,0.99955197,1556640000,1559318100
2019,S107,6,7935,7935,8640,0.91840278,705,8640,705,0.91840278,1,0,0,7935,0.91840278,1559318400,1561910100
2019,S107,7,7442,7442,8928,0.83355735,1486,8928,1486,0.83355735,1,0,0,7442,0.83355735,1561910400,1564588500
2019,S107,8,8909,8909,8928,0.99787186,19,8928,19,0.99787186,1,0,0,8909,0.99787186,1564588800,1567266900
2019,S107,9,8589,8589,8640,0.99409722,51,8640,51,0.99409722,1,0,0,8589,0.99409722,1567267200,1569858900
2019,S107,10,8927,8927,8928,0.99988799,1,8928,1,0.99988799,1,0,0,8927,0.99988799,1569859200,1572537300
2019,S107,11,6896,6896,8640,0.79814815,1744,8640,1744,0.79814815,1,0,0,6896,0.79814815,1572537600,1575129300
2019,S107,12,8927,8927,8928,0.99988799,1,8928,1,0.99988799,1,0,0,8927,0.99988799,1575129600,1577807700
2019,S108,1,4846,4846,8928,0.54278674,4082,8928,4082,0.54278674,1,0,0,4846,0.54278674,1546272000,1548950100
2019,S108,2,7603,7603,8064,0.94283234,461,8064,461,0.94283234,1,0,0,7603,0.94283234,1548950400,1551369300
2019,S108,3,7951,7951,8928,0.890569,977,8596,645,0.9249651,1,0,0,7951,0.890569,1551369600,1553948100
2019,S108,4,5404,5404,8640,0.62546296,3236,8234,2830,0.65630313,1,0,0,5404,0.62546296,1554169800,1556639700
2019,S108,5,6713,6713,8928,0.75190412,2215,8928,2215,0.75190412,1,0,0,6713,0.75190412,1556640000,1559318100
2019,S108,6,4925,4925,8640,0.57002315,3715,8640,3715,0.57002315,1,0,0,4925,0.57002315,1559318400,1561910100
2019,S108,7,5434,5434,8928,0.60864695,3494,8692,3258,0.62517257,1,0,0,5434,0.60864695,1561910400,1564517700
2019,S108,8,7420,7420,8928,0.83109319,1508,8802,1382,0.84299023,1,0,0,7420,0.83109319,1564626600,1567266900
2019,S108,9,7394,7394,8640,0.85578704,1246,8640,1246,0.85578704,1,0,0,7394,0.85578704,1567267200,1569858900
2019,S108,10,6903,6903,8928,0.77318548,2025,8909,2006,0.77483444,1,0,0,6903,0.77318548,1569859200,1572531600
2019,S108,11,5515,5515,8640,0.63831019,3125,8482,2967,0.65020042,1,0,0,5515,0.63831019,1572585000,1575129300
2019,S108,12,6634,6634,8928,0.74305556,2294,8928,2294,0.74305556,1,0,0,6634,0.74305556,1575129600,1577807700
2019,S109,1,2708,2708,8928,0.30331541,6220,7088,4380,0.38205418,1,0,0,2708,0.30331541,1546485600,1548611700
2019,S109,2,2608,2608,8064,0.3234127,5456,5012,2404,0.52035116,1,0,0,2608,0.3234127,1549866000,1551369300
2019,S109,3,8926,8926,8928,0.99977599,2,8928,2,0.99977599,1,0,0,8926,0.99977599,1551369600,1554047700
2019,S109,4,4836,4836,8640,0.55972222,3804,8640,3804,0.55972222,1,0,0,4836,0.55972222,1554048000,1556639700
2019,S109,5,8257,8257,8928,0.92484319,671,8928,671,0.92484319,1,0,0,8257,0.92484319,1556640000,1559318100
2019,S109,6,6943,6943,8640,0.80358796,1697,8640,1697,0.80358796,1,0,0,6943,0.80358796,1559318400,1561910100
2019,S109,7,7505,7505,8928,0.8406138,1423,8928,1423,0.8406138,1,0,0,7505,0.8406138,1561910400,1564588500
2019,S109,8,8901,8901,8928,0.99697581,27,8928,27,0.99697581,1,0,0,8901,0.99697581,1564588800,1567266900
2019,S109,9,8635,8635,8640,0.9994213,5,8640,5,0.9994213,1,0,0,8635,0.9994213,1567267200,1569858900
2019,S109,10,8752,8752,8928,0.98028674,176,8928,176,0.98028674,1,0,0,8752,0.98028674,1569859200,1572537300
2019,S109,11,6229,6229,8640,0.72094907,2411,7973,1744,0.78126176,1,0,0,6229,0.72094907,1572537600,1574929200
2019,S109,12,7864,7864,8928,0.88082437,1064,7873,9,0.99885685,1,0,0,7864,0.88082437,1575446100,1577807700
2019,S11,1,6587,6587,8928,0.73779122,2341,8774,2187,0.75074083,1,0,0,6587,0.73779122,1546272000,1548903900
2019,S11,2,4188,4188,8064,0.51934524,3876,5106,918,0.82021152,1,0,0,4188,0.51934524,1549837800,1551369300
2019,S11,3,8922,8922,8928,0.99932796,6,8928,6,0.99932796,1,0,0,8922,0.99932796,1551369600,1554047700
2019,S11,4,7876,7876,8640,0.91157407,764,8640,764,0.91157407,1,0,0,7876,0.91157407,1554048000,1556639700
2019,S11,5,8924,8924,8928,0.99955197,4,8928,4,0.99955197,1,0,0,8924,0.99955197,1556640000,1559318100
2019,S11,6,8638,8638,8640,0.99976852,2,8640,2,0.99976852,1,0,0,8638,0.99976852,1559318400,1561910100
2019,S11,7,7539,7539,8928,0.84442204,1389,8928,1389,0.84442204,1,0,0,7539,0.84442204,1561910400,1564588500
2019,S11,8,8914,8914,8928,0.9984319,14,8928,14,0.9984319,1,0,0,8914,0.9984319,1564588800,1567266900
2019,S11,9,8637,8637,8640,0.99965278,3,8640,3,0.99965278,1,0,0,8637,0.99965278,1567267200,1569858900
2019,S11,10,8927,8927,8928,0.99988799,1,8928,1,0.99988799,1,0,0,8927,0.99988799,1569859200,1572537300
2019,S11,11,6896,6896,8640,0.79814815,1744,8640,1744,0.79814815,1,0,0,6896,0.79814815,1572537600,1575129300
2019,S11,12,8918,8918,8928,0.99887993,10,8928,10,0.99887993,1,0,0,8918,0.99887993,1575129600,1577807700
2019,S111,1,8924,8924,8928,0.99955197,4,8928,4,0.99955197,1,0,0,8924,0.99955197,1546272000,1548950100
2019,S111,2,8059,8059,8064,0.99937996,5,8064,5,0.99937996,1,0,0,8059,0.99937996,1548950400,1551369300
2019,S111,3,8923,8923,8928,0.99943996,5,8928,5,0.99943996,1,0,0,8923,0.99943996,1551369600,1554047700
2019,S111,4,7878,7878,8640,0.91180556,762,8640,762,0.91180556,1,0,0,7878,0.91180556,1554048000,1556639700
2019,S111,5,8915,8915,8928,0.99854391,13,8928,13,0.99854391,1,0,0,8915,0.99854391,1556640000,1559318100
2019,S111,6,8637,8637,8640,0.99965278,3,8640,3,0.99965278,1,0,0,8637,0.99965278,1559318400,1561910100
2019,S111,7,7538,7538,8928,0.84431004,1390,8928,1390,0.84431004,1,0,0,7538,0.84431004,1561910400,1564588500
2019,S111,8,8915,8915,8928,0.99854391,13,8928,13,0.99854391,1,0,0,8915,0.99854391,1564588800,1567266900
2019,S111,9,8636,8636,8640,0.99953704,4,8640,4,0.99953704,1,0,0,8636,0.99953704,1567267200,1569858900
2019,S111,10,8900,8900,8928,0.9968638,28,8928,28,0.9968638,1,0,0,8900,0.9968638,1569859200,1572537300
2019,S111,11,6894,6894,8640,0.79791667,1746,8640,1746,0.79791667,1,0,0,6894,0.79791667,1572537600,1575129300
2019,S111,12,8482,8482,8928,0.9500448,446,8928,446,0.9500448,1,0,0,8482,0.9500448,1575129600,1577807700
2019,S112,1,8558,8558,8928,0.95855735,370,8928,370,0.95855735,1,0,0,8558,0.95855735,1546272000,1548950100
2019,S112,2,7967,7967,8064,0.98797123,97,8064,97,0.98797123,1,0,0,7967,0.98797123,1548950400,1551369300
2019,S112,3,8414,8414,8928,0.94242832,514,8928,514,0.94242832,1,0,0,8414,0.94242832,1551369600,1554047700
2019,S112,4,7503,7503,8640,0.86840278,1137,8640,1137,0.86840278,1,0,0,7503,0.86840278,1554048000,1556639700
2019,S112,5,7866,7866,8928,0.88104839,1062,8875,1009,0.88630986,1,0,0,7866,0.88104839,1556640000,1559302200
2019,S112,6,7566,7566,8640,0.87569444,1074,8549,983,0.88501579,1,0,0,7566,0.87569444,1559345700,1561910100
2019,S112,7,7138,7138,8928,0.79950717,1790,8928,1790,0.79950717,1,0,0,7138,0.79950717,1561910400,1564588500
2019,S112,8,8833,8833,8928,0.98935932,95,8928,95,0.98935932,1,0,0,8833,0.98935932,1564588800,1567266900
2019,S112,9,7969,7969,8640,0.92233796,671,8640,671,0.92233796,1,0,0,7969,0.92233796,1567267200,1569858900
2019,S112,10,7918,7918,8928,0.88687276,1010,8928,1010,0.88687276,1,0,0,7918,0.88687276,1569859200,1572537300
2019,S112,11,5840,5840,8640,0.67592593,2800,8640,2800,0.67592593,1,0,0,5840,0.67592593,1572537600,1575129300
2019,S112,12,6206,6206,8928,0.69511649,2722,8928,2722,0.69511649,1,0,0,6206,0.69511649,1575129600,1577807700
2019,S113,1,8924,8924,8928,0.99955197,4,8928,4,0.99955197,1,0,0,8924,0.99955197,1546272000,1548950100
2019,S113,2,8059,8059,8064,0.99937996,5,8064,5,0.99937996,1,0,0,8059,0.99937996,1548950400,1551369300
2019,S113,3,8923,8923,8928,0.99943996,5,8928,5,0.99943996,1,0,0,8923,0.99943996,1551369600,1554047700
2019,S113,4,7876,7876,8640,0.91157407,764,8640,764,0.91157407,1,0,0,7876,0.91157407,1554048000,1556639700
2019,S113,5,8926,8926,8928,0.99977599,2,8928,2,0.99977599,1,0,0,8926,0.99977599,1556640000,1559318100
2019,S113,6,8631,8631,8640,0.99895833,9,8640,9,0.99895833,1,0,0,8631,0.99895833,1559318400,1561910100
2019,S113,7,7539,7539,8928,0.84442204,1389,8928,1389,0.84442204,1,0,0,7539,0.84442204,1561910400,1564588500
2019,S113,8,8917,8917,8928,0.99876792,11,8928,11,0.99876792,1,0,0,8917,0.99876792,1564588800,1567266900
2019,S113,9,8635,8635,8640,0.9994213,5,8640,5,0.9994213,1,0,0,8635,0.9994213,1567267200,1569858900
2019,S113,10,8927,8927,8928,0.99988799,1,8928,1,0.99988799,1,0,0,8927,0.99988799,1569859200,1572537300
2019,S113,11,6896,6896,8640,0.79814815,1744,8640,1744,0.79814815,1,0,0,6896,0.79814815,1572537600,1575129300
2019,S113,12,8921,8921,8928,0.99921595,7,8928,7,0.99921595,1,0,0,8921,0.99921595,1575129600,1577807700
2019,S114,1,8924,8924,8928,0.99955197,4,8928,4,0.99955197,1,0,0,8924,0.99955197,1546272000,1548950100
2019,S114,2,8051,8051,8064,0.9983879,13,8064,13,0.9983879,1,0,0,8051,0.9983879,1548950400,1551369300
2019,S114,3,8919,8919,8928,0.99899194,9,8928,9,0.99899194,1,0,0,8919,0.99899194,1551369600,1554047700
2019,S114,4,7877,7877,8640,0.91168981,763,8640,763,0.91168981,1,0,0,7877,0.91168981,1554048000,1556639700
2019,S114,5,4487,4487,8928,0.50257616,4441,7629,3142,0.58815048,1,0,0,4487,0.50257616,1556640000,1558928400
2019,S114,6,4729,4729,8640,0.54733796,3911,4755,26,0.99453207,1,0,0,4729,0.54733796,1560483900,1561910100
2019,S114,7,7520,7520,8928,0.84229391,1408,8928,1408,0.84229391,1,0,0,7520,0.84229391,1561910400,1564588500
2019,S114,8,8813,8813,8928,0.98711918,115,8928,115,0.98711918,1,0,0,8813,0.98711918,1564588800,1567266900
2019,S114,9,8589,8589,8640,0.99409722,51,8640,51,0.99409722,1,0,0,8589,0.99409722,1567267200,1569858900
2019,S114,10,8927,8927,8928,0.99988799,1,8928,1,0.99988799,1,0,0,8927,0.99988799,1569859200,1572537300
2019,S114,11,6608,6608,8640,0.76481481,2032,8640,2032,0.76481481,1,0,0,6608,0.76481481,1572537600,1575129300
2019,S114,12,8308,8308,8928,0.93055556,620,8928,620,0.93055556,1,0,0,8308,0.93055556,1575129600,1577807700
2019,S115,1,8784,8784,8928,0.98387097,144,8928,144,0.98387097,1,0,0,8784,0.98387097,1546272000,1548950100
2019,S115,2,7983,7983,8064,0.98995536,81,8064,81,0.98995536,1,0,0,7983,0.98995536,1548950400,1551369300
2019,S115,3,8731,8731,8928,0.97793459,197,8928,197,0.97793459,1,0,0,8731,0.97793459,1551369600,1554047700
2019,S115,4,4586,4586,8640,0.53078704,4054,4802,216,0.95501874,1,0,0,4586,0.53078704,1554048000,1555488300
2019,S115,5,6227,6227,8928,0.69746864,2701,6497,270,0.95844236,1,0,0,6227,0.69746864,1557369300,1559318100
2019,S115,6,6788,6788,8640,0.78564815,1852,8640,1852,0.78564815,1,0,0,6788,0.78564815,1559318400,1561910100
2019,S115,7,6435,6435,8928,0.72076613,2493,8928,2493,0.72076613,1,0,0,6435,0.72076613,1561910400,1564588500
2019,S115,8,8526,8526,8928,0.95497312,402,8928,402,0.95497312,1,0,0,8526,0.95497312,1564588800,1567266900
2019,S115,9,8588,8588,8640,0.99398148,52,8640,52,0.99398148,1,0,0,8588,0.99398148,1567267200,1569858900
2019,S115,10,8912,8912,8928,0.99820789,16,8928,16,0.99820789,1,0,0,8912,0.99820789,1569859200,1572537300
2019,S115,11,6887,6887,8640,0.79710648,1753,8640,1753,0.79710648,1,0,0,6887,0.79710648,1572537600,1575129300
2019,S115,12,6689,6689,8928,0.74921595,2239,8928,2239,0.74921595,1,0,0,6689,0.74921595,1575129600,1577807700
2019,S116,1,8099,8099,8928,0.90714606,829,8928,829,0.90714606,1,0,0,8099,0.90714606,1546272000,1548950100
2019,S116,2,6742,6742,8064,0.83606151,1322,8064,1322,0.83606151,1,0,0,6742,0.83606151,1548950400,1551369300
2019,S116,3,8705,8705,8928,0.9750224,223,8928,223,0.9750224,1,0,0,8705,0.9750224,1551369600,1554047700
2019,S116,4,7761,7761,8640,0.89826389,879,8640,879,0.89826389,1,0,0,7761,0.89826389,1554048000,1556639700
2019,S116,5,8875,8875,8928,0.99406362,53,8928,53,0.99406362,1,0,0,8875,0.99406362,1556640000,1559318100
2019,S116,6,8397,8397,8640,0.971875,243,8640,243,0.971875,1,0,0,8397,0.971875,1559318400,1561910100
2019,S116,7,7511,7511,8928,0.84128584,1417,8928,1417,0.84128584,1,0,0,7511,0.84128584,1561910400,1564588500
2019,S116,8,8912,8912,8928,0.99820789,16,8928,16,0.99820789,1,0,0,8912,0.99820789,1564588800,1567266900
2019,S116,9,8634,8634,8640,0.99930556,6,8640,6,0.99930556,1,0,0,8634,0.99930556,1567267200,1569858900
2019,S116,10,8927,8927,8928,0.99988799,1,8928,1,0.99988799,1,0,0,8927,0.99988799,1569859200,1572537300
2019,S116,11,6895,6895,8640,0.79803241,1745,8640,1745,0.79803241,1,0,0,6895,0.79803241,1572537600,1575129300
2019,S116,12,8921,8921,8928,0.99921595,7,8928,7,0.99921595,1,0,0,8921,0.99921595,1575129600,1577807700
2019,S117,1,7917,7917,8928,0.88676075,1011,7922,5,0.99936885,1,0,0,7917,0.88676075,1546573800,1548950100
2019,S117,2,8058,8058,8064,0.99925595,6,8064,6,0.99925595,1,0,0,8058,0.99925595,1548950400,1551369300
2019,S117,3,7955,7955,8928,0.89101703,973,8928,973,0.89101703,1,0,0,7955,0.89101703,1551369600,1554047700
2019,S117,4,7874,7874,8640,0.91134259,766,8640,766,0.91134259,1,0,0,7874,0.91134259,1554048000,1556639700
2019,S117,5,8882,8882,8928,0.99484767,46,8928,46,0.99484767,1,0,0,8882,0.99484767,1556640000,1559318100
2019,S117,6,8636,8636,8640,0.99953704,4,8640,4,0.99953704,1,0,0,8636,0.99953704,1559318400,1561910100
2019,S117,7,7540,7540,8928,0.84453405,1388,8928,1388,0.84453405,1,0,0,7540,0.84453405,1561910400,1564588500
2019,S117,8,6896,6896,8928,0.77240143,2032,8928,2032,0.77240143,1,0,0,6896,0.77240143,1564588800,1567266900
2019,S117,9,8589,8589,8640,0.99409722,51,8640,51,0.99409722,1,0,0,8589,0.99409722,1567267200,1569858900
2019,S117,10,8927,8927,8928,0.99988799,1,8928,1,0.99988799,1,0,0,8927,0.99988799,1569859200,1572537300
2019,S117,11,6895,6895,8640,0.79803241,1745,8640,1745,0.79803241,1,0,0,6895,0.79803241,1572537600,1575129300
2019,S117,12,8927,8927,8928,0.99988799,1,8928,1,0.99988799,1,0,0,8927,0.99988799,1575129600,1577807700
2019,S118,1,8802,8802,8928,0.9858871,126,8928,126,0.9858871,1,0,0,8802,0.9858871,1546272000,1548950100
2019,S118,2,7944,7944,8064,0.98511905,120,8064,120,0.98511905,1,0,0,7944,0.98511905,1548950400,1551369300
2019,S118,3,8917,8917,8928,0.99876792,11,8928,11,0.99876792,1,0,0,8917,0.99876792,1551369600,1554047700
2019,S118,4,7868,7868,8640,0.91064815,772,8640,772,0.91064815,1,0,0,7868,0.91064815,1554048000,1556639700
2019,S118,5,8924,8924,8928,0.99955197,4,8928,4,0.99955197,1,0,0,8924,0.99955197,1556640000,1559318100
2019,S118,6,8451,8451,8640,0.978125,189,8640,189,0.978125,1,0,0,8451,0.978125,1559318400,1561910100
2019,S118,7,7539,7539,8928,0.84442204,1389,8928,1389,0.84442204,1,0,0,7539,0.84442204,1561910400,1564588500
2019,S118,8,8917,8917,8928,0.99876792,11,8928,11,0.99876792,1,0,0,8917,0.99876792,1564588800,1567266900
2019,S118,9,8636,8636,8640,0.99953704,4,8640,4,0.99953704,1,0,0,8636,0.99953704,1567267200,1569858900
2019,S118,10,8927,8927,8928,0.99988799,1,8928,1,0.99988799,1,0,0,8927,0.99988799,1569859200,1572537300
2019,S118,11,6473,6473,8640,0.74918981,2167,8640,2167,0.74918981,1,0,0,6473,0.74918981,1572537600,1575129300
2019,S118,12,6798,6798,8928,0.76142473,2130,8928,2130,0.76142473,1,0,0,6798,0.76142473,1575129600,1577807700
2019,S119,1,8847,8847,8928,0.99092742,81,8928,81,0.99092742,1,0,0,8847,0.99092742,1546272000,1548950100
2019,S119,2,7841,7841,8064,0.97234623,223,8064,223,0.97234623,1,0,0,7841,0.97234623,1548950400,1551369300
2019,S119,3,8716,8716,8928,0.97625448,212,8928,212,0.97625448,1,0,0,8716,0.97625448,1551369600,1554047700
2019,S119,4,7795,7795,8640,0.90219907,845,8640,845,0.90219907,1,0,0,7795,0.90219907,1554048000,1556639700
2019,S119,5,8765,8765,8928,0.98174283,163,8928,163,0.98174283,1,0,0,8765,0.98174283,1556640000,1559318100
2019,S119,6,8224,8224,8640,0.95185185,416,8640,416,0.95185185,1,0,0,8224,0.95185185,1559318400,1561910100
2019,S119,7,7515,7515,8928,0.84173387,1413,8928,1413,0.84173387,1,0,0,7515,0.84173387,1561910400,1564588500
2019,S119,8,8911,8911,8928,0.99809588,17,8928,17,0.99809588,1,0,0,8911,0.99809588,1564588800,1567266900
2019,S119,9,8624,8624,8640,0.99814815,16,8640,16,0.99814815,1,0,0,8624,0.99814815,1567267200,1569858900
2019,S119,10,8886,8886,8928,0.9952957,42,8928,42,0.9952957,1,0,0,8886,0.9952957,1569859200,1572537300
2019,S119,11,6869,6869,8640,0.79502315,1771,8640,1771,0.79502315,1,0,0,6869,0.79502315,1572537600,1575129300
2019,S119,12,8763,8763,8928,0.98151882,165,8928,165,0.98151882,1,0,0,8763,0.98151882,1575129600,1577807700
2019,S120,1,8925,8925,8928,0.99966398,3,8928,3,0.99966398,1,0,0,8925,0.99966398,1546272000,1548950100
2019,S120,2,8060,8060,8064,0.99950397,4,8064,4,0.99950397,1,0,0,8060,0.99950397,1548950400,1551369300
2019,S120,3,8924,8924,8928,0.99955197,4,8928,4,0.99955197,1,0,0,8924,0.99955197,1551369600,1554047700
2019,S120,4,7875,7875,8640,0.91145833,765,8640,765,0.91145833,1,0,0,7875,0.91145833,1554048000,1556639700
2019,S120,5,8925,8925,8928,0.99966398,3,8928,3,0.99966398,1,0,0,8925,0.99966398,1556640000,1559318100
2019,S120,6,8637,8637,8640,0.99965278,3,8640,3,0.99965278,1,0,0,8637,0.99965278,1559318400,1561910100
2019,S120,7,7540,7540,8928,0.84453405,1388,8928,1388,0.84453405,1,0,0,7540,0.84453405,1561910400,1564588500
2019,S120,8,8913,8913,8928,0.99831989,15,8928,15,0.99831989,1,0,0,8913,0.99831989,1564588800,1567266900
2019,S120,9,8634,8634,8640,0.99930556,6,8640,6,0.99930556,1,0,0,8634,0.99930556,1567267200,1569858900
2019,S120,10,8927,8927,8928,0.99988799,1,8928,1,0.99988799,1,0,0,8927,0.99988799,1569859200,1572537300
2019,S120,11,6896,6896,8640,0.79814815,1744,8640,1744,0.79814815,1,0,0,6896,0.79814815,1572537600,1575129300
2019,S120,12,8921,8921,8928,0.99921595,7,8928,7,0.99921595,1,0,0,8921,0.99921595,1575129600,1577807700
2019,S121,1,8920,8920,8928,0.99910394,8,8928,8,0.99910394,1,0,0,8920,0.99910394,1546272000,1548950100
2019,S121,2,5641,5641,8064,0.69952877,2423,8064,2423,0.69952877,1,0,0,5641,0.69952877,1548950400,1551369300
2019,S121,3,8868,8868,8928,0.99327957,60,8928,60,0.99327957,1,0,0,8868,0.99327957,1551369600,1554047700
2019,S121,4,7873,7873,8640,0.91122685,767,8640,767,0.91122685,1,0,0,7873,0.91122685,1554048000,1556639700
2019,S121,5,8920,8920,8928,0.99910394,8,8928,8,0.99910394,1,0,0,8920,0.99910394,1556640000,1559318100
2019,S121,6,8634,8634,8640,0.99930556,6,8640,6,0.99930556,1,0,0,8634,0.99930556,1559318400,1561910100
2019,S121,7,7537,7537,8928,0.84419803,1391,8928,1391,0.84419803,1,0,0,7537,0.84419803,1561910400,1564588500
2019,S121,8,8909,8909,8928,0.99787186,19,8928,19,0.99787186,1,0,0,8909,0.99787186,1564588800,1567266900
2019,S121,9,8589,8589,8640,0.99409722,51,8640,51,0.99409722,1,0,0,8589,0.99409722,1567267200,1569858900
2019,S121,10,8925,8925,8928,0.99966398,3,8928,3,0.99966398,1,0,0,8925,0.99966398,1569859200,1572537300
2019,S121,11,6895,6895,8640,0.79803241,1745,8640,1745,0.79803241,1,0,0,6895,0.79803241,1572537600,1575129300
2019,S121,12,8927,8927,8928,0.99988799,1,8928,1,0.99988799,1,0,0,8927,0.99988799,1575129600,1577807700
2019,S122,1,8066,8066,8928,0.90344982,862,8928,862,0.90344982,1,0,0,8066,0.90344982,1546272000,1548950100
2019,S122,2,5025,5025,8064,0.62313988,3039,5880,855,0.85459184,1,0,0,5025,0.62313988,1548950400,1550714100
2019,S122,3,5505,5505,8928,0.61659946,3423,8741,3236,0.62979064,1,0,0,5505,0.61659946,1551425700,1554047700
2019,S122,4,6798,6798,8640,0.78680556,1842,8640,1842,0.78680556,1,0,0,6798,0.78680556,1554048000,1556639700
2019,S122,5,8639,8639,8928,0.96762993,289,8928,289,0.96762993,1,0,0,8639,0.96762993,1556640000,1559318100
2019,S122,6,8124,8124,8640,0.94027778,516,8640,516,0.94027778,1,0,0,8124,0.94027778,1559318400,1561910100
2019,S122,7,7178,7178,8928,0.80398746,1750,8928,1750,0.80398746,1,0,0,7178,0.80398746,1561910400,1564588500
2019,S122,8,7948,7948,8928,0.89023297,980,8928,980,0.89023297,1,0,0,7948,0.89023297,1564588800,1567266900
2019,S122,9,8589,8589,8640,0.99409722,51,8640,51,0.99409722,1,0,0,8589,0.99409722,1567267200,1569858900
2019,S122,10,8917,8917,8928,0.99876792,11,8928,11,0.99876792,1,0,0,8917,0.99876792,1569859200,1572537300
2019,S122,11,6895,6895,8640,0.79803241,1745,8640,1745,0.79803241,1,0,0,6895,0.79803241,1572537600,1575129300
2019,S122,12,8917,8917,8928,0.99876792,11,8928,11,0.99876792,1,0,0,8917,0.99876792,1575129600,1577807700
2019,S123,1,8924,8924,8928,0.99955197,4,8928,4,0.99955197,1,0,0,8924,0.99955197,1546272000,1548950100
2019,S123,2,8058,8058,8064,0.99925595,6,8064,6,0.99925595,1,0,0,8058,0.99925595,1548950400,1551369300
2019,S123,3,8926,8926,8928,0.99977599,2,8928,2,0.99977599,1,0,0,8926,0.99977599,1551369600,1554047700
2019,S123,4,7875,7875,8640,0.91145833,765,8640,765,0.91145833,1,0,0,7875,0.91145833,1554048000,1556639700
2019,S123,5,8927,8927,8928,0.99988799,1,8928,1,0.99988799,1,0,0,8927,0.99988799,1556640000,1559318100
2019,S123,6,8638,8638,8640,0.99976852,2,8640,2,0.99976852,1,0,0,8638,0.99976852,1559318400,1561910100
2019,S123,7,7538,7538,8928,0.84431004,1390,8928,1390,0.84431004,1,0,0,7538,0.84431004,1561910400,1564588500
2019,S123,8,8912,8912,8928,0.99820789,16,8928,16,0.99820789,1,0,0,8912,0.99820789,1564588800,1567266900
2019,S123,9,8639,8639,8640,0.99988426,1,8640,1,0.99988426,1,0,0,8639,0.99988426,1567267200,1569858900
2019,S123,10,8927,8927,8928,0.99988799,1,8928,1,0.99988799,1,0,0,8927,0.99988799,1569859200,1572537300
2019,S123,11,6895,6895,8640,0.79803241,1745,8640,1745,0.79803241,1,0,0,6895,0.79803241,1572537600,1575129300
2019,S123,12,4590,4590,8928,0.5141129,4338,4596,6,0.99869452,1,0,0,4590,0.5141129,1575129600,1576508100
2019,S215,1,8400,8400,8928,0.94086022,528,8928,528,0.94086022,1,0,0,8400,0.94086022,1546272000,1548950100
2019,S215,2,8060,8060,8064,0.99950397,4,8064,4,0.99950397,1,0,0,8060,0.99950397,1548950400,1551369300
2019,S215,3,8926,8926,8928,0.99977599,2,8928,2,0.99977599,1,0,0,8926,0.99977599,1551369600,1554047700
2019,S215,4,7878,7878,8640,0.91180556,762,8640,762,0.91180556,1,0,0,7878,0.91180556,1554048000,1556639700
2019,S215,5,8928,8928,8928,1.0,0,8928,0,1.0,1,0,0,8928,1.0,1556640000,1559318100
2019,S215,6,8640,8640,8640,1.0,0,8640,0,1.0,1,0,0,8640,1.0,1559318400,1561910100
2019,S215,7,7542,7542,8928,0.84475806,1386,8928,1386,0.84475806,1,0,0,7542,0.84475806,1561910400,1564588500
2019,S215,8,8922,8922,8928,0.99932796,6,8928,6,0.99932796,1,0,0,8922,0.99932796,1564588800,1567266900
2019,S215,9,8640,8640,8640,1.0,0,8640,0,1.0,1,0,0,8640,1.0,1567267200,1569858900
2019,S215,10,8927,8927,8928,0.99988799,1,8928,1,0.99988799,1,0,0,8927,0.99988799,1569859200,1572537300
2019,S215,11,6896,6896,8640,0.79814815,1744,8640,1744,0.79814815,1,0,0,6896,0.79814815,1572537600,1575129300
2019,S215,12,8925,8925,8928,0.99966398,3,8928,3,0.99966398,1,0,0,8925,0.99966398,1575129600,1577807700
2019,S24,1,8925,8925,8928,0.99966398,3,8928,3,0.99966398,1,0,0,8925,0.99966398,1546272000,1548950100
2019,S24,2,8060,8060,8064,0.99950397,4,8064,4,0.99950397,1,0,0,8060,0.99950397,1548950400,1551369300
2019,S24,3,8895,8895,8928,0.99630376,33,8928,33,0.99630376,1,0,0,8895,0.99630376,1551369600,1554047700
2019,S24,4,7874,7874,8640,0.91134259,766,8640,766,0.91134259,1,0,0,7874,0.91134259,1554048000,1556639700
2019,S24,5,8923,8923,8928,0.99943996,5,8928,5,0.99943996,1,0,0,8923,0.99943996,1556640000,1559318100
2019,S24,6,8574,8574,8640,0.99236111,66,8640,66,0.99236111,1,0,0,8574,0.99236111,1559318400,1561910100
2019,S24,7,7538,7538,8928,0.84431004,1390,8928,1390,0.84431004,1,0,0,7538,0.84431004,1561910400,1564588500
2019,S24,8,8915,8915,8928,0.99854391,13,8928,13,0.99854391,1,0,0,8915,0.99854391,1564588800,1567266900
2019,S24,9,8633,8633,8640,0.99918981,7,8640,7,0.99918981,1,0,0,8633,0.99918981,1567267200,1569858900
2019,S24,10,8794,8794,8928,0.98499104,134,8928,134,0.98499104,1,0,0,8794,0.98499104,1569859200,1572537300
2019,S24,11,6895,6895,8640,0.79803241,1745,8640,1745,0.79803241,1,0,0,6895,0.79803241,1572537600,1575129300
2019,S24,12,8919,8919,8928,0.99899194,9,8928,9,0.99899194,1,0,0,8919,0.99899194,1575129600,1577807700
2019,S29,1,8923,8923,8928,0.99943996,5,8928,5,0.99943996,1,0,0,8923,0.99943996,1546272000,1548950100
2019,S29,2,8060,8060,8064,0.99950397,4,8064,4,0.99950397,1,0,0,8060,0.99950397,1548950400,1551369300
2019,S29,3,8925,8925,8928,0.99966398,3,8928,3,0.99966398,1,0,0,8925,0.99966398,1551369600,1554047700
2019,S29,4,7877,7877,8640,0.91168981,763,8640,763,0.91168981,1,0,0,7877,0.91168981,1554048000,1556639700
2019,S29,5,8924,8924,8928,0.99955197,4,8928,4,0.99955197,1,0,0,8924,0.99955197,1556640000,1559318100
2019,S29,6,8588,8588,8640,0.99398148,52,8640,52,0.99398148,1,0,0,8588,0.99398148,1559318400,1561910100
2019,S29,7,7539,7539,8928,0.84442204,1389,8928,1389,0.84442204,1,0,0,7539,0.84442204,1561910400,1564588500
2019,S29,8,8917,8917,8928,0.99876792,11,8928,11,0.99876792,1,0,0,8917,0.99876792,1564588800,1567266900
2019,S29,9,8636,8636,8640,0.99953704,4,8640,4,0.99953704,1,0,0,8636,0.99953704,1567267200,1569858900
2019,S29,10,8927,8927,8928,0.99988799,1,8928,1,0.99988799,1,0,0,8927,0.99988799,1569859200,1572537300
2019,S29,11,6896,6896,8640,0.79814815,1744,8640,1744,0.79814815,1,0,0,6896,0.79814815,1572537600,1575129300
2019,S29,12,8686,8686,8928,0.97289427,242,8928,242,0.97289427,1,0,0,8686,0.97289427,1575129600,1577807700
2019,S33,1,8926,8926,8928,0.99977599,2,8928,2,0.99977599,1,0,0,8926,0.99977599,1546272000,1548950100
2019,S33,2,8052,8052,8064,0.9985119,12,8064,12,0.9985119,1,0,0,8052,0.9985119,1548950400,1551369300
2019,S33,3,8920,8920,8928,0.99910394,8,8928,8,0.99910394,1,0,0,8920,0.99910394,1551369600,1554047700
2019,S33,4,7874,7874,8640,0.91134259,766,8640,766,0.91134259,1,0,0,7874,0.91134259,1554048000,1556639700
2019,S33,5,8924,8924,8928,0.99955197,4,8928,4,0.99955197,1,0,0,8924,0.99955197,1556640000,1559318100
2019,S33,6,8121,8121,8640,0.93993056,519,8640,519,0.93993056,1,0,0,8121,0.93993056,1559318400,1561910100
2019,S33,7,7540,7540,8928,0.84453405,1388,8928,1388,0.84453405,1,0,0,7540,0.84453405,1561910400,1564588500
2019,S33,8,8919,8919,8928,0.99899194,9,8928,9,0.99899194,1,0,0,8919,0.99899194,1564588800,1567266900
2019,S33,9,8590,8590,8640,0.99421296,50,8640,50,0.99421296,1,0,0,8590,0.99421296,1567267200,1569858900
2019,S33,10,8923,8923,8928,0.99943996,5,8928,5,0.99943996,1,0,0,8923,0.99943996,1569859200,1572537300
2019,S33,11,6894,6894,8640,0.79791667,1746,8640,1746,0.79791667,1,0,0,6894,0.79791667,1572537600,1575129300
2019,S33,12,8927,8927,8928,0.99988799,1,8928,1,0.99988799,1,0,0,8927,0.99988799,1575129600,1577807700
2019,S35,1,8924,8924,8928,0.99955197,4,8928,4,0.99955197,1,0,0,8924,0.99955197,1546272000,1548950100
2019,S35,2,8052,8052,8064,0.9985119,12,8064,12,0.9985119,1,0,0,8052,0.9985119,1548950400,1551369300
2019,S35,3,8914,8914,8928,0.9984319,14,8928,14,0.9984319,1,0,0,8914,0.9984319,1551369600,1554047700
2019,S35,4,7874,7874,8640,0.91134259,766,8640,766,0.91134259,1,0,0,7874,0.91134259,1554048000,1556639700
2019,S35,5,8924,8924,8928,0.99955197,4,8928,4,0.99955197,1,0,0,8924,0.99955197,1556640000,1559318100
2019,S35,6,8549,8549,8640,0.98946759,91,8640,91,0.98946759,1,0,0,8549,0.98946759,1559318400,1561910100
2019,S35,7,7541,7541,8928,0.84464606,1387,8928,1387,0.84464606,1,0,0,7541,0.84464606,1561910400,1564588500
2019,S35,8,8920,8920,8928,0.99910394,8,8928,8,0.99910394,1,0,0,8920,0.99910394,1564588800,1567266900
2019,S35,9,8636,8636,8640,0.99953704,4,8640,4,0.99953704,1,0,0,8636,0.99953704,1567267200,1569858900
2019,S35,10,8926,8926,8928,0.99977599,2,8928,2,0.99977599,1,0,0,8926,0.99977599,1569859200,1572537300
2019,S35,11,6896,6896,8640,0.79814815,1744,8640,1744,0.79814815,1,0,0,6896,0.79814815,1572537600,1575129300
2019,S35,12,8432,8432,8928,0.94444444,496,8928,496,0.94444444,1,0,0,8432,0.94444444,1575129600,1577807700
2019,S36,1,5395,5395,8928,0.60427867,3533,8928,3533,0.60427867,1,0,0,5395,0.60427867,1546272000,1548950100
2019,S36,2,3922,3922,8064,0.48635913,4142,8064,4142,0.48635913,1,0,0,3922,0.48635913,1548950400,1551369300
2019,S36,3,3680,3680,8928,0.41218638,5248,8862,5182,0.41525615,1,0,0,3680,0.41218638,1551369600,1554027900
2019,S36,4,3717,3717,8640,0.43020833,4923,8159,4442,0.45557054,1,0,0,3717,0.43020833,1554192300,1556639700
2019,S36,5,4372,4372,8928,0.48969534,4556,8928,4556,0.48969534,1,0,0,4372,0.48969534,1556640000,1559318100
2019,S36,6,2426,2426,8640,0.28078704,6214,8625,6199,0.28127536,1,0,0,2426,0.28078704,1559318400,1561905600
2019,S36,7,3311,3311,8928,0.37085573,5617,8691,5380,0.38096882,1,0,0,3311,0.37085573,1561963200,1564570200
2019,S36,8,3890,3890,8928,0.43570789,5038,8764,4874,0.44386125,1,0,0,3890,0.43570789,1564638000,1567266900
2019,S36,9,4106,4106,8640,0.47523148,4534,8584,4478,0.47833178,1,0,0,4106,0.47523148,1567267200,1569842100
2019,S36,10,5073,5073,8928,0.56821237,3855,8711,3638,0.58236712,1,0,0,5073,0.56821237,1569900300,1572513300
2019,S36,11,2928,2928,8640,0.33888889,5712,8441,5513,0.34687833,1,0,0,2928,0.33888889,1572568800,1575100800
2019,S36,12,2547,2547,8928,0.28528226,6381,8776,6229,0.29022334,1,0,0,2547,0.28528226,1575164100,1577796600
2019,S40,1,8924,8924,8928,0.99955197,4,8928,4,0.99955197,1,0,0,8924,0.99955197,1546272000,1548950100
2019,S40,2,8059,8059,8064,0.99937996,5,8064,5,0.99937996,1,0,0,8059,0.99937996,1548950400,1551369300
2019,S40,3,8923,8923,8928,0.99943996,5,8928,5,0.99943996,1,0,0,8923,0.99943996,1551369600,1554047700
2019,S40,4,7876,7876,8640,0.91157407,764,8640,764,0.91157407,1,0,0,7876,0.91157407,1554048000,1556639700
2019,S40,5,8925,8925,8928,0.99966398,3,8928,3,0.99966398,1,0,0,8925,0.99966398,1556640000,1559318100
2019,S40,6,7676,7676,8640,0.88842593,964,8640,964,0.88842593,1,0,0,7676,0.88842593,1559318400,1561910100
2019,S40,7,7539,7539,8928,0.84442204,1389,8928,1389,0.84442204,1,0,0,7539,0.84442204,1561910400,1564588500
2019,S40,8,8912,8912,8928,0.99820789,16,8928,16,0.99820789,1,0,0,8912,0.99820789,1564588800,1567266900
2019,S40,9,8637,8637,8640,0.99965278,3,8640,3,0.99965278,1,0,0,8637,0.99965278,1567267200,1569858900
2019,S40,10,8927,8927,8928,0.99988799,1,8928,1,0.99988799,1,0,0,8927,0.99988799,1569859200,1572537300
2019,S40,11,6893,6893,8640,0.79780093,1747,8640,1747,0.79780093,1,0,0,6893,0.79780093,1572537600,1575129300
2019,S40,12,8754,8754,8928,0.98051075,174,8928,174,0.98051075,1,0,0,8754,0.98051075,1575129600,1577807700
2019,S43,1,8926,8926,8928,0.99977599,2,8928,2,0.99977599,1,0,0,8926,0.99977599,1546272000,1548950100
2019,S43,2,8052,8052,8064,0.9985119,12,8064,12,0.9985119,1,0,0,8052,0.9985119,1548950400,1551369300
2019,S43,3,8926,8926,8928,0.99977599,2,8928,2,0.99977599,1,0,0,8926,0.99977599,1551369600,1554047700
2019,S43,4,7875,7875,8640,0.91145833,765,8640,765,0.91145833,1,0,0,7875,0.91145833,1554048000,1556639700
2019,S43,5,8924,8924,8928,0.99955197,4,8928,4,0.99955197,1,0,0,8924,0.99955197,1556640000,1559318100
2019,S43,6,8637,8637,8640,0.99965278,3,8640,3,0.99965278,1,0,0,8637,0.99965278,1559318400,1561910100
2019,S43,7,7015,7015,8928,0.78573029,1913,8928,1913,0.78573029,1,0,0,7015,0.78573029,1561910400,1564588500
2019,S43,8,8679,8679,8928,0.97211022,249,8928,249,0.97211022,1,0,0,8679,0.97211022,1564588800,1567266900
2019,S43,9,8343,8343,8640,0.965625,297,8640,297,0.965625,1,0,0,8343,0.965625,1567267200,1569858900
2019,S43,10,8570,8570,8928,0.95990143,358,8928,358,0.95990143,1,0,0,8570,0.95990143,1569859200,1572537300
2019,S43,11,6896,6896,8640,0.79814815,1744,8640,1744,0.79814815,1,0,0,6896,0.79814815,1572537600,1575129300
2019,S43,12,8920,8920,8928,0.99910394,8,8928,8,0.99910394,1,0,0,8920,0.99910394,1575129600,1577807700
2019,S44,1,8924,8924,8928,0.99955197,4,8928,4,0.99955197,1,0,0,8924,0.99955197,1546272000,1548950100
2019,S44,2,6138,6138,8064,0.76116071,1926,8064,1926,0.76116071,1,0,0,6138,0.76116071,1548950400,1551369300
2019,S44,3,8925,8925,8928,0.99966398,3,8928,3,0.99966398,1,0,0,8925,0.99966398,1551369600,1554047700
2019,S44,4,7877,7877,8640,0.91168981,763,8640,763,0.91168981,1,0,0,7877,0.91168981,1554048000,1556639700
2019,S44,5,8925,8925,8928,0.99966398,3,8928,3,0.99966398,1,0,0,8925,0.99966398,1556640000,1559318100
2019,S44,6,8637,8637,8640,0.99965278,3,8640,3,0.99965278,1,0,0,8637,0.99965278,1559318400,1561910100
2019,S44,7,7539,7539,8928,0.84442204,1389,8928,1389,0.84442204,1,0,0,7539,0.84442204,1561910400,1564588500
2019,S44,8,8912,8912,8928,0.99820789,16,8928,16,0.99820789,1,0,0,8912,0.99820789,1564588800,1567266900
2019,S44,9,8629,8629,8640,0.99872685,11,8640,11,0.99872685,1,0,0,8629,0.99872685,1567267200,1569858900
2019,S44,10,8927,8927,8928,0.99988799,1,8928,1,0.99988799,1,0,0,8927,0.99988799,1569859200,1572537300
2019,S44,11,6896,6896,8640,0.79814815,1744,8640,1744,0.79814815,1,0,0,6896,0.79814815,1572537600,1575129300
2019,S44,12,8921,8921,8928,0.99921595,7,8928,7,0.99921595,1,0,0,8921,0.99921595,1575129600,1577807700
2019,S46,1,7435,7435,8928,0.8327733,1493,8681,1246,0.85646815,1,0,0,7435,0.8327733,1546272000,1548876000
2019,S46,2,6871,6871,8064,0.85205853,1193,7958,1087,0.86340789,1,0,0,6871,0.85205853,1548982200,1551369300
2019,S46,3,8678,8678,8928,0.97199821,250,8682,4,0.99953928,1,0,0,8678,0.97199821,1551369600,1553973900
2019,S46,4,5313,5313,8640,0.61493056,3327,8237,2924,0.64501639,1,0,0,5313,0.61493056,1554168900,1556639700
2019,S46,5,7102,7102,8928,0.79547491,1826,8928,1826,0.79547491,1,0,0,7102,0.79547491,1556640000,1559318100
2019,S46,6,5109,5109,8640,0.59131944,3531,8640,3531,0.59131944,1,0,0,5109,0.59131944,1559318400,1561910100
2019,S46,7,5705,5705,8928,0.6390009,3223,8928,3223,0.6390009,1,0,0,5705,0.6390009,1561910400,1564588500
2019,S46,8,6457,6457,8928,0.72323029,2471,8928,2471,0.72323029,1,0,0,6457,0.72323029,1564588800,1567266900
2019,S46,9,5973,5973,8640,0.69131944,2667,8640,2667,0.69131944,1,0,0,5973,0.69131944,1567267200,1569858900
2019,S46,10,7538,7538,8928,0.84431004,1390,8928,1390,0.84431004,1,0,0,7538,0.84431004,1569859200,1572537300
2019,S46,11,6896,6896,8640,0.79814815,1744,8640,1744,0.79814815,1,0,0,6896,0.79814815,1572537600,1575129300
2019,S46,12,8920,8920,8928,0.99910394,8,8928,8,0.99910394,1,0,0,8920,0.99910394,1575129600,1577807700
2019,S50,1,6544,6544,8928,0.73297491,2384,8928,2384,0.73297491,1,0,0,6544,0.73297491,1546272000,1548950100
2019,S50,2,8059,8059,8064,0.99937996,5,8064,5,0.99937996,1,0,0,8059,0.99937996,1548950400,1551369300
2019,S50,3,8923,8923,8928,0.99943996,5,8928,5,0.99943996,1,0,0,8923,0.99943996,1551369600,1554047700
2019,S50,4,7876,7876,8640,0.91157407,764,8640,764,0.91157407,1,0,0,7876,0.91157407,1554048000,1556639700
2019,S50,5,8922,8922,8928,0.99932796,6,8928,6,0.99932796,1,0,0,8922,0.99932796,1556640000,1559318100
2019,S50,6,8577,8577,8640,0.99270833,63,8640,63,0.99270833,1,0,0,8577,0.99270833,1559318400,1561910100
2019,S50,7,7533,7533,8928,0.84375,1395,8928,1395,0.84375,1,0,0,7533,0.84375,1561910400,1564588500
2019,S50,8,8912,8912,8928,0.99820789,16,8928,16,0.99820789,1,0,0,8912,0.99820789,1564588800,1567266900
2019,S50,9,7555,7555,8640,0.8744213,1085,8640,1085,0.8744213,1,0,0,7555,0.8744213,1567267200,1569858900
2019,S50,10,8927,8927,8928,0.99988799,1,8928,1,0.99988799,1,0,0,8927,0.99988799,1569859200,1572537300
2019,S50,11,6896,6896,8640,0.79814815,1744,8640,1744,0.79814815,1,0,0,6896,0.79814815,1572537600,1575129300
2019,S50,12,8919,8919,8928,0.99899194,9,8928,9,0.99899194,1,0,0,8919,0.99899194,1575129600,1577807700
2019,S55,1,8924,8924,8928,0.99955197,4,8928,4,0.99955197,1,0,0,8924,0.99955197,1546272000,1548950100
2019,S55,2,5892,5892,8064,0.73065476,2172,5897,5,0.99915211,1,0,0,5892,0.73065476,1548950400,1550719200
2019,S55,3,0,0,8928,0.0,8928,0,0,,0,0,0,0,0.0,,
2019,S55,4,0,0,8640,0.0,8640,0,0,,0,0,0,0,0.0,,
2019,S55,5,0,0,8928,0.0,8928,0,0,,0,0,0,0,0.0,,
2019,S55,6,0,0,8640,0.0,8640,0,0,,0,0,0,0,0.0,,
2019,S55,7,0,0,8928,0.0,8928,0,0,,0,0,0,0,0.0,,
2019,S55,8,0,0,8928,0.0,8928,0,0,,0,0,0,0,0.0,,
2019,S55,9,0,0,8640,0.0,8640,0,0,,0,0,0,0,0.0,,
2019,S55,10,0,0,8928,0.0,8928,0,0,,0,0,0,0,0.0,,
2019,S55,11,0,0,8640,0.0,8640,0,0,,0,0,0,0,0.0,,
2019,S55,12,0,0,8928,0.0,8928,0,0,,0,0,0,0,0.0,,
2019,S60,1,7194,7194,8928,0.80577957,1734,8507,1313,0.84565652,1,0,0,7194,0.80577957,1546398300,1548950100
2019,S60,2,8058,8058,8064,0.99925595,6,8064,6,0.99925595,1,0,0,8058,0.99925595,1548950400,1551369300
2019,S60,3,8915,8915,8928,0.99854391,13,8928,13,0.99854391,1,0,0,8915,0.99854391,1551369600,1554047700
2019,S60,4,7871,7871,8640,0.91099537,769,8640,769,0.91099537,1,0,0,7871,0.91099537,1554048000,1556639700
2019,S60,5,8917,8917,8928,0.99876792,11,8928,11,0.99876792,1,0,0,8917,0.99876792,1556640000,1559318100
2019,S60,6,8283,8283,8640,0.95868056,357,8640,357,0.95868056,1,0,0,8283,0.95868056,1559318400,1561910100
2019,S60,7,7529,7529,8928,0.84330197,1399,8928,1399,0.84330197,1,0,0,7529,0.84330197,1561910400,1564588500
2019,S60,8,8911,8911,8928,0.99809588,17,8928,17,0.99809588,1,0,0,8911,0.99809588,1564588800,1567266900
2019,S60,9,8584,8584,8640,0.99351852,56,8640,56,0.99351852,1,0,0,8584,0.99351852,1567267200,1569858900
2019,S60,10,8927,8927,8928,0.99988799,1,8928,1,0.99988799,1,0,0,8927,0.99988799,1569859200,1572537300
2019,S60,11,6559,6559,8640,0.75914352,2081,8640,2081,0.75914352,1,0,0,6559,0.75914352,1572537600,1575129300
2019,S60,12,6525,6525,8928,0.73084677,2403,8928,2403,0.73084677,1,0,0,6525,0.73084677,1575129600,1577807700
2019,S61,1,8925,8925,8928,0.99966398,3,8928,3,0.99966398,1,0,0,8925,0.99966398,1546272000,1548950100
2019,S61,2,8060,8060,8064,0.99950397,4,8064,4,0.99950397,1,0,0,8060,0.99950397,1548950400,1551369300
2019,S61,3,8923,8923,8928,0.99943996,5,8928,5,0.99943996,1,0,0,8923,0.99943996,1551369600,1554047700
2019,S61,4,7875,7875,8640,0.91145833,765,8640,765,0.91145833,1,0,0,7875,0.91145833,1554048000,1556639700
2019,S61,5,8921,8921,8928,0.99921595,7,8928,7,0.99921595,1,0,0,8921,0.99921595,1556640000,1559318100
2019,S61,6,8637,8637,8640,0.99965278,3,8640,3,0.99965278,1,0,0,8637,0.99965278,1559318400,1561910100
2019,S61,7,7542,7542,8928,0.84475806,1386,8928,1386,0.84475806,1,0,0,7542,0.84475806,1561910400,1564588500
2019,S61,8,8917,8917,8928,0.99876792,11,8928,11,0.99876792,1,0,0,8917,0.99876792,1564588800,1567266900
2019,S61,9,8594,8594,8640,0.99467593,46,8640,46,0.99467593,1,0,0,8594,0.99467593,1567267200,1569858900
2019,S61,10,8927,8927,8928,0.99988799,1,8928,1,0.99988799,1,0,0,8927,0.99988799,1569859200,1572537300
2019,S61,11,6896,6896,8640,0.79814815,1744,8640,1744,0.79814815,1,0,0,6896,0.79814815,1572537600,1575129300
2019,S61,12,8927,8927,8928,0.99988799,1,8928,1,0.99988799,1,0,0,8927,0.99988799,1575129600,1577807700
2019,S64,1,8908,8908,8928,0.99775986,20,8928,20,0.99775986,1,0,0,8908,0.99775986,1546272000,1548950100
2019,S64,2,8059,8059,8064,0.99937996,5,8064,5,0.99937996,1,0,0,8059,0.99937996,1548950400,1551369300
2019,S64,3,8925,8925,8928,0.99966398,3,8928,3,0.99966398,1,0,0,8925,0.99966398,1551369600,1554047700
2019,S64,4,7876,7876,8640,0.91157407,764,8640,764,0.91157407,1,0,0,7876,0.91157407,1554048000,1556639700
2019,S64,5,8925,8925,8928,0.99966398,3,8928,3,0.99966398,1,0,0,8925,0.99966398,1556640000,1559318100
2019,S64,6,8636,8636,8640,0.99953704,4,8640,4,0.99953704,1,0,0,8636,0.99953704,1559318400,1561910100
2019,S64,7,7538,7538,8928,0.84431004,1390,8928,1390,0.84431004,1,0,0,7538,0.84431004,1561910400,1564588500
2019,S64,8,8914,8914,8928,0.9984319,14,8928,14,0.9984319,1,0,0,8914,0.9984319,1564588800,1567266900
2019,S64,9,8637,8637,8640,0.99965278,3,8640,3,0.99965278,1,0,0,8637,0.99965278,1567267200,1569858900
2019,S64,10,8926,8926,8928,0.99977599,2,8928,2,0.99977599,1,0,0,8926,0.99977599,1569859200,1572537300
2019,S64,11,6896,6896,8640,0.79814815,1744,8640,1744,0.79814815,1,0,0,6896,0.79814815,1572537600,1575129300
2019,S64,12,8921,8921,8928,0.99921595,7,8928,7,0.99921595,1,0,0,8921,0.99921595,1575129600,1577807700
2019,S66,1,8426,8426,8928,0.9437724,502,8455,29,0.99657008,1,0,0,8426,0.9437724,1546413900,1548950100
2019,S66,2,8058,8058,8064,0.99925595,6,8064,6,0.99925595,1,0,0,8058,0.99925595,1548950400,1551369300
2019,S66,3,8925,8925,8928,0.99966398,3,8928,3,0.99966398,1,0,0,8925,0.99966398,1551369600,1554047700
2019,S66,4,7209,7209,8640,0.834375,1431,8640,1431,0.834375,1,0,0,7209,0.834375,1554048000,1556639700
2019,S66,5,8810,8810,8928,0.98678315,118,8928,118,0.98678315,1,0,0,8810,0.98678315,1556640000,1559318100
2019,S66,6,8469,8469,8640,0.98020833,171,8640,171,0.98020833,1,0,0,8469,0.98020833,1559318400,1561910100
2019,S66,7,7163,7163,8928,0.80230735,1765,8928,1765,0.80230735,1,0,0,7163,0.80230735,1561910400,1564588500
2019,S66,8,8915,8915,8928,0.99854391,13,8928,13,0.99854391,1,0,0,8915,0.99854391,1564588800,1567266900
2019,S66,9,8634,8634,8640,0.99930556,6,8640,6,0.99930556,1,0,0,8634,0.99930556,1567267200,1569858900
2019,S66,10,8927,8927,8928,0.99988799,1,8928,1,0.99988799,1,0,0,8927,0.99988799,1569859200,1572537300
2019,S66,11,6896,6896,8640,0.79814815,1744,8640,1744,0.79814815,1,0,0,6896,0.79814815,1572537600,1575129300
2019,S66,12,8742,8742,8928,0.97916667,186,8928,186,0.97916667,1,0,0,8742,0.97916667,1575129600,1577807700
2019,S69,1,8924,8924,8928,0.99955197,4,8928,4,0.99955197,1,0,0,8924,0.99955197,1546272000,1548950100
2019,S69,2,8054,8054,8064,0.99875992,10,8064,10,0.99875992,1,0,0,8054,0.99875992,1548950400,1551369300
2019,S69,3,4206,4206,8928,0.47110215,4722,6391,2185,0.65811297,1,0,0,4206,0.47110215,1551369600,1553286600
2019,S69,4,688,688,8640,0.07962963,7952,7769,7081,0.08855709,1,0,0,688,0.07962963,1554176100,1556506500
2019,S69,5,705,705,8928,0.07896505,8223,6338,5633,0.11123383,1,0,0,705,0.07896505,1557292800,1559193900
2019,S69,6,4951,4951,8640,0.57303241,3689,5039,88,0.98253622,1,0,0,4951,0.57303241,1560398700,1561910100
2019,S69,7,7362,7362,8928,0.82459677,1566,8928,1566,0.82459677,1,0,0,7362,0.82459677,1561910400,1564588500
2019,S69,8,8890,8890,8928,0.99574373,38,8928,38,0.99574373,1,0,0,8890,0.99574373,1564588800,1567266900
2019,S69,9,8591,8591,8640,0.9943287,49,8640,49,0.9943287,1,0,0,8591,0.9943287,1567267200,1569858900
2019,S69,10,8927,8927,8928,0.99988799,1,8928,1,0.99988799,1,0,0,8927,0.99988799,1569859200,1572537300
2019,S69,11,6895,6895,8640,0.79803241,1745,8640,1745,0.79803241,1,0,0,6895,0.79803241,1572537600,1575129300
2019,S69,12,8523,8523,8928,0.9546371,405,8928,405,0.9546371,1,0,0,8523,0.9546371,1575129600,1577807700
2019,S71,1,2412,2412,8928,0.27016129,6516,4682,2270,0.51516446,1,0,0,2412,0.27016129,1546567200,1547971500
2019,S71,2,1085,1085,8064,0.13454861,6979,1085,0,1.0,1,0,0,1085,0.13454861,1549610400,1549935600
2019,S71,3,1179,1179,8928,0.13205645,7749,1179,0,1.0,1,0,0,1179,0.13205645,1551408600,1551762000
2019,S71,4,0,0,8640,0.0,8640,0,0,,0,0,0,0,0.0,,
2019,S71,5,2458,2458,8928,0.27531362,6470,2459,1,0.99959333,1,0,0,2458,0.27531362,1558580700,1559318100
2019,S71,6,8637,8637,8640,0.99965278,3,8640,3,0.99965278,1,0,0,8637,0.99965278,1559318400,1561910100
2019,S71,7,7540,7540,8928,0.84453405,1388,8928,1388,0.84453405,1,0,0,7540,0.84453405,1561910400,1564588500
2019,S71,8,8914,8914,8928,0.9984319,14,8928,14,0.9984319,1,0,0,8914,0.9984319,1564588800,1567266900
2019,S71,9,8637,8637,8640,0.99965278,3,8640,3,0.99965278,1,0,0,8637,0.99965278,1567267200,1569858900
2019,S71,10,8926,8926,8928,0.99977599,2,8928,2,0.99977599,1,0,0,8926,0.99977599,1569859200,1572537300
2019,S71,11,6896,6896,8640,0.79814815,1744,8640,1744,0.79814815,1,0,0,6896,0.79814815,1572537600,1575129300
2019,S71,12,8138,8138,8928,0.91151434,790,8928,790,0.91151434,1,0,0,8138,0.91151434,1575129600,1577807700
2019,S77,1,8925,8925,8928,0.99966398,3,8928,3,0.99966398,1,0,0,8925,0.99966398,1546272000,1548950100
2019,S77,2,8060,8060,8064,0.99950397,4,8064,4,0.99950397,1,0,0,8060,0.99950397,1548950400,1551369300
2019,S77,3,8922,8922,8928,0.99932796,6,8928,6,0.99932796,1,0,0,8922,0.99932796,1551369600,1554047700
2019,S77,4,7877,7877,8640,0.91168981,763,8640,763,0.91168981,1,0,0,7877,0.91168981,1554048000,1556639700
2019,S77,5,8926,8926,8928,0.99977599,2,8928,2,0.99977599,1,0,0,8926,0.99977599,1556640000,1559318100
2019,S77,6,8638,8638,8640,0.99976852,2,8640,2,0.99976852,1,0,0,8638,0.99976852,1559318400,1561910100
2019,S77,7,7538,7538,8928,0.84431004,1390,8928,1390,0.84431004,1,0,0,7538,0.84431004,1561910400,1564588500
2019,S77,8,8914,8914,8928,0.9984319,14,8928,14,0.9984319,1,0,0,8914,0.9984319,1564588800,1567266900
2019,S77,9,8636,8636,8640,0.99953704,4,8640,4,0.99953704,1,0,0,8636,0.99953704,1567267200,1569858900
2019,S77,10,8927,8927,8928,0.99988799,1,8928,1,0.99988799,1,0,0,8927,0.99988799,1569859200,1572537300
2019,S77,11,6896,6896,8640,0.79814815,1744,8640,1744,0.79814815,1,0,0,6896,0.79814815,1572537600,1575129300
2019,S77,12,8920,8920,8928,0.99910394,8,8928,8,0.99910394,1,0,0,8920,0.99910394,1575129600,1577807700
2019,S78,1,8925,8925,8928,0.99966398,3,8928,3,0.99966398,1,0,0,8925,0.99966398,1546272000,1548950100
2019,S78,2,7912,7912,8064,0.98115079,152,8064,152,0.98115079,1,0,0,7912,0.98115079,1548950400,1551369300
2019,S78,3,8910,8910,8928,0.99798387,18,8928,18,0.99798387,1,0,0,8910,0.99798387,1551369600,1554047700
2019,S78,4,7839,7839,8640,0.90729167,801,8640,801,0.90729167,1,0,0,7839,0.90729167,1554048000,1556639700
2019,S78,5,8924,8924,8928,0.99955197,4,8928,4,0.99955197,1,0,0,8924,0.99955197,1556640000,1559318100
2019,S78,6,8636,8636,8640,0.99953704,4,8640,4,0.99953704,1,0,0,8636,0.99953704,1559318400,1561910100
2019,S78,7,7540,7540,8928,0.84453405,1388,8928,1388,0.84453405,1,0,0,7540,0.84453405,1561910400,1564588500
2019,S78,8,8915,8915,8928,0.99854391,13,8928,13,0.99854391,1,0,0,8915,0.99854391,1564588800,1567266900
2019,S78,9,8635,8635,8640,0.9994213,5,8640,5,0.9994213,1,0,0,8635,0.9994213,1567267200,1569858900
2019,S78,10,8926,8926,8928,0.99977599,2,8928,2,0.99977599,1,0,0,8926,0.99977599,1569859200,1572537300
2019,S78,11,6895,6895,8640,0.79803241,1745,8640,1745,0.79803241,1,0,0,6895,0.79803241,1572537600,1575129300
2019,S78,12,8920,8920,8928,0.99910394,8,8928,8,0.99910394,1,0,0,8920,0.99910394,1575129600,1577807700
2019,S79,1,8925,8925,8928,0.99966398,3,8928,3,0.99966398,1,0,0,8925,0.99966398,1546272000,1548950100
2019,S79,2,8051,8051,8064,0.9983879,13,8064,13,0.9983879,1,0,0,8051,0.9983879,1548950400,1551369300
2019,S79,3,8923,8923,8928,0.99943996,5,8928,5,0.99943996,1,0,0,8923,0.99943996,1551369600,1554047700
2019,S79,4,7870,7870,8640,0.91087963,770,8640,770,0.91087963,1,0,0,7870,0.91087963,1554048000,1556639700
2019,S79,5,8894,8894,8928,0.99619176,34,8928,34,0.99619176,1,0,0,8894,0.99619176,1556640000,1559318100
2019,S79,6,8636,8636,8640,0.99953704,4,8640,4,0.99953704,1,0,0,8636,0.99953704,1559318400,1561910100
2019,S79,7,7494,7494,8928,0.83938172,1434,8928,1434,0.83938172,1,0,0,7494,0.83938172,1561910400,1564588500
2019,S79,8,8917,8917,8928,0.99876792,11,8928,11,0.99876792,1,0,0,8917,0.99876792,1564588800,1567266900
2019,S79,9,8311,8311,8640,0.9619213,329,8640,329,0.9619213,1,0,0,8311,0.9619213,1567267200,1569858900
2019,S79,10,8925,8925,8928,0.99966398,3,8928,3,0.99966398,1,0,0,8925,0.99966398,1569859200,1572537300
2019,S79,11,6896,6896,8640,0.79814815,1744,8640,1744,0.79814815,1,0,0,6896,0.79814815,1572537600,1575129300
2019,S79,12,8910,8910,8928,0.99798387,18,8928,18,0.99798387,1,0,0,8910,0.99798387,1575129600,1577807700
2019,S81,1,8923,8923,8928,0.99943996,5,8928,5,0.99943996,1,0,0,8923,0.99943996,1546272000,1548950100
2019,S81,2,8060,8060,8064,0.99950397,4,8064,4,0.99950397,1,0,0,8060,0.99950397,1548950400,1551369300
2019,S81,3,8925,8925,8928,0.99966398,3,8928,3,0.99966398,1,0,0,8925,0.99966398,1551369600,1554047700
2019,S81,4,7877,7877,8640,0.91168981,763,8640,763,0.91168981,1,0,0,7877,0.91168981,1554048000,1556639700
2019,S81,5,8923,8923,8928,0.99943996,5,8928,5,0.99943996,1,0,0,8923,0.99943996,1556640000,1559318100
2019,S81,6,8637,8637,8640,0.99965278,3,8640,3,0.99965278,1,0,0,8637,0.99965278,1559318400,1561910100
2019,S81,7,7538,7538,8928,0.84431004,1390,8928,1390,0.84431004,1,0,0,7538,0.84431004,1561910400,1564588500
2019,S81,8,8913,8913,8928,0.99831989,15,8928,15,0.99831989,1,0,0,8913,0.99831989,1564588800,1567266900
2019,S81,9,8635,8635,8640,0.9994213,5,8640,5,0.9994213,1,0,0,8635,0.9994213,1567267200,1569858900
2019,S81,10,8927,8927,8928,0.99988799,1,8928,1,0.99988799,1,0,0,8927,0.99988799,1569859200,1572537300
2019,S81,11,6896,6896,8640,0.79814815,1744,8640,1744,0.79814815,1,0,0,6896,0.79814815,1572537600,1575129300
2019,S81,12,8922,8922,8928,0.99932796,6,8928,6,0.99932796,1,0,0,8922,0.99932796,1575129600,1577807700
2019,S82,1,8853,8853,8928,0.99159946,75,8928,75,0.99159946,1,0,0,8853,0.99159946,1546272000,1548950100
2019,S82,2,8047,8047,8064,0.99789187,17,8064,17,0.99789187,1,0,0,8047,0.99789187,1548950400,1551369300
2019,S82,3,8712,8712,8928,0.97580645,216,8928,216,0.97580645,1,0,0,8712,0.97580645,1551369600,1554047700
2019,S82,4,7635,7635,8640,0.88368056,1005,8640,1005,0.88368056,1,0,0,7635,0.88368056,1554048000,1556639700
2019,S82,5,8778,8778,8928,0.98319892,150,8928,150,0.98319892,1,0,0,8778,0.98319892,1556640000,1559318100
2019,S82,6,8620,8620,8640,0.99768519,20,8640,20,0.99768519,1,0,0,8620,0.99768519,1559318400,1561910100
2019,S82,7,7538,7538,8928,0.84431004,1390,8928,1390,0.84431004,1,0,0,7538,0.84431004,1561910400,1564588500
2019,S82,8,8914,8914,8928,0.9984319,14,8928,14,0.9984319,1,0,0,8914,0.9984319,1564588800,1567266900
2019,S82,9,8633,8633,8640,0.99918981,7,8640,7,0.99918981,1,0,0,8633,0.99918981,1567267200,1569858900
2019,S82,10,8927,8927,8928,0.99988799,1,8928,1,0.99988799,1,0,0,8927,0.99988799,1569859200,1572537300
2019,S82,11,6892,6892,8640,0.79768519,1748,8640,1748,0.79768519,1,0,0,6892,0.79768519,1572537600,1575129300
2019,S82,12,8921,8921,8928,0.99921595,7,8928,7,0.99921595,1,0,0,8921,0.99921595,1575129600,1577807700
2019,S84,1,6042,6042,8928,0.67674731,2886,8240,2198,0.73325243,1,0,0,6042,0.67674731,1546478400,1548950100
2019,S84,2,3731,3731,8064,0.46267361,4333,8064,4333,0.46267361,1,0,0,3731,0.46267361,1548950400,1551369300
2019,S84,3,1187,1187,8928,0.13295251,7741,5764,4577,0.20593338,1,0,0,1187,0.13295251,1551369600,1553098500
2019,S84,4,2938,2938,8640,0.3400463,5702,2938,0,1.0,1,0,0,2938,0.3400463,1554261900,1555143000
2019,S84,5,7310,7310,8928,0.8187724,1618,8498,1188,0.8602024,1,0,0,7310,0.8187724,1556769000,1559318100
2019,S84,6,8637,8637,8640,0.99965278,3,8640,3,0.99965278,1,0,0,8637,0.99965278,1559318400,1561910100
2019,S84,7,7540,7540,8928,0.84453405,1388,8928,1388,0.84453405,1,0,0,7540,0.84453405,1561910400,1564588500
2019,S84,8,8914,8914,8928,0.9984319,14,8928,14,0.9984319,1,0,0,8914,0.9984319,1564588800,1567266900
2019,S84,9,8636,8636,8640,0.99953704,4,8640,4,0.99953704,1,0,0,8636,0.99953704,1567267200,1569858900
2019,S84,10,8921,8921,8928,0.99921595,7,8928,7,0.99921595,1,0,0,8921,0.99921595,1569859200,1572537300
2019,S84,11,6887,6887,8640,0.79710648,1753,8640,1753,0.79710648,1,0,0,6887,0.79710648,1572537600,1575129300
2019,S84,12,7706,7706,8928,0.86312724,1222,8928,1222,0.86312724,1,0,0,7706,0.86312724,1575129600,1577807700
2019,S88,1,8923,8923,8928,0.99943996,5,8928,5,0.99943996,1,0,0,8923,0.99943996,1546272000,1548950100
2019,S88,2,8059,8059,8064,0.99937996,5,8064,5,0.99937996,1,0,0,8059,0.99937996,1548950400,1551369300
2019,S88,3,8923,8923,8928,0.99943996,5,8928,5,0.99943996,1,0,0,8923,0.99943996,1551369600,1554047700
2019,S88,4,7865,7865,8640,0.91030093,775,8640,775,0.91030093,1,0,0,7865,0.91030093,1554048000,1556639700
2019,S88,5,8923,8923,8928,0.99943996,5,8928,5,0.99943996,1,0,0,8923,0.99943996,1556640000,1559318100
2019,S88,6,8637,8637,8640,0.99965278,3,8640,3,0.99965278,1,0,0,8637,0.99965278,1559318400,1561910100
2019,S88,7,7538,7538,8928,0.84431004,1390,8928,1390,0.84431004,1,0,0,7538,0.84431004,1561910400,1564588500
2019,S88,8,8920,8920,8928,0.99910394,8,8928,8,0.99910394,1,0,0,8920,0.99910394,1564588800,1567266900
2019,S88,9,8640,8640,8640,1.0,0,8640,0,1.0,1,0,0,8640,1.0,1567267200,1569858900
2019,S88,10,8927,8927,8928,0.99988799,1,8928,1,0.99988799,1,0,0,8927,0.99988799,1569859200,1572537300
2019,S88,11,6895,6895,8640,0.79803241,1745,8640,1745,0.79803241,1,0,0,6895,0.79803241,1572537600,1575129300
2019,S88,12,8921,8921,8928,0.99921595,7,8928,7,0.99921595,1,0,0,8921,0.99921595,1575129600,1577807700
2019,S89,1,8923,8923,8928,0.99943996,5,8928,5,0.99943996,1,0,0,8923,0.99943996,1546272000,1548950100
2019,S89,2,8059,8059,8064,0.99937996,5,8064,5,0.99937996,1,0,0,8059,0.99937996,1548950400,1551369300
2019,S89,3,8915,8915,8928,0.99854391,13,8928,13,0.99854391,1,0,0,8915,0.99854391,1551369600,1554047700
2019,S89,4,7876,7876,8640,0.91157407,764,8640,764,0.91157407,1,0,0,7876,0.91157407,1554048000,1556639700
2019,S89,5,8923,8923,8928,0.99943996,5,8928,5,0.99943996,1,0,0,8923,0.99943996,1556640000,1559318100
2019,S89,6,8636,8636,8640,0.99953704,4,8640,4,0.99953704,1,0,0,8636,0.99953704,1559318400,1561910100
2019,S89,7,7539,7539,8928,0.84442204,1389,8928,1389,0.84442204,1,0,0,7539,0.84442204,1561910400,1564588500
2019,S89,8,8915,8915,8928,0.99854391,13,8928,13,0.99854391,1,0,0,8915,0.99854391,1564588800,1567266900
2019,S89,9,8635,8635,8640,0.9994213,5,8640,5,0.9994213,1,0,0,8635,0.9994213,1567267200,1569858900
2019,S89,10,8927,8927,8928,0.99988799,1,8928,1,0.99988799,1,0,0,8927,0.99988799,1569859200,1572537300
2019,S89,11,6896,6896,8640,0.79814815,1744,8640,1744,0.79814815,1,0,0,6896,0.79814815,1572537600,1575129300
2019,S89,12,8920,8920,8928,0.99910394,8,8928,8,0.99910394,1,0,0,8920,0.99910394,1575129600,1577807700
2019,S90,1,8925,8925,8928,0.99966398,3,8928,3,0.99966398,1,0,0,8925,0.99966398,1546272000,1548950100
2019,S90,2,8059,8059,8064,0.99937996,5,8064,5,0.99937996,1,0,0,8059,0.99937996,1548950400,1551369300
2019,S90,3,8924,8924,8928,0.99955197,4,8928,4,0.99955197,1,0,0,8924,0.99955197,1551369600,1554047700
2019,S90,4,7875,7875,8640,0.91145833,765,8640,765,0.91145833,1,0,0,7875,0.91145833,1554048000,1556639700
2019,S90,5,8924,8924,8928,0.99955197,4,8928,4,0.99955197,1,0,0,8924,0.99955197,1556640000,1559318100
2019,S90,6,8636,8636,8640,0.99953704,4,8640,4,0.99953704,1,0,0,8636,0.99953704,1559318400,1561910100
2019,S90,7,7538,7538,8928,0.84431004,1390,8928,1390,0.84431004,1,0,0,7538,0.84431004,1561910400,1564588500
2019,S90,8,8913,8913,8928,0.99831989,15,8928,15,0.99831989,1,0,0,8913,0.99831989,1564588800,1567266900
2019,S90,9,8637,8637,8640,0.99965278,3,8640,3,0.99965278,1,0,0,8637,0.99965278,1567267200,1569858900
2019,S90,10,8927,8927,8928,0.99988799,1,8928,1,0.99988799,1,0,0,8927,0.99988799,1569859200,1572537300
2019,S90,11,6896,6896,8640,0.79814815,1744,8640,1744,0.79814815,1,0,0,6896,0.79814815,1572537600,1575129300
2019,S90,12,8921,8921,8928,0.99921595,7,8928,7,0.99921595,1,0,0,8921,0.99921595,1575129600,1577807700
2019,S900,1,8926,8926,8928,0.99977599,2,8928,2,0.99977599,1,0,0,8926,0.99977599,1546272000,1548950100
2019,S900,2,8060,8060,8064,0.99950397,4,8064,4,0.99950397,1,0,0,8060,0.99950397,1548950400,1551369300
2019,S900,3,8901,8901,8928,0.99697581,27,8928,27,0.99697581,1,0,0,8901,0.99697581,1551369600,1554047700
2019,S900,4,7863,7863,8640,0.91006944,777,8640,777,0.91006944,1,0,0,7863,0.91006944,1554048000,1556639700
2019,S900,5,8908,8908,8928,0.99775986,20,8928,20,0.99775986,1,0,0,8908,0.99775986,1556640000,1559318100
2019,S900,6,8626,8626,8640,0.99837963,14,8640,14,0.99837963,1,0,0,8626,0.99837963,1559318400,1561910100
2019,S900,7,7373,7373,8928,0.82582885,1555,8928,1555,0.82582885,1,0,0,7373,0.82582885,1561910400,1564588500
2019,S900,8,8910,8910,8928,0.99798387,18,8928,18,0.99798387,1,0,0,8910,0.99798387,1564588800,1567266900
2019,S900,9,8585,8585,8640,0.99363426,55,8640,55,0.99363426,1,0,0,8585,0.99363426,1567267200,1569858900
2019,S900,10,8926,8926,8928,0.99977599,2,8928,2,0.99977599,1,0,0,8926,0.99977599,1569859200,1572537300
2019,S900,11,6859,6859,8640,0.79386574,1781,8640,1781,0.79386574,1,0,0,6859,0.79386574,1572537600,1575129300
2019,S900,12,8759,8759,8928,0.98107079,169,8928,169,0.98107079,1,0,0,8759,0.98107079,1575129600,1577807700
2019,S91,1,2686,2686,8928,0.30085125,6242,4101,1415,0.6549622,1,0,0,2686,0.30085125,1546492200,1547722200
2019,S91,2,0,0,8064,0.0,8064,0,0,,0,0,0,0,0.0,,
2019,S91,3,0,0,8928,0.0,8928,0,0,,0,0,0,0,0.0,,
2019,S91,4,0,0,8640,0.0,8640,0,0,,0,0,0,0,0.0,,
2019,S91,5,0,0,8928,0.0,8928,0,0,,0,0,0,0,0.0,,
2019,S91,6,0,0,8640,0.0,8640,0,0,,0,0,0,0,0.0,,
2019,S91,7,7239,7239,8928,0.81081989,1689,8781,1542,0.82439358,1,0,0,7239,0.81081989,1561954500,1564588500
2019,S91,8,8790,8790,8928,0.98454301,138,8928,138,0.98454301,1,0,0,8790,0.98454301,1564588800,1567266900
2019,S91,9,8636,8636,8640,0.99953704,4,8640,4,0.99953704,1,0,0,8636,0.99953704,1567267200,1569858900
2019,S91,10,8927,8927,8928,0.99988799,1,8928,1,0.99988799,1,0,0,8927,0.99988799,1569859200,1572537300
2019,S91,11,6896,6896,8640,0.79814815,1744,8640,1744,0.79814815,1,0,0,6896,0.79814815,1572537600,1575129300
2019,S91,12,8918,8918,8928,0.99887993,10,8928,10,0.99887993,1,0,0,8918,0.99887993,1575129600,1577807700
2019,S92,1,8925,8925,8928,0.99966398,3,8928,3,0.99966398,1,0,0,8925,0.99966398,1546272000,1548950100
2019,S92,2,8060,8060,8064,0.99950397,4,8064,4,0.99950397,1,0,0,8060,0.99950397,1548950400,1551369300
2019,S92,3,8926,8926,8928,0.99977599,2,8928,2,0.99977599,1,0,0,8926,0.99977599,1551369600,1554047700
2019,S92,4,7876,7876,8640,0.91157407,764,8640,764,0.91157407,1,0,0,7876,0.91157407,1554048000,1556639700
2019,S92,5,8924,8924,8928,0.99955197,4,8928,4,0.99955197,1,0,0,8924,0.99955197,1556640000,1559318100
2019,S92,6,8637,8637,8640,0.99965278,3,8640,3,0.99965278,1,0,0,8637,0.99965278,1559318400,1561910100
2019,S92,7,7538,7538,8928,0.84431004,1390,8928,1390,0.84431004,1,0,0,7538,0.84431004,1561910400,1564588500
2019,S92,8,8916,8916,8928,0.99865591,12,8928,12,0.99865591,1,0,0,8916,0.99865591,1564588800,1567266900
2019,S92,9,8635,8635,8640,0.9994213,5,8640,5,0.9994213,1,0,0,8635,0.9994213,1567267200,1569858900
2019,S92,10,8927,8927,8928,0.99988799,1,8928,1,0.99988799,1,0,0,8927,0.99988799,1569859200,1572537300
2019,S92,11,6896,6896,8640,0.79814815,1744,8640,1744,0.79814815,1,0,0,6896,0.79814815,1572537600,1575129300
2019,S92,12,8241,8241,8928,0.92305108,687,8928,687,0.92305108,1,0,0,8241,0.92305108,1575129600,1577807700
2019,S94,1,8908,8908,8928,0.99775986,20,8928,20,0.99775986,1,0,0,8908,0.99775986,1546272000,1548950100
2019,S94,2,8058,8058,8064,0.99925595,6,8064,6,0.99925595,1,0,0,8058,0.99925595,1548950400,1551369300
2019,S94,3,8919,8919,8928,0.99899194,9,8928,9,0.99899194,1,0,0,8919,0.99899194,1551369600,1554047700
2019,S94,4,7873,7873,8640,0.91122685,767,8640,767,0.91122685,1,0,0,7873,0.91122685,1554048000,1556639700
2019,S94,5,8925,8925,8928,0.99966398,3,8928,3,0.99966398,1,0,0,8925,0.99966398,1556640000,1559318100
2019,S94,6,8637,8637,8640,0.99965278,3,8640,3,0.99965278,1,0,0,8637,0.99965278,1559318400,1561910100
2019,S94,7,7537,7537,8928,0.84419803,1391,8928,1391,0.84419803,1,0,0,7537,0.84419803,1561910400,1564588500
2019,S94,8,8916,8916,8928,0.99865591,12,8928,12,0.99865591,1,0,0,8916,0.99865591,1564588800,1567266900
2019,S94,9,8638,8638,8640,0.99976852,2,8640,2,0.99976852,1,0,0,8638,0.99976852,1567267200,1569858900
2019,S94,10,8926,8926,8928,0.99977599,2,8928,2,0.99977599,1,0,0,8926,0.99977599,1569859200,1572537300
2019,S94,11,6896,6896,8640,0.79814815,1744,8640,1744,0.79814815,1,0,0,6896,0.79814815,1572537600,1575129300
2019,S94,12,8921,8921,8928,0.99921595,7,8928,7,0.99921595,1,0,0,8921,0.99921595,1575129600,1577807700
2020,S07,1,8907,8907,8928,0.99764785,21,8928,21,0.99764785,1,0,0,8907,0.99764785,1577808000,1580486100
2020,S07,2,8352,8352,8352,1.0,0,8352,0,1.0,1,0,0,8352,1.0,1580486400,1582991700
2020,S07,3,8918,8918,8928,0.99887993,10,8928,10,0.99887993,1,0,0,8918,0.99887993,1582992000,1585670100
2020,S07,4,8640,8640,8640,1.0,0,8640,0,1.0,1,0,0,8640,1.0,1585670400,1588262100
2020,S07,5,8925,8925,8928,0.99966398,3,8928,3,0.99966398,1,0,0,8925,0.99966398,1588262400,1590940500
2020,S07,6,7552,7552,8640,0.87407407,1088,8640,1088,0.87407407,1,0,0,7552,0.87407407,1590940800,1593532500
2020,S07,7,7841,7841,8928,0.87824821,1087,8688,847,0.90250921,1,0,0,7841,0.87824821,1593532800,1596138900
2020,S07,8,7035,7035,8928,0.78797043,1893,8885,1850,0.79178391,1,0,0,7035,0.78797043,1596224100,1598889300
2020,S07,9,8634,8634,8640,0.99930556,6,8640,6,0.99930556,1,0,0,8634,0.99930556,1598889600,1601481300
2020,S07,10,8914,8914,8928,0.9984319,14,8928,14,0.9984319,1,0,0,8914,0.9984319,1601481600,1604159700
2020,S07,11,7684,7684,8640,0.88935185,956,8640,956,0.88935185,1,0,0,7684,0.88935185,1604160000,1606751700
2020,S07,12,8689,8689,8928,0.97323029,239,8928,239,0.97323029,1,0,0,8689,0.97323029,1606752000,1609430100
2020,S08,1,8909,8909,8928,0.99787186,19,8928,19,0.99787186,1,0,0,8909,0.99787186,1577808000,1580486100
2020,S08,2,8352,8352,8352,1.0,0,8352,0,1.0,1,0,0,8352,1.0,1580486400,1582991700
2020,S08,3,8928,8928,8928,1.0,0,8928,0,1.0,1,0,0,8928,1.0,1582992000,1585670100
2020,S08,4,8640,8640,8640,1.0,0,8640,0,1.0,1,0,0,8640,1.0,1585670400,1588262100
2020,S08,5,8928,8928,8928,1.0,0,8928,0,1.0,1,0,0,8928,1.0,1588262400,1590940500
2020,S08,6,7705,7705,8640,0.89178241,935,8640,935,0.89178241,1,0,0,7705,0.89178241,1590940800,1593532500
2020,S08,7,7842,7842,8928,0.87836022,1086,8688,846,0.90262431,1,0,0,7842,0.87836022,1593532800,1596138900
2020,S08,8,7029,7029,8928,0.78729839,1899,8885,1856,0.79110861,1,0,0,7029,0.78729839,1596224100,1598889300
2020,S08,9,8632,8632,8640,0.99907407,8,8640,8,0.99907407,1,0,0,8632,0.99907407,1598889600,1601481300
2020,S08,10,8924,8924,8928,0.99955197,4,8928,4,0.99955197,1,0,0,8924,0.99955197,1601481600,1604159700
2020,S08,11,8637,8637,8640,0.99965278,3,8640,3,0.99965278,1,0,0,8637,0.99965278,1604160000,1606751700
2020,S08,12,8925,8925,8928,0.99966398,3,8928,3,0.99966398,1,0,0,8925,0.99966398,1606752000,1609430100
2020,S100,1,8895,8895,8928,0.99630376,33,8928,33,0.99630376,1,0,0,8895,0.99630376,1577808000,1580486100
2020,S100,2,7764,7764,8352,0.9295977,588,7765,1,0.99987122,1,0,0,7764,0.9295977,1580486400,1582815600
2020,S100,3,8484,8484,8928,0.95026882,444,8486,2,0.99976432,1,0,0,8484,0.95026882,1583124600,1585670100
2020,S100,4,8640,8640,8640,1.0,0,8640,0,1.0,1,0,0,8640,1.0,1585670400,1588262100
2020,S100,5,8927,8927,8928,0.99988799,1,8928,1,0.99988799,1,0,0,8927,0.99988799,1588262400,1590940500
2020,S100,6,7706,7706,8640,0.89189815,934,8640,934,0.89189815,1,0,0,7706,0.89189815,1590940800,1593532500
2020,S100,7,7839,7839,8928,0.87802419,1089,8688,849,0.90227901,1,0,0,7839,0.87802419,1593532800,1596138900
2020,S100,8,7030,7030,8928,0.78741039,1898,8885,1855,0.79122116,1,0,0,7030,0.78741039,1596224100,1598889300
2020,S100,9,8633,8633,8640,0.99918981,7,8640,7,0.99918981,1,0,0,8633,0.99918981,1598889600,1601481300
2020,S100,10,8924,8924,8928,0.99955197,4,8928,4,0.99955197,1,0,0,8924,0.99955197,1601481600,1604159700
2020,S100,11,8635,8635,8640,0.9994213,5,8640,5,0.9994213,1,0,0,8635,0.9994213,1604160000,1606751700
2020,S100,12,8914,8914,8928,0.9984319,14,8928,14,0.9984319,1,0,0,8914,0.9984319,1606752000,1609430100
2020,S104,1,8909,8909,8928,0.99787186,19,8928,19,0.99787186,1,0,0,8909,0.99787186,1577808000,1580486100
2020,S104,2,8352,8352,8352,1.0,0,8352,0,1.0,1,0,0,8352,1.0,1580486400,1582991700
2020,S104,3,8928,8928,8928,1.0,0,8928,0,1.0,1,0,0,8928,1.0,1582992000,1585670100
2020,S104,4,8640,8640,8640,1.0,0,8640,0,1.0,1,0,0,8640,1.0,1585670400,1588262100
2020,S104,5,8927,8927,8928,0.99988799,1,8928,1,0.99988799,1,0,0,8927,0.99988799,1588262400,1590940500
2020,S104,6,7707,7707,8640,0.89201389,933,8640,933,0.89201389,1,0,0,7707,0.89201389,1590940800,1593532500
2020,S104,7,7838,7838,8928,0.87791219,1090,8688,850,0.9021639,1,0,0,7838,0.87791219,1593532800,1596138900
2020,S104,8,7027,7027,8928,0.78707437,1901,8885,1858,0.79088351,1,0,0,7027,0.78707437,1596224100,1598889300
2020,S104,9,8636,8636,8640,0.99953704,4,8640,4,0.99953704,1,0,0,8636,0.99953704,1598889600,1601481300
2020,S104,10,8926,8926,8928,0.99977599,2,8928,2,0.99977599,1,0,0,8926,0.99977599,1601481600,1604159700
2020,S104,11,8628,8628,8640,0.99861111,12,8640,12,0.99861111,1,0,0,8628,0.99861111,1604160000,1606751700
2020,S104,12,8820,8820,8928,0.98790323,108,8928,108,0.98790323,1,0,0,8820,0.98790323,1606752000,1609430100
2020,S105,1,2134,2134,8928,0.2390233,6794,2134,0,1.0,1,0,0,2134,0.2390233,1577808000,1578447900
2020,S105,2,0,0,8352,0.0,8352,0,0,,0,0,0,0,0.0,,
2020,S105,3,0,0,8928,0.0,8928,0,0,,0,0,0,0,0.0,,
2020,S105,4,0,0,8640,0.0,8640,0,0,,0,0,0,0,0.0,,
2020,S105,5,0,0,8928,0.0,8928,0,0,,0,0,0,0,0.0,,
2020,S105,6,0,0,8640,0.0,8640,0,0,,0,0,0,0,0.0,,
2020,S105,7,0,0,8928,0.0,8928,0,0,,0,0,0,0,0.0,,
2020,S105,8,0,0,8928,0.0,8928,0,0,,0,0,0,0,0.0,,
2020,S105,9,0,0,8640,0.0,8640,0,0,,0,0,0,0,0.0,,
2020,S105,10,0,0,8928,0.0,8928,0,0,,0,0,0,0,0.0,,
2020,S105,11,0,0,8640,0.0,8640,0,0,,0,0,0,0,0.0,,
2020,S105,12,0,0,8928,0.0,8928,0,0,,0,0,0,0,0.0,,
2020,S106,1,8906,8906,8928,0.99753584,22,8928,22,0.99753584,1,0,0,8906,0.99753584,1577808000,1580486100
2020,S106,2,8346,8346,8352,0.99928161,6,8352,6,0.99928161,1,0,0,8346,0.99928161,1580486400,1582991700
2020,S106,3,8907,8907,8928,0.99764785,21,8928,21,0.99764785,1,0,0,8907,0.99764785,1582992000,1585670100
2020,S106,4,8636,8636,8640,0.99953704,4,8640,4,0.99953704,1,0,0,8636,0.99953704,1585670400,1588262100
2020,S106,5,6602,6602,8928,0.73947133,2326,8715,2113,0.75754446,1,0,0,6602,0.73947133,1588262400,1590876600
2020,S106,6,5914,5914,8640,0.68449074,2726,8538,2624,0.69266807,1,0,0,5914,0.68449074,1590971400,1593532500
2020,S106,7,7818,7818,8928,0.87567204,1110,8688,870,0.89986188,1,0,0,7818,0.87567204,1593532800,1596138900
2020,S106,8,7014,7014,8928,0.78561828,1914,8885,1871,0.78942037,1,0,0,7014,0.78561828,1596224100,1598889300
2020,S106,9,8604,8604,8640,0.99583333,36,8640,36,0.99583333,1,0,0,8604,0.99583333,1598889600,1601481300
2020,S106,10,8232,8232,8928,0.92204301,696,8928,696,0.92204301,1,0,0,8232,0.92204301,1601481600,1604159700
2020,S106,11,8388,8388,8640,0.97083333,252,8406,18,0.99785867,1,0,0,8388,0.97083333,1604160000,1606681500
2020,S106,12,5857,5857,8928,0.65602599,3071,5890,33,0.99439728,1,0,0,5857,0.65602599,1607663400,1609430100
2020,S107,1,8907,8907,8928,0.99764785,21,8928,21,0.99764785,1,0,0,8907,0.99764785,1577808000,1580486100
2020,S107,2,8352,8352,8352,1.0,0,8352,0,1.0,1,0,0,8352,1.0,1580486400,1582991700
2020,S107,3,8928,8928,8928,1.0,0,8928,0,1.0,1,0,0,8928,1.0,1582992000,1585670100
2020,S107,4,7525,7525,8640,0.87094907,1115,7525,0,1.0,1,0,0,7525,0.87094907,1585670400,1587927600
2020,S107,5,7329,7329,8928,0.82090054,1599,7349,20,0.99727854,1,0,0,7329,0.82090054,1588736100,1590940500
2020,S107,6,7700,7700,8640,0.8912037,940,8640,940,0.8912037,1,0,0,7700,0.8912037,1590940800,1593532500
2020,S107,7,7837,7837,8928,0.87780018,1091,8688,851,0.9020488,1,0,0,7837,0.87780018,1593532800,1596138900
2020,S107,8,7026,7026,8928,0.78696237,1902,8885,1859,0.79077096,1,0,0,7026,0.78696237,1596224100,1598889300
2020,S107,9,8629,8629,8640,0.99872685,11,8640,11,0.99872685,1,0,0,8629,0.99872685,1598889600,1601481300
2020,S107,10,8919,8919,8928,0.99899194,9,8928,9,0.99899194,1,0,0,8919,0.99899194,1601481600,1604159700
2020,S107,11,8630,8630,8640,0.99884259,10,8640,10,0.99884259,1,0,0,8630,0.99884259,1604160000,1606751700
2020,S107,12,8926,8926,8928,0.99977599,2,8928,2,0.99977599,1,0,0,8926,0.99977599,1606752000,1609430100
2020,S108,1,7577,7577,8928,0.84867832,1351,8928,1351,0.84867832,1,0,0,7577,0.84867832,1577808000,1580486100
2020,S108,2,7470,7470,8352,0.89439655,882,8352,882,0.89439655,1,0,0,7470,0.89439655,1580486400,1582991700
2020,S108,3,7483,7483,8928,0.83814964,1445,8928,1445,0.83814964,1,0,0,7483,0.83814964,1582992000,1585670100
2020,S108,4,7351,7351,8640,0.85081019,1289,8584,1233,0.85636067,1,0,0,7351,0.85081019,1585670400,1588245300
2020,S108,5,6425,6425,8928,0.71964606,2503,8222,1797,0.78144004,1,0,0,6425,0.71964606,1588474200,1590940500
2020,S108,6,3725,3725,8640,0.43113426,4915,8640,4915,0.43113426,1,0,0,3725,0.43113426,1590940800,1593532500
2020,S108,7,5852,5852,8928,0.65546595,3076,8688,2836,0.67357274,1,0,0,5852,0.65546595,1593532800,1596138900
2020,S108,8,7026,7026,8928,0.78696237,1902,8885,1859,0.79077096,1,0,0,7026,0.78696237,1596224100,1598889300
2020,S108,9,8611,8611,8640,0.99664352,29,8640,29,0.99664352,1,0,0,8611,0.99664352,1598889600,1601481300
2020,S108,10,7121,7121,8928,0.79760305,1807,8928,1807,0.79760305,1,0,0,7121,0.79760305,1601481600,1604159700
2020,S108,11,8629,8629,8640,0.99872685,11,8640,11,0.99872685,1,0,0,8629,0.99872685,1604160000,1606751700
2020,S108,12,8920,8920,8928,0.99910394,8,8928,8,0.99910394,1,0,0,8920,0.99910394,1606752000,1609430100
2020,S109,1,8908,8908,8928,0.99775986,20,8928,20,0.99775986,1,0,0,8908,0.99775986,1577808000,1580486100
2020,S109,2,8339,8339,8352,0.99844349,13,8352,13,0.99844349,1,0,0,8339,0.99844349,1580486400,1582991700
2020,S109,3,6426,6426,8928,0.71975806,2502,8928,2502,0.71975806,1,0,0,6426,0.71975806,1582992000,1585670100
2020,S109,4,8640,8640,8640,1.0,0,8640,0,1.0,1,0,0,8640,1.0,1585670400,1588262100
2020,S109,5,8928,8928,8928,1.0,0,8928,0,1.0,1,0,0,8928,1.0,1588262400,1590940500
2020,S109,6,7701,7701,8640,0.89131944,939,8640,939,0.89131944,1,0,0,7701,0.89131944,1590940800,1593532500
2020,S109,7,7839,7839,8928,0.87802419,1089,8688,849,0.90227901,1,0,0,7839,0.87802419,1593532800,1596138900
2020,S109,8,7025,7025,8928,0.78685036,1903,8885,1860,0.79065841,1,0,0,7025,0.78685036,1596224100,1598889300
2020,S109,9,8625,8625,8640,0.99826389,15,8640,15,0.99826389,1,0,0,8625,0.99826389,1598889600,1601481300
2020,S109,10,8914,8914,8928,0.9984319,14,8928,14,0.9984319,1,0,0,8914,0.9984319,1601481600,1604159700
2020,S109,11,7278,7278,8640,0.84236111,1362,7287,9,0.99876492,1,0,0,7278,0.84236111,1604160000,1606345800
2020,S109,12,6406,6406,8928,0.71751792,2522,8749,2343,0.73219797,1,0,0,6406,0.71751792,1606805700,1609430100
2020,S11,1,8909,8909,8928,0.99787186,19,8928,19,0.99787186,1,0,0,8909,0.99787186,1577808000,1580486100
2020,S11,2,8350,8350,8352,0.99976054,2,8352,2,0.99976054,1,0,0,8350,0.99976054,1580486400,1582991700
2020,S11,3,8928,8928,8928,1.0,0,8928,0,1.0,1,0,0,8928,1.0,1582992000,1585670100
2020,S11,4,8640,8640,8640,1.0,0,8640,0,1.0,1,0,0,8640,1.0,1585670400,1588262100
2020,S11,5,8927,8927,8928,0.99988799,1,8928,1,0.99988799,1,0,0,8927,0.99988799,1588262400,1590940500
2020,S11,6,7707,7707,8640,0.89201389,933,8640,933,0.89201389,1,0,0,7707,0.89201389,1590940800,1593532500
2020,S11,7,7845,7845,8928,0.87869624,1083,8688,843,0.90296961,1,0,0,7845,0.87869624,1593532800,1596138900
2020,S11,8,7033,7033,8928,0.78774642,1895,8885,1852,0.79155881,1,0,0,7033,0.78774642,1596224100,1598889300
2020,S11,9,8627,8627,8640,0.99849537,13,8640,13,0.99849537,1,0,0,8627,0.99849537,1598889600,1601481300
2020,S11,10,8916,8916,8928,0.99865591,12,8928,12,0.99865591,1,0,0,8916,0.99865591,1601481600,1604159700
2020,S11,11,8635,8635,8640,0.9994213,5,8640,5,0.9994213,1,0,0,8635,0.9994213,1604160000,1606751700
2020,S11,12,8926,8926,8928,0.99977599,2,8928,2,0.99977599,1,0,0,8926,0.99977599,1606752000,1609430100
2020,S111,1,8909,8909,8928,0.99787186,19,8928,19,0.99787186,1,0,0,8909,0.99787186,1577808000,1580486100
2020,S111,2,8352,8352,8352,1.0,0,8352,0,1.0,1,0,0,8352,1.0,1580486400,1582991700
2020,S111,3,8927,8927,8928,0.99988799,1,8928,1,0.99988799,1,0,0,8927,0.99988799,1582992000,1585670100
2020,S111,4,8289,8289,8640,0.959375,351,8640,351,0.959375,1,0,0,8289,0.959375,1585670400,1588262100
2020,S111,5,8526,8526,8928,0.95497312,402,8928,402,0.95497312,1,0,0,8526,0.95497312,1588262400,1590940500
2020,S111,6,7587,7587,8640,0.878125,1053,8640,1053,0.878125,1,0,0,7587,0.878125,1590940800,1593532500
2020,S111,7,7822,7822,8928,0.87612007,1106,8688,866,0.90032228,1,0,0,7822,0.87612007,1593532800,1596138900
2020,S111,8,6597,6597,8928,0.73891129,2331,8885,2288,0.74248734,1,0,0,6597,0.73891129,1596224100,1598889300
2020,S111,9,8347,8347,8640,0.96608796,293,8640,293,0.96608796,1,0,0,8347,0.96608796,1598889600,1601481300
2020,S111,10,8918,8918,8928,0.99887993,10,8928,10,0.99887993,1,0,0,8918,0.99887993,1601481600,1604159700
2020,S111,11,8630,8630,8640,0.99884259,10,8640,10,0.99884259,1,0,0,8630,0.99884259,1604160000,1606751700
2020,S111,12,8924,8924,8928,0.99955197,4,8928,4,0.99955197,1,0,0,8924,0.99955197,1606752000,1609430100
2020,S112,1,8108,8108,8928,0.90815412,820,8928,820,0.90815412,1,0,0,8108,0.90815412,1577808000,1580486100
2020,S112,2,7276,7276,8352,0.87116858,1076,8352,1076,0.87116858,1,0,0,7276,0.87116858,1580486400,1582991700
2020,S112,3,8091,8091,8928,0.90625,837,8928,837,0.90625,1,0,0,8091,0.90625,1582992000,1585670100
2020,S112,4,8639,8639,8640,0.99988426,1,8640,1,0.99988426,1,0,0,8639,0.99988426,1585670400,1588262100
2020,S112,5,8320,8320,8928,0.93189964,608,8928,608,0.93189964,1,0,0,8320,0.93189964,1588262400,1590940500
2020,S112,6,6238,6238,8640,0.72199074,2402,8640,2402,0.72199074,1,0,0,6238,0.72199074,1590940800,1593532500
2020,S112,7,6501,6501,8928,0.7281586,2427,8688,2187,0.74827348,1,0,0,6501,0.7281586,1593532800,1596138900
2020,S112,8,6704,6704,8928,0.75089606,2224,8885,2181,0.75453011,1,0,0,6704,0.75089606,1596224100,1598889300
2020,S112,9,7781,7781,8640,0.9005787,859,8640,859,0.9005787,1,0,0,7781,0.9005787,1598889600,1601481300
2020,S112,10,8926,8926,8928,0.99977599,2,8928,2,0.99977599,1,0,0,8926,0.99977599,1601481600,1604159700
2020,S112,11,8637,8637,8640,0.99965278,3,8640,3,0.99965278,1,0,0,8637,0.99965278,1604160000,1606751700
2020,S112,12,8916,8916,8928,0.99865591,12,8928,12,0.99865591,1,0,0,8916,0.99865591,1606752000,1609430100
2020,S113,1,8909,8909,8928,0.99787186,19,8928,19,0.99787186,1,0,0,8909,0.99787186,1577808000,1580486100
2020,S113,2,8352,8352,8352,1.0,0,8352,0,1.0,1,0,0,8352,1.0,1580486400,1582991700
2020,S113,3,8927,8927,8928,0.99988799,1,8928,1,0.99988799,1,0,0,8927,0.99988799,1582992000,1585670100
2020,S113,4,8640,8640,8640,1.0,0,8640,0,1.0,1,0,0,8640,1.0,1585670400,1588262100
2020,S113,5,8920,8920,8928,0.99910394,8,8928,8,0.99910394,1,0,0,8920,0.99910394,1588262400,1590940500
2020,S113,6,7707,7707,8640,0.89201389,933,8640,933,0.89201389,1,0,0,7707,0.89201389,1590940800,1593532500
2020,S113,7,7845,7845,8928,0.87869624,1083,8688,843,0.90296961,1,0,0,7845,0.87869624,1593532800,1596138900
2020,S113,8,7025,7025,8928,0.78685036,1903,8885,1860,0.79065841,1,0,0,7025,0.78685036,1596224100,1598889300
2020,S113,9,8625,8625,8640,0.99826389,15,8640,15,0.99826389,1,0,0,8625,0.99826389,1598889600,1601481300
2020,S113,10,8915,8915,8928,0.99854391,13,8928,13,0.99854391,1,0,0,8915,0.99854391,1601481600,1604159700
2020,S113,11,8627,8627,8640,0.99849537,13,8640,13,0.99849537,1,0,0,8627,0.99849537,1604160000,1606751700
2020,S113,12,8924,8924,8928,0.99955197,4,8928,4,0.99955197,1,0,0,8924,0.99955197,1606752000,1609430100
2020,S114,1,8611,8611,8928,0.96449373,317,8928,317,0.96449373,1,0,0,8611,0.96449373,1577808000,1580486100
2020,S114,2,8293,8293,8352,0.99293582,59,8352,59,0.99293582,1,0,0,8293,0.99293582,1580486400,1582991700
2020,S114,3,8895,8895,8928,0.99630376,33,8928,33,0.99630376,1,0,0,8895,0.99630376,1582992000,1585670100
2020,S114,4,8459,8459,8640,0.97905093,181,8640,181,0.97905093,1,0,0,8459,0.97905093,1585670400,1588262100
2020,S114,5,8610,8610,8928,0.96438172,318,8928,318,0.96438172,1,0,0,8610,0.96438172,1588262400,1590940500
2020,S114,6,7623,7623,8640,0.88229167,1017,8640,1017,0.88229167,1,0,0,7623,0.88229167,1590940800,1593532500
2020,S114,7,7843,7843,8928,0.87847222,1085,8688,845,0.90273941,1,0,0,7843,0.87847222,1593532800,1596138900
2020,S114,8,7025,7025,8928,0.78685036,1903,8885,1860,0.79065841,1,0,0,7025,0.78685036,1596224100,1598889300
2020,S114,9,8337,8337,8640,0.96493056,303,8640,303,0.96493056,1,0,0,8337,0.96493056,1598889600,1601481300
2020,S114,10,8919,8919,8928,0.99899194,9,8928,9,0.99899194,1,0,0,8919,0.99899194,1601481600,1604159700
2020,S114,11,8593,8593,8640,0.99456019,47,8640,47,0.99456019,1,0,0,8593,0.99456019,1604160000,1606751700
2020,S114,12,8794,8794,8928,0.98499104,134,8928,134,0.98499104,1,0,0,8794,0.98499104,1606752000,1609430100
2020,S115,1,8909,8909,8928,0.99787186,19,8928,19,0.99787186,1,0,0,8909,0.99787186,1577808000,1580486100
2020,S115,2,8352,8352,8352,1.0,0,8352,0,1.0,1,0,0,8352,1.0,1580486400,1582991700
2020,S115,3,8927,8927,8928,0.99988799,1,8928,1,0.99988799,1,0,0,8927,0.99988799,1582992000,1585670100
2020,S115,4,7161,7161,8640,0.82881944,1479,8640,1479,0.82881944,1,0,0,7161,0.82881944,1585670400,1588262100
2020,S115,5,8444,8444,8928,0.94578853,484,8928,484,0.94578853,1,0,0,8444,0.94578853,1588262400,1590940500
2020,S115,6,7688,7688,8640,0.88981481,952,8640,952,0.88981481,1,0,0,7688,0.88981481,1590940800,1593532500
2020,S115,7,7840,7840,8928,0.8781362,1088,8688,848,0.90239411,1,0,0,7840,0.8781362,1593532800,1596138900
2020,S115,8,7023,7023,8928,0.78662634,1905,8885,1862,0.79043331,1,0,0,7023,0.78662634,1596224100,1598889300
2020,S115,9,8628,8628,8640,0.99861111,12,8640,12,0.99861111,1,0,0,8628,0.99861111,1598889600,1601481300
2020,S115,10,8839,8839,8928,0.99003136,89,8928,89,0.99003136,1,0,0,8839,0.99003136,1601481600,1604159700
2020,S115,11,8629,8629,8640,0.99872685,11,8640,11,0.99872685,1,0,0,8629,0.99872685,1604160000,1606751700
2020,S115,12,6832,6832,8928,0.76523297,2096,8928,2096,0.76523297,1,0,0,6832,0.76523297,1606752000,1609430100
2020,S116,1,8909,8909,8928,0.99787186,19,8928,19,0.99787186,1,0,0,8909,0.99787186,1577808000,1580486100
2020,S116,2,8352,8352,8352,1.0,0,8352,0,1.0,1,0,0,8352,1.0,1580486400,1582991700
2020,S116,3,8928,8928,8928,1.0,0,8928,0,1.0,1,0,0,8928,1.0,1582992000,1585670100
2020,S116,4,8639,8639,8640,0.99988426,1,8640,1,0.99988426,1,0,0,8639,0.99988426,1585670400,1588262100
2020,S116,5,6914,6914,8928,0.77441756,2014,8928,2014,0.77441756,1,0,0,6914,0.77441756,1588262400,1590940500
2020,S116,6,7704,7704,8640,0.89166667,936,8640,936,0.89166667,1,0,0,7704,0.89166667,1590940800,1593532500
2020,S116,7,7839,7839,8928,0.87802419,1089,8688,849,0.90227901,1,0,0,7839,0.87802419,1593532800,1596138900
2020,S116,8,4070,4070,8928,0.45586918,4858,8885,4815,0.45807541,1,0,0,4070,0.45586918,1596224100,1598889300
2020,S116,9,8617,8617,8640,0.99733796,23,8640,23,0.99733796,1,0,0,8617,0.99733796,1598889600,1601481300
2020,S116,10,8919,8919,8928,0.99899194,9,8928,9,0.99899194,1,0,0,8919,0.99899194,1601481600,1604159700
2020,S116,11,8636,8636,8640,0.99953704,4,8640,4,0.99953704,1,0,0,8636,0.99953704,1604160000,1606751700
2020,S116,12,8928,8928,8928,1.0,0,8928,0,1.0,1,0,0,8928,1.0,1606752000,1609430100
2020,S117,1,8909,8909,8928,0.99787186,19,8928,19,0.99787186,1,0,0,8909,0.99787186,1577808000,1580486100
2020,S117,2,8347,8347,8352,0.99940134,5,8352,5,0.99940134,1,0,0,8347,0.99940134,1580486400,1582991700
2020,S117,3,8639,8639,8928,0.96762993,289,8928,289,0.96762993,1,0,0,8639,0.96762993,1582992000,1585670100
2020,S117,4,8640,8640,8640,1.0,0,8640,0,1.0,1,0,0,8640,1.0,1585670400,1588262100
2020,S117,5,8924,8924,8928,0.99955197,4,8928,4,0.99955197,1,0,0,8924,0.99955197,1588262400,1590940500
2020,S117,6,7701,7701,8640,0.89131944,939,8640,939,0.89131944,1,0,0,7701,0.89131944,1590940800,1593532500
2020,S117,7,7839,7839,8928,0.87802419,1089,8688,849,0.90227901,1,0,0,7839,0.87802419,1593532800,1596138900
2020,S117,8,7025,7025,8928,0.78685036,1903,8885,1860,0.79065841,1,0,0,7025,0.78685036,1596224100,1598889300
2020,S117,9,8634,8634,8640,0.99930556,6,8640,6,0.99930556,1,0,0,8634,0.99930556,1598889600,1601481300
2020,S117,10,8915,8915,8928,0.99854391,13,8928,13,0.99854391,1,0,0,8915,0.99854391,1601481600,1604159700
2020,S117,11,8632,8632,8640,0.99907407,8,8640,8,0.99907407,1,0,0,8632,0.99907407,1604160000,1606751700
2020,S117,12,4416,4416,8928,0.49462366,4512,4416,0,1.0,1,0,0,4416,0.49462366,1606752000,1608076500
2020,S118,1,8351,8351,8928,0.93537186,577,8928,577,0.93537186,1,0,0,8351,0.93537186,1577808000,1580486100
2020,S118,2,8352,8352,8352,1.0,0,8352,0,1.0,1,0,0,8352,1.0,1580486400,1582991700
2020,S118,3,8928,8928,8928,1.0,0,8928,0,1.0,1,0,0,8928,1.0,1582992000,1585670100
2020,S118,4,8640,8640,8640,1.0,0,8640,0,1.0,1,0,0,8640,1.0,1585670400,1588262100
2020,S118,5,8849,8849,8928,0.99115143,79,8928,79,0.99115143,1,0,0,8849,0.99115143,1588262400,1590940500
2020,S118,6,6956,6956,8640,0.80509259,1684,8640,1684,0.80509259,1,0,0,6956,0.80509259,1590940800,1593532500
2020,S118,7,7841,7841,8928,0.87824821,1087,8688,847,0.90250921,1,0,0,7841,0.87824821,1593532800,1596138900
2020,S118,8,7029,7029,8928,0.78729839,1899,8885,1856,0.79110861,1,0,0,7029,0.78729839,1596224100,1598889300
2020,S118,9,8634,8634,8640,0.99930556,6,8640,6,0.99930556,1,0,0,8634,0.99930556,1598889600,1601481300
2020,S118,10,8509,8509,8928,0.953069,419,8928,419,0.953069,1,0,0,8509,0.953069,1601481600,1604159700
2020,S118,11,7968,7968,8640,0.92222222,672,8640,672,0.92222222,1,0,0,7968,0.92222222,1604160000,1606751700
2020,S118,12,8924,8924,8928,0.99955197,4,8928,4,0.99955197,1,0,0,8924,0.99955197,1606752000,1609430100
2020,S119,1,8909,8909,8928,0.99787186,19,8928,19,0.99787186,1,0,0,8909,0.99787186,1577808000,1580486100
2020,S119,2,8341,8341,8352,0.99868295,11,8352,11,0.99868295,1,0,0,8341,0.99868295,1580486400,1582991700
2020,S119,3,8869,8869,8928,0.99339158,59,8928,59,0.99339158,1,0,0,8869,0.99339158,1582992000,1585670100
2020,S119,4,8640,8640,8640,1.0,0,8640,0,1.0,1,0,0,8640,1.0,1585670400,1588262100
2020,S119,5,8926,8926,8928,0.99977599,2,8928,2,0.99977599,1,0,0,8926,0.99977599,1588262400,1590940500
2020,S119,6,7172,7172,8640,0.83009259,1468,8640,1468,0.83009259,1,0,0,7172,0.83009259,1590940800,1593532500
2020,S119,7,7104,7104,8928,0.79569892,1824,8688,1584,0.81767956,1,0,0,7104,0.79569892,1593532800,1596138900
2020,S119,8,7026,7026,8928,0.78696237,1902,8885,1859,0.79077096,1,0,0,7026,0.78696237,1596224100,1598889300
2020,S119,9,8539,8539,8640,0.98831019,101,8640,101,0.98831019,1,0,0,8539,0.98831019,1598889600,1601481300
2020,S119,10,8900,8900,8928,0.9968638,28,8928,28,0.9968638,1,0,0,8900,0.9968638,1601481600,1604159700
2020,S119,11,8579,8579,8640,0.99293981,61,8640,61,0.99293981,1,0,0,8579,0.99293981,1604160000,1606751700
2020,S119,12,8656,8656,8928,0.96953405,272,8928,272,0.96953405,1,0,0,8656,0.96953405,1606752000,1609430100
2020,S120,1,8909,8909,8928,0.99787186,19,8928,19,0.99787186,1,0,0,8909,0.99787186,1577808000,1580486100
2020,S120,2,8352,8352,8352,1.0,0,8352,0,1.0,1,0,0,8352,1.0,1580486400,1582991700
2020,S120,3,8928,8928,8928,1.0,0,8928,0,1.0,1,0,0,8928,1.0,1582992000,1585670100
2020,S120,4,8640,8640,8640,1.0,0,8640,0,1.0,1,0,0,8640,1.0,1585670400,1588262100
2020,S120,5,8928,8928,8928,1.0,0,8928,0,1.0,1,0,0,8928,1.0,1588262400,1590940500
2020,S120,6,7707,7707,8640,0.89201389,933,8640,933,0.89201389,1,0,0,7707,0.89201389,1590940800,1593532500
2020,S120,7,7844,7844,8928,0.87858423,1084,8688,844,0.90285451,1,0,0,7844,0.87858423,1593532800,1596138900
2020,S120,8,7031,7031,8928,0.7875224,1897,8885,1854,0.79133371,1,0,0,7031,0.7875224,1596224100,1598889300
2020,S120,9,8636,8636,8640,0.99953704,4,8640,4,0.99953704,1,0,0,8636,0.99953704,1598889600,1601481300
2020,S120,10,8924,8924,8928,0.99955197,4,8928,4,0.99955197,1,0,0,8924,0.99955197,1601481600,1604159700
2020,S120,11,8630,8630,8640,0.99884259,10,8640,10,0.99884259,1,0,0,8630,0.99884259,1604160000,1606751700
2020,S120,12,8920,8920,8928,0.99910394,8,8928,8,0.99910394,1,0,0,8920,0.99910394,1606752000,1609430100
2020,S121,1,8909,8909,8928,0.99787186,19,8928,19,0.99787186,1,0,0,8909,0.99787186,1577808000,1580486100
2020,S121,2,8352,8352,8352,1.0,0,8352,0,1.0,1,0,0,8352,1.0,1580486400,1582991700
2020,S121,3,8928,8928,8928,1.0,0,8928,0,1.0,1,0,0,8928,1.0,1582992000,1585670100
2020,S121,4,8639,8639,8640,0.99988426,1,8640,1,0.99988426,1,0,0,8639,0.99988426,1585670400,1588262100
2020,S121,5,8919,8919,8928,0.99899194,9,8928,9,0.99899194,1,0,0,8919,0.99899194,1588262400,1590940500
2020,S121,6,7699,7699,8640,0.89108796,941,8640,941,0.89108796,1,0,0,7699,0.89108796,1590940800,1593532500
2020,S121,7,7840,7840,8928,0.8781362,1088,8688,848,0.90239411,1,0,0,7840,0.8781362,1593532800,1596138900
2020,S121,8,7017,7017,8928,0.7859543,1911,8885,1868,0.78975802,1,0,0,7017,0.7859543,1596224100,1598889300
2020,S121,9,8606,8606,8640,0.99606481,34,8640,34,0.99606481,1,0,0,8606,0.99606481,1598889600,1601481300
2020,S121,10,8918,8918,8928,0.99887993,10,8928,10,0.99887993,1,0,0,8918,0.99887993,1601481600,1604159700
2020,S121,11,8627,8627,8640,0.99849537,13,8640,13,0.99849537,1,0,0,8627,0.99849537,1604160000,1606751700
2020,S121,12,8924,8924,8928,0.99955197,4,8928,4,0.99955197,1,0,0,8924,0.99955197,1606752000,1609430100
2020,S122,1,8908,8908,8928,0.99775986,20,8928,20,0.99775986,1,0,0,8908,0.99775986,1577808000,1580486100
2020,S122,2,3472,3472,8352,0.41570881,4880,3472,0,1.0,1,0,0,3472,0.41570881,1580486400,1581527700
2020,S122,3,7347,7347,8928,0.82291667,1581,7347,0,1.0,1,0,0,7347,0.82291667,1583466300,1585670100
2020,S122,4,5962,5962,8640,0.6900463,2678,7036,1074,0.84735645,1,0,0,5962,0.6900463,1585670400,1587780900
2020,S122,5,7933,7933,8928,0.88855287,995,7938,5,0.99937012,1,0,0,7933,0.88855287,1588559400,1590940500
2020,S122,6,7707,7707,8640,0.89201389,933,8640,933,0.89201389,1,0,0,7707,0.89201389,1590940800,1593532500
2020,S122,7,7842,7842,8928,0.87836022,1086,8688,846,0.90262431,1,0,0,7842,0.87836022,1593532800,1596138900
2020,S122,8,7026,7026,8928,0.78696237,1902,8885,1859,0.79077096,1,0,0,7026,0.78696237,1596224100,1598889300
2020,S122,9,6453,6453,8640,0.746875,2187,6463,10,0.99845273,1,0,0,6453,0.746875,1598889600,1600828200
2020,S122,10,0,0,8928,0.0,8928,0,0,,0,0,0,0,0.0,,
2020,S122,11,0,0,8640,0.0,8640,0,0,,0,0,0,0,0.0,,
2020,S122,12,3752,3752,8928,0.4202509,5176,3753,1,0.99973355,1,0,0,3752,0.4202509,1606801800,1607927400
2020,S123,1,6991,6991,8928,0.78304211,1937,7010,19,0.99728959,1,0,0,6991,0.78304211,1578383400,1580486100
2020,S123,2,8352,8352,8352,1.0,0,8352,0,1.0,1,0,0,8352,1.0,1580486400,1582991700
2020,S123,3,8928,8928,8928,1.0,0,8928,0,1.0,1,0,0,8928,1.0,1582992000,1585670100
2020,S123,4,8640,8640,8640,1.0,0,8640,0,1.0,1,0,0,8640,1.0,1585670400,1588262100
2020,S123,5,8922,8922,8928,0.99932796,6,8928,6,0.99932796,1,0,0,8922,0.99932796,1588262400,1590940500
2020,S123,6,7707,7707,8640,0.89201389,933,8640,933,0.89201389,1,0,0,7707,0.89201389,1590940800,1593532500
2020,S123,7,7846,7846,8928,0.87880824,1082,8688,842,0.90308471,1,0,0,7846,0.87880824,1593532800,1596138900
2020,S123,8,7033,7033,8928,0.78774642,1895,8885,1852,0.79155881,1,0,0,7033,0.78774642,1596224100,1598889300
2020,S123,9,8637,8637,8640,0.99965278,3,8640,3,0.99965278,1,0,0,8637,0.99965278,1598889600,1601481300
2020,S123,10,8928,8928,8928,1.0,0,8928,0,1.0,1,0,0,8928,1.0,1601481600,1604159700
2020,S123,11,8636,8636,8640,0.99953704,4,8640,4,0.99953704,1,0,0,8636,0.99953704,1604160000,1606751700
2020,S123,12,8924,8924,8928,0.99955197,4,8928,4,0.99955197,1,0,0,8924,0.99955197,1606752000,1609430100
2020,S201,1,0,0,8928,0.0,8928,0,0,,0,0,0,0,0.0,,
2020,S201,2,0,0,8352,0.0,8352,0,0,,0,0,0,0,0.0,,
2020,S201,3,0,0,8928,0.0,8928,0,0,,0,0,0,0,0.0,,
2020,S201,4,0,0,8640,0.0,8640,0,0,,0,0,0,0,0.0,,
2020,S201,5,0,0,8928,0.0,8928,0,0,,0,0,0,0,0.0,,
2020,S201,6,4454,4454,8640,0.51550926,4186,4454,0,1.0,1,0,0,4454,0.51550926,1592196600,1593532500
2020,S201,7,7846,7846,8928,0.87880824,1082,8688,842,0.90308471,1,0,0,7846,0.87880824,1593532800,1596138900
2020,S201,8,7033,7033,8928,0.78774642,1895,8885,1852,0.79155881,1,0,0,7033,0.78774642,1596224100,1598889300
2020,S201,9,8637,8637,8640,0.99965278,3,8640,3,0.99965278,1,0,0,8637,0.99965278,1598889600,1601481300
2020,S201,10,8928,8928,8928,1.0,0,8928,0,1.0,1,0,0,8928,1.0,1601481600,1604159700
2020,S201,11,8640,8640,8640,1.0,0,8640,0,1.0,1,0,0,8640,1.0,1604160000,1606751700
2020,S201,12,8928,8928,8928,1.0,0,8928,0,1.0,1,0,0,8928,1.0,1606752000,1609430100
2020,S202,1,0,0,8928,0.0,8928,0,0,,0,0,0,0,0.0,,
2020,S202,2,0,0,8352,0.0,8352,0,0,,0,0,0,0,0.0,,
2020,S202,3,0,0,8928,0.0,8928,0,0,,0,0,0,0,0.0,,
2020,S202,4,0,0,8640,0.0,8640,0,0,,0,0,0,0,0.0,,
2020,S202,5,0,0,8928,0.0,8928,0,0,,0,0,0,0,0.0,,
2020,S202,6,4454,4454,8640,0.51550926,4186,4454,0,1.0,1,0,0,4454,0.51550926,1592196600,1593532500
2020,S202,7,7846,7846,8928,0.87880824,1082,8688,842,0.90308471,1,0,0,7846,0.87880824,1593532800,1596138900
2020,S202,8,7033,7033,8928,0.78774642,1895,8885,1852,0.79155881,1,0,0,7033,0.78774642,1596224100,1598889300
2020,S202,9,8637,8637,8640,0.99965278,3,8640,3,0.99965278,1,0,0,8637,0.99965278,1598889600,1601481300
2020,S202,10,8928,8928,8928,1.0,0,8928,0,1.0,1,0,0,8928,1.0,1601481600,1604159700
2020,S202,11,8640,8640,8640,1.0,0,8640,0,1.0,1,0,0,8640,1.0,1604160000,1606751700
2020,S202,12,8928,8928,8928,1.0,0,8928,0,1.0,1,0,0,8928,1.0,1606752000,1609430100
2020,S203,1,0,0,8928,0.0,8928,0,0,,0,0,0,0,0.0,,
2020,S203,2,0,0,8352,0.0,8352,0,0,,0,0,0,0,0.0,,
2020,S203,3,0,0,8928,0.0,8928,0,0,,0,0,0,0,0.0,,
2020,S203,4,0,0,8640,0.0,8640,0,0,,0,0,0,0,0.0,,
2020,S203,5,0,0,8928,0.0,8928,0,0,,0,0,0,0,0.0,,
2020,S203,6,4454,4454,8640,0.51550926,4186,4454,0,1.0,1,0,0,4454,0.51550926,1592196600,1593532500
2020,S203,7,7846,7846,8928,0.87880824,1082,8688,842,0.90308471,1,0,0,7846,0.87880824,1593532800,1596138900
2020,S203,8,7033,7033,8928,0.78774642,1895,8885,1852,0.79155881,1,0,0,7033,0.78774642,1596224100,1598889300
2020,S203,9,8637,8637,8640,0.99965278,3,8640,3,0.99965278,1,0,0,8637,0.99965278,1598889600,1601481300
2020,S203,10,4202,4202,8928,0.47065412,4726,8804,4602,0.47728305,1,0,0,4202,0.47065412,1601481600,1604122500
2020,S203,11,8198,8198,8640,0.94884259,442,8198,0,1.0,1,0,0,8198,0.94884259,1604292600,1606751700
2020,S203,12,8928,8928,8928,1.0,0,8928,0,1.0,1,0,0,8928,1.0,1606752000,1609430100
2020,S204,1,0,0,8928,0.0,8928,0,0,,0,0,0,0,0.0,,
2020,S204,2,0,0,8352,0.0,8352,0,0,,0,0,0,0,0.0,,
2020,S204,3,0,0,8928,0.0,8928,0,0,,0,0,0,0,0.0,,
2020,S204,4,0,0,8640,0.0,8640,0,0,,0,0,0,0,0.0,,
2020,S204,5,0,0,8928,0.0,8928,0,0,,0,0,0,0,0.0,,
2020,S204,6,4454,4454,8640,0.51550926,4186,4454,0,1.0,1,0,0,4454,0.51550926,1592196600,1593532500
2020,S204,7,7846,7846,8928,0.87880824,1082,8688,842,0.90308471,1,0,0,7846,0.87880824,1593532800,1596138900
2020,S204,8,7033,7033,8928,0.78774642,1895,8885,1852,0.79155881,1,0,0,7033,0.78774642,1596224100,1598889300
2020,S204,9,8637,8637,8640,0.99965278,3,8640,3,0.99965278,1,0,0,8637,0.99965278,1598889600,1601481300
2020,S204,10,8928,8928,8928,1.0,0,8928,0,1.0,1,0,0,8928,1.0,1601481600,1604159700
2020,S204,11,8640,8640,8640,1.0,0,8640,0,1.0,1,0,0,8640,1.0,1604160000,1606751700
2020,S204,12,8928,8928,8928,1.0,0,8928,0,1.0,1,0,0,8928,1.0,1606752000,1609430100
2020,S205,1,0,0,8928,0.0,8928,0,0,,0,0,0,0,0.0,,
2020,S205,2,0,0,8352,0.0,8352,0,0,,0,0,0,0,0.0,,
2020,S205,3,0,0,8928,0.0,8928,0,0,,0,0,0,0,0.0,,
2020,S205,4,0,0,8640,0.0,8640,0,0,,0,0,0,0,0.0,,
2020,S205,5,0,0,8928,0.0,8928,0,0,,0,0,0,0,0.0,,
2020,S205,6,48,48,8640,0.00555556,8592,2268,2220,0.02116402,1,0,0,48,0.00555556,1592196600,1592876700
2020,S205,7,0,0,8928,0.0,8928,0,0,,0,0,0,0,0.0,,
2020,S205,8,0,0,8928,0.0,8928,0,0,,0,0,0,0,0.0,,
2020,S205,9,0,0,8640,0.0,8640,0,0,,0,0,0,0,0.0,,
2020,S205,10,7322,7322,8928,0.82011649,1606,7322,0,1.0,1,0,0,7322,0.82011649,1601963400,1604159700
2020,S205,11,8640,8640,8640,1.0,0,8640,0,1.0,1,0,0,8640,1.0,1604160000,1606751700
2020,S205,12,8928,8928,8928,1.0,0,8928,0,1.0,1,0,0,8928,1.0,1606752000,1609430100
2020,S207,1,0,0,8928,0.0,8928,0,0,,0,0,0,0,0.0,,
2020,S207,2,0,0,8352,0.0,8352,0,0,,0,0,0,0,0.0,,
2020,S207,3,0,0,8928,0.0,8928,0,0,,0,0,0,0,0.0,,
2020,S207,4,0,0,8640,0.0,8640,0,0,,0,0,0,0,0.0,,
2020,S207,5,0,0,8928,0.0,8928,0,0,,0,0,0,0,0.0,,
2020,S207,6,3948,3948,8640,0.45694444,4692,4383,435,0.90075291,1,0,0,3948,0.45694444,1592196600,1593511200
2020,S207,7,6633,6633,8928,0.74294355,2295,8684,2051,0.76381852,1,0,0,6633,0.74294355,1593534000,1596138900
2020,S207,8,7033,7033,8928,0.78774642,1895,8885,1852,0.79155881,1,0,0,7033,0.78774642,1596224100,1598889300
2020,S207,9,8637,8637,8640,0.99965278,3,8640,3,0.99965278,1,0,0,8637,0.99965278,1598889600,1601481300
2020,S207,10,8928,8928,8928,1.0,0,8928,0,1.0,1,0,0,8928,1.0,1601481600,1604159700
2020,S207,11,8640,8640,8640,1.0,0,8640,0,1.0,1,0,0,8640,1.0,1604160000,1606751700
2020,S207,12,8927,8927,8928,0.99988799,1,8928,1,0.99988799,1,0,0,8927,0.99988799,1606752000,1609430100
2020,S208,1,0,0,8928,0.0,8928,0,0,,0,0,0,0,0.0,,
2020,S208,2,0,0,8352,0.0,8352,0,0,,0,0,0,0,0.0,,
2020,S208,3,0,0,8928,0.0,8928,0,0,,0,0,0,0,0.0,,
2020,S208,4,0,0,8640,0.0,8640,0,0,,0,0,0,0,0.0,,
2020,S208,5,0,0,8928,0.0,8928,0,0,,0,0,0,0,0.0,,
2020,S208,6,4454,4454,8640,0.51550926,4186,4454,0,1.0,1,0,0,4454,0.51550926,1592196600,1593532500
2020,S208,7,7846,7846,8928,0.87880824,1082,8688,842,0.90308471,1,0,0,7846,0.87880824,1593532800,1596138900
2020,S208,8,7033,7033,8928,0.78774642,1895,8885,1852,0.79155881,1,0,0,7033,0.78774642,1596224100,1598889300
2020,S208,9,8637,8637,8640,0.99965278,3,8640,3,0.99965278,1,0,0,8637,0.99965278,1598889600,1601481300
2020,S208,10,8928,8928,8928,1.0,0,8928,0,1.0,1,0,0,8928,1.0,1601481600,1604159700
2020,S208,11,8640,8640,8640,1.0,0,8640,0,1.0,1,0,0,8640,1.0,1604160000,1606751700
2020,S208,12,8928,8928,8928,1.0,0,8928,0,1.0,1,0,0,8928,1.0,1606752000,1609430100
2020,S209,1,0,0,8928,0.0,8928,0,0,,0,0,0,0,0.0,,
2020,S209,2,0,0,8352,0.0,8352,0,0,,0,0,0,0,0.0,,
2020,S209,3,0,0,8928,0.0,8928,0,0,,0,0,0,0,0.0,,
2020,S209,4,0,0,8640,0.0,8640,0,0,,0,0,0,0,0.0,,
2020,S209,5,0,0,8928,0.0,8928,0,0,,0,0,0,0,0.0,,
2020,S209,6,4454,4454,8640,0.51550926,4186,4454,0,1.0,1,0,0,4454,0.51550926,1592196600,1593532500
2020,S209,7,7846,7846,8928,0.87880824,1082,8688,842,0.90308471,1,0,0,7846,0.87880824,1593532800,1596138900
2020,S209,8,7033,7033,8928,0.78774642,1895,8885,1852,0.79155881,1,0,0,7033,0.78774642,1596224100,1598889300
2020,S209,9,7192,7192,8640,0.83240741,1448,8531,1339,0.84304302,1,0,0,7192,0.83240741,1598889600,1601448600
2020,S209,10,7571,7571,8928,0.84800627,1357,7571,0,1.0,1,0,0,7571,0.84800627,1601888700,1604159700
2020,S209,11,8640,8640,8640,1.0,0,8640,0,1.0,1,0,0,8640,1.0,1604160000,1606751700
2020,S209,12,8923,8923,8928,0.99943996,5,8928,5,0.99943996,1,0,0,8923,0.99943996,1606752000,1609430100
2020,S210,1,0,0,8928,0.0,8928,0,0,,0,0,0,0,0.0,,
2020,S210,2,0,0,8352,0.0,8352,0,0,,0,0,0,0,0.0,,
2020,S210,3,0,0,8928,0.0,8928,0,0,,0,0,0,0,0.0,,
2020,S210,4,0,0,8640,0.0,8640,0,0,,0,0,0,0,0.0,,
2020,S210,5,0,0,8928,0.0,8928,0,0,,0,0,0,0,0.0,,
2020,S210,6,4124,4124,8640,0.47731481,4516,4399,275,0.93748579,1,0,0,4124,0.47731481,1592196600,1593516000
2020,S210,7,5885,5885,8928,0.65916219,3043,8590,2705,0.68509895,1,0,0,5885,0.65916219,1593562200,1596138900
2020,S210,8,7033,7033,8928,0.78774642,1895,8885,1852,0.79155881,1,0,0,7033,0.78774642,1596224100,1598889300
2020,S210,9,8637,8637,8640,0.99965278,3,8640,3,0.99965278,1,0,0,8637,0.99965278,1598889600,1601481300
2020,S210,10,8928,8928,8928,1.0,0,8928,0,1.0,1,0,0,8928,1.0,1601481600,1604159700
2020,S210,11,8640,8640,8640,1.0,0,8640,0,1.0,1,0,0,8640,1.0,1604160000,1606751700
2020,S210,12,8928,8928,8928,1.0,0,8928,0,1.0,1,0,0,8928,1.0,1606752000,1609430100
2020,S211,1,0,0,8928,0.0,8928,0,0,,0,0,0,0,0.0,,
2020,S211,2,0,0,8352,0.0,8352,0,0,,0,0,0,0,0.0,,
2020,S211,3,0,0,8928,0.0,8928,0,0,,0,0,0,0,0.0,,
2020,S211,4,0,0,8640,0.0,8640,0,0,,0,0,0,0,0.0,,
2020,S211,5,0,0,8928,0.0,8928,0,0,,0,0,0,0,0.0,,
2020,S211,6,4454,4454,8640,0.51550926,4186,4454,0,1.0,1,0,0,4454,0.51550926,1592196600,1593532500
2020,S211,7,7846,7846,8928,0.87880824,1082,8688,842,0.90308471,1,0,0,7846,0.87880824,1593532800,1596138900
2020,S211,8,4337,4337,8928,0.48577509,4591,8771,4434,0.49447041,1,0,0,4337,0.48577509,1596224100,1598855100
2020,S211,9,8189,8189,8640,0.94780093,451,8518,329,0.96137591,1,0,0,8189,0.94780093,1598926200,1601481300
2020,S211,10,8928,8928,8928,1.0,0,8928,0,1.0,1,0,0,8928,1.0,1601481600,1604159700
2020,S211,11,8640,8640,8640,1.0,0,8640,0,1.0,1,0,0,8640,1.0,1604160000,1606751700
2020,S211,12,8928,8928,8928,1.0,0,8928,0,1.0,1,0,0,8928,1.0,1606752000,1609430100
2020,S212,1,0,0,8928,0.0,8928,0,0,,0,0,0,0,0.0,,
2020,S212,2,0,0,8352,0.0,8352,0,0,,0,0,0,0,0.0,,
2020,S212,3,0,0,8928,0.0,8928,0,0,,0,0,0,0,0.0,,
2020,S212,4,0,0,8640,0.0,8640,0,0,,0,0,0,0,0.0,,
2020,S212,5,0,0,8928,0.0,8928,0,0,,0,0,0,0,0.0,,
2020,S212,6,4454,4454,8640,0.51550926,4186,4454,0,1.0,1,0,0,4454,0.51550926,1592196600,1593532500
2020,S212,7,7846,7846,8928,0.87880824,1082,8688,842,0.90308471,1,0,0,7846,0.87880824,1593532800,1596138900
2020,S212,8,7033,7033,8928,0.78774642,1895,8885,1852,0.79155881,1,0,0,7033,0.78774642,1596224100,1598889300
2020,S212,9,8637,8637,8640,0.99965278,3,8640,3,0.99965278,1,0,0,8637,0.99965278,1598889600,1601481300
2020,S212,10,8928,8928,8928,1.0,0,8928,0,1.0,1,0,0,8928,1.0,1601481600,1604159700
2020,S212,11,8640,8640,8640,1.0,0,8640,0,1.0,1,0,0,8640,1.0,1604160000,1606751700
2020,S212,12,8928,8928,8928,1.0,0,8928,0,1.0,1,0,0,8928,1.0,1606752000,1609430100
2020,S213,1,0,0,8928,0.0,8928,0,0,,0,0,0,0,0.0,,
2020,S213,2,0,0,8352,0.0,8352,0,0,,0,0,0,0,0.0,,
2020,S213,3,0,0,8928,0.0,8928,0,0,,0,0,0,0,0.0,,
2020,S213,4,0,0,8640,0.0,8640,0,0,,0,0,0,0,0.0,,
2020,S213,5,0,0,8928,0.0,8928,0,0,,0,0,0,0,0.0,,
2020,S213,6,4454,4454,8640,0.51550926,4186,4454,0,1.0,1,0,0,4454,0.51550926,1592196600,1593532500
2020,S213,7,7846,7846,8928,0.87880824,1082,8688,842,0.90308471,1,0,0,7846,0.87880824,1593532800,1596138900
2020,S213,8,7033,7033,8928,0.78774642,1895,8885,1852,0.79155881,1,0,0,7033,0.78774642,1596224100,1598889300
2020,S213,9,8637,8637,8640,0.99965278,3,8640,3,0.99965278,1,0,0,8637,0.99965278,1598889600,1601481300
2020,S213,10,8928,8928,8928,1.0,0,8928,0,1.0,1,0,0,8928,1.0,1601481600,1604159700
2020,S213,11,8640,8640,8640,1.0,0,8640,0,1.0,1,0,0,8640,1.0,1604160000,1606751700
2020,S213,12,8928,8928,8928,1.0,0,8928,0,1.0,1,0,0,8928,1.0,1606752000,1609430100
2020,S214,1,0,0,8928,0.0,8928,0,0,,0,0,0,0,0.0,,
2020,S214,2,0,0,8352,0.0,8352,0,0,,0,0,0,0,0.0,,
2020,S214,3,0,0,8928,0.0,8928,0,0,,0,0,0,0,0.0,,
2020,S214,4,0,0,8640,0.0,8640,0,0,,0,0,0,0,0.0,,
2020,S214,5,0,0,8928,0.0,8928,0,0,,0,0,0,0,0.0,,
2020,S214,6,4454,4454,8640,0.51550926,4186,4454,0,1.0,1,0,0,4454,0.51550926,1592196600,1593532500
2020,S214,7,7846,7846,8928,0.87880824,1082,8688,842,0.90308471,1,0,0,7846,0.87880824,1593532800,1596138900
2020,S214,8,5022,5022,8928,0.5625,3906,8885,3863,0.56522228,1,0,0,5022,0.5625,1596224100,1598889300
2020,S214,9,8635,8635,8640,0.9994213,5,8640,5,0.9994213,1,0,0,8635,0.9994213,1598889600,1601481300
2020,S214,10,8069,8069,8928,0.90378584,859,8928,859,0.90378584,1,0,0,8069,0.90378584,1601481600,1604159700
2020,S214,11,8640,8640,8640,1.0,0,8640,0,1.0,1,0,0,8640,1.0,1604160000,1606751700
2020,S214,12,8928,8928,8928,1.0,0,8928,0,1.0,1,0,0,8928,1.0,1606752000,1609430100
2020,S215,1,8909,8909,8928,0.99787186,19,8928,19,0.99787186,1,0,0,8909,0.99787186,1577808000,1580486100
2020,S215,2,8352,8352,8352,1.0,0,8352,0,1.0,1,0,0,8352,1.0,1580486400,1582991700
2020,S215,3,8928,8928,8928,1.0,0,8928,0,1.0,1,0,0,8928,1.0,1582992000,1585670100
2020,S215,4,8640,8640,8640,1.0,0,8640,0,1.0,1,0,0,8640,1.0,1585670400,1588262100
2020,S215,5,8928,8928,8928,1.0,0,8928,0,1.0,1,0,0,8928,1.0,1588262400,1590940500
2020,S215,6,6592,6592,8640,0.76296296,2048,8640,2048,0.76296296,1,0,0,6592,0.76296296,1590940800,1593532500
2020,S215,7,7846,7846,8928,0.87880824,1082,8688,842,0.90308471,1,0,0,7846,0.87880824,1593532800,1596138900
2020,S215,8,7033,7033,8928,0.78774642,1895,8885,1852,0.79155881,1,0,0,7033,0.78774642,1596224100,1598889300
2020,S215,9,7939,7939,8640,0.91886574,701,8640,701,0.91886574,1,0,0,7939,0.91886574,1598889600,1601481300
2020,S215,10,8899,8899,8928,0.99675179,29,8928,29,0.99675179,1,0,0,8899,0.99675179,1601481600,1604159700
2020,S215,11,8640,8640,8640,1.0,0,8640,0,1.0,1,0,0,8640,1.0,1604160000,1606751700
2020,S215,12,8928,8928,8928,1.0,0,8928,0,1.0,1,0,0,8928,1.0,1606752000,1609430100
2020,S216,1,0,0,8928,0.0,8928,0,0,,0,0,0,0,0.0,,
2020,S216,2,0,0,8352,0.0,8352,0,0,,0,0,0,0,0.0,,
2020,S216,3,0,0,8928,0.0,8928,0,0,,0,0,0,0,0.0,,
2020,S216,4,0,0,8640,0.0,8640,0,0,,0,0,0,0,0.0,,
2020,S216,5,0,0,8928,0.0,8928,0,0,,0,0,0,0,0.0,,
2020,S216,6,4454,4454,8640,0.51550926,4186,4454,0,1.0,1,0,0,4454,0.51550926,1592196600,1593532500
2020,S216,7,7846,7846,8928,0.87880824,1082,8688,842,0.90308471,1,0,0,7846,0.87880824,1593532800,1596138900
2020,S216,8,7033,7033,8928,0.78774642,1895,8885,1852,0.79155881,1,0,0,7033,0.78774642,1596224100,1598889300
2020,S216,9,8637,8637,8640,0.99965278,3,8640,3,0.99965278,1,0,0,8637,0.99965278,1598889600,1601481300
2020,S216,10,8928,8928,8928,1.0,0,8928,0,1.0,1,0,0,8928,1.0,1601481600,1604159700
2020,S216,11,6868,6868,8640,0.79490741,1772,8640,1772,0.79490741,1,0,0,6868,0.79490741,1604160000,1606751700
2020,S216,12,8928,8928,8928,1.0,0,8928,0,1.0,1,0,0,8928,1.0,1606752000,1609430100
2020,S217,1,0,0,8928,0.0,8928,0,0,,0,0,0,0,0.0,,
2020,S217,2,0,0,8352,0.0,8352,0,0,,0,0,0,0,0.0,,
2020,S217,3,0,0,8928,0.0,8928,0,0,,0,0,0,0,0.0,,
2020,S217,4,0,0,8640,0.0,8640,0,0,,0,0,0,0,0.0,,
2020,S217,5,0,0,8928,0.0,8928,0,0,,0,0,0,0,0.0,,
2020,S217,6,4454,4454,8640,0.51550926,4186,4454,0,1.0,1,0,0,4454,0.51550926,1592196600,1593532500
2020,S217,7,7846,7846,8928,0.87880824,1082,8688,842,0.90308471,1,0,0,7846,0.87880824,1593532800,1596138900
2020,S217,8,7033,7033,8928,0.78774642,1895,8885,1852,0.79155881,1,0,0,7033,0.78774642,1596224100,1598889300
2020,S217,9,8637,8637,8640,0.99965278,3,8640,3,0.99965278,1,0,0,8637,0.99965278,1598889600,1601481300
2020,S217,10,8928,8928,8928,1.0,0,8928,0,1.0,1,0,0,8928,1.0,1601481600,1604159700
2020,S217,11,8640,8640,8640,1.0,0,8640,0,1.0,1,0,0,8640,1.0,1604160000,1606751700
2020,S217,12,8928,8928,8928,1.0,0,8928,0,1.0,1,0,0,8928,1.0,1606752000,1609430100
2020,S218,1,0,0,8928,0.0,8928,0,0,,0,0,0,0,0.0,,
2020,S218,2,0,0,8352,0.0,8352,0,0,,0,0,0,0,0.0,,
2020,S218,3,0,0,8928,0.0,8928,0,0,,0,0,0,0,0.0,,
2020,S218,4,0,0,8640,0.0,8640,0,0,,0,0,0,0,0.0,,
2020,S218,5,0,0,8928,0.0,8928,0,0,,0,0,0,0,0.0,,
2020,S218,6,4454,4454,8640,0.51550926,4186,4454,0,1.0,1,0,0,4454,0.51550926,1592196600,1593532500
2020,S218,7,7846,7846,8928,0.87880824,1082,8688,842,0.90308471,1,0,0,7846,0.87880824,1593532800,1596138900
2020,S218,8,7033,7033,8928,0.78774642,1895,8885,1852,0.79155881,1,0,0,7033,0.78774642,1596224100,1598889300
2020,S218,9,8637,8637,8640,0.99965278,3,8640,3,0.99965278,1,0,0,8637,0.99965278,1598889600,1601481300
2020,S218,10,8927,8927,8928,0.99988799,1,8928,1,0.99988799,1,0,0,8927,0.99988799,1601481600,1604159700
2020,S218,11,8640,8640,8640,1.0,0,8640,0,1.0,1,0,0,8640,1.0,1604160000,1606751700
2020,S218,12,8928,8928,8928,1.0,0,8928,0,1.0,1,0,0,8928,1.0,1606752000,1609430100
2020,S219,1,0,0,8928,0.0,8928,0,0,,0,0,0,0,0.0,,
2020,S219,2,0,0,8352,0.0,8352,0,0,,0,0,0,0,0.0,,
2020,S219,3,0,0,8928,0.0,8928,0,0,,0,0,0,0,0.0,,
2020,S219,4,0,0,8640,0.0,8640,0,0,,0,0,0,0,0.0,,
2020,S219,5,0,0,8928,0.0,8928,0,0,,0,0,0,0,0.0,,
2020,S219,6,4454,4454,8640,0.51550926,4186,4454,0,1.0,1,0,0,4454,0.51550926,1592196600,1593532500
2020,S219,7,7846,7846,8928,0.87880824,1082,8688,842,0.90308471,1,0,0,7846,0.87880824,1593532800,1596138900
2020,S219,8,7033,7033,8928,0.78774642,1895,8885,1852,0.79155881,1,0,0,7033,0.78774642,1596224100,1598889300
2020,S219,9,8567,8567,8640,0.99155093,73,8640,73,0.99155093,1,0,0,8567,0.99155093,1598889600,1601481300
2020,S219,10,8928,8928,8928,1.0,0,8928,0,1.0,1,0,0,8928,1.0,1601481600,1604159700
2020,S219,11,8640,8640,8640,1.0,0,8640,0,1.0,1,0,0,8640,1.0,1604160000,1606751700
2020,S219,12,8924,8924,8928,0.99955197,4,8928,4,0.99955197,1,0,0,8924,0.99955197,1606752000,1609430100
2020,S220,1,0,0,8928,0.0,8928,0,0,,0,0,0,0,0.0,,
2020,S220,2,0,0,8352,0.0,8352,0,0,,0,0,0,0,0.0,,
2020,S220,3,0,0,8928,0.0,8928,0,0,,0,0,0,0,0.0,,
2020,S220,4,0,0,8640,0.0,8640,0,0,,0,0,0,0,0.0,,
2020,S220,5,0,0,8928,0.0,8928,0,0,,0,0,0,0,0.0,,
2020,S220,6,4454,4454,8640,0.51550926,4186,4454,0,1.0,1,0,0,4454,0.51550926,1592196600,1593532500
2020,S220,7,7846,7846,8928,0.87880824,1082,8688,842,0.90308471,1,0,0,7846,0.87880824,1593532800,1596138900
2020,S220,8,7033,7033,8928,0.78774642,1895,8885,1852,0.79155881,1,0,0,7033,0.78774642,1596224100,1598889300
2020,S220,9,8637,8637,8640,0.99965278,3,8640,3,0.99965278,1,0,0,8637,0.99965278,1598889600,1601481300
2020,S220,10,8928,8928,8928,1.0,0,8928,0,1.0,1,0,0,8928,1.0,1601481600,1604159700
2020,S220,11,8640,8640,8640,1.0,0,8640,0,1.0,1,0,0,8640,1.0,1604160000,1606751700
2020,S220,12,8928,8928,8928,1.0,0,8928,0,1.0,1,0,0,8928,1.0,1606752000,1609430100
2020,S221,1,0,0,8928,0.0,8928,0,0,,0,0,0,0,0.0,,
2020,S221,2,0,0,8352,0.0,8352,0,0,,0,0,0,0,0.0,,
2020,S221,3,0,0,8928,0.0,8928,0,0,,0,0,0,0,0.0,,
2020,S221,4,0,0,8640,0.0,8640,0,0,,0,0,0,0,0.0,,
2020,S221,5,0,0,8928,0.0,8928,0,0,,0,0,0,0,0.0,,
2020,S221,6,4454,4454,8640,0.51550926,4186,4454,0,1.0,1,0,0,4454,0.51550926,1592196600,1593532500
2020,S221,7,7846,7846,8928,0.87880824,1082,8688,842,0.90308471,1,0,0,7846,0.87880824,1593532800,1596138900
2020,S221,8,7032,7032,8928,0.78763441,1896,8885,1853,0.79144626,1,0,0,7032,0.78763441,1596224100,1598889300
2020,S221,9,8637,8637,8640,0.99965278,3,8640,3,0.99965278,1,0,0,8637,0.99965278,1598889600,1601481300
2020,S221,10,8928,8928,8928,1.0,0,8928,0,1.0,1,0,0,8928,1.0,1601481600,1604159700
2020,S221,11,8640,8640,8640,1.0,0,8640,0,1.0,1,0,0,8640,1.0,1604160000,1606751700
2020,S221,12,8927,8927,8928,0.99988799,1,8928,1,0.99988799,1,0,0,8927,0.99988799,1606752000,1609430100
2020,S222,1,0,0,8928,0.0,8928,0,0,,0,0,0,0,0.0,,
2020,S222,2,0,0,8352,0.0,8352,0,0,,0,0,0,0,0.0,,
2020,S222,3,0,0,8928,0.0,8928,0,0,,0,0,0,0,0.0,,
2020,S222,4,0,0,8640,0.0,8640,0,0,,0,0,0,0,0.0,,
2020,S222,5,0,0,8928,0.0,8928,0,0,,0,0,0,0,0.0,,
2020,S222,6,4454,4454,8640,0.51550926,4186,4454,0,1.0,1,0,0,4454,0.51550926,1592196600,1593532500
2020,S222,7,7846,7846,8928,0.87880824,1082,8688,842,0.90308471,1,0,0,7846,0.87880824,1593532800,1596138900
2020,S222,8,7033,7033,8928,0.78774642,1895,8885,1852,0.79155881,1,0,0,7033,0.78774642,1596224100,1598889300
2020,S222,9,8637,8637,8640,0.99965278,3,8640,3,0.99965278,1,0,0,8637,0.99965278,1598889600,1601481300
2020,S222,10,8928,8928,8928,1.0,0,8928,0,1.0,1,0,0,8928,1.0,1601481600,1604159700
2020,S222,11,8640,8640,8640,1.0,0,8640,0,1.0,1,0,0,8640,1.0,1604160000,1606751700
2020,S222,12,8928,8928,8928,1.0,0,8928,0,1.0,1,0,0,8928,1.0,1606752000,1609430100
2020,S223,1,0,0,8928,0.0,8928,0,0,,0,0,0,0,0.0,,
2020,S223,2,0,0,8352,0.0,8352,0,0,,0,0,0,0,0.0,,
2020,S223,3,0,0,8928,0.0,8928,0,0,,0,0,0,0,0.0,,
2020,S223,4,0,0,8640,0.0,8640,0,0,,0,0,0,0,0.0,,
2020,S223,5,0,0,8928,0.0,8928,0,0,,0,0,0,0,0.0,,
2020,S223,6,4454,4454,8640,0.51550926,4186,4454,0,1.0,1,0,0,4454,0.51550926,1592196600,1593532500
2020,S223,7,7846,7846,8928,0.87880824,1082,8688,842,0.90308471,1,0,0,7846,0.87880824,1593532800,1596138900
2020,S223,8,6754,6754,8928,0.75649642,2174,8885,2131,0.76015757,1,0,0,6754,0.75649642,1596224100,1598889300
2020,S223,9,8637,8637,8640,0.99965278,3,8640,3,0.99965278,1,0,0,8637,0.99965278,1598889600,1601481300
2020,S223,10,8928,8928,8928,1.0,0,8928,0,1.0,1,0,0,8928,1.0,1601481600,1604159700
2020,S223,11,8640,8640,8640,1.0,0,8640,0,1.0,1,0,0,8640,1.0,1604160000,1606751700
2020,S223,12,8928,8928,8928,1.0,0,8928,0,1.0,1,0,0,8928,1.0,1606752000,1609430100
2020,S224,1,0,0,8928,0.0,8928,0,0,,0,0,0,0,0.0,,
2020,S224,2,0,0,8352,0.0,8352,0,0,,0,0,0,0,0.0,,
2020,S224,3,0,0,8928,0.0,8928,0,0,,0,0,0,0,0.0,,
2020,S224,4,0,0,8640,0.0,8640,0,0,,0,0,0,0,0.0,,
2020,S224,5,0,0,8928,0.0,8928,0,0,,0,0,0,0,0.0,,
2020,S224,6,4454,4454,8640,0.51550926,4186,4454,0,1.0,1,0,0,4454,0.51550926,1592196600,1593532500
2020,S224,7,7846,7846,8928,0.87880824,1082,8688,842,0.90308471,1,0,0,7846,0.87880824,1593532800,1596138900
2020,S224,8,5883,5883,8928,0.65893817,3045,8885,3002,0.66212718,1,0,0,5883,0.65893817,1596224100,1598889300
2020,S224,9,8637,8637,8640,0.99965278,3,8640,3,0.99965278,1,0,0,8637,0.99965278,1598889600,1601481300
2020,S224,10,8928,8928,8928,1.0,0,8928,0,1.0,1,0,0,8928,1.0,1601481600,1604159700
2020,S224,11,8640,8640,8640,1.0,0,8640,0,1.0,1,0,0,8640,1.0,1604160000,1606751700
2020,S224,12,8619,8619,8928,0.96538978,309,8898,279,0.96864464,1,0,0,8619,0.96538978,1606752000,1609421100
2020,S226,1,0,0,8928,0.0,8928,0,0,,0,0,0,0,0.0,,
2020,S226,2,0,0,8352,0.0,8352,0,0,,0,0,0,0,0.0,,
2020,S226,3,0,0,8928,0.0,8928,0,0,,0,0,0,0,0.0,,
2020,S226,4,0,0,8640,0.0,8640,0,0,,0,0,0,0,0.0,,
2020,S226,5,0,0,8928,0.0,8928,0,0,,0,0,0,0,0.0,,
2020,S226,6,4454,4454,8640,0.51550926,4186,4454,0,1.0,1,0,0,4454,0.51550926,1592196600,1593532500
2020,S226,7,7846,7846,8928,0.87880824,1082,8688,842,0.90308471,1,0,0,7846,0.87880824,1593532800,1596138900
2020,S226,8,7033,7033,8928,0.78774642,1895,8885,1852,0.79155881,1,0,0,7033,0.78774642,1596224100,1598889300
2020,S226,9,8637,8637,8640,0.99965278,3,8640,3,0.99965278,1,0,0,8637,0.99965278,1598889600,1601481300
2020,S226,10,8928,8928,8928,1.0,0,8928,0,1.0,1,0,0,8928,1.0,1601481600,1604159700
2020,S226,11,8640,8640,8640,1.0,0,8640,0,1.0,1,0,0,8640,1.0,1604160000,1606751700
2020,S226,12,8928,8928,8928,1.0,0,8928,0,1.0,1,0,0,8928,1.0,1606752000,1609430100
2020,S227,1,0,0,8928,0.0,8928,0,0,,0,0,0,0,0.0,,
2020,S227,2,0,0,8352,0.0,8352,0,0,,0,0,0,0,0.0,,
2020,S227,3,0,0,8928,0.0,8928,0,0,,0,0,0,0,0.0,,
2020,S227,4,0,0,8640,0.0,8640,0,0,,0,0,0,0,0.0,,
2020,S227,5,0,0,8928,0.0,8928,0,0,,0,0,0,0,0.0,,
2020,S227,6,4454,4454,8640,0.51550926,4186,4454,0,1.0,1,0,0,4454,0.51550926,1592196600,1593532500
2020,S227,7,7842,7842,8928,0.87836022,1086,8688,846,0.90262431,1,0,0,7842,0.87836022,1593532800,1596138900
2020,S227,8,6987,6987,8928,0.78259409,1941,8885,1898,0.78638154,1,0,0,6987,0.78259409,1596224100,1598889300
2020,S227,9,8452,8452,8640,0.97824074,188,8640,188,0.97824074,1,0,0,8452,0.97824074,1598889600,1601481300
2020,S227,10,8164,8164,8928,0.91442652,764,8928,764,0.91442652,1,0,0,8164,0.91442652,1601481600,1604159700
2020,S227,11,8640,8640,8640,1.0,0,8640,0,1.0,1,0,0,8640,1.0,1604160000,1606751700
2020,S227,12,8928,8928,8928,1.0,0,8928,0,1.0,1,0,0,8928,1.0,1606752000,1609430100
2020,S228,1,0,0,8928,0.0,8928,0,0,,0,0,0,0,0.0,,
2020,S228,2,0,0,8352,0.0,8352,0,0,,0,0,0,0,0.0,,
2020,S228,3,0,0,8928,0.0,8928,0,0,,0,0,0,0,0.0,,
2020,S228,4,0,0,8640,0.0,8640,0,0,,0,0,0,0,0.0,,
2020,S228,5,0,0,8928,0.0,8928,0,0,,0,0,0,0,0.0,,
2020,S228,6,4454,4454,8640,0.51550926,4186,4454,0,1.0,1,0,0,4454,0.51550926,1592196600,1593532500
2020,S228,7,5867,5867,8928,0.65714606,3061,8688,2821,0.67529926,1,0,0,5867,0.65714606,1593532800,1596138900
2020,S228,8,7033,7033,8928,0.78774642,1895,8885,1852,0.79155881,1,0,0,7033,0.78774642,1596224100,1598889300
2020,S228,9,8637,8637,8640,0.99965278,3,8640,3,0.99965278,1,0,0,8637,0.99965278,1598889600,1601481300
2020,S228,10,8928,8928,8928,1.0,0,8928,0,1.0,1,0,0,8928,1.0,1601481600,1604159700
2020,S228,11,8640,8640,8640,1.0,0,8640,0,1.0,1,0,0,8640,1.0,1604160000,1606751700
2020,S228,12,8903,8903,8928,0.99719982,25,8928,25,0.99719982,1,0,0,8903,0.99719982,1606752000,1609430100
2020,S229,1,0,0,8928,0.0,8928,0,0,,0,0,0,0,0.0,,
2020,S229,2,0,0,8352,0.0,8352,0,0,,0,0,0,0,0.0,,
2020,S229,3,0,0,8928,0.0,8928,0,0,,0,0,0,0,0.0,,
2020,S229,4,0,0,8640,0.0,8640,0,0,,0,0,0,0,0.0,,
2020,S229,5,0,0,8928,0.0,8928,0,0,,0,0,0,0,0.0,,
2020,S229,6,4454,4454,8640,0.51550926,4186,4454,0,1.0,1,0,0,4454,0.51550926,1592196600,1593532500
2020,S229,7,7846,7846,8928,0.87880824,1082,8688,842,0.90308471,1,0,0,7846,0.87880824,1593532800,1596138900
2020,S229,8,7033,7033,8928,0.78774642,1895,8885,1852,0.79155881,1,0,0,7033,0.78774642,1596224100,1598889300
2020,S229,9,8637,8637,8640,0.99965278,3,8640,3,0.99965278,1,0,0,8637,0.99965278,1598889600,1601481300
2020,S229,10,8928,8928,8928,1.0,0,8928,0,1.0,1,0,0,8928,1.0,1601481600,1604159700
2020,S229,11,8640,8640,8640,1.0,0,8640,0,1.0,1,0,0,8640,1.0,1604160000,1606751700
2020,S229,12,8910,8910,8928,0.99798387,18,8928,18,0.99798387,1,0,0,8910,0.99798387,1606752000,1609430100
2020,S230,1,0,0,8928,0.0,8928,0,0,,0,0,0,0,0.0,,
2020,S230,2,0,0,8352,0.0,8352,0,0,,0,0,0,0,0.0,,
2020,S230,3,0,0,8928,0.0,8928,0,0,,0,0,0,0,0.0,,
2020,S230,4,0,0,8640,0.0,8640,0,0,,0,0,0,0,0.0,,
2020,S230,5,0,0,8928,0.0,8928,0,0,,0,0,0,0,0.0,,
2020,S230,6,4454,4454,8640,0.51550926,4186,4454,0,1.0,1,0,0,4454,0.51550926,1592196600,1593532500
2020,S230,7,7846,7846,8928,0.87880824,1082,8688,842,0.90308471,1,0,0,7846,0.87880824,1593532800,1596138900
2020,S230,8,7033,7033,8928,0.78774642,1895,8885,1852,0.79155881,1,0,0,7033,0.78774642,1596224100,1598889300
2020,S230,9,8637,8637,8640,0.99965278,3,8640,3,0.99965278,1,0,0,8637,0.99965278,1598889600,1601481300
2020,S230,10,8928,8928,8928,1.0,0,8928,0,1.0,1,0,0,8928,1.0,1601481600,1604159700
2020,S230,11,8072,8072,8640,0.93425926,568,8572,500,0.94167056,1,0,0,8072,0.93425926,1604160000,1606731300
2020,S230,12,8343,8343,8928,0.93447581,585,8838,495,0.94399185,1,0,0,8343,0.93447581,1606779000,1609430100
2020,S24,1,8906,8906,8928,0.99753584,22,8928,22,0.99753584,1,0,0,8906,0.99753584,1577808000,1580486100
2020,S24,2,8352,8352,8352,1.0,0,8352,0,1.0,1,0,0,8352,1.0,1580486400,1582991700
2020,S24,3,8923,8923,8928,0.99943996,5,8928,5,0.99943996,1,0,0,8923,0.99943996,1582992000,1585670100
2020,S24,4,8638,8638,8640,0.99976852,2,8640,2,0.99976852,1,0,0,8638,0.99976852,1585670400,1588262100
2020,S24,5,8906,8906,8928,0.99753584,22,8928,22,0.99753584,1,0,0,8906,0.99753584,1588262400,1590940500
2020,S24,6,7703,7703,8640,0.89155093,937,8640,937,0.89155093,1,0,0,7703,0.89155093,1590940800,1593532500
2020,S24,7,7840,7840,8928,0.8781362,1088,8688,848,0.90239411,1,0,0,7840,0.8781362,1593532800,1596138900
2020,S24,8,7025,7025,8928,0.78685036,1903,8885,1860,0.79065841,1,0,0,7025,0.78685036,1596224100,1598889300
2020,S24,9,8630,8630,8640,0.99884259,10,8640,10,0.99884259,1,0,0,8630,0.99884259,1598889600,1601481300
2020,S24,10,8871,8871,8928,0.99361559,57,8928,57,0.99361559,1,0,0,8871,0.99361559,1601481600,1604159700
2020,S24,11,8626,8626,8640,0.99837963,14,8640,14,0.99837963,1,0,0,8626,0.99837963,1604160000,1606751700
2020,S24,12,8925,8925,8928,0.99966398,3,8928,3,0.99966398,1,0,0,8925,0.99966398,1606752000,1609430100
2020,S29,1,8909,8909,8928,0.99787186,19,8928,19,0.99787186,1,0,0,8909,0.99787186,1577808000,1580486100
2020,S29,2,8352,8352,8352,1.0,0,8352,0,1.0,1,0,0,8352,1.0,1580486400,1582991700
2020,S29,3,8928,8928,8928,1.0,0,8928,0,1.0,1,0,0,8928,1.0,1582992000,1585670100
2020,S29,4,8640,8640,8640,1.0,0,8640,0,1.0,1,0,0,8640,1.0,1585670400,1588262100
2020,S29,5,7880,7880,8928,0.88261649,1048,8928,1048,0.88261649,1,0,0,7880,0.88261649,1588262400,1590940500
2020,S29,6,4867,4867,8640,0.56331019,3773,8640,3773,0.56331019,1,0,0,4867,0.56331019,1590940800,1593532500
2020,S29,7,4895,4895,8928,0.54827509,4033,8185,3290,0.5980452,1,0,0,4895,0.54827509,1593532800,1595988000
2020,S29,8,4506,4506,8928,0.5047043,4422,7071,2565,0.63725074,1,0,0,4506,0.5047043,1596768300,1598889300
2020,S29,9,5994,5994,8640,0.69375,2646,8640,2646,0.69375,1,0,0,5994,0.69375,1598889600,1601481300
2020,S29,10,5166,5166,8928,0.57862903,3762,8876,3710,0.58201893,1,0,0,5166,0.57862903,1601481600,1604144100
2020,S29,11,4198,4198,8640,0.48587963,4442,8484,4286,0.49481377,1,0,0,4198,0.48587963,1604185800,1606730700
2020,S29,12,6239,6239,8928,0.69881272,2689,8828,2589,0.70672859,1,0,0,6239,0.69881272,1606782000,1609430100
2020,S33,1,8908,8908,8928,0.99775986,20,8928,20,0.99775986,1,0,0,8908,0.99775986,1577808000,1580486100
2020,S33,2,8352,8352,8352,1.0,0,8352,0,1.0,1,0,0,8352,1.0,1580486400,1582991700
2020,S33,3,8928,8928,8928,1.0,0,8928,0,1.0,1,0,0,8928,1.0,1582992000,1585670100
2020,S33,4,8640,8640,8640,1.0,0,8640,0,1.0,1,0,0,8640,1.0,1585670400,1588262100
2020,S33,5,8920,8920,8928,0.99910394,8,8928,8,0.99910394,1,0,0,8920,0.99910394,1588262400,1590940500
2020,S33,6,7370,7370,8640,0.85300926,1270,8640,1270,0.85300926,1,0,0,7370,0.85300926,1590940800,1593532500
2020,S33,7,7842,7842,8928,0.87836022,1086,8688,846,0.90262431,1,0,0,7842,0.87836022,1593532800,1596138900
2020,S33,8,7035,7035,8928,0.78797043,1893,8885,1850,0.79178391,1,0,0,7035,0.78797043,1596224100,1598889300
2020,S33,9,8552,8552,8640,0.98981481,88,8640,88,0.98981481,1,0,0,8552,0.98981481,1598889600,1601481300
2020,S33,10,8927,8927,8928,0.99988799,1,8928,1,0.99988799,1,0,0,8927,0.99988799,1601481600,1604159700
2020,S33,11,8640,8640,8640,1.0,0,8640,0,1.0,1,0,0,8640,1.0,1604160000,1606751700
2020,S33,12,8927,8927,8928,0.99988799,1,8928,1,0.99988799,1,0,0,8927,0.99988799,1606752000,1609430100
2020,S35,1,8908,8908,8928,0.99775986,20,8928,20,0.99775986,1,0,0,8908,0.99775986,1577808000,1580486100
2020,S35,2,8352,8352,8352,1.0,0,8352,0,1.0,1,0,0,8352,1.0,1580486400,1582991700
2020,S35,3,8928,8928,8928,1.0,0,8928,0,1.0,1,0,0,8928,1.0,1582992000,1585670100
2020,S35,4,8636,8636,8640,0.99953704,4,8640,4,0.99953704,1,0,0,8636,0.99953704,1585670400,1588262100
2020,S35,5,6527,6527,8928,0.73107079,2401,8928,2401,0.73107079,1,0,0,6527,0.73107079,1588262400,1590940500
2020,S35,6,6781,6781,8640,0.78483796,1859,8640,1859,0.78483796,1,0,0,6781,0.78483796,1590940800,1593532500
2020,S35,7,7787,7787,8928,0.87219982,1141,8688,901,0.89629374,1,0,0,7787,0.87219982,1593532800,1596138900
2020,S35,8,6841,6841,8928,0.76624104,2087,8885,2044,0.76994935,1,0,0,6841,0.76624104,1596224100,1598889300
2020,S35,9,7847,7847,8640,0.90821759,793,8640,793,0.90821759,1,0,0,7847,0.90821759,1598889600,1601481300
2020,S35,10,8915,8915,8928,0.99854391,13,8928,13,0.99854391,1,0,0,8915,0.99854391,1601481600,1604159700
2020,S35,11,8561,8561,8640,0.99085648,79,8640,79,0.99085648,1,0,0,8561,0.99085648,1604160000,1606751700
2020,S35,12,8639,8639,8928,0.96762993,289,8928,289,0.96762993,1,0,0,8639,0.96762993,1606752000,1609430100
2020,S36,1,2203,2203,8928,0.24675179,6725,8712,6509,0.25286961,1,0,0,2203,0.24675179,1577854200,1580467500
2020,S36,2,2164,2164,8352,0.25909962,6188,8214,6050,0.26345264,1,0,0,2164,0.25909962,1580522700,1582986600
2020,S36,3,1320,1320,8928,0.14784946,7608,8690,7370,0.15189873,1,0,0,1320,0.14784946,1583043000,1585649700
2020,S36,4,1338,1338,8640,0.15486111,7302,8336,6998,0.16050864,1,0,0,1338,0.15486111,1585724700,1588225200
2020,S36,5,1389,1389,8928,0.15557796,7539,8787,7398,0.15807443,1,0,0,1389,0.15557796,1588304700,1590940500
2020,S36,6,1920,1920,8640,0.22222222,6720,7762,5842,0.24735893,1,0,0,1920,0.22222222,1590940800,1593269100
2020,S36,7,1305,1305,8928,0.14616935,7623,6619,5314,0.19715969,1,0,0,1305,0.14616935,1593678600,1595664000
2020,S36,8,1606,1606,8928,0.17988351,7322,8885,7279,0.18075408,1,0,0,1606,0.17988351,1596224100,1598889300
2020,S36,9,2214,2214,8640,0.25625,6426,8640,6426,0.25625,1,0,0,2214,0.25625,1598889600,1601481300
2020,S36,10,1199,1199,8928,0.13429659,7729,6289,5090,0.19065034,1,0,0,1199,0.13429659,1601481600,1603368000
2020,S36,11,1688,1688,8640,0.19537037,6952,6427,4739,0.26264198,1,0,0,1688,0.19537037,1604646300,1606574100
2020,S36,12,1725,1725,8928,0.19321237,7203,5518,3793,0.31261327,1,0,0,1725,0.19321237,1606891500,1608546600
2020,S40,1,8909,8909,8928,0.99787186,19,8928,19,0.99787186,1,0,0,8909,0.99787186,1577808000,1580486100
2020,S40,2,8352,8352,8352,1.0,0,8352,0,1.0,1,0,0,8352,1.0,1580486400,1582991700
2020,S40,3,8928,8928,8928,1.0,0,8928,0,1.0,1,0,0,8928,1.0,1582992000,1585670100
2020,S40,4,8565,8565,8640,0.99131944,75,8640,75,0.99131944,1,0,0,8565,0.99131944,1585670400,1588262100
2020,S40,5,8897,8897,8928,0.99652778,31,8928,31,0.99652778,1,0,0,8897,0.99652778,1588262400,1590940500
2020,S40,6,7216,7216,8640,0.83518519,1424,8640,1424,0.83518519,1,0,0,7216,0.83518519,1590940800,1593532500
2020,S40,7,7699,7699,8928,0.86234319,1229,8688,989,0.88616483,1,0,0,7699,0.86234319,1593532800,1596138900
2020,S40,8,6966,6966,8928,0.78024194,1962,8885,1919,0.78401801,1,0,0,6966,0.78024194,1596224100,1598889300
2020,S40,9,8615,8615,8640,0.99710648,25,8640,25,0.99710648,1,0,0,8615,0.99710648,1598889600,1601481300
2020,S40,10,8717,8717,8928,0.97636649,211,8928,211,0.97636649,1,0,0,8717,0.97636649,1601481600,1604159700
2020,S40,11,8629,8629,8640,0.99872685,11,8640,11,0.99872685,1,0,0,8629,0.99872685,1604160000,1606751700
2020,S40,12,8917,8917,8928,0.99876792,11,8928,11,0.99876792,1,0,0,8917,0.99876792,1606752000,1609430100
2020,S43,1,8909,8909,8928,0.99787186,19,8928,19,0.99787186,1,0,0,8909,0.99787186,1577808000,1580486100
2020,S43,2,8352,8352,8352,1.0,0,8352,0,1.0,1,0,0,8352,1.0,1580486400,1582991700
2020,S43,3,8928,8928,8928,1.0,0,8928,0,1.0,1,0,0,8928,1.0,1582992000,1585670100
2020,S43,4,8639,8639,8640,0.99988426,1,8640,1,0.99988426,1,0,0,8639,0.99988426,1585670400,1588262100
2020,S43,5,8920,8920,8928,0.99910394,8,8928,8,0.99910394,1,0,0,8920,0.99910394,1588262400,1590940500
2020,S43,6,7700,7700,8640,0.8912037,940,8640,940,0.8912037,1,0,0,7700,0.8912037,1590940800,1593532500
2020,S43,7,7840,7840,8928,0.8781362,1088,8688,848,0.90239411,1,0,0,7840,0.8781362,1593532800,1596138900
2020,S43,8,7023,7023,8928,0.78662634,1905,8885,1862,0.79043331,1,0,0,7023,0.78662634,1596224100,1598889300
2020,S43,9,8631,8631,8640,0.99895833,9,8640,9,0.99895833,1,0,0,8631,0.99895833,1598889600,1601481300
2020,S43,10,8730,8730,8928,0.97782258,198,8928,198,0.97782258,1,0,0,8730,0.97782258,1601481600,1604159700
2020,S43,11,8586,8586,8640,0.99375,54,8640,54,0.99375,1,0,0,8586,0.99375,1604160000,1606751700
2020,S43,12,8923,8923,8928,0.99943996,5,8928,5,0.99943996,1,0,0,8923,0.99943996,1606752000,1609430100
2020,S44,1,8909,8909,8928,0.99787186,19,8928,19,0.99787186,1,0,0,8909,0.99787186,1577808000,1580486100
2020,S44,2,8352,8352,8352,1.0,0,8352,0,1.0,1,0,0,8352,1.0,1580486400,1582991700
2020,S44,3,8641,8641,8928,0.96785394,287,8928,287,0.96785394,1,0,0,8641,0.96785394,1582992000,1585670100
2020,S44,4,8638,8638,8640,0.99976852,2,8640,2,0.99976852,1,0,0,8638,0.99976852,1585670400,1588262100
2020,S44,5,8927,8927,8928,0.99988799,1,8928,1,0.99988799,1,0,0,8927,0.99988799,1588262400,1590940500
2020,S44,6,7707,7707,8640,0.89201389,933,8640,933,0.89201389,1,0,0,7707,0.89201389,1590940800,1593532500
2020,S44,7,7839,7839,8928,0.87802419,1089,8688,849,0.90227901,1,0,0,7839,0.87802419,1593532800,1596138900
2020,S44,8,7033,7033,8928,0.78774642,1895,8885,1852,0.79155881,1,0,0,7033,0.78774642,1596224100,1598889300
2020,S44,9,8632,8632,8640,0.99907407,8,8640,8,0.99907407,1,0,0,8632,0.99907407,1598889600,1601481300
2020,S44,10,8923,8923,8928,0.99943996,5,8928,5,0.99943996,1,0,0,8923,0.99943996,1601481600,1604159700
2020,S44,11,8628,8628,8640,0.99861111,12,8640,12,0.99861111,1,0,0,8628,0.99861111,1604160000,1606751700
2020,S44,12,8921,8921,8928,0.99921595,7,8928,7,0.99921595,1,0,0,8921,0.99921595,1606752000,1609430100
2020,S46,1,8909,8909,8928,0.99787186,19,8928,19,0.99787186,1,0,0,8909,0.99787186,1577808000,1580486100
2020,S46,2,8352,8352,8352,1.0,0,8352,0,1.0,1,0,0,8352,1.0,1580486400,1582991700
2020,S46,3,8928,8928,8928,1.0,0,8928,0,1.0,1,0,0,8928,1.0,1582992000,1585670100
2020,S46,4,8640,8640,8640,1.0,0,8640,0,1.0,1,0,0,8640,1.0,1585670400,1588262100
2020,S46,5,8926,8926,8928,0.99977599,2,8928,2,0.99977599,1,0,0,8926,0.99977599,1588262400,1590940500
2020,S46,6,7707,7707,8640,0.89201389,933,8640,933,0.89201389,1,0,0,7707,0.89201389,1590940800,1593532500
2020,S46,7,7846,7846,8928,0.87880824,1082,8688,842,0.90308471,1,0,0,7846,0.87880824,1593532800,1596138900
2020,S46,8,7033,7033,8928,0.78774642,1895,8885,1852,0.79155881,1,0,0,7033,0.78774642,1596224100,1598889300
2020,S46,9,8637,8637,8640,0.99965278,3,8640,3,0.99965278,1,0,0,8637,0.99965278,1598889600,1601481300
2020,S46,10,8928,8928,8928,1.0,0,8928,0,1.0,1,0,0,8928,1.0,1601481600,1604159700
2020,S46,11,8637,8637,8640,0.99965278,3,8640,3,0.99965278,1,0,0,8637,0.99965278,1604160000,1606751700
2020,S46,12,1070,1070,8928,0.11984767,7858,1071,1,0.99906629,1,0,0,1070,0.11984767,1606752000,1607073000
2020,S50,1,8909,8909,8928,0.99787186,19,8928,19,0.99787186,1,0,0,8909,0.99787186,1577808000,1580486100
2020,S50,2,8350,8350,8352,0.99976054,2,8352,2,0.99976054,1,0,0,8350,0.99976054,1580486400,1582991700
2020,S50,3,8928,8928,8928,1.0,0,8928,0,1.0,1,0,0,8928,1.0,1582992000,1585670100
2020,S50,4,8640,8640,8640,1.0,0,8640,0,1.0,1,0,0,8640,1.0,1585670400,1588262100
2020,S50,5,8928,8928,8928,1.0,0,8928,0,1.0,1,0,0,8928,1.0,1588262400,1590940500
2020,S50,6,7707,7707,8640,0.89201389,933,8640,933,0.89201389,1,0,0,7707,0.89201389,1590940800,1593532500
2020,S50,7,7844,7844,8928,0.87858423,1084,8688,844,0.90285451,1,0,0,7844,0.87858423,1593532800,1596138900
2020,S50,8,7032,7032,8928,0.78763441,1896,8885,1853,0.79144626,1,0,0,7032,0.78763441,1596224100,1598889300
2020,S50,9,8629,8629,8640,0.99872685,11,8640,11,0.99872685,1,0,0,8629,0.99872685,1598889600,1601481300
2020,S50,10,8923,8923,8928,0.99943996,5,8928,5,0.99943996,1,0,0,8923,0.99943996,1601481600,1604159700
2020,S50,11,8636,8636,8640,0.99953704,4,8640,4,0.99953704,1,0,0,8636,0.99953704,1604160000,1606751700
2020,S50,12,8917,8917,8928,0.99876792,11,8928,11,0.99876792,1,0,0,8917,0.99876792,1606752000,1609430100
2020,S60,1,8051,8051,8928,0.90176971,877,8928,877,0.90176971,1,0,0,8051,0.90176971,1577808000,1580486100
2020,S60,2,8352,8352,8352,1.0,0,8352,0,1.0,1,0,0,8352,1.0,1580486400,1582991700
2020,S60,3,8928,8928,8928,1.0,0,8928,0,1.0,1,0,0,8928,1.0,1582992000,1585670100
2020,S60,4,4682,4682,8640,0.54189815,3958,4682,0,1.0,1,0,0,4682,0.54189815,1585670400,1587074700
2020,S60,5,0,0,8928,0.0,8928,0,0,,0,0,0,0,0.0,,
2020,S60,6,5383,5383,8640,0.62303241,3257,5569,186,0.96660083,1,0,0,5383,0.62303241,1591862100,1593532500
2020,S60,7,7450,7450,8928,0.83445341,1478,8688,1238,0.8575046,1,0,0,7450,0.83445341,1593532800,1596138900
2020,S60,8,7023,7023,8928,0.78662634,1905,8885,1862,0.79043331,1,0,0,7023,0.78662634,1596224100,1598889300
2020,S60,9,8630,8630,8640,0.99884259,10,8640,10,0.99884259,1,0,0,8630,0.99884259,1598889600,1601481300
2020,S60,10,8925,8925,8928,0.99966398,3,8928,3,0.99966398,1,0,0,8925,0.99966398,1601481600,1604159700
2020,S60,11,8635,8635,8640,0.9994213,5,8640,5,0.9994213,1,0,0,8635,0.9994213,1604160000,1606751700
2020,S60,12,8912,8912,8928,0.99820789,16,8928,16,0.99820789,1,0,0,8912,0.99820789,1606752000,1609430100
2020,S61,1,8909,8909,8928,0.99787186,19,8928,19,0.99787186,1,0,0,8909,0.99787186,1577808000,1580486100
2020,S61,2,8352,8352,8352,1.0,0,8352,0,1.0,1,0,0,8352,1.0,1580486400,1582991700
2020,S61,3,8928,8928,8928,1.0,0,8928,0,1.0,1,0,0,8928,1.0,1582992000,1585670100
2020,S61,4,8640,8640,8640,1.0,0,8640,0,1.0,1,0,0,8640,1.0,1585670400,1588262100
2020,S61,5,8928,8928,8928,1.0,0,8928,0,1.0,1,0,0,8928,1.0,1588262400,1590940500
2020,S61,6,7707,7707,8640,0.89201389,933,8640,933,0.89201389,1,0,0,7707,0.89201389,1590940800,1593532500
2020,S61,7,7843,7843,8928,0.87847222,1085,8688,845,0.90273941,1,0,0,7843,0.87847222,1593532800,1596138900
2020,S61,8,7028,7028,8928,0.78718638,1900,8885,1857,0.79099606,1,0,0,7028,0.78718638,1596224100,1598889300
2020,S61,9,8628,8628,8640,0.99861111,12,8640,12,0.99861111,1,0,0,8628,0.99861111,1598889600,1601481300
2020,S61,10,8800,8800,8928,0.98566308,128,8928,128,0.98566308,1,0,0,8800,0.98566308,1601481600,1604159700
2020,S61,11,8630,8630,8640,0.99884259,10,8640,10,0.99884259,1,0,0,8630,0.99884259,1604160000,1606751700
2020,S61,12,8922,8922,8928,0.99932796,6,8928,6,0.99932796,1,0,0,8922,0.99932796,1606752000,1609430100
2020,S64,1,6096,6096,8928,0.6827957,2832,8056,1960,0.75670308,1,0,0,6096,0.6827957,1577808000,1580224500
2020,S64,2,0,0,8352,0.0,8352,0,0,,0,0,0,0,0.0,,
2020,S64,3,0,0,8928,0.0,8928,0,0,,0,0,0,0,0.0,,
2020,S64,4,0,0,8640,0.0,8640,0,0,,0,0,0,0,0.0,,
2020,S64,5,0,0,8928,0.0,8928,0,0,,0,0,0,0,0.0,,
2020,S64,6,0,0,8640,0.0,8640,0,0,,0,0,0,0,0.0,,
2020,S64,7,0,0,8928,0.0,8928,0,0,,0,0,0,0,0.0,,
2020,S64,8,0,0,8928,0.0,8928,0,0,,0,0,0,0,0.0,,
2020,S64,9,0,0,8640,0.0,8640,0,0,,0,0,0,0,0.0,,
2020,S64,10,0,0,8928,0.0,8928,0,0,,0,0,0,0,0.0,,
2020,S64,11,0,0,8640,0.0,8640,0,0,,0,0,0,0,0.0,,
2020,S64,12,0,0,8928,0.0,8928,0,0,,0,0,0,0,0.0,,
2020,S66,1,8909,8909,8928,0.99787186,19,8928,19,0.99787186,1,0,0,8909,0.99787186,1577808000,1580486100
2020,S66,2,8352,8352,8352,1.0,0,8352,0,1.0,1,0,0,8352,1.0,1580486400,1582991700
2020,S66,3,8928,8928,8928,1.0,0,8928,0,1.0,1,0,0,8928,1.0,1582992000,1585670100
2020,S66,4,8640,8640,8640,1.0,0,8640,0,1.0,1,0,0,8640,1.0,1585670400,1588262100
2020,S66,5,8927,8927,8928,0.99988799,1,8928,1,0.99988799,1,0,0,8927,0.99988799,1588262400,1590940500
2020,S66,6,7474,7474,8640,0.8650463,1166,8640,1166,0.8650463,1,0,0,7474,0.8650463,1590940800,1593532500
2020,S66,7,7846,7846,8928,0.87880824,1082,8688,842,0.90308471,1,0,0,7846,0.87880824,1593532800,1596138900
2020,S66,8,7041,7041,8928,0.78864247,1887,8885,1844,0.7924592,1,0,0,7041,0.78864247,1596224100,1598889300
2020,S66,9,8349,8349,8640,0.96631944,291,8640,291,0.96631944,1,0,0,8349,0.96631944,1598889600,1601481300
2020,S66,10,8927,8927,8928,0.99988799,1,8928,1,0.99988799,1,0,0,8927,0.99988799,1601481600,1604159700
2020,S66,11,8627,8627,8640,0.99849537,13,8640,13,0.99849537,1,0,0,8627,0.99849537,1604160000,1606751700
2020,S66,12,8921,8921,8928,0.99921595,7,8928,7,0.99921595,1,0,0,8921,0.99921595,1606752000,1609430100
2020,S69,1,8909,8909,8928,0.99787186,19,8928,19,0.99787186,1,0,0,8909,0.99787186,1577808000,1580486100
2020,S69,2,8352,8352,8352,1.0,0,8352,0,1.0,1,0,0,8352,1.0,1580486400,1582991700
2020,S69,3,8927,8927,8928,0.99988799,1,8928,1,0.99988799,1,0,0,8927,0.99988799,1582992000,1585670100
2020,S69,4,8640,8640,8640,1.0,0,8640,0,1.0,1,0,0,8640,1.0,1585670400,1588262100
2020,S69,5,8921,8921,8928,0.99921595,7,8928,7,0.99921595,1,0,0,8921,0.99921595,1588262400,1590940500
2020,S69,6,7366,7366,8640,0.8525463,1274,8640,1274,0.8525463,1,0,0,7366,0.8525463,1590940800,1593532500
2020,S69,7,5872,5872,8928,0.65770609,3056,6269,397,0.93667252,1,0,0,5872,0.65770609,1593532800,1595413200
2020,S69,8,4169,4169,8928,0.46695789,4759,4170,1,0.99976019,1,0,0,4169,0.46695789,1597638600,1598889300
2020,S69,9,8630,8630,8640,0.99884259,10,8640,10,0.99884259,1,0,0,8630,0.99884259,1598889600,1601481300
2020,S69,10,8919,8919,8928,0.99899194,9,8928,9,0.99899194,1,0,0,8919,0.99899194,1601481600,1604159700
2020,S69,11,8637,8637,8640,0.99965278,3,8640,3,0.99965278,1,0,0,8637,0.99965278,1604160000,1606751700
2020,S69,12,8923,8923,8928,0.99943996,5,8928,5,0.99943996,1,0,0,8923,0.99943996,1606752000,1609430100
2020,S71,1,8896,8896,8928,0.99641577,32,8928,32,0.99641577,1,0,0,8896,0.99641577,1577808000,1580486100
2020,S71,2,8352,8352,8352,1.0,0,8352,0,1.0,1,0,0,8352,1.0,1580486400,1582991700
2020,S71,3,8928,8928,8928,1.0,0,8928,0,1.0,1,0,0,8928,1.0,1582992000,1585670100
2020,S71,4,8634,8634,8640,0.99930556,6,8640,6,0.99930556,1,0,0,8634,0.99930556,1585670400,1588262100
2020,S71,5,8918,8918,8928,0.99887993,10,8928,10,0.99887993,1,0,0,8918,0.99887993,1588262400,1590940500
2020,S71,6,6929,6929,8640,0.80196759,1711,8640,1711,0.80196759,1,0,0,6929,0.80196759,1590940800,1593532500
2020,S71,7,7825,7825,8928,0.87645609,1103,8688,863,0.90066759,1,0,0,7825,0.87645609,1593532800,1596138900
2020,S71,8,6178,6178,8928,0.69198029,2750,8885,2707,0.69532921,1,0,0,6178,0.69198029,1596224100,1598889300
2020,S71,9,8631,8631,8640,0.99895833,9,8640,9,0.99895833,1,0,0,8631,0.99895833,1598889600,1601481300
2020,S71,10,8924,8924,8928,0.99955197,4,8928,4,0.99955197,1,0,0,8924,0.99955197,1601481600,1604159700
2020,S71,11,8636,8636,8640,0.99953704,4,8640,4,0.99953704,1,0,0,8636,0.99953704,1604160000,1606751700
2020,S71,12,8928,8928,8928,1.0,0,8928,0,1.0,1,0,0,8928,1.0,1606752000,1609430100
2020,S77,1,8909,8909,8928,0.99787186,19,8928,19,0.99787186,1,0,0,8909,0.99787186,1577808000,1580486100
2020,S77,2,8352,8352,8352,1.0,0,8352,0,1.0,1,0,0,8352,1.0,1580486400,1582991700
2020,S77,3,8928,8928,8928,1.0,0,8928,0,1.0,1,0,0,8928,1.0,1582992000,1585670100
2020,S77,4,8640,8640,8640,1.0,0,8640,0,1.0,1,0,0,8640,1.0,1585670400,1588262100
2020,S77,5,8916,8916,8928,0.99865591,12,8928,12,0.99865591,1,0,0,8916,0.99865591,1588262400,1590940500
2020,S77,6,7699,7699,8640,0.89108796,941,8640,941,0.89108796,1,0,0,7699,0.89108796,1590940800,1593532500
2020,S77,7,7842,7842,8928,0.87836022,1086,8688,846,0.90262431,1,0,0,7842,0.87836022,1593532800,1596138900
2020,S77,8,7036,7036,8928,0.78808244,1892,8885,1849,0.79189645,1,0,0,7036,0.78808244,1596224100,1598889300
2020,S77,9,8634,8634,8640,0.99930556,6,8640,6,0.99930556,1,0,0,8634,0.99930556,1598889600,1601481300
2020,S77,10,8907,8907,8928,0.99764785,21,8928,21,0.99764785,1,0,0,8907,0.99764785,1601481600,1604159700
2020,S77,11,8576,8576,8640,0.99259259,64,8640,64,0.99259259,1,0,0,8576,0.99259259,1604160000,1606751700
2020,S77,12,8877,8877,8928,0.99428763,51,8928,51,0.99428763,1,0,0,8877,0.99428763,1606752000,1609430100
2020,S78,1,8909,8909,8928,0.99787186,19,8928,19,0.99787186,1,0,0,8909,0.99787186,1577808000,1580486100
2020,S78,2,8352,8352,8352,1.0,0,8352,0,1.0,1,0,0,8352,1.0,1580486400,1582991700
2020,S78,3,8928,8928,8928,1.0,0,8928,0,1.0,1,0,0,8928,1.0,1582992000,1585670100
2020,S78,4,8638,8638,8640,0.99976852,2,8640,2,0.99976852,1,0,0,8638,0.99976852,1585670400,1588262100
2020,S78,5,8927,8927,8928,0.99988799,1,8928,1,0.99988799,1,0,0,8927,0.99988799,1588262400,1590940500
2020,S78,6,7707,7707,8640,0.89201389,933,8640,933,0.89201389,1,0,0,7707,0.89201389,1590940800,1593532500
2020,S78,7,7845,7845,8928,0.87869624,1083,8688,843,0.90296961,1,0,0,7845,0.87869624,1593532800,1596138900
2020,S78,8,7025,7025,8928,0.78685036,1903,8885,1860,0.79065841,1,0,0,7025,0.78685036,1596224100,1598889300
2020,S78,9,8624,8624,8640,0.99814815,16,8640,16,0.99814815,1,0,0,8624,0.99814815,1598889600,1601481300
2020,S78,10,8919,8919,8928,0.99899194,9,8928,9,0.99899194,1,0,0,8919,0.99899194,1601481600,1604159700
2020,S78,11,8633,8633,8640,0.99918981,7,8640,7,0.99918981,1,0,0,8633,0.99918981,1604160000,1606751700
2020,S78,12,8920,8920,8928,0.99910394,8,8928,8,0.99910394,1,0,0,8920,0.99910394,1606752000,1609430100
2020,S79,1,8849,8849,8928,0.99115143,79,8928,79,0.99115143,1,0,0,8849,0.99115143,1577808000,1580486100
2020,S79,2,8314,8314,8352,0.99545019,38,8352,38,0.99545019,1,0,0,8314,0.99545019,1580486400,1582991700
2020,S79,3,8827,8827,8928,0.98868728,101,8928,101,0.98868728,1,0,0,8827,0.98868728,1582992000,1585670100
2020,S79,4,8570,8570,8640,0.99189815,70,8640,70,0.99189815,1,0,0,8570,0.99189815,1585670400,1588262100
2020,S79,5,8919,8919,8928,0.99899194,9,8928,9,0.99899194,1,0,0,8919,0.99899194,1588262400,1590940500
2020,S79,6,7703,7703,8640,0.89155093,937,8640,937,0.89155093,1,0,0,7703,0.89155093,1590940800,1593532500
2020,S79,7,7835,7835,8928,0.87757616,1093,8688,853,0.9018186,1,0,0,7835,0.87757616,1593532800,1596138900
2020,S79,8,7015,7015,8928,0.78573029,1913,8885,1870,0.78953292,1,0,0,7015,0.78573029,1596224100,1598889300
2020,S79,9,8627,8627,8640,0.99849537,13,8640,13,0.99849537,1,0,0,8627,0.99849537,1598889600,1601481300
2020,S79,10,8887,8887,8928,0.99540771,41,8928,41,0.99540771,1,0,0,8887,0.99540771,1601481600,1604159700
2020,S79,11,8528,8528,8640,0.98703704,112,8640,112,0.98703704,1,0,0,8528,0.98703704,1604160000,1606751700
2020,S79,12,8835,8835,8928,0.98958333,93,8928,93,0.98958333,1,0,0,8835,0.98958333,1606752000,1609430100
2020,S81,1,8909,8909,8928,0.99787186,19,8928,19,0.99787186,1,0,0,8909,0.99787186,1577808000,1580486100
2020,S81,2,8350,8350,8352,0.99976054,2,8352,2,0.99976054,1,0,0,8350,0.99976054,1580486400,1582991700
2020,S81,3,8928,8928,8928,1.0,0,8928,0,1.0,1,0,0,8928,1.0,1582992000,1585670100
2020,S81,4,8640,8640,8640,1.0,0,8640,0,1.0,1,0,0,8640,1.0,1585670400,1588262100
2020,S81,5,8928,8928,8928,1.0,0,8928,0,1.0,1,0,0,8928,1.0,1588262400,1590940500
2020,S81,6,7707,7707,8640,0.89201389,933,8640,933,0.89201389,1,0,0,7707,0.89201389,1590940800,1593532500
2020,S81,7,7844,7844,8928,0.87858423,1084,8688,844,0.90285451,1,0,0,7844,0.87858423,1593532800,1596138900
2020,S81,8,7027,7027,8928,0.78707437,1901,8885,1858,0.79088351,1,0,0,7027,0.78707437,1596224100,1598889300
2020,S81,9,8626,8626,8640,0.99837963,14,8640,14,0.99837963,1,0,0,8626,0.99837963,1598889600,1601481300
2020,S81,10,8919,8919,8928,0.99899194,9,8928,9,0.99899194,1,0,0,8919,0.99899194,1601481600,1604159700
2020,S81,11,8629,8629,8640,0.99872685,11,8640,11,0.99872685,1,0,0,8629,0.99872685,1604160000,1606751700
2020,S81,12,8920,8920,8928,0.99910394,8,8928,8,0.99910394,1,0,0,8920,0.99910394,1606752000,1609430100
2020,S82,1,8908,8908,8928,0.99775986,20,8928,20,0.99775986,1,0,0,8908,0.99775986,1577808000,1580486100
2020,S82,2,8352,8352,8352,1.0,0,8352,0,1.0,1,0,0,8352,1.0,1580486400,1582991700
2020,S82,3,8927,8927,8928,0.99988799,1,8928,1,0.99988799,1,0,0,8927,0.99988799,1582992000,1585670100
2020,S82,4,8640,8640,8640,1.0,0,8640,0,1.0,1,0,0,8640,1.0,1585670400,1588262100
2020,S82,5,8927,8927,8928,0.99988799,1,8928,1,0.99988799,1,0,0,8927,0.99988799,1588262400,1590940500
2020,S82,6,7707,7707,8640,0.89201389,933,8640,933,0.89201389,1,0,0,7707,0.89201389,1590940800,1593532500
2020,S82,7,7843,7843,8928,0.87847222,1085,8688,845,0.90273941,1,0,0,7843,0.87847222,1593532800,1596138900
2020,S82,8,7039,7039,8928,0.78841846,1889,8885,1846,0.7922341,1,0,0,7039,0.78841846,1596224100,1598889300
2020,S82,9,8632,8632,8640,0.99907407,8,8640,8,0.99907407,1,0,0,8632,0.99907407,1598889600,1601481300
2020,S82,10,8916,8916,8928,0.99865591,12,8928,12,0.99865591,1,0,0,8916,0.99865591,1601481600,1604159700
2020,S82,11,5053,5053,8640,0.58483796,3587,5058,5,0.99901147,1,0,0,5053,0.58483796,1604160000,1605677100
2020,S82,12,7917,7917,8928,0.88676075,1011,7926,9,0.9988645,1,0,0,7917,0.88676075,1607052600,1609430100
2020,S84,1,4344,4344,8928,0.48655914,4584,8928,4584,0.48655914,1,0,0,4344,0.48655914,1577808000,1580486100
2020,S84,2,7729,7729,8352,0.92540709,623,8352,623,0.92540709,1,0,0,7729,0.92540709,1580486400,1582991700
2020,S84,3,8537,8537,8928,0.9562052,391,8928,391,0.9562052,1,0,0,8537,0.9562052,1582992000,1585670100
2020,S84,4,8230,8230,8640,0.9525463,410,8640,410,0.9525463,1,0,0,8230,0.9525463,1585670400,1588262100
2020,S84,5,8583,8583,8928,0.96135753,345,8928,345,0.96135753,1,0,0,8583,0.96135753,1588262400,1590940500
2020,S84,6,7083,7083,8640,0.81979167,1557,8640,1557,0.81979167,1,0,0,7083,0.81979167,1590940800,1593532500
2020,S84,7,7742,7742,8928,0.8671595,1186,8688,946,0.89111418,1,0,0,7742,0.8671595,1593532800,1596138900
2020,S84,8,6868,6868,8928,0.76926523,2060,8883,2015,0.77316222,1,0,0,6868,0.76926523,1596224700,1598889300
2020,S84,9,8513,8513,8640,0.98530093,127,8640,127,0.98530093,1,0,0,8513,0.98530093,1598889600,1601481300
2020,S84,10,8920,8920,8928,0.99910394,8,8928,8,0.99910394,1,0,0,8920,0.99910394,1601481600,1604159700
2020,S84,11,8608,8608,8640,0.9962963,32,8640,32,0.9962963,1,0,0,8608,0.9962963,1604160000,1606751700
2020,S84,12,8912,8912,8928,0.99820789,16,8928,16,0.99820789,1,0,0,8912,0.99820789,1606752000,1609430100
2020,S88,1,8909,8909,8928,0.99787186,19,8928,19,0.99787186,1,0,0,8909,0.99787186,1577808000,1580486100
2020,S88,2,8352,8352,8352,1.0,0,8352,0,1.0,1,0,0,8352,1.0,1580486400,1582991700
2020,S88,3,8927,8927,8928,0.99988799,1,8928,1,0.99988799,1,0,0,8927,0.99988799,1582992000,1585670100
2020,S88,4,8640,8640,8640,1.0,0,8640,0,1.0,1,0,0,8640,1.0,1585670400,1588262100
2020,S88,5,8927,8927,8928,0.99988799,1,8928,1,0.99988799,1,0,0,8927,0.99988799,1588262400,1590940500
2020,S88,6,7706,7706,8640,0.89189815,934,8640,934,0.89189815,1,0,0,7706,0.89189815,1590940800,1593532500
2020,S88,7,7845,7845,8928,0.87869624,1083,8688,843,0.90296961,1,0,0,7845,0.87869624,1593532800,1596138900
2020,S88,8,7031,7031,8928,0.7875224,1897,8885,1854,0.79133371,1,0,0,7031,0.7875224,1596224100,1598889300
2020,S88,9,8635,8635,8640,0.9994213,5,8640,5,0.9994213,1,0,0,8635,0.9994213,1598889600,1601481300
2020,S88,10,8928,8928,8928,1.0,0,8928,0,1.0,1,0,0,8928,1.0,1601481600,1604159700
2020,S88,11,8640,8640,8640,1.0,0,8640,0,1.0,1,0,0,8640,1.0,1604160000,1606751700
2020,S88,12,8925,8925,8928,0.99966398,3,8928,3,0.99966398,1,0,0,8925,0.99966398,1606752000,1609430100
2020,S89,1,8909,8909,8928,0.99787186,19,8928,19,0.99787186,1,0,0,8909,0.99787186,1577808000,1580486100
2020,S89,2,8352,8352,8352,1.0,0,8352,0,1.0,1,0,0,8352,1.0,1580486400,1582991700
2020,S89,3,8928,8928,8928,1.0,0,8928,0,1.0,1,0,0,8928,1.0,1582992000,1585670100
2020,S89,4,8640,8640,8640,1.0,0,8640,0,1.0,1,0,0,8640,1.0,1585670400,1588262100
2020,S89,5,8921,8921,8928,0.99921595,7,8928,7,0.99921595,1,0,0,8921,0.99921595,1588262400,1590940500
2020,S89,6,7700,7700,8640,0.8912037,940,8640,940,0.8912037,1,0,0,7700,0.8912037,1590940800,1593532500
2020,S89,7,7844,7844,8928,0.87858423,1084,8688,844,0.90285451,1,0,0,7844,0.87858423,1593532800,1596138900
2020,S89,8,7040,7040,8928,0.78853047,1888,8885,1845,0.79234665,1,0,0,7040,0.78853047,1596224100,1598889300
2020,S89,9,8627,8627,8640,0.99849537,13,8640,13,0.99849537,1,0,0,8627,0.99849537,1598889600,1601481300
2020,S89,10,8925,8925,8928,0.99966398,3,8928,3,0.99966398,1,0,0,8925,0.99966398,1601481600,1604159700
2020,S89,11,8629,8629,8640,0.99872685,11,8640,11,0.99872685,1,0,0,8629,0.99872685,1604160000,1606751700
2020,S89,12,8922,8922,8928,0.99932796,6,8928,6,0.99932796,1,0,0,8922,0.99932796,1606752000,1609430100
2020,S90,1,8909,8909,8928,0.99787186,19,8928,19,0.99787186,1,0,0,8909,0.99787186,1577808000,1580486100
2020,S90,2,8352,8352,8352,1.0,0,8352,0,1.0,1,0,0,8352,1.0,1580486400,1582991700
2020,S90,3,8149,8149,8928,0.91274642,779,8928,779,0.91274642,1,0,0,8149,0.91274642,1582992000,1585670100
2020,S90,4,8640,8640,8640,1.0,0,8640,0,1.0,1,0,0,8640,1.0,1585670400,1588262100
2020,S90,5,8919,8919,8928,0.99899194,9,8928,9,0.99899194,1,0,0,8919,0.99899194,1588262400,1590940500
2020,S90,6,7702,7702,8640,0.89143519,938,8640,938,0.89143519,1,0,0,7702,0.89143519,1590940800,1593532500
2020,S90,7,7767,7767,8928,0.86995968,1161,8688,921,0.89399171,1,0,0,7767,0.86995968,1593532800,1596138900
2020,S90,8,7033,7033,8928,0.78774642,1895,8885,1852,0.79155881,1,0,0,7033,0.78774642,1596224100,1598889300
2020,S90,9,8637,8637,8640,0.99965278,3,8640,3,0.99965278,1,0,0,8637,0.99965278,1598889600,1601481300
2020,S90,10,8928,8928,8928,1.0,0,8928,0,1.0,1,0,0,8928,1.0,1601481600,1604159700
2020,S90,11,8639,8639,8640,0.99988426,1,8640,1,0.99988426,1,0,0,8639,0.99988426,1604160000,1606751700
2020,S90,12,8926,8926,8928,0.99977599,2,8928,2,0.99977599,1,0,0,8926,0.99977599,1606752000,1609430100
2020,S900,1,8907,8907,8928,0.99764785,21,8928,21,0.99764785,1,0,0,8907,0.99764785,1577808000,1580486100
2020,S900,2,8336,8336,8352,0.99808429,16,8352,16,0.99808429,1,0,0,8336,0.99808429,1580486400,1582991700
2020,S900,3,8894,8894,8928,0.99619176,34,8928,34,0.99619176,1,0,0,8894,0.99619176,1582992000,1585670100
2020,S900,4,8639,8639,8640,0.99988426,1,8640,1,0.99988426,1,0,0,8639,0.99988426,1585670400,1588262100
2020,S900,5,8855,8855,8928,0.99182348,73,8928,73,0.99182348,1,0,0,8855,0.99182348,1588262400,1590940500
2020,S900,6,7705,7705,8640,0.89178241,935,8640,935,0.89178241,1,0,0,7705,0.89178241,1590940800,1593532500
2020,S900,7,7751,7751,8928,0.86816756,1177,8688,937,0.89215009,1,0,0,7751,0.86816756,1593532800,1596138900
2020,S900,8,6666,6666,8928,0.74663978,2262,8885,2219,0.75025324,1,0,0,6666,0.74663978,1596224100,1598889300
2020,S900,9,8357,8357,8640,0.96724537,283,8367,10,0.99880483,1,0,0,8357,0.96724537,1598889600,1601399400
2020,S900,10,8467,8467,8928,0.9483647,461,8474,7,0.99917394,1,0,0,8467,0.9483647,1601617800,1604159700
2020,S900,11,8628,8628,8640,0.99861111,12,8640,12,0.99861111,1,0,0,8628,0.99861111,1604160000,1606751700
2020,S900,12,8926,8926,8928,0.99977599,2,8928,2,0.99977599,1,0,0,8926,0.99977599,1606752000,1609430100
2020,S91,1,8909,8909,8928,0.99787186,19,8928,19,0.99787186,1,0,0,8909,0.99787186,1577808000,1580486100
2020,S91,2,8352,8352,8352,1.0,0,8352,0,1.0,1,0,0,8352,1.0,1580486400,1582991700
2020,S91,3,8921,8921,8928,0.99921595,7,8928,7,0.99921595,1,0,0,8921,0.99921595,1582992000,1585670100
2020,S91,4,8635,8635,8640,0.9994213,5,8640,5,0.9994213,1,0,0,8635,0.9994213,1585670400,1588262100
2020,S91,5,8922,8922,8928,0.99932796,6,8928,6,0.99932796,1,0,0,8922,0.99932796,1588262400,1590940500
2020,S91,6,7193,7193,8640,0.83252315,1447,8640,1447,0.83252315,1,0,0,7193,0.83252315,1590940800,1593532500
2020,S91,7,7839,7839,8928,0.87802419,1089,8688,849,0.90227901,1,0,0,7839,0.87802419,1593532800,1596138900
2020,S91,8,7030,7030,8928,0.78741039,1898,8885,1855,0.79122116,1,0,0,7030,0.78741039,1596224100,1598889300
2020,S91,9,8627,8627,8640,0.99849537,13,8640,13,0.99849537,1,0,0,8627,0.99849537,1598889600,1601481300
2020,S91,10,8912,8912,8928,0.99820789,16,8928,16,0.99820789,1,0,0,8912,0.99820789,1601481600,1604159700
2020,S91,11,8621,8621,8640,0.99780093,19,8640,19,0.99780093,1,0,0,8621,0.99780093,1604160000,1606751700
2020,S91,12,8926,8926,8928,0.99977599,2,8928,2,0.99977599,1,0,0,8926,0.99977599,1606752000,1609430100
2020,S92,1,8907,8907,8928,0.99764785,21,8928,21,0.99764785,1,0,0,8907,0.99764785,1577808000,1580486100
2020,S92,2,8352,8352,8352,1.0,0,8352,0,1.0,1,0,0,8352,1.0,1580486400,1582991700
2020,S92,3,8857,8857,8928,0.99204749,71,8928,71,0.99204749,1,0,0,8857,0.99204749,1582992000,1585670100
2020,S92,4,8609,8609,8640,0.99641204,31,8640,31,0.99641204,1,0,0,8609,0.99641204,1585670400,1588262100
2020,S92,5,8925,8925,8928,0.99966398,3,8928,3,0.99966398,1,0,0,8925,0.99966398,1588262400,1590940500
2020,S92,6,7707,7707,8640,0.89201389,933,8640,933,0.89201389,1,0,0,7707,0.89201389,1590940800,1593532500
2020,S92,7,7846,7846,8928,0.87880824,1082,8688,842,0.90308471,1,0,0,7846,0.87880824,1593532800,1596138900
2020,S92,8,7033,7033,8928,0.78774642,1895,8885,1852,0.79155881,1,0,0,7033,0.78774642,1596224100,1598889300
2020,S92,9,8559,8559,8640,0.990625,81,8640,81,0.990625,1,0,0,8559,0.990625,1598889600,1601481300
2020,S92,10,8928,8928,8928,1.0,0,8928,0,1.0,1,0,0,8928,1.0,1601481600,1604159700
2020,S92,11,7783,7783,8640,0.90081019,857,8610,827,0.9039489,1,0,0,7783,0.90081019,1604160000,1606742700
2020,S92,12,8007,8007,8928,0.8968414,921,8830,823,0.90679502,1,0,0,8007,0.8968414,1606781400,1609430100
2020,S94,1,8908,8908,8928,0.99775986,20,8928,20,0.99775986,1,0,0,8908,0.99775986,1577808000,1580486100
2020,S94,2,8350,8350,8352,0.99976054,2,8352,2,0.99976054,1,0,0,8350,0.99976054,1580486400,1582991700
2020,S94,3,8928,8928,8928,1.0,0,8928,0,1.0,1,0,0,8928,1.0,1582992000,1585670100
2020,S94,4,8640,8640,8640,1.0,0,8640,0,1.0,1,0,0,8640,1.0,1585670400,1588262100
2020,S94,5,8919,8919,8928,0.99899194,9,8928,9,0.99899194,1,0,0,8919,0.99899194,1588262400,1590940500
2020,S94,6,7701,7701,8640,0.89131944,939,8640,939,0.89131944,1,0,0,7701,0.89131944,1590940800,1593532500
2020,S94,7,7845,7845,8928,0.87869624,1083,8688,843,0.90296961,1,0,0,7845,0.87869624,1593532800,1596138900
2020,S94,8,7041,7041,8928,0.78864247,1887,8885,1844,0.7924592,1,0,0,7041,0.78864247,1596224100,1598889300
2020,S94,9,8637,8637,8640,0.99965278,3,8640,3,0.99965278,1,0,0,8637,0.99965278,1598889600,1601481300
2020,S94,10,8921,8921,8928,0.99921595,7,8928,7,0.99921595,1,0,0,8921,0.99921595,1601481600,1604159700
2020,S94,11,8628,8628,8640,0.99861111,12,8640,12,0.99861111,1,0,0,8628,0.99861111,1604160000,1606751700
2020,S94,12,8925,8925,8928,0.99966398,3,8928,3,0.99966398,1,0,0,8925,0.99966398,1606752000,1609430100
2021,S07,1,32,32,8928,0.00358423,8896,32,0,1.0,1,0,0,32,0.00358423,1609430400,1609439700
2021,S07,2,0,0,8064,0.0,8064,0,0,,0,0,0,0,0.0,,
2021,S07,3,0,0,8928,0.0,8928,0,0,,0,0,0,0,0.0,,
2021,S07,4,0,0,8640,0.0,8640,0,0,,0,0,0,0,0.0,,
2021,S07,5,0,0,8928,0.0,8928,0,0,,0,0,0,0,0.0,,
2021,S07,6,0,0,8640,0.0,8640,0,0,,0,0,0,0,0.0,,
2021,S07,7,0,0,8928,0.0,8928,0,0,,0,0,0,0,0.0,,
2021,S07,8,0,0,8928,0.0,8928,0,0,,0,0,0,0,0.0,,
2021,S07,9,0,0,8640,0.0,8640,0,0,,0,0,0,0,0.0,,
2021,S07,10,0,0,8928,0.0,8928,0,0,,0,0,0,0,0.0,,
2021,S07,11,0,0,8640,0.0,8640,0,0,,0,0,0,0,0.0,,
2021,S07,12,0,0,8928,0.0,8928,0,0,,0,0,0,0,0.0,,
2021,S08,1,7620,7620,8928,0.85349462,1308,8928,1308,0.85349462,1,0,0,7620,0.85349462,1609430400,1612108500
2021,S08,2,8036,8036,8064,0.99652778,28,8064,28,0.99652778,1,0,0,8036,0.99652778,1612108800,1614527700
2021,S08,3,8927,8927,8928,0.99988799,1,8928,1,0.99988799,1,0,0,8927,0.99988799,1614528000,1617206100
2021,S08,4,8640,8640,8640,1.0,0,8640,0,1.0,1,0,0,8640,1.0,1617206400,1619798100
2021,S08,5,8151,8151,8928,0.91297043,777,8928,777,0.91297043,1,0,0,8151,0.91297043,1619798400,1622476500
2021,S08,6,8640,8640,8640,1.0,0,8640,0,1.0,1,0,0,8640,1.0,1622476800,1625068500
2021,S08,7,8918,8918,8928,0.99887993,10,8928,10,0.99887993,1,0,0,8918,0.99887993,1625068800,1627746900
2021,S08,8,8928,8928,8928,1.0,0,8928,0,1.0,1,0,0,8928,1.0,1627747200,1630425300
2021,S08,9,8635,8635,8640,0.9994213,5,8640,5,0.9994213,1,0,0,8635,0.9994213,1630425600,1633017300
2021,S08,10,8928,8928,8928,1.0,0,8928,0,1.0,1,0,0,8928,1.0,1633017600,1635695700
2021,S08,11,8640,8640,8640,1.0,0,8640,0,1.0,1,0,0,8640,1.0,1635696000,1638287700
2021,S08,12,8928,8928,8928,1.0,0,8928,0,1.0,1,0,0,8928,1.0,1638288000,1640966100
2021,S100,1,7618,7618,8928,0.85327061,1310,8928,1310,0.85327061,1,0,0,7618,0.85327061,1609430400,1612108500
2021,S100,2,8039,8039,8064,0.9968998,25,8064,25,0.9968998,1,0,0,8039,0.9968998,1612108800,1614527700
2021,S100,3,8928,8928,8928,1.0,0,8928,0,1.0,1,0,0,8928,1.0,1614528000,1617206100
2021,S100,4,6444,6444,8640,0.74583333,2196,8640,2196,0.74583333,1,0,0,6444,0.74583333,1617206400,1619798100
2021,S100,5,8928,8928,8928,1.0,0,8928,0,1.0,1,0,0,8928,1.0,1619798400,1622476500
2021,S100,6,8636,8636,8640,0.99953704,4,8640,4,0.99953704,1,0,0,8636,0.99953704,1622476800,1625068500
2021,S100,7,8918,8918,8928,0.99887993,10,8928,10,0.99887993,1,0,0,8918,0.99887993,1625068800,1627746900
2021,S100,8,8928,8928,8928,1.0,0,8928,0,1.0,1,0,0,8928,1.0,1627747200,1630425300
2021,S100,9,8639,8639,8640,0.99988426,1,8640,1,0.99988426,1,0,0,8639,0.99988426,1630425600,1633017300
2021,S100,10,8734,8734,8928,0.97827061,194,8928,194,0.97827061,1,0,0,8734,0.97827061,1633017600,1635695700
2021,S100,11,8638,8638,8640,0.99976852,2,8640,2,0.99976852,1,0,0,8638,0.99976852,1635696000,1638287700
2021,S100,12,8616,8616,8928,0.96505376,312,8928,312,0.96505376,1,0,0,8616,0.96505376,1638288000,1640966100
2021,S104,1,7621,7621,8928,0.85360663,1307,8928,1307,0.85360663,1,0,0,7621,0.85360663,1609430400,1612108500
2021,S104,2,8035,8035,8064,0.99640377,29,8064,29,0.99640377,1,0,0,8035,0.99640377,1612108800,1614527700
2021,S104,3,6959,6959,8928,0.77945789,1969,8928,1969,0.77945789,1,0,0,6959,0.77945789,1614528000,1617206100
2021,S104,4,8638,8638,8640,0.99976852,2,8640,2,0.99976852,1,0,0,8638,0.99976852,1617206400,1619798100
2021,S104,5,6226,6226,8928,0.69735663,2702,6226,0,1.0,1,0,0,6226,0.69735663,1619798400,1621665900
2021,S104,6,7602,7602,8640,0.87986111,1038,7602,0,1.0,1,0,0,7602,0.87986111,1622788200,1625068500
2021,S104,7,8918,8918,8928,0.99887993,10,8928,10,0.99887993,1,0,0,8918,0.99887993,1625068800,1627746900
2021,S104,8,8922,8922,8928,0.99932796,6,8928,6,0.99932796,1,0,0,8922,0.99932796,1627747200,1630425300
2021,S104,9,6213,6213,8640,0.71909722,2427,8640,2427,0.71909722,1,0,0,6213,0.71909722,1630425600,1633017300
2021,S104,10,8890,8890,8928,0.99574373,38,8928,38,0.99574373,1,0,0,8890,0.99574373,1633017600,1635695700
2021,S104,11,8442,8442,8640,0.97708333,198,8640,198,0.97708333,1,0,0,8442,0.97708333,1635696000,1638287700
2021,S104,12,8260,8260,8928,0.92517921,668,8928,668,0.92517921,1,0,0,8260,0.92517921,1638288000,1640966100
2021,S106,1,7305,7305,8928,0.81821237,1623,8928,1623,0.81821237,1,0,0,7305,0.81821237,1609430400,1612108500
2021,S106,2,2954,2954,8064,0.36631944,5110,2977,23,0.9922741,1,0,0,2954,0.36631944,1612108800,1613001600
2021,S106,3,7636,7636,8928,0.85528674,1292,7637,1,0.99986906,1,0,0,7636,0.85528674,1614915300,1617206100
2021,S106,4,8638,8638,8640,0.99976852,2,8640,2,0.99976852,1,0,0,8638,0.99976852,1617206400,1619798100
2021,S106,5,8837,8837,8928,0.98980735,91,8928,91,0.98980735,1,0,0,8837,0.98980735,1619798400,1622476500
2021,S106,6,8020,8020,8640,0.92824074,620,8640,620,0.92824074,1,0,0,8020,0.92824074,1622476800,1625068500
2021,S106,7,8812,8812,8928,0.98700717,116,8928,116,0.98700717,1,0,0,8812,0.98700717,1625068800,1627746900
2021,S106,8,8889,8889,8928,0.99563172,39,8928,39,0.99563172,1,0,0,8889,0.99563172,1627747200,1630425300
2021,S106,9,8638,8638,8640,0.99976852,2,8640,2,0.99976852,1,0,0,8638,0.99976852,1630425600,1633017300
2021,S106,10,8925,8925,8928,0.99966398,3,8928,3,0.99966398,1,0,0,8925,0.99966398,1633017600,1635695700
2021,S106,11,8496,8496,8640,0.98333333,144,8640,144,0.98333333,1,0,0,8496,0.98333333,1635696000,1638287700
2021,S106,12,8879,8879,8928,0.99451165,49,8928,49,0.99451165,1,0,0,8879,0.99451165,1638288000,1640966100
2021,S107,1,7623,7623,8928,0.85383065,1305,8928,1305,0.85383065,1,0,0,7623,0.85383065,1609430400,1612108500
2021,S107,2,7775,7775,8064,0.96416171,289,8064,289,0.96416171,1,0,0,7775,0.96416171,1612108800,1614527700
2021,S107,3,8922,8922,8928,0.99932796,6,8928,6,0.99932796,1,0,0,8922,0.99932796,1614528000,1617206100
2021,S107,4,8621,8621,8640,0.99780093,19,8640,19,0.99780093,1,0,0,8621,0.99780093,1617206400,1619798100
2021,S107,5,8923,8923,8928,0.99943996,5,8928,5,0.99943996,1,0,0,8923,0.99943996,1619798400,1622476500
2021,S107,6,8610,8610,8640,0.99652778,30,8640,30,0.99652778,1,0,0,8610,0.99652778,1622476800,1625068500
2021,S107,7,8927,8927,8928,0.99988799,1,8928,1,0.99988799,1,0,0,8927,0.99988799,1625068800,1627746900
2021,S107,8,8928,8928,8928,1.0,0,8928,0,1.0,1,0,0,8928,1.0,1627747200,1630425300
2021,S107,9,8638,8638,8640,0.99976852,2,8640,2,0.99976852,1,0,0,8638,0.99976852,1630425600,1633017300
2021,S107,10,8735,8735,8928,0.97838262,193,8928,193,0.97838262,1,0,0,8735,0.97838262,1633017600,1635695700
2021,S107,11,8353,8353,8640,0.96678241,287,8640,287,0.96678241,1,0,0,8353,0.96678241,1635696000,1638287700
2021,S107,12,8927,8927,8928,0.99988799,1,8928,1,0.99988799,1,0,0,8927,0.99988799,1638288000,1640966100
2021,S108,1,7621,7621,8928,0.85360663,1307,8928,1307,0.85360663,1,0,0,7621,0.85360663,1609430400,1612108500
2021,S108,2,8038,8038,8064,0.99677579,26,8064,26,0.99677579,1,0,0,8038,0.99677579,1612108800,1614527700
2021,S108,3,8928,8928,8928,1.0,0,8928,0,1.0,1,0,0,8928,1.0,1614528000,1617206100
2021,S108,4,8640,8640,8640,1.0,0,8640,0,1.0,1,0,0,8640,1.0,1617206400,1619798100
2021,S108,5,8928,8928,8928,1.0,0,8928,0,1.0,1,0,0,8928,1.0,1619798400,1622476500
2021,S108,6,8640,8640,8640,1.0,0,8640,0,1.0,1,0,0,8640,1.0,1622476800,1625068500
2021,S108,7,8919,8919,8928,0.99899194,9,8928,9,0.99899194,1,0,0,8919,0.99899194,1625068800,1627746900
2021,S108,8,8928,8928,8928,1.0,0,8928,0,1.0,1,0,0,8928,1.0,1627747200,1630425300
2021,S108,9,8640,8640,8640,1.0,0,8640,0,1.0,1,0,0,8640,1.0,1630425600,1633017300
2021,S108,10,8928,8928,8928,1.0,0,8928,0,1.0,1,0,0,8928,1.0,1633017600,1635695700
2021,S108,11,8636,8636,8640,0.99953704,4,8640,4,0.99953704,1,0,0,8636,0.99953704,1635696000,1638287700
2021,S108,12,8928,8928,8928,1.0,0,8928,0,1.0,1,0,0,8928,1.0,1638288000,1640966100
2021,S109,1,7623,7623,8928,0.85383065,1305,8928,1305,0.85383065,1,0,0,7623,0.85383065,1609430400,1612108500
2021,S109,2,8043,8043,8064,0.99739583,21,8064,21,0.99739583,1,0,0,8043,0.99739583,1612108800,1614527700
2021,S109,3,8927,8927,8928,0.99988799,1,8928,1,0.99988799,1,0,0,8927,0.99988799,1614528000,1617206100
2021,S109,4,8640,8640,8640,1.0,0,8640,0,1.0,1,0,0,8640,1.0,1617206400,1619798100
2021,S109,5,8928,8928,8928,1.0,0,8928,0,1.0,1,0,0,8928,1.0,1619798400,1622476500
2021,S109,6,8640,8640,8640,1.0,0,8640,0,1.0,1,0,0,8640,1.0,1622476800,1625068500
2021,S109,7,8327,8327,8928,0.93268369,601,8706,379,0.9564668,1,0,0,8327,0.93268369,1625068800,1627680300
2021,S109,8,7355,7355,8928,0.82381272,1573,7365,10,0.99864223,1,0,0,7355,0.82381272,1628216100,1630425300
2021,S109,9,8640,8640,8640,1.0,0,8640,0,1.0,1,0,0,8640,1.0,1630425600,1633017300
2021,S109,10,8928,8928,8928,1.0,0,8928,0,1.0,1,0,0,8928,1.0,1633017600,1635695700
2021,S109,11,8640,8640,8640,1.0,0,8640,0,1.0,1,0,0,8640,1.0,1635696000,1638287700
2021,S109,12,8065,8065,8928,0.90333781,863,8928,863,0.90333781,1,0,0,8065,0.90333781,1638288000,1640966100
2021,S11,1,7623,7623,8928,0.85383065,1305,8928,1305,0.85383065,1,0,0,7623,0.85383065,1609430400,1612108500
2021,S11,2,8040,8040,8064,0.99702381,24,8064,24,0.99702381,1,0,0,8040,0.99702381,1612108800,1614527700
2021,S11,3,8127,8127,8928,0.91028226,801,8928,801,0.91028226,1,0,0,8127,0.91028226,1614528000,1617206100
2021,S11,4,8640,8640,8640,1.0,0,8640,0,1.0,1,0,0,8640,1.0,1617206400,1619798100
2021,S11,5,8928,8928,8928,1.0,0,8928,0,1.0,1,0,0,8928,1.0,1619798400,1622476500
2021,S11,6,8639,8639,8640,0.99988426,1,8640,1,0.99988426,1,0,0,8639,0.99988426,1622476800,1625068500
2021,S11,7,8919,8919,8928,0.99899194,9,8928,9,0.99899194,1,0,0,8919,0.99899194,1625068800,1627746900
2021,S11,8,8927,8927,8928,0.99988799,1,8928,1,0.99988799,1,0,0,8927,0.99988799,1627747200,1630425300
2021,S11,9,8370,8370,8640,0.96875,270,8640,270,0.96875,1,0,0,8370,0.96875,1630425600,1633017300
2021,S11,10,8928,8928,8928,1.0,0,8928,0,1.0,1,0,0,8928,1.0,1633017600,1635695700
2021,S11,11,3003,3003,8640,0.34756944,5637,3003,0,1.0,1,0,0,3003,0.34756944,1635696000,1636596600
2021,S11,12,0,0,8928,0.0,8928,0,0,,0,0,0,0,0.0,,
2021,S111,1,7621,7621,8928,0.85360663,1307,8928,1307,0.85360663,1,0,0,7621,0.85360663,1609430400,1612108500
2021,S111,2,8040,8040,8064,0.99702381,24,8064,24,0.99702381,1,0,0,8040,0.99702381,1612108800,1614527700
2021,S111,3,8918,8918,8928,0.99887993,10,8928,10,0.99887993,1,0,0,8918,0.99887993,1614528000,1617206100
2021,S111,4,8510,8510,8640,0.9849537,130,8640,130,0.9849537,1,0,0,8510,0.9849537,1617206400,1619798100
2021,S111,5,8923,8923,8928,0.99943996,5,8928,5,0.99943996,1,0,0,8923,0.99943996,1619798400,1622476500
2021,S111,6,8636,8636,8640,0.99953704,4,8640,4,0.99953704,1,0,0,8636,0.99953704,1622476800,1625068500
2021,S111,7,7854,7854,8928,0.8797043,1074,8928,1074,0.8797043,1,0,0,7854,0.8797043,1625068800,1627746900
2021,S111,8,8625,8625,8928,0.96606183,303,8928,303,0.96606183,1,0,0,8625,0.96606183,1627747200,1630425300
2021,S111,9,8638,8638,8640,0.99976852,2,8640,2,0.99976852,1,0,0,8638,0.99976852,1630425600,1633017300
2021,S111,10,8728,8728,8928,0.97759857,200,8928,200,0.97759857,1,0,0,8728,0.97759857,1633017600,1635695700
2021,S111,11,8640,8640,8640,1.0,0,8640,0,1.0,1,0,0,8640,1.0,1635696000,1638287700
2021,S111,12,8744,8744,8928,0.97939068,184,8838,94,0.98936411,1,0,0,8744,0.97939068,1638288000,1640939100
2021,S112,1,7626,7626,8928,0.85416667,1302,8928,1302,0.85416667,1,0,0,7626,0.85416667,1609430400,1612108500
2021,S112,2,8043,8043,8064,0.99739583,21,8064,21,0.99739583,1,0,0,8043,0.99739583,1612108800,1614527700
2021,S112,3,8928,8928,8928,1.0,0,8928,0,1.0,1,0,0,8928,1.0,1614528000,1617206100
2021,S112,4,8640,8640,8640,1.0,0,8640,0,1.0,1,0,0,8640,1.0,1617206400,1619798100
2021,S112,5,8753,8753,8928,0.98039875,175,8928,175,0.98039875,1,0,0,8753,0.98039875,1619798400,1622476500
2021,S112,6,8518,8518,8640,0.98587963,122,8640,122,0.98587963,1,0,0,8518,0.98587963,1622476800,1625068500
2021,S112,7,8928,8928,8928,1.0,0,8928,0,1.0,1,0,0,8928,1.0,1625068800,1627746900
2021,S112,8,8928,8928,8928,1.0,0,8928,0,1.0,1,0,0,8928,1.0,1627747200,1630425300
2021,S112,9,8640,8640,8640,1.0,0,8640,0,1.0,1,0,0,8640,1.0,1630425600,1633017300
2021,S112,10,8928,8928,8928,1.0,0,8928,0,1.0,1,0,0,8928,1.0,1633017600,1635695700
2021,S112,11,8640,8640,8640,1.0,0,8640,0,1.0,1,0,0,8640,1.0,1635696000,1638287700
2021,S112,12,8928,8928,8928,1.0,0,8928,0,1.0,1,0,0,8928,1.0,1638288000,1640966100
2021,S113,1,7621,7621,8928,0.85360663,1307,8928,1307,0.85360663,1,0,0,7621,0.85360663,1609430400,1612108500
2021,S113,2,8040,8040,8064,0.99702381,24,8064,24,0.99702381,1,0,0,8040,0.99702381,1612108800,1614527700
2021,S113,3,8926,8926,8928,0.99977599,2,8928,2,0.99977599,1,0,0,8926,0.99977599,1614528000,1617206100
2021,S113,4,8638,8638,8640,0.99976852,2,8640,2,0.99976852,1,0,0,8638,0.99976852,1617206400,1619798100
2021,S113,5,8928,8928,8928,1.0,0,8928,0,1.0,1,0,0,8928,1.0,1619798400,1622476500
2021,S113,6,8634,8634,8640,0.99930556,6,8640,6,0.99930556,1,0,0,8634,0.99930556,1622476800,1625068500
2021,S113,7,8917,8917,8928,0.99876792,11,8928,11,0.99876792,1,0,0,8917,0.99876792,1625068800,1627746900
2021,S113,8,8928,8928,8928,1.0,0,8928,0,1.0,1,0,0,8928,1.0,1627747200,1630425300
2021,S113,9,8640,8640,8640,1.0,0,8640,0,1.0,1,0,0,8640,1.0,1630425600,1633017300
2021,S113,10,8892,8892,8928,0.99596774,36,8928,36,0.99596774,1,0,0,8892,0.99596774,1633017600,1635695700
2021,S113,11,8640,8640,8640,1.0,0,8640,0,1.0,1,0,0,8640,1.0,1635696000,1638287700
2021,S113,12,8927,8927,8928,0.99988799,1,8928,1,0.99988799,1,0,0,8927,0.99988799,1638288000,1640966100
2021,S114,1,7619,7619,8928,0.85338262,1309,8928,1309,0.85338262,1,0,0,7619,0.85338262,1609430400,1612108500
2021,S114,2,8036,8036,8064,0.99652778,28,8064,28,0.99652778,1,0,0,8036,0.99652778,1612108800,1614527700
2021,S114,3,8641,8641,8928,0.96785394,287,8928,287,0.96785394,1,0,0,8641,0.96785394,1614528000,1617206100
2021,S114,4,8639,8639,8640,0.99988426,1,8640,1,0.99988426,1,0,0,8639,0.99988426,1617206400,1619798100
2021,S114,5,8927,8927,8928,0.99988799,1,8928,1,0.99988799,1,0,0,8927,0.99988799,1619798400,1622476500
2021,S114,6,8317,8317,8640,0.96261574,323,8640,323,0.96261574,1,0,0,8317,0.96261574,1622476800,1625068500
2021,S114,7,7881,7881,8928,0.88272849,1047,8928,1047,0.88272849,1,0,0,7881,0.88272849,1625068800,1627746900
2021,S114,8,8928,8928,8928,1.0,0,8928,0,1.0,1,0,0,8928,1.0,1627747200,1630425300
2021,S114,9,8640,8640,8640,1.0,0,8640,0,1.0,1,0,0,8640,1.0,1630425600,1633017300
2021,S114,10,7500,7500,8928,0.84005376,1428,8928,1428,0.84005376,1,0,0,7500,0.84005376,1633017600,1635695700
2021,S114,11,7556,7556,8640,0.87453704,1084,8640,1084,0.87453704,1,0,0,7556,0.87453704,1635696000,1638287700
2021,S114,12,7314,7314,8928,0.81922043,1614,8928,1614,0.81922043,1,0,0,7314,0.81922043,1638288000,1640966100
2021,S115,1,7619,7619,8928,0.85338262,1309,8928,1309,0.85338262,1,0,0,7619,0.85338262,1609430400,1612108500
2021,S115,2,8041,8041,8064,0.99714782,23,8064,23,0.99714782,1,0,0,8041,0.99714782,1612108800,1614527700
2021,S115,3,8927,8927,8928,0.99988799,1,8928,1,0.99988799,1,0,0,8927,0.99988799,1614528000,1617206100
2021,S115,4,8585,8585,8640,0.99363426,55,8586,1,0.99988353,1,0,0,8585,0.99363426,1617206400,1619781900
2021,S115,5,7231,7231,8928,0.80992384,1697,7645,414,0.94584696,1,0,0,7231,0.80992384,1620183300,1622476500
2021,S115,6,7799,7799,8640,0.90266204,841,8640,841,0.90266204,1,0,0,7799,0.90266204,1622476800,1625068500
2021,S115,7,8928,8928,8928,1.0,0,8928,0,1.0,1,0,0,8928,1.0,1625068800,1627746900
2021,S115,8,8927,8927,8928,0.99988799,1,8928,1,0.99988799,1,0,0,8927,0.99988799,1627747200,1630425300
2021,S115,9,8635,8635,8640,0.9994213,5,8640,5,0.9994213,1,0,0,8635,0.9994213,1630425600,1633017300
2021,S115,10,8894,8894,8928,0.99619176,34,8928,34,0.99619176,1,0,0,8894,0.99619176,1633017600,1635695700
2021,S115,11,8638,8638,8640,0.99976852,2,8640,2,0.99976852,1,0,0,8638,0.99976852,1635696000,1638287700
2021,S115,12,8636,8636,8928,0.96729391,292,8928,292,0.96729391,1,0,0,8636,0.96729391,1638288000,1640966100
2021,S116,1,7625,7625,8928,0.85405466,1303,8928,1303,0.85405466,1,0,0,7625,0.85405466,1609430400,1612108500
2021,S116,2,8043,8043,8064,0.99739583,21,8064,21,0.99739583,1,0,0,8043,0.99739583,1612108800,1614527700
2021,S116,3,8926,8926,8928,0.99977599,2,8928,2,0.99977599,1,0,0,8926,0.99977599,1614528000,1617206100
2021,S116,4,8640,8640,8640,1.0,0,8640,0,1.0,1,0,0,8640,1.0,1617206400,1619798100
2021,S116,5,8928,8928,8928,1.0,0,8928,0,1.0,1,0,0,8928,1.0,1619798400,1622476500
2021,S116,6,8640,8640,8640,1.0,0,8640,0,1.0,1,0,0,8640,1.0,1622476800,1625068500
2021,S116,7,8918,8918,8928,0.99887993,10,8928,10,0.99887993,1,0,0,8918,0.99887993,1625068800,1627746900
2021,S116,8,8928,8928,8928,1.0,0,8928,0,1.0,1,0,0,8928,1.0,1627747200,1630425300
2021,S116,9,8639,8639,8640,0.99988426,1,8640,1,0.99988426,1,0,0,8639,0.99988426,1630425600,1633017300
2021,S116,10,8928,8928,8928,1.0,0,8928,0,1.0,1,0,0,8928,1.0,1633017600,1635695700
2021,S116,11,8640,8640,8640,1.0,0,8640,0,1.0,1,0,0,8640,1.0,1635696000,1638287700
2021,S116,12,8928,8928,8928,1.0,0,8928,0,1.0,1,0,0,8928,1.0,1638288000,1640966100
2021,S118,1,7153,7153,8928,0.80118728,1775,8928,1775,0.80118728,1,0,0,7153,0.80118728,1609430400,1612108500
2021,S118,2,8038,8038,8064,0.99677579,26,8064,26,0.99677579,1,0,0,8038,0.99677579,1612108800,1614527700
2021,S118,3,8927,8927,8928,0.99988799,1,8928,1,0.99988799,1,0,0,8927,0.99988799,1614528000,1617206100
2021,S118,4,8454,8454,8640,0.97847222,186,8640,186,0.97847222,1,0,0,8454,0.97847222,1617206400,1619798100
2021,S118,5,8928,8928,8928,1.0,0,8928,0,1.0,1,0,0,8928,1.0,1619798400,1622476500
2021,S118,6,8640,8640,8640,1.0,0,8640,0,1.0,1,0,0,8640,1.0,1622476800,1625068500
2021,S118,7,8919,8919,8928,0.99899194,9,8928,9,0.99899194,1,0,0,8919,0.99899194,1625068800,1627746900
2021,S118,8,8928,8928,8928,1.0,0,8928,0,1.0,1,0,0,8928,1.0,1627747200,1630425300
2021,S118,9,8640,8640,8640,1.0,0,8640,0,1.0,1,0,0,8640,1.0,1630425600,1633017300
2021,S118,10,8928,8928,8928,1.0,0,8928,0,1.0,1,0,0,8928,1.0,1633017600,1635695700
2021,S118,11,8605,8605,8640,0.99594907,35,8640,35,0.99594907,1,0,0,8605,0.99594907,1635696000,1638287700
2021,S118,12,8928,8928,8928,1.0,0,8928,0,1.0,1,0,0,8928,1.0,1638288000,1640966100
2021,S119,1,6787,6787,8928,0.76019265,2141,8928,2141,0.76019265,1,0,0,6787,0.76019265,1609430400,1612108500
2021,S119,2,8037,8037,8064,0.99665179,27,8064,27,0.99665179,1,0,0,8037,0.99665179,1612108800,1614527700
2021,S119,3,8896,8896,8928,0.99641577,32,8928,32,0.99641577,1,0,0,8896,0.99641577,1614528000,1617206100
2021,S119,4,7238,7238,8640,0.83773148,1402,8640,1402,0.83773148,1,0,0,7238,0.83773148,1617206400,1619798100
2021,S119,5,8547,8547,8928,0.95732527,381,8928,381,0.95732527,1,0,0,8547,0.95732527,1619798400,1622476500
2021,S119,6,8053,8053,8640,0.93206019,587,8640,587,0.93206019,1,0,0,8053,0.93206019,1622476800,1625068500
2021,S119,7,8556,8556,8928,0.95833333,372,8928,372,0.95833333,1,0,0,8556,0.95833333,1625068800,1627746900
2021,S119,8,7035,7035,8928,0.78797043,1893,8926,1891,0.78814699,1,0,0,7035,0.78797043,1627747200,1630424700
2021,S119,9,8278,8278,8640,0.95810185,362,8640,362,0.95810185,1,0,0,8278,0.95810185,1630425600,1633017300
2021,S119,10,8849,8849,8928,0.99115143,79,8928,79,0.99115143,1,0,0,8849,0.99115143,1633017600,1635695700
2021,S119,11,8606,8606,8640,0.99606481,34,8640,34,0.99606481,1,0,0,8606,0.99606481,1635696000,1638287700
2021,S119,12,8922,8922,8928,0.99932796,6,8928,6,0.99932796,1,0,0,8922,0.99932796,1638288000,1640966100
2021,S120,1,7621,7621,8928,0.85360663,1307,8928,1307,0.85360663,1,0,0,7621,0.85360663,1609430400,1612108500
2021,S120,2,8038,8038,8064,0.99677579,26,8064,26,0.99677579,1,0,0,8038,0.99677579,1612108800,1614527700
2021,S120,3,8928,8928,8928,1.0,0,8928,0,1.0,1,0,0,8928,1.0,1614528000,1617206100
2021,S120,4,8639,8639,8640,0.99988426,1,8640,1,0.99988426,1,0,0,8639,0.99988426,1617206400,1619798100
2021,S120,5,8928,8928,8928,1.0,0,8928,0,1.0,1,0,0,8928,1.0,1619798400,1622476500
2021,S120,6,8640,8640,8640,1.0,0,8640,0,1.0,1,0,0,8640,1.0,1622476800,1625068500
2021,S120,7,8919,8919,8928,0.99899194,9,8928,9,0.99899194,1,0,0,8919,0.99899194,1625068800,1627746900
2021,S120,8,8928,8928,8928,1.0,0,8928,0,1.0,1,0,0,8928,1.0,1627747200,1630425300
2021,S120,9,8640,8640,8640,1.0,0,8640,0,1.0,1,0,0,8640,1.0,1630425600,1633017300
2021,S120,10,8915,8915,8928,0.99854391,13,8928,13,0.99854391,1,0,0,8915,0.99854391,1633017600,1635695700
2021,S120,11,8639,8639,8640,0.99988426,1,8640,1,0.99988426,1,0,0,8639,0.99988426,1635696000,1638287700
2021,S120,12,8928,8928,8928,1.0,0,8928,0,1.0,1,0,0,8928,1.0,1638288000,1640966100
2021,S121,1,7620,7620,8928,0.85349462,1308,8928,1308,0.85349462,1,0,0,7620,0.85349462,1609430400,1612108500
2021,S121,2,8040,8040,8064,0.99702381,24,8064,24,0.99702381,1,0,0,8040,0.99702381,1612108800,1614527700
2021,S121,3,8838,8838,8928,0.98991935,90,8928,90,0.98991935,1,0,0,8838,0.98991935,1614528000,1617206100
2021,S121,4,8640,8640,8640,1.0,0,8640,0,1.0,1,0,0,8640,1.0,1617206400,1619798100
2021,S121,5,8927,8927,8928,0.99988799,1,8928,1,0.99988799,1,0,0,8927,0.99988799,1619798400,1622476500
2021,S121,6,8640,8640,8640,1.0,0,8640,0,1.0,1,0,0,8640,1.0,1622476800,1625068500
2021,S121,7,8207,8207,8928,0.91924283,721,8262,55,0.99334302,1,0,0,8207,0.91924283,1625068800,1627547100
2021,S121,8,8517,8517,8928,0.95396505,411,8521,4,0.99953057,1,0,0,8517,0.95396505,1627869300,1630425300
2021,S121,9,8636,8636,8640,0.99953704,4,8640,4,0.99953704,1,0,0,8636,0.99953704,1630425600,1633017300
2021,S121,10,8926,8926,8928,0.99977599,2,8928,2,0.99977599,1,0,0,8926,0.99977599,1633017600,1635695700
2021,S121,11,8639,8639,8640,0.99988426,1,8640,1,0.99988426,1,0,0,8639,0.99988426,1635696000,1638287700
2021,S121,12,8928,8928,8928,1.0,0,8928,0,1.0,1,0,0,8928,1.0,1638288000,1640966100
2021,S122,1,1838,1838,8928,0.20586918,7090,1843,5,0.99728703,1,0,0,1838,0.20586918,1611555900,1612108500
2021,S122,2,8040,8040,8064,0.99702381,24,8064,24,0.99702381,1,0,0,8040,0.99702381,1612108800,1614527700
2021,S122,3,8403,8403,8928,0.94119624,525,8928,525,0.94119624,1,0,0,8403,0.94119624,1614528000,1617206100
2021,S122,4,4327,4327,8640,0.50081019,4313,6533,2206,0.66232971,1,0,0,4327,0.50081019,1617206400,1619166000
2021,S122,5,327,327,8928,0.03662634,8601,2153,1826,0.1518811,1,0,0,327,0.03662634,1620110100,1620755700
2021,S122,6,8462,8462,8640,0.97939815,178,8464,2,0.99976371,1,0,0,8462,0.97939815,1622529600,1625068500
2021,S122,7,6546,6546,8928,0.73319892,2382,8928,2382,0.73319892,1,0,0,6546,0.73319892,1625068800,1627746900
2021,S122,8,8922,8922,8928,0.99932796,6,8928,6,0.99932796,1,0,0,8922,0.99932796,1627747200,1630425300
2021,S122,9,2184,2184,8640,0.25277778,6456,3736,1552,0.58458244,1,0,0,2184,0.25277778,1630425600,1631546100
2021,S122,10,0,0,8928,0.0,8928,0,0,,0,0,0,0,0.0,,
2021,S122,11,0,0,8640,0.0,8640,0,0,,0,0,0,0,0.0,,
2021,S122,12,0,0,8928,0.0,8928,0,0,,0,0,0,0,0.0,,
2021,S123,1,7622,7622,8928,0.85371864,1306,8928,1306,0.85371864,1,0,0,7622,0.85371864,1609430400,1612108500
2021,S123,2,8040,8040,8064,0.99702381,24,8064,24,0.99702381,1,0,0,8040,0.99702381,1612108800,1614527700
2021,S123,3,6009,6009,8928,0.67305108,2919,8928,2919,0.67305108,1,0,0,6009,0.67305108,1614528000,1617206100
2021,S123,4,8558,8558,8640,0.99050926,82,8640,82,0.99050926,1,0,0,8558,0.99050926,1617206400,1619798100
2021,S123,5,8928,8928,8928,1.0,0,8928,0,1.0,1,0,0,8928,1.0,1619798400,1622476500
2021,S123,6,8640,8640,8640,1.0,0,8640,0,1.0,1,0,0,8640,1.0,1622476800,1625068500
2021,S123,7,8920,8920,8928,0.99910394,8,8928,8,0.99910394,1,0,0,8920,0.99910394,1625068800,1627746900
2021,S123,8,8928,8928,8928,1.0,0,8928,0,1.0,1,0,0,8928,1.0,1627747200,1630425300
2021,S123,9,8640,8640,8640,1.0,0,8640,0,1.0,1,0,0,8640,1.0,1630425600,1633017300
2021,S123,10,8928,8928,8928,1.0,0,8928,0,1.0,1,0,0,8928,1.0,1633017600,1635695700
2021,S123,11,8640,8640,8640,1.0,0,8640,0,1.0,1,0,0,8640,1.0,1635696000,1638287700
2021,S123,12,8928,8928,8928,1.0,0,8928,0,1.0,1,0,0,8928,1.0,1638288000,1640966100
2021,S201,1,7626,7626,8928,0.85416667,1302,8928,1302,0.85416667,1,0,0,7626,0.85416667,1609430400,1612108500
2021,S201,2,8043,8043,8064,0.99739583,21,8064,21,0.99739583,1,0,0,8043,0.99739583,1612108800,1614527700
2021,S201,3,8928,8928,8928,1.0,0,8928,0,1.0,1,0,0,8928,1.0,1614528000,1617206100
2021,S201,4,8640,8640,8640,1.0,0,8640,0,1.0,1,0,0,8640,1.0,1617206400,1619798100
2021,S201,5,8928,8928,8928,1.0,0,8928,0,1.0,1,0,0,8928,1.0,1619798400,1622476500
2021,S201,6,8640,8640,8640,1.0,0,8640,0,1.0,1,0,0,8640,1.0,1622476800,1625068500
2021,S201,7,8928,8928,8928,1.0,0,8928,0,1.0,1,0,0,8928,1.0,1625068800,1627746900
2021,S201,8,8928,8928,8928,1.0,0,8928,0,1.0,1,0,0,8928,1.0,1627747200,1630425300
2021,S201,9,8640,8640,8640,1.0,0,8640,0,1.0,1,0,0,8640,1.0,1630425600,1633017300
2021,S201,10,8928,8928,8928,1.0,0,8928,0,1.0,1,0,0,8928,1.0,1633017600,1635695700
2021,S201,11,8640,8640,8640,1.0,0,8640,0,1.0,1,0,0,8640,1.0,1635696000,1638287700
2021,S201,12,8928,8928,8928,1.0,0,8928,0,1.0,1,0,0,8928,1.0,1638288000,1640966100
2021,S202,1,7626,7626,8928,0.85416667,1302,8928,1302,0.85416667,1,0,0,7626,0.85416667,1609430400,1612108500
2021,S202,2,8043,8043,8064,0.99739583,21,8064,21,0.99739583,1,0,0,8043,0.99739583,1612108800,1614527700
2021,S202,3,8928,8928,8928,1.0,0,8928,0,1.0,1,0,0,8928,1.0,1614528000,1617206100
2021,S202,4,8480,8480,8640,0.98148148,160,8481,1,0.99988209,1,0,0,8480,0.98148148,1617206400,1619750400
2021,S202,5,7884,7884,8928,0.88306452,1044,7887,3,0.99961963,1,0,0,7884,0.88306452,1620110700,1622476500
2021,S202,6,8640,8640,8640,1.0,0,8640,0,1.0,1,0,0,8640,1.0,1622476800,1625068500
2021,S202,7,8928,8928,8928,1.0,0,8928,0,1.0,1,0,0,8928,1.0,1625068800,1627746900
2021,S202,8,8928,8928,8928,1.0,0,8928,0,1.0,1,0,0,8928,1.0,1627747200,1630425300
2021,S202,9,8640,8640,8640,1.0,0,8640,0,1.0,1,0,0,8640,1.0,1630425600,1633017300
2021,S202,10,8928,8928,8928,1.0,0,8928,0,1.0,1,0,0,8928,1.0,1633017600,1635695700
2021,S202,11,8640,8640,8640,1.0,0,8640,0,1.0,1,0,0,8640,1.0,1635696000,1638287700
2021,S202,12,8928,8928,8928,1.0,0,8928,0,1.0,1,0,0,8928,1.0,1638288000,1640966100
2021,S203,1,7626,7626,8928,0.85416667,1302,8928,1302,0.85416667,1,0,0,7626,0.85416667,1609430400,1612108500
2021,S203,2,8043,8043,8064,0.99739583,21,8064,21,0.99739583,1,0,0,8043,0.99739583,1612108800,1614527700
2021,S203,3,8928,8928,8928,1.0,0,8928,0,1.0,1,0,0,8928,1.0,1614528000,1617206100
2021,S203,4,8640,8640,8640,1.0,0,8640,0,1.0,1,0,0,8640,1.0,1617206400,1619798100
2021,S203,5,8928,8928,8928,1.0,0,8928,0,1.0,1,0,0,8928,1.0,1619798400,1622476500
2021,S203,6,8640,8640,8640,1.0,0,8640,0,1.0,1,0,0,8640,1.0,1622476800,1625068500
2021,S203,7,8928,8928,8928,1.0,0,8928,0,1.0,1,0,0,8928,1.0,1625068800,1627746900
2021,S203,8,8928,8928,8928,1.0,0,8928,0,1.0,1,0,0,8928,1.0,1627747200,1630425300
2021,S203,9,8640,8640,8640,1.0,0,8640,0,1.0,1,0,0,8640,1.0,1630425600,1633017300
2021,S203,10,8928,8928,8928,1.0,0,8928,0,1.0,1,0,0,8928,1.0,1633017600,1635695700
2021,S203,11,8640,8640,8640,1.0,0,8640,0,1.0,1,0,0,8640,1.0,1635696000,1638287700
2021,S203,12,8928,8928,8928,1.0,0,8928,0,1.0,1,0,0,8928,1.0,1638288000,1640966100
2021,S204,1,7626,7626,8928,0.85416667,1302,8928,1302,0.85416667,1,0,0,7626,0.85416667,1609430400,1612108500
2021,S204,2,8043,8043,8064,0.99739583,21,8064,21,0.99739583,1,0,0,8043,0.99739583,1612108800,1614527700
2021,S204,3,8928,8928,8928,1.0,0,8928,0,1.0,1,0,0,8928,1.0,1614528000,1617206100
2021,S204,4,8169,8169,8640,0.94548611,471,8640,471,0.94548611,1,0,0,8169,0.94548611,1617206400,1619798100
2021,S204,5,8928,8928,8928,1.0,0,8928,0,1.0,1,0,0,8928,1.0,1619798400,1622476500
2021,S204,6,8640,8640,8640,1.0,0,8640,0,1.0,1,0,0,8640,1.0,1622476800,1625068500
2021,S204,7,8928,8928,8928,1.0,0,8928,0,1.0,1,0,0,8928,1.0,1625068800,1627746900
2021,S204,8,8928,8928,8928,1.0,0,8928,0,1.0,1,0,0,8928,1.0,1627747200,1630425300
2021,S204,9,8640,8640,8640,1.0,0,8640,0,1.0,1,0,0,8640,1.0,1630425600,1633017300
2021,S204,10,8928,8928,8928,1.0,0,8928,0,1.0,1,0,0,8928,1.0,1633017600,1635695700
2021,S204,11,8640,8640,8640,1.0,0,8640,0,1.0,1,0,0,8640,1.0,1635696000,1638287700
2021,S204,12,8928,8928,8928,1.0,0,8928,0,1.0,1,0,0,8928,1.0,1638288000,1640966100
2021,S205,1,7626,7626,8928,0.85416667,1302,8928,1302,0.85416667,1,0,0,7626,0.85416667,1609430400,1612108500
2021,S205,2,8043,8043,8064,0.99739583,21,8064,21,0.99739583,1,0,0,8043,0.99739583,1612108800,1614527700
2021,S205,3,8928,8928,8928,1.0,0,8928,0,1.0,1,0,0,8928,1.0,1614528000,1617206100
2021,S205,4,8640,8640,8640,1.0,0,8640,0,1.0,1,0,0,8640,1.0,1617206400,1619798100
2021,S205,5,8928,8928,8928,1.0,0,8928,0,1.0,1,0,0,8928,1.0,1619798400,1622476500
2021,S205,6,8640,8640,8640,1.0,0,8640,0,1.0,1,0,0,8640,1.0,1622476800,1625068500
2021,S205,7,8928,8928,8928,1.0,0,8928,0,1.0,1,0,0,8928,1.0,1625068800,1627746900
2021,S205,8,8928,8928,8928,1.0,0,8928,0,1.0,1,0,0,8928,1.0,1627747200,1630425300
2021,S205,9,8640,8640,8640,1.0,0,8640,0,1.0,1,0,0,8640,1.0,1630425600,1633017300
2021,S205,10,8928,8928,8928,1.0,0,8928,0,1.0,1,0,0,8928,1.0,1633017600,1635695700
2021,S205,11,8640,8640,8640,1.0,0,8640,0,1.0,1,0,0,8640,1.0,1635696000,1638287700
2021,S205,12,8928,8928,8928,1.0,0,8928,0,1.0,1,0,0,8928,1.0,1638288000,1640966100
2021,S207,1,7626,7626,8928,0.85416667,1302,8928,1302,0.85416667,1,0,0,7626,0.85416667,1609430400,1612108500
2021,S207,2,8043,8043,8064,0.99739583,21,8064,21,0.99739583,1,0,0,8043,0.99739583,1612108800,1614527700
2021,S207,3,8928,8928,8928,1.0,0,8928,0,1.0,1,0,0,8928,1.0,1614528000,1617206100
2021,S207,4,8640,8640,8640,1.0,0,8640,0,1.0,1,0,0,8640,1.0,1617206400,1619798100
2021,S207,5,8928,8928,8928,1.0,0,8928,0,1.0,1,0,0,8928,1.0,1619798400,1622476500
2021,S207,6,8640,8640,8640,1.0,0,8640,0,1.0,1,0,0,8640,1.0,1622476800,1625068500
2021,S207,7,8928,8928,8928,1.0,0,8928,0,1.0,1,0,0,8928,1.0,1625068800,1627746900
2021,S207,8,8928,8928,8928,1.0,0,8928,0,1.0,1,0,0,8928,1.0,1627747200,1630425300
2021,S207,9,8640,8640,8640,1.0,0,8640,0,1.0,1,0,0,8640,1.0,1630425600,1633017300
2021,S207,10,8928,8928,8928,1.0,0,8928,0,1.0,1,0,0,8928,1.0,1633017600,1635695700
2021,S207,11,8640,8640,8640,1.0,0,8640,0,1.0,1,0,0,8640,1.0,1635696000,1638287700
2021,S207,12,8928,8928,8928,1.0,0,8928,0,1.0,1,0,0,8928,1.0,1638288000,1640966100
2021,S208,1,7626,7626,8928,0.85416667,1302,8928,1302,0.85416667,1,0,0,7626,0.85416667,1609430400,1612108500
2021,S208,2,8043,8043,8064,0.99739583,21,8064,21,0.99739583,1,0,0,8043,0.99739583,1612108800,1614527700
2021,S208,3,8928,8928,8928,1.0,0,8928,0,1.0,1,0,0,8928,1.0,1614528000,1617206100
2021,S208,4,8640,8640,8640,1.0,0,8640,0,1.0,1,0,0,8640,1.0,1617206400,1619798100
2021,S208,5,8928,8928,8928,1.0,0,8928,0,1.0,1,0,0,8928,1.0,1619798400,1622476500
2021,S208,6,8635,8635,8640,0.9994213,5,8640,5,0.9994213,1,0,0,8635,0.9994213,1622476800,1625068500
2021,S208,7,8928,8928,8928,1.0,0,8928,0,1.0,1,0,0,8928,1.0,1625068800,1627746900
2021,S208,8,8928,8928,8928,1.0,0,8928,0,1.0,1,0,0,8928,1.0,1627747200,1630425300
2021,S208,9,8639,8639,8640,0.99988426,1,8640,1,0.99988426,1,0,0,8639,0.99988426,1630425600,1633017300
2021,S208,10,8928,8928,8928,1.0,0,8928,0,1.0,1,0,0,8928,1.0,1633017600,1635695700
2021,S208,11,8640,8640,8640,1.0,0,8640,0,1.0,1,0,0,8640,1.0,1635696000,1638287700
2021,S208,12,8928,8928,8928,1.0,0,8928,0,1.0,1,0,0,8928,1.0,1638288000,1640966100
2021,S209,1,7626,7626,8928,0.85416667,1302,8928,1302,0.85416667,1,0,0,7626,0.85416667,1609430400,1612108500
2021,S209,2,8043,8043,8064,0.99739583,21,8064,21,0.99739583,1,0,0,8043,0.99739583,1612108800,1614527700
2021,S209,3,8819,8819,8928,0.98779122,109,8928,109,0.98779122,1,0,0,8819,0.98779122,1614528000,1617206100
2021,S209,4,8640,8640,8640,1.0,0,8640,0,1.0,1,0,0,8640,1.0,1617206400,1619798100
2021,S209,5,8928,8928,8928,1.0,0,8928,0,1.0,1,0,0,8928,1.0,1619798400,1622476500
2021,S209,6,8204,8204,8640,0.94953704,436,8640,436,0.94953704,1,0,0,8204,0.94953704,1622476800,1625068500
2021,S209,7,8928,8928,8928,1.0,0,8928,0,1.0,1,0,0,8928,1.0,1625068800,1627746900
2021,S209,8,8928,8928,8928,1.0,0,8928,0,1.0,1,0,0,8928,1.0,1627747200,1630425300
2021,S209,9,8640,8640,8640,1.0,0,8640,0,1.0,1,0,0,8640,1.0,1630425600,1633017300
2021,S209,10,8928,8928,8928,1.0,0,8928,0,1.0,1,0,0,8928,1.0,1633017600,1635695700
2021,S209,11,8640,8640,8640,1.0,0,8640,0,1.0,1,0,0,8640,1.0,1635696000,1638287700
2021,S209,12,8928,8928,8928,1.0,0,8928,0,1.0,1,0,0,8928,1.0,1638288000,1640966100
2021,S210,1,7626,7626,8928,0.85416667,1302,8928,1302,0.85416667,1,0,0,7626,0.85416667,1609430400,1612108500
2021,S210,2,8043,8043,8064,0.99739583,21,8064,21,0.99739583,1,0,0,8043,0.99739583,1612108800,1614527700
2021,S210,3,8928,8928,8928,1.0,0,8928,0,1.0,1,0,0,8928,1.0,1614528000,1617206100
2021,S210,4,8640,8640,8640,1.0,0,8640,0,1.0,1,0,0,8640,1.0,1617206400,1619798100
2021,S210,5,8928,8928,8928,1.0,0,8928,0,1.0,1,0,0,8928,1.0,1619798400,1622476500
2021,S210,6,8640,8640,8640,1.0,0,8640,0,1.0,1,0,0,8640,1.0,1622476800,1625068500
2021,S210,7,8928,8928,8928,1.0,0,8928,0,1.0,1,0,0,8928,1.0,1625068800,1627746900
2021,S210,8,8928,8928,8928,1.0,0,8928,0,1.0,1,0,0,8928,1.0,1627747200,1630425300
2021,S210,9,8640,8640,8640,1.0,0,8640,0,1.0,1,0,0,8640,1.0,1630425600,1633017300
2021,S210,10,8928,8928,8928,1.0,0,8928,0,1.0,1,0,0,8928,1.0,1633017600,1635695700
2021,S210,11,8640,8640,8640,1.0,0,8640,0,1.0,1,0,0,8640,1.0,1635696000,1638287700
2021,S210,12,8928,8928,8928,1.0,0,8928,0,1.0,1,0,0,8928,1.0,1638288000,1640966100
2021,S211,1,7626,7626,8928,0.85416667,1302,8928,1302,0.85416667,1,0,0,7626,0.85416667,1609430400,1612108500
2021,S211,2,8043,8043,8064,0.99739583,21,8064,21,0.99739583,1,0,0,8043,0.99739583,1612108800,1614527700
2021,S211,3,8928,8928,8928,1.0,0,8928,0,1.0,1,0,0,8928,1.0,1614528000,1617206100
2021,S211,4,8640,8640,8640,1.0,0,8640,0,1.0,1,0,0,8640,1.0,1617206400,1619798100
2021,S211,5,8928,8928,8928,1.0,0,8928,0,1.0,1,0,0,8928,1.0,1619798400,1622476500
2021,S211,6,8640,8640,8640,1.0,0,8640,0,1.0,1,0,0,8640,1.0,1622476800,1625068500
2021,S211,7,8928,8928,8928,1.0,0,8928,0,1.0,1,0,0,8928,1.0,1625068800,1627746900
2021,S211,8,8928,8928,8928,1.0,0,8928,0,1.0,1,0,0,8928,1.0,1627747200,1630425300
2021,S211,9,8640,8640,8640,1.0,0,8640,0,1.0,1,0,0,8640,1.0,1630425600,1633017300
2021,S211,10,8928,8928,8928,1.0,0,8928,0,1.0,1,0,0,8928,1.0,1633017600,1635695700
2021,S211,11,8640,8640,8640,1.0,0,8640,0,1.0,1,0,0,8640,1.0,1635696000,1638287700
2021,S211,12,8928,8928,8928,1.0,0,8928,0,1.0,1,0,0,8928,1.0,1638288000,1640966100
2021,S212,1,7626,7626,8928,0.85416667,1302,8928,1302,0.85416667,1,0,0,7626,0.85416667,1609430400,1612108500
2021,S212,2,8043,8043,8064,0.99739583,21,8064,21,0.99739583,1,0,0,8043,0.99739583,1612108800,1614527700
2021,S212,3,8928,8928,8928,1.0,0,8928,0,1.0,1,0,0,8928,1.0,1614528000,1617206100
2021,S212,4,8640,8640,8640,1.0,0,8640,0,1.0,1,0,0,8640,1.0,1617206400,1619798100
2021,S212,5,8928,8928,8928,1.0,0,8928,0,1.0,1,0,0,8928,1.0,1619798400,1622476500
2021,S212,6,8640,8640,8640,1.0,0,8640,0,1.0,1,0,0,8640,1.0,1622476800,1625068500
2021,S212,7,8638,8638,8928,0.96751792,290,8928,290,0.96751792,1,0,0,8638,0.96751792,1625068800,1627746900
2021,S212,8,8928,8928,8928,1.0,0,8928,0,1.0,1,0,0,8928,1.0,1627747200,1630425300
2021,S212,9,8640,8640,8640,1.0,0,8640,0,1.0,1,0,0,8640,1.0,1630425600,1633017300
2021,S212,10,8928,8928,8928,1.0,0,8928,0,1.0,1,0,0,8928,1.0,1633017600,1635695700
2021,S212,11,8640,8640,8640,1.0,0,8640,0,1.0,1,0,0,8640,1.0,1635696000,1638287700
2021,S212,12,8880,8880,8928,0.99462366,48,8928,48,0.99462366,1,0,0,8880,0.99462366,1638288000,1640966100
2021,S213,1,7626,7626,8928,0.85416667,1302,8928,1302,0.85416667,1,0,0,7626,0.85416667,1609430400,1612108500
2021,S213,2,8043,8043,8064,0.99739583,21,8064,21,0.99739583,1,0,0,8043,0.99739583,1612108800,1614527700
2021,S213,3,8910,8910,8928,0.99798387,18,8928,18,0.99798387,1,0,0,8910,0.99798387,1614528000,1617206100
2021,S213,4,8640,8640,8640,1.0,0,8640,0,1.0,1,0,0,8640,1.0,1617206400,1619798100
2021,S213,5,7902,7902,8928,0.88508065,1026,8928,1026,0.88508065,1,0,0,7902,0.88508065,1619798400,1622476500
2021,S213,6,8640,8640,8640,1.0,0,8640,0,1.0,1,0,0,8640,1.0,1622476800,1625068500
2021,S213,7,8927,8927,8928,0.99988799,1,8928,1,0.99988799,1,0,0,8927,0.99988799,1625068800,1627746900
2021,S213,8,8928,8928,8928,1.0,0,8928,0,1.0,1,0,0,8928,1.0,1627747200,1630425300
2021,S213,9,8640,8640,8640,1.0,0,8640,0,1.0,1,0,0,8640,1.0,1630425600,1633017300
2021,S213,10,8928,8928,8928,1.0,0,8928,0,1.0,1,0,0,8928,1.0,1633017600,1635695700
2021,S213,11,8640,8640,8640,1.0,0,8640,0,1.0,1,0,0,8640,1.0,1635696000,1638287700
2021,S213,12,8928,8928,8928,1.0,0,8928,0,1.0,1,0,0,8928,1.0,1638288000,1640966100
2021,S214,1,6912,6912,8928,0.77419355,2016,8928,2016,0.77419355,1,0,0,6912,0.77419355,1609430400,1612108500
2021,S214,2,8043,8043,8064,0.99739583,21,8064,21,0.99739583,1,0,0,8043,0.99739583,1612108800,1614527700
2021,S214,3,8927,8927,8928,0.99988799,1,8928,1,0.99988799,1,0,0,8927,0.99988799,1614528000,1617206100
2021,S214,4,8640,8640,8640,1.0,0,8640,0,1.0,1,0,0,8640,1.0,1617206400,1619798100
2021,S214,5,8928,8928,8928,1.0,0,8928,0,1.0,1,0,0,8928,1.0,1619798400,1622476500
2021,S214,6,8640,8640,8640,1.0,0,8640,0,1.0,1,0,0,8640,1.0,1622476800,1625068500
2021,S214,7,8928,8928,8928,1.0,0,8928,0,1.0,1,0,0,8928,1.0,1625068800,1627746900
2021,S214,8,8928,8928,8928,1.0,0,8928,0,1.0,1,0,0,8928,1.0,1627747200,1630425300
2021,S214,9,8638,8638,8640,0.99976852,2,8640,2,0.99976852,1,0,0,8638,0.99976852,1630425600,1633017300
2021,S214,10,8928,8928,8928,1.0,0,8928,0,1.0,1,0,0,8928,1.0,1633017600,1635695700
2021,S214,11,8640,8640,8640,1.0,0,8640,0,1.0,1,0,0,8640,1.0,1635696000,1638287700
2021,S214,12,8928,8928,8928,1.0,0,8928,0,1.0,1,0,0,8928,1.0,1638288000,1640966100
2021,S215,1,7626,7626,8928,0.85416667,1302,8928,1302,0.85416667,1,0,0,7626,0.85416667,1609430400,1612108500
2021,S215,2,8043,8043,8064,0.99739583,21,8064,21,0.99739583,1,0,0,8043,0.99739583,1612108800,1614527700
2021,S215,3,8924,8924,8928,0.99955197,4,8928,4,0.99955197,1,0,0,8924,0.99955197,1614528000,1617206100
2021,S215,4,8640,8640,8640,1.0,0,8640,0,1.0,1,0,0,8640,1.0,1617206400,1619798100
2021,S215,5,8928,8928,8928,1.0,0,8928,0,1.0,1,0,0,8928,1.0,1619798400,1622476500
2021,S215,6,8640,8640,8640,1.0,0,8640,0,1.0,1,0,0,8640,1.0,1622476800,1625068500
2021,S215,7,8928,8928,8928,1.0,0,8928,0,1.0,1,0,0,8928,1.0,1625068800,1627746900
2021,S215,8,8928,8928,8928,1.0,0,8928,0,1.0,1,0,0,8928,1.0,1627747200,1630425300
2021,S215,9,8640,8640,8640,1.0,0,8640,0,1.0,1,0,0,8640,1.0,1630425600,1633017300
2021,S215,10,8928,8928,8928,1.0,0,8928,0,1.0,1,0,0,8928,1.0,1633017600,1635695700
2021,S215,11,8640,8640,8640,1.0,0,8640,0,1.0,1,0,0,8640,1.0,1635696000,1638287700
2021,S215,12,8928,8928,8928,1.0,0,8928,0,1.0,1,0,0,8928,1.0,1638288000,1640966100
2021,S216,1,7626,7626,8928,0.85416667,1302,8928,1302,0.85416667,1,0,0,7626,0.85416667,1609430400,1612108500
2021,S216,2,8043,8043,8064,0.99739583,21,8064,21,0.99739583,1,0,0,8043,0.99739583,1612108800,1614527700
2021,S216,3,8917,8917,8928,0.99876792,11,8928,11,0.99876792,1,0,0,8917,0.99876792,1614528000,1617206100
2021,S216,4,8637,8637,8640,0.99965278,3,8640,3,0.99965278,1,0,0,8637,0.99965278,1617206400,1619798100
2021,S216,5,8928,8928,8928,1.0,0,8928,0,1.0,1,0,0,8928,1.0,1619798400,1622476500
2021,S216,6,8640,8640,8640,1.0,0,8640,0,1.0,1,0,0,8640,1.0,1622476800,1625068500
2021,S216,7,8928,8928,8928,1.0,0,8928,0,1.0,1,0,0,8928,1.0,1625068800,1627746900
2021,S216,8,8928,8928,8928,1.0,0,8928,0,1.0,1,0,0,8928,1.0,1627747200,1630425300
2021,S216,9,8640,8640,8640,1.0,0,8640,0,1.0,1,0,0,8640,1.0,1630425600,1633017300
2021,S216,10,8928,8928,8928,1.0,0,8928,0,1.0,1,0,0,8928,1.0,1633017600,1635695700
2021,S216,11,8640,8640,8640,1.0,0,8640,0,1.0,1,0,0,8640,1.0,1635696000,1638287700
2021,S216,12,8928,8928,8928,1.0,0,8928,0,1.0,1,0,0,8928,1.0,1638288000,1640966100
2021,S217,1,7626,7626,8928,0.85416667,1302,8928,1302,0.85416667,1,0,0,7626,0.85416667,1609430400,1612108500
2021,S217,2,8043,8043,8064,0.99739583,21,8064,21,0.99739583,1,0,0,8043,0.99739583,1612108800,1614527700
2021,S217,3,8928,8928,8928,1.0,0,8928,0,1.0,1,0,0,8928,1.0,1614528000,1617206100
2021,S217,4,8640,8640,8640,1.0,0,8640,0,1.0,1,0,0,8640,1.0,1617206400,1619798100
2021,S217,5,8412,8412,8928,0.9422043,516,8928,516,0.9422043,1,0,0,8412,0.9422043,1619798400,1622476500
2021,S217,6,8640,8640,8640,1.0,0,8640,0,1.0,1,0,0,8640,1.0,1622476800,1625068500
2021,S217,7,8928,8928,8928,1.0,0,8928,0,1.0,1,0,0,8928,1.0,1625068800,1627746900
2021,S217,8,8928,8928,8928,1.0,0,8928,0,1.0,1,0,0,8928,1.0,1627747200,1630425300
2021,S217,9,8640,8640,8640,1.0,0,8640,0,1.0,1,0,0,8640,1.0,1630425600,1633017300
2021,S217,10,8928,8928,8928,1.0,0,8928,0,1.0,1,0,0,8928,1.0,1633017600,1635695700
2021,S217,11,8640,8640,8640,1.0,0,8640,0,1.0,1,0,0,8640,1.0,1635696000,1638287700
2021,S217,12,8928,8928,8928,1.0,0,8928,0,1.0,1,0,0,8928,1.0,1638288000,1640966100
2021,S218,1,7565,7565,8928,0.84733423,1363,8928,1363,0.84733423,1,0,0,7565,0.84733423,1609430400,1612108500
2021,S218,2,8043,8043,8064,0.99739583,21,8064,21,0.99739583,1,0,0,8043,0.99739583,1612108800,1614527700
2021,S218,3,8925,8925,8928,0.99966398,3,8928,3,0.99966398,1,0,0,8925,0.99966398,1614528000,1617206100
2021,S218,4,8640,8640,8640,1.0,0,8640,0,1.0,1,0,0,8640,1.0,1617206400,1619798100
2021,S218,5,8928,8928,8928,1.0,0,8928,0,1.0,1,0,0,8928,1.0,1619798400,1622476500
2021,S218,6,8640,8640,8640,1.0,0,8640,0,1.0,1,0,0,8640,1.0,1622476800,1625068500
2021,S218,7,8928,8928,8928,1.0,0,8928,0,1.0,1,0,0,8928,1.0,1625068800,1627746900
2021,S218,8,8928,8928,8928,1.0,0,8928,0,1.0,1,0,0,8928,1.0,1627747200,1630425300
2021,S218,9,8640,8640,8640,1.0,0,8640,0,1.0,1,0,0,8640,1.0,1630425600,1633017300
2021,S218,10,8927,8927,8928,0.99988799,1,8928,1,0.99988799,1,0,0,8927,0.99988799,1633017600,1635695700
2021,S218,11,8640,8640,8640,1.0,0,8640,0,1.0,1,0,0,8640,1.0,1635696000,1638287700
2021,S218,12,8928,8928,8928,1.0,0,8928,0,1.0,1,0,0,8928,1.0,1638288000,1640966100
2021,S219,1,7626,7626,8928,0.85416667,1302,8928,1302,0.85416667,1,0,0,7626,0.85416667,1609430400,1612108500
2021,S219,2,8043,8043,8064,0.99739583,21,8064,21,0.99739583,1,0,0,8043,0.99739583,1612108800,1614527700
2021,S219,3,8920,8920,8928,0.99910394,8,8928,8,0.99910394,1,0,0,8920,0.99910394,1614528000,1617206100
2021,S219,4,8640,8640,8640,1.0,0,8640,0,1.0,1,0,0,8640,1.0,1617206400,1619798100
2021,S219,5,8928,8928,8928,1.0,0,8928,0,1.0,1,0,0,8928,1.0,1619798400,1622476500
2021,S219,6,8640,8640,8640,1.0,0,8640,0,1.0,1,0,0,8640,1.0,1622476800,1625068500
2021,S219,7,8928,8928,8928,1.0,0,8928,0,1.0,1,0,0,8928,1.0,1625068800,1627746900
2021,S219,8,8928,8928,8928,1.0,0,8928,0,1.0,1,0,0,8928,1.0,1627747200,1630425300
2021,S219,9,8640,8640,8640,1.0,0,8640,0,1.0,1,0,0,8640,1.0,1630425600,1633017300
2021,S219,10,8928,8928,8928,1.0,0,8928,0,1.0,1,0,0,8928,1.0,1633017600,1635695700
2021,S219,11,8640,8640,8640,1.0,0,8640,0,1.0,1,0,0,8640,1.0,1635696000,1638287700
2021,S219,12,8928,8928,8928,1.0,0,8928,0,1.0,1,0,0,8928,1.0,1638288000,1640966100
2021,S220,1,7626,7626,8928,0.85416667,1302,8928,1302,0.85416667,1,0,0,7626,0.85416667,1609430400,1612108500
2021,S220,2,8043,8043,8064,0.99739583,21,8064,21,0.99739583,1,0,0,8043,0.99739583,1612108800,1614527700
2021,S220,3,8928,8928,8928,1.0,0,8928,0,1.0,1,0,0,8928,1.0,1614528000,1617206100
2021,S220,4,8640,8640,8640,1.0,0,8640,0,1.0,1,0,0,8640,1.0,1617206400,1619798100
2021,S220,5,8928,8928,8928,1.0,0,8928,0,1.0,1,0,0,8928,1.0,1619798400,1622476500
2021,S220,6,8640,8640,8640,1.0,0,8640,0,1.0,1,0,0,8640,1.0,1622476800,1625068500
2021,S220,7,8928,8928,8928,1.0,0,8928,0,1.0,1,0,0,8928,1.0,1625068800,1627746900
2021,S220,8,8928,8928,8928,1.0,0,8928,0,1.0,1,0,0,8928,1.0,1627747200,1630425300
2021,S220,9,8640,8640,8640,1.0,0,8640,0,1.0,1,0,0,8640,1.0,1630425600,1633017300
2021,S220,10,8928,8928,8928,1.0,0,8928,0,1.0,1,0,0,8928,1.0,1633017600,1635695700
2021,S220,11,8640,8640,8640,1.0,0,8640,0,1.0,1,0,0,8640,1.0,1635696000,1638287700
2021,S220,12,8928,8928,8928,1.0,0,8928,0,1.0,1,0,0,8928,1.0,1638288000,1640966100
2021,S221,1,7626,7626,8928,0.85416667,1302,8928,1302,0.85416667,1,0,0,7626,0.85416667,1609430400,1612108500
2021,S221,2,8043,8043,8064,0.99739583,21,8064,21,0.99739583,1,0,0,8043,0.99739583,1612108800,1614527700
2021,S221,3,8928,8928,8928,1.0,0,8928,0,1.0,1,0,0,8928,1.0,1614528000,1617206100
2021,S221,4,8640,8640,8640,1.0,0,8640,0,1.0,1,0,0,8640,1.0,1617206400,1619798100
2021,S221,5,8928,8928,8928,1.0,0,8928,0,1.0,1,0,0,8928,1.0,1619798400,1622476500
2021,S221,6,8640,8640,8640,1.0,0,8640,0,1.0,1,0,0,8640,1.0,1622476800,1625068500
2021,S221,7,8928,8928,8928,1.0,0,8928,0,1.0,1,0,0,8928,1.0,1625068800,1627746900
2021,S221,8,8928,8928,8928,1.0,0,8928,0,1.0,1,0,0,8928,1.0,1627747200,1630425300
2021,S221,9,8640,8640,8640,1.0,0,8640,0,1.0,1,0,0,8640,1.0,1630425600,1633017300
2021,S221,10,8928,8928,8928,1.0,0,8928,0,1.0,1,0,0,8928,1.0,1633017600,1635695700
2021,S221,11,8640,8640,8640,1.0,0,8640,0,1.0,1,0,0,8640,1.0,1635696000,1638287700
2021,S221,12,8928,8928,8928,1.0,0,8928,0,1.0,1,0,0,8928,1.0,1638288000,1640966100
2021,S222,1,7626,7626,8928,0.85416667,1302,8928,1302,0.85416667,1,0,0,7626,0.85416667,1609430400,1612108500
2021,S222,2,8043,8043,8064,0.99739583,21,8064,21,0.99739583,1,0,0,8043,0.99739583,1612108800,1614527700
2021,S222,3,8928,8928,8928,1.0,0,8928,0,1.0,1,0,0,8928,1.0,1614528000,1617206100
2021,S222,4,8640,8640,8640,1.0,0,8640,0,1.0,1,0,0,8640,1.0,1617206400,1619798100
2021,S222,5,8928,8928,8928,1.0,0,8928,0,1.0,1,0,0,8928,1.0,1619798400,1622476500
2021,S222,6,8640,8640,8640,1.0,0,8640,0,1.0,1,0,0,8640,1.0,1622476800,1625068500
2021,S222,7,8928,8928,8928,1.0,0,8928,0,1.0,1,0,0,8928,1.0,1625068800,1627746900
2021,S222,8,8928,8928,8928,1.0,0,8928,0,1.0,1,0,0,8928,1.0,1627747200,1630425300
2021,S222,9,8640,8640,8640,1.0,0,8640,0,1.0,1,0,0,8640,1.0,1630425600,1633017300
2021,S222,10,8928,8928,8928,1.0,0,8928,0,1.0,1,0,0,8928,1.0,1633017600,1635695700
2021,S222,11,8640,8640,8640,1.0,0,8640,0,1.0,1,0,0,8640,1.0,1635696000,1638287700
2021,S222,12,8928,8928,8928,1.0,0,8928,0,1.0,1,0,0,8928,1.0,1638288000,1640966100
2021,S223,1,7626,7626,8928,0.85416667,1302,8928,1302,0.85416667,1,0,0,7626,0.85416667,1609430400,1612108500
2021,S223,2,8043,8043,8064,0.99739583,21,8064,21,0.99739583,1,0,0,8043,0.99739583,1612108800,1614527700
2021,S223,3,8928,8928,8928,1.0,0,8928,0,1.0,1,0,0,8928,1.0,1614528000,1617206100
2021,S223,4,8640,8640,8640,1.0,0,8640,0,1.0,1,0,0,8640,1.0,1617206400,1619798100
2021,S223,5,8928,8928,8928,1.0,0,8928,0,1.0,1,0,0,8928,1.0,1619798400,1622476500
2021,S223,6,8640,8640,8640,1.0,0,8640,0,1.0,1,0,0,8640,1.0,1622476800,1625068500
2021,S223,7,8928,8928,8928,1.0,0,8928,0,1.0,1,0,0,8928,1.0,1625068800,1627746900
2021,S223,8,8928,8928,8928,1.0,0,8928,0,1.0,1,0,0,8928,1.0,1627747200,1630425300
2021,S223,9,8640,8640,8640,1.0,0,8640,0,1.0,1,0,0,8640,1.0,1630425600,1633017300
2021,S223,10,8928,8928,8928,1.0,0,8928,0,1.0,1,0,0,8928,1.0,1633017600,1635695700
2021,S223,11,8640,8640,8640,1.0,0,8640,0,1.0,1,0,0,8640,1.0,1635696000,1638287700
2021,S223,12,8928,8928,8928,1.0,0,8928,0,1.0,1,0,0,8928,1.0,1638288000,1640966100
2021,S224,1,7530,7530,8928,0.84341398,1398,7530,0,1.0,1,0,0,7530,0.84341398,1609849800,1612108500
2021,S224,2,8043,8043,8064,0.99739583,21,8064,21,0.99739583,1,0,0,8043,0.99739583,1612108800,1614527700
2021,S224,3,8928,8928,8928,1.0,0,8928,0,1.0,1,0,0,8928,1.0,1614528000,1617206100
2021,S224,4,8640,8640,8640,1.0,0,8640,0,1.0,1,0,0,8640,1.0,1617206400,1619798100
2021,S224,5,8928,8928,8928,1.0,0,8928,0,1.0,1,0,0,8928,1.0,1619798400,1622476500
2021,S224,6,8640,8640,8640,1.0,0,8640,0,1.0,1,0,0,8640,1.0,1622476800,1625068500
2021,S224,7,8928,8928,8928,1.0,0,8928,0,1.0,1,0,0,8928,1.0,1625068800,1627746900
2021,S224,8,8928,8928,8928,1.0,0,8928,0,1.0,1,0,0,8928,1.0,1627747200,1630425300
2021,S224,9,8640,8640,8640,1.0,0,8640,0,1.0,1,0,0,8640,1.0,1630425600,1633017300
2021,S224,10,8928,8928,8928,1.0,0,8928,0,1.0,1,0,0,8928,1.0,1633017600,1635695700
2021,S224,11,8640,8640,8640,1.0,0,8640,0,1.0,1,0,0,8640,1.0,1635696000,1638287700
2021,S224,12,8928,8928,8928,1.0,0,8928,0,1.0,1,0,0,8928,1.0,1638288000,1640966100
2021,S226,1,7626,7626,8928,0.85416667,1302,8928,1302,0.85416667,1,0,0,7626,0.85416667,1609430400,1612108500
2021,S226,2,8043,8043,8064,0.99739583,21,8064,21,0.99739583,1,0,0,8043,0.99739583,1612108800,1614527700
2021,S226,3,8928,8928,8928,1.0,0,8928,0,1.0,1,0,0,8928,1.0,1614528000,1617206100
2021,S226,4,8640,8640,8640,1.0,0,8640,0,1.0,1,0,0,8640,1.0,1617206400,1619798100
2021,S226,5,8928,8928,8928,1.0,0,8928,0,1.0,1,0,0,8928,1.0,1619798400,1622476500
2021,S226,6,8640,8640,8640,1.0,0,8640,0,1.0,1,0,0,8640,1.0,1622476800,1625068500
2021,S226,7,8928,8928,8928,1.0,0,8928,0,1.0,1,0,0,8928,1.0,1625068800,1627746900
2021,S226,8,8928,8928,8928,1.0,0,8928,0,1.0,1,0,0,8928,1.0,1627747200,1630425300
2021,S226,9,6813,6813,8640,0.78854167,1827,8640,1827,0.78854167,1,0,0,6813,0.78854167,1630425600,1633017300
2021,S226,10,8928,8928,8928,1.0,0,8928,0,1.0,1,0,0,8928,1.0,1633017600,1635695700
2021,S226,11,8640,8640,8640,1.0,0,8640,0,1.0,1,0,0,8640,1.0,1635696000,1638287700
2021,S226,12,8928,8928,8928,1.0,0,8928,0,1.0,1,0,0,8928,1.0,1638288000,1640966100
2021,S227,1,7626,7626,8928,0.85416667,1302,8928,1302,0.85416667,1,0,0,7626,0.85416667,1609430400,1612108500
2021,S227,2,8043,8043,8064,0.99739583,21,8064,21,0.99739583,1,0,0,8043,0.99739583,1612108800,1614527700
2021,S227,3,8928,8928,8928,1.0,0,8928,0,1.0,1,0,0,8928,1.0,1614528000,1617206100
2021,S227,4,8640,8640,8640,1.0,0,8640,0,1.0,1,0,0,8640,1.0,1617206400,1619798100
2021,S227,5,8928,8928,8928,1.0,0,8928,0,1.0,1,0,0,8928,1.0,1619798400,1622476500
2021,S227,6,8640,8640,8640,1.0,0,8640,0,1.0,1,0,0,8640,1.0,1622476800,1625068500
2021,S227,7,8928,8928,8928,1.0,0,8928,0,1.0,1,0,0,8928,1.0,1625068800,1627746900
2021,S227,8,8928,8928,8928,1.0,0,8928,0,1.0,1,0,0,8928,1.0,1627747200,1630425300
2021,S227,9,8640,8640,8640,1.0,0,8640,0,1.0,1,0,0,8640,1.0,1630425600,1633017300
2021,S227,10,8928,8928,8928,1.0,0,8928,0,1.0,1,0,0,8928,1.0,1633017600,1635695700
2021,S227,11,8640,8640,8640,1.0,0,8640,0,1.0,1,0,0,8640,1.0,1635696000,1638287700
2021,S227,12,8928,8928,8928,1.0,0,8928,0,1.0,1,0,0,8928,1.0,1638288000,1640966100
2021,S228,1,7626,7626,8928,0.85416667,1302,8928,1302,0.85416667,1,0,0,7626,0.85416667,1609430400,1612108500
2021,S228,2,8041,8041,8064,0.99714782,23,8064,23,0.99714782,1,0,0,8041,0.99714782,1612108800,1614527700
2021,S228,3,8787,8787,8928,0.98420699,141,8928,141,0.98420699,1,0,0,8787,0.98420699,1614528000,1617206100
2021,S228,4,8436,8436,8640,0.97638889,204,8640,204,0.97638889,1,0,0,8436,0.97638889,1617206400,1619798100
2021,S228,5,8928,8928,8928,1.0,0,8928,0,1.0,1,0,0,8928,1.0,1619798400,1622476500
2021,S228,6,8640,8640,8640,1.0,0,8640,0,1.0,1,0,0,8640,1.0,1622476800,1625068500
2021,S228,7,8928,8928,8928,1.0,0,8928,0,1.0,1,0,0,8928,1.0,1625068800,1627746900
2021,S228,8,8928,8928,8928,1.0,0,8928,0,1.0,1,0,0,8928,1.0,1627747200,1630425300
2021,S228,9,8640,8640,8640,1.0,0,8640,0,1.0,1,0,0,8640,1.0,1630425600,1633017300
2021,S228,10,8928,8928,8928,1.0,0,8928,0,1.0,1,0,0,8928,1.0,1633017600,1635695700
2021,S228,11,8640,8640,8640,1.0,0,8640,0,1.0,1,0,0,8640,1.0,1635696000,1638287700
2021,S228,12,8928,8928,8928,1.0,0,8928,0,1.0,1,0,0,8928,1.0,1638288000,1640966100
2021,S229,1,7436,7436,8928,0.8328853,1492,8928,1492,0.8328853,1,0,0,7436,0.8328853,1609430400,1612108500
2021,S229,2,7975,7975,8064,0.98896329,89,8064,89,0.98896329,1,0,0,7975,0.98896329,1612108800,1614527700
2021,S229,3,8928,8928,8928,1.0,0,8928,0,1.0,1,0,0,8928,1.0,1614528000,1617206100
2021,S229,4,8640,8640,8640,1.0,0,8640,0,1.0,1,0,0,8640,1.0,1617206400,1619798100
2021,S229,5,8927,8927,8928,0.99988799,1,8928,1,0.99988799,1,0,0,8927,0.99988799,1619798400,1622476500
2021,S229,6,8640,8640,8640,1.0,0,8640,0,1.0,1,0,0,8640,1.0,1622476800,1625068500
2021,S229,7,8927,8927,8928,0.99988799,1,8928,1,0.99988799,1,0,0,8927,0.99988799,1625068800,1627746900
2021,S229,8,8928,8928,8928,1.0,0,8928,0,1.0,1,0,0,8928,1.0,1627747200,1630425300
2021,S229,9,8640,8640,8640,1.0,0,8640,0,1.0,1,0,0,8640,1.0,1630425600,1633017300
2021,S229,10,8928,8928,8928,1.0,0,8928,0,1.0,1,0,0,8928,1.0,1633017600,1635695700
2021,S229,11,8640,8640,8640,1.0,0,8640,0,1.0,1,0,0,8640,1.0,1635696000,1638287700
2021,S229,12,8928,8928,8928,1.0,0,8928,0,1.0,1,0,0,8928,1.0,1638288000,1640966100
2021,S230,1,7626,7626,8928,0.85416667,1302,8928,1302,0.85416667,1,0,0,7626,0.85416667,1609430400,1612108500
2021,S230,2,8043,8043,8064,0.99739583,21,8064,21,0.99739583,1,0,0,8043,0.99739583,1612108800,1614527700
2021,S230,3,8928,8928,8928,1.0,0,8928,0,1.0,1,0,0,8928,1.0,1614528000,1617206100
2021,S230,4,8640,8640,8640,1.0,0,8640,0,1.0,1,0,0,8640,1.0,1617206400,1619798100
2021,S230,5,8928,8928,8928,1.0,0,8928,0,1.0,1,0,0,8928,1.0,1619798400,1622476500
2021,S230,6,8640,8640,8640,1.0,0,8640,0,1.0,1,0,0,8640,1.0,1622476800,1625068500
2021,S230,7,8928,8928,8928,1.0,0,8928,0,1.0,1,0,0,8928,1.0,1625068800,1627746900
2021,S230,8,8928,8928,8928,1.0,0,8928,0,1.0,1,0,0,8928,1.0,1627747200,1630425300
2021,S230,9,8640,8640,8640,1.0,0,8640,0,1.0,1,0,0,8640,1.0,1630425600,1633017300
2021,S230,10,8928,8928,8928,1.0,0,8928,0,1.0,1,0,0,8928,1.0,1633017600,1635695700
2021,S230,11,8640,8640,8640,1.0,0,8640,0,1.0,1,0,0,8640,1.0,1635696000,1638287700
2021,S230,12,8928,8928,8928,1.0,0,8928,0,1.0,1,0,0,8928,1.0,1638288000,1640966100
2021,S24,1,7615,7615,8928,0.85293459,1313,8928,1313,0.85293459,1,0,0,7615,0.85293459,1609430400,1612108500
2021,S24,2,7959,7959,8064,0.98697917,105,8064,105,0.98697917,1,0,0,7959,0.98697917,1612108800,1614527700
2021,S24,3,8928,8928,8928,1.0,0,8928,0,1.0,1,0,0,8928,1.0,1614528000,1617206100
2021,S24,4,8640,8640,8640,1.0,0,8640,0,1.0,1,0,0,8640,1.0,1617206400,1619798100
2021,S24,5,8925,8925,8928,0.99966398,3,8928,3,0.99966398,1,0,0,8925,0.99966398,1619798400,1622476500
2021,S24,6,8640,8640,8640,1.0,0,8640,0,1.0,1,0,0,8640,1.0,1622476800,1625068500
2021,S24,7,8918,8918,8928,0.99887993,10,8928,10,0.99887993,1,0,0,8918,0.99887993,1625068800,1627746900
2021,S24,8,8928,8928,8928,1.0,0,8928,0,1.0,1,0,0,8928,1.0,1627747200,1630425300
2021,S24,9,8636,8636,8640,0.99953704,4,8640,4,0.99953704,1,0,0,8636,0.99953704,1630425600,1633017300
2021,S24,10,8928,8928,8928,1.0,0,8928,0,1.0,1,0,0,8928,1.0,1633017600,1635695700
2021,S24,11,8636,8636,8640,0.99953704,4,8640,4,0.99953704,1,0,0,8636,0.99953704,1635696000,1638287700
2021,S24,12,8928,8928,8928,1.0,0,8928,0,1.0,1,0,0,8928,1.0,1638288000,1640966100
2021,S29,1,96,96,8928,0.01075269,8832,96,0,1.0,1,0,0,96,0.01075269,1609430400,1609458900
2021,S29,2,0,0,8064,0.0,8064,0,0,,0,0,0,0,0.0,,
2021,S29,3,0,0,8928,0.0,8928,0,0,,0,0,0,0,0.0,,
2021,S29,4,0,0,8640,0.0,8640,0,0,,0,0,0,0,0.0,,
2021,S29,5,0,0,8928,0.0,8928,0,0,,0,0,0,0,0.0,,
2021,S29,6,0,0,8640,0.0,8640,0,0,,0,0,0,0,0.0,,
2021,S29,7,0,0,8928,0.0,8928,0,0,,0,0,0,0,0.0,,
2021,S29,8,0,0,8928,0.0,8928,0,0,,0,0,0,0,0.0,,
2021,S29,9,0,0,8640,0.0,8640,0,0,,0,0,0,0,0.0,,
2021,S29,10,0,0,8928,0.0,8928,0,0,,0,0,0,0,0.0,,
2021,S29,11,0,0,8640,0.0,8640,0,0,,0,0,0,0,0.0,,
2021,S29,12,0,0,8928,0.0,8928,0,0,,0,0,0,0,0.0,,
2021,S33,1,7358,7358,8928,0.82414875,1570,8928,1570,0.82414875,1,0,0,7358,0.82414875,1609430400,1612108500
2021,S33,2,8034,8034,8064,0.99627976,30,8064,30,0.99627976,1,0,0,8034,0.99627976,1612108800,1614527700
2021,S33,3,8926,8926,8928,0.99977599,2,8928,2,0.99977599,1,0,0,8926,0.99977599,1614528000,1617206100
2021,S33,4,8287,8287,8640,0.95914352,353,8640,353,0.95914352,1,0,0,8287,0.95914352,1617206400,1619798100
2021,S33,5,8000,8000,8928,0.89605735,928,8928,928,0.89605735,1,0,0,8000,0.89605735,1619798400,1622476500
2021,S33,6,8639,8639,8640,0.99988426,1,8640,1,0.99988426,1,0,0,8639,0.99988426,1622476800,1625068500
2021,S33,7,8925,8925,8928,0.99966398,3,8928,3,0.99966398,1,0,0,8925,0.99966398,1625068800,1627746900
2021,S33,8,8926,8926,8928,0.99977599,2,8928,2,0.99977599,1,0,0,8926,0.99977599,1627747200,1630425300
2021,S33,9,8639,8639,8640,0.99988426,1,8640,1,0.99988426,1,0,0,8639,0.99988426,1630425600,1633017300
2021,S33,10,8928,8928,8928,1.0,0,8928,0,1.0,1,0,0,8928,1.0,1633017600,1635695700
2021,S33,11,8639,8639,8640,0.99988426,1,8640,1,0.99988426,1,0,0,8639,0.99988426,1635696000,1638287700
2021,S33,12,8928,8928,8928,1.0,0,8928,0,1.0,1,0,0,8928,1.0,1638288000,1640966100
2021,S35,1,7282,7282,8928,0.8156362,1646,8928,1646,0.8156362,1,0,0,7282,0.8156362,1609430400,1612108500
2021,S35,2,4524,4524,8064,0.5610119,3540,8064,3540,0.5610119,1,0,0,4524,0.5610119,1612108800,1614527700
2021,S35,3,6006,6006,8928,0.67271505,2922,8915,2909,0.67369602,1,0,0,6006,0.67271505,1614528000,1617202200
2021,S35,4,8538,8538,8640,0.98819444,102,8639,101,0.98830883,1,0,0,8538,0.98819444,1617206700,1619798100
2021,S35,5,8733,8733,8928,0.9781586,195,8928,195,0.9781586,1,0,0,8733,0.9781586,1619798400,1622476500
2021,S35,6,8360,8360,8640,0.96759259,280,8640,280,0.96759259,1,0,0,8360,0.96759259,1622476800,1625068500
2021,S35,7,8685,8685,8928,0.97278226,243,8928,243,0.97278226,1,0,0,8685,0.97278226,1625068800,1627746900
2021,S35,8,4383,4383,8928,0.49092742,4545,8913,4530,0.49175362,1,0,0,4383,0.49092742,1627747200,1630420800
2021,S35,9,7418,7418,8640,0.85856481,1222,8637,1219,0.85886303,1,0,0,7418,0.85856481,1630426500,1633017300
2021,S35,10,8876,8876,8928,0.99417563,52,8928,52,0.99417563,1,0,0,8876,0.99417563,1633017600,1635695700
2021,S35,11,8193,8193,8640,0.94826389,447,8640,447,0.94826389,1,0,0,8193,0.94826389,1635696000,1638287700
2021,S35,12,8292,8292,8928,0.92876344,636,8842,550,0.93779688,1,0,0,8292,0.92876344,1638288000,1640940300
2021,S36,1,844,844,8928,0.09453405,8084,4066,3222,0.20757501,1,0,0,844,0.09453405,1610438700,1611658200
2021,S36,2,1283,1283,8064,0.15910218,6781,1283,0,1.0,1,0,0,1283,0.15910218,1614143100,1614527700
2021,S36,3,1632,1632,8928,0.1827957,7296,8928,7296,0.1827957,1,0,0,1632,0.1827957,1614528000,1617206100
2021,S36,4,1953,1953,8640,0.22604167,6687,7893,5940,0.24743444,1,0,0,1953,0.22604167,1617206400,1619574000
2021,S36,5,1021,1021,8928,0.11435932,7907,8168,7147,0.125,1,0,0,1021,0.11435932,1619947800,1622397900
2021,S36,6,1541,1541,8640,0.17835648,7099,7650,6109,0.20143791,1,0,0,1541,0.17835648,1622706000,1625000700
2021,S36,7,1403,1403,8928,0.15714606,7525,7187,5784,0.19521358,1,0,0,1403,0.15714606,1625308800,1627464600
2021,S36,8,1158,1158,8928,0.1297043,7770,8465,7307,0.13679858,1,0,0,1158,0.1297043,1627886100,1630425300
2021,S36,9,1936,1936,8640,0.22407407,6704,8522,6586,0.22717672,1,0,0,1936,0.22407407,1630425600,1632981900
2021,S36,10,1363,1363,8928,0.15266577,7565,5135,3772,0.2654333,1,0,0,1363,0.15266577,1634018700,1635558900
2021,S36,11,888,888,8640,0.10277778,7752,7485,6597,0.11863727,1,0,0,888,0.10277778,1636015500,1638260700
2021,S36,12,567,567,8928,0.06350806,8361,7554,6987,0.07505957,1,0,0,567,0.06350806,1638603600,1640869500
2021,S40,1,7619,7619,8928,0.85338262,1309,8928,1309,0.85338262,1,0,0,7619,0.85338262,1609430400,1612108500
2021,S40,2,8039,8039,8064,0.9968998,25,8064,25,0.9968998,1,0,0,8039,0.9968998,1612108800,1614527700
2021,S40,3,8927,8927,8928,0.99988799,1,8928,1,0.99988799,1,0,0,8927,0.99988799,1614528000,1617206100
2021,S40,4,8640,8640,8640,1.0,0,8640,0,1.0,1,0,0,8640,1.0,1617206400,1619798100
2021,S40,5,8928,8928,8928,1.0,0,8928,0,1.0,1,0,0,8928,1.0,1619798400,1622476500
2021,S40,6,8640,8640,8640,1.0,0,8640,0,1.0,1,0,0,8640,1.0,1622476800,1625068500
2021,S40,7,8919,8919,8928,0.99899194,9,8928,9,0.99899194,1,0,0,8919,0.99899194,1625068800,1627746900
2021,S40,8,8928,8928,8928,1.0,0,8928,0,1.0,1,0,0,8928,1.0,1627747200,1630425300
2021,S40,9,8640,8640,8640,1.0,0,8640,0,1.0,1,0,0,8640,1.0,1630425600,1633017300
2021,S40,10,8928,8928,8928,1.0,0,8928,0,1.0,1,0,0,8928,1.0,1633017600,1635695700
2021,S40,11,8640,8640,8640,1.0,0,8640,0,1.0,1,0,0,8640,1.0,1635696000,1638287700
2021,S40,12,8928,8928,8928,1.0,0,8928,0,1.0,1,0,0,8928,1.0,1638288000,1640966100
2021,S43,1,7620,7620,8928,0.85349462,1308,8928,1308,0.85349462,1,0,0,7620,0.85349462,1609430400,1612108500
2021,S43,2,8040,8040,8064,0.99702381,24,8064,24,0.99702381,1,0,0,8040,0.99702381,1612108800,1614527700
2021,S43,3,8927,8927,8928,0.99988799,1,8928,1,0.99988799,1,0,0,8927,0.99988799,1614528000,1617206100
2021,S43,4,8640,8640,8640,1.0,0,8640,0,1.0,1,0,0,8640,1.0,1617206400,1619798100
2021,S43,5,8928,8928,8928,1.0,0,8928,0,1.0,1,0,0,8928,1.0,1619798400,1622476500
2021,S43,6,8640,8640,8640,1.0,0,8640,0,1.0,1,0,0,8640,1.0,1622476800,1625068500
2021,S43,7,8918,8918,8928,0.99887993,10,8928,10,0.99887993,1,0,0,8918,0.99887993,1625068800,1627746900
2021,S43,8,8925,8925,8928,0.99966398,3,8928,3,0.99966398,1,0,0,8925,0.99966398,1627747200,1630425300
2021,S43,9,8640,8640,8640,1.0,0,8640,0,1.0,1,0,0,8640,1.0,1630425600,1633017300
2021,S43,10,8926,8926,8928,0.99977599,2,8928,2,0.99977599,1,0,0,8926,0.99977599,1633017600,1635695700
2021,S43,11,8640,8640,8640,1.0,0,8640,0,1.0,1,0,0,8640,1.0,1635696000,1638287700
2021,S43,12,8924,8924,8928,0.99955197,4,8928,4,0.99955197,1,0,0,8924,0.99955197,1638288000,1640966100
2021,S44,1,7621,7621,8928,0.85360663,1307,8928,1307,0.85360663,1,0,0,7621,0.85360663,1609430400,1612108500
2021,S44,2,8040,8040,8064,0.99702381,24,8064,24,0.99702381,1,0,0,8040,0.99702381,1612108800,1614527700
2021,S44,3,8927,8927,8928,0.99988799,1,8928,1,0.99988799,1,0,0,8927,0.99988799,1614528000,1617206100
2021,S44,4,8640,8640,8640,1.0,0,8640,0,1.0,1,0,0,8640,1.0,1617206400,1619798100
2021,S44,5,8928,8928,8928,1.0,0,8928,0,1.0,1,0,0,8928,1.0,1619798400,1622476500
2021,S44,6,8640,8640,8640,1.0,0,8640,0,1.0,1,0,0,8640,1.0,1622476800,1625068500
2021,S44,7,8268,8268,8928,0.92607527,660,8928,660,0.92607527,1,0,0,8268,0.92607527,1625068800,1627746900
2021,S44,8,8928,8928,8928,1.0,0,8928,0,1.0,1,0,0,8928,1.0,1627747200,1630425300
2021,S44,9,8640,8640,8640,1.0,0,8640,0,1.0,1,0,0,8640,1.0,1630425600,1633017300
2021,S44,10,8927,8927,8928,0.99988799,1,8928,1,0.99988799,1,0,0,8927,0.99988799,1633017600,1635695700
2021,S44,11,8640,8640,8640,1.0,0,8640,0,1.0,1,0,0,8640,1.0,1635696000,1638287700
2021,S44,12,8928,8928,8928,1.0,0,8928,0,1.0,1,0,0,8928,1.0,1638288000,1640966100
2021,S50,1,7621,7621,8928,0.85360663,1307,8928,1307,0.85360663,1,0,0,7621,0.85360663,1609430400,1612108500
2021,S50,2,8038,8038,8064,0.99677579,26,8064,26,0.99677579,1,0,0,8038,0.99677579,1612108800,1614527700
2021,S50,3,8925,8925,8928,0.99966398,3,8928,3,0.99966398,1,0,0,8925,0.99966398,1614528000,1617206100
2021,S50,4,6392,6392,8640,0.73981481,2248,8640,2248,0.73981481,1,0,0,6392,0.73981481,1617206400,1619798100
2021,S50,5,8928,8928,8928,1.0,0,8928,0,1.0,1,0,0,8928,1.0,1619798400,1622476500
2021,S50,6,8640,8640,8640,1.0,0,8640,0,1.0,1,0,0,8640,1.0,1622476800,1625068500
2021,S50,7,8919,8919,8928,0.99899194,9,8928,9,0.99899194,1,0,0,8919,0.99899194,1625068800,1627746900
2021,S50,8,8370,8370,8928,0.9375,558,8928,558,0.9375,1,0,0,8370,0.9375,1627747200,1630425300
2021,S50,9,8640,8640,8640,1.0,0,8640,0,1.0,1,0,0,8640,1.0,1630425600,1633017300
2021,S50,10,8914,8914,8928,0.9984319,14,8928,14,0.9984319,1,0,0,8914,0.9984319,1633017600,1635695700
2021,S50,11,8640,8640,8640,1.0,0,8640,0,1.0,1,0,0,8640,1.0,1635696000,1638287700
2021,S50,12,8928,8928,8928,1.0,0,8928,0,1.0,1,0,0,8928,1.0,1638288000,1640966100
2021,S60,1,96,96,8928,0.01075269,8832,96,0,1.0,1,0,0,96,0.01075269,1609430400,1609458900
2021,S60,2,0,0,8064,0.0,8064,0,0,,0,0,0,0,0.0,,
2021,S60,3,0,0,8928,0.0,8928,0,0,,0,0,0,0,0.0,,
2021,S60,4,0,0,8640,0.0,8640,0,0,,0,0,0,0,0.0,,
2021,S60,5,0,0,8928,0.0,8928,0,0,,0,0,0,0,0.0,,
2021,S60,6,0,0,8640,0.0,8640,0,0,,0,0,0,0,0.0,,
2021,S60,7,0,0,8928,0.0,8928,0,0,,0,0,0,0,0.0,,
2021,S60,8,0,0,8928,0.0,8928,0,0,,0,0,0,0,0.0,,
2021,S60,9,0,0,8640,0.0,8640,0,0,,0,0,0,0,0.0,,
2021,S60,10,0,0,8928,0.0,8928,0,0,,0,0,0,0,0.0,,
2021,S60,11,0,0,8640,0.0,8640,0,0,,0,0,0,0,0.0,,
2021,S60,12,0,0,8928,0.0,8928,0,0,,0,0,0,0,0.0,,
2021,S61,1,96,96,8928,0.01075269,8832,96,0,1.0,1,0,0,96,0.01075269,1609430400,1609458900
2021,S61,2,0,0,8064,0.0,8064,0,0,,0,0,0,0,0.0,,
2021,S61,3,0,0,8928,0.0,8928,0,0,,0,0,0,0,0.0,,
2021,S61,4,0,0,8640,0.0,8640,0,0,,0,0,0,0,0.0,,
2021,S61,5,0,0,8928,0.0,8928,0,0,,0,0,0,0,0.0,,
2021,S61,6,0,0,8640,0.0,8640,0,0,,0,0,0,0,0.0,,
2021,S61,7,0,0,8928,0.0,8928,0,0,,0,0,0,0,0.0,,
2021,S61,8,0,0,8928,0.0,8928,0,0,,0,0,0,0,0.0,,
2021,S61,9,0,0,8640,0.0,8640,0,0,,0,0,0,0,0.0,,
2021,S61,10,0,0,8928,0.0,8928,0,0,,0,0,0,0,0.0,,
2021,S61,11,0,0,8640,0.0,8640,0,0,,0,0,0,0,0.0,,
2021,S61,12,0,0,8928,0.0,8928,0,0,,0,0,0,0,0.0,,
2021,S66,1,7049,7049,8928,0.78953853,1879,8928,1879,0.78953853,1,0,0,7049,0.78953853,1609430400,1612108500
2021,S66,2,8037,8037,8064,0.99665179,27,8064,27,0.99665179,1,0,0,8037,0.99665179,1612108800,1614527700
2021,S66,3,8926,8926,8928,0.99977599,2,8928,2,0.99977599,1,0,0,8926,0.99977599,1614528000,1617206100
2021,S66,4,8640,8640,8640,1.0,0,8640,0,1.0,1,0,0,8640,1.0,1617206400,1619798100
2021,S66,5,8928,8928,8928,1.0,0,8928,0,1.0,1,0,0,8928,1.0,1619798400,1622476500
2021,S66,6,8638,8638,8640,0.99976852,2,8640,2,0.99976852,1,0,0,8638,0.99976852,1622476800,1625068500
2021,S66,7,8739,8739,8928,0.97883065,189,8928,189,0.97883065,1,0,0,8739,0.97883065,1625068800,1627746900
2021,S66,8,8727,8727,8928,0.97748656,201,8727,0,1.0,1,0,0,8727,0.97748656,1627747200,1630365000
2021,S66,9,7712,7712,8640,0.89259259,928,8490,778,0.90836278,1,0,0,7712,0.89259259,1630470600,1633017300
2021,S66,10,8928,8928,8928,1.0,0,8928,0,1.0,1,0,0,8928,1.0,1633017600,1635695700
2021,S66,11,8506,8506,8640,0.98449074,134,8640,134,0.98449074,1,0,0,8506,0.98449074,1635696000,1638287700
2021,S66,12,7863,7863,8928,0.88071237,1065,8928,1065,0.88071237,1,0,0,7863,0.88071237,1638288000,1640966100
2021,S69,1,7456,7456,8928,0.83512545,1472,8928,1472,0.83512545,1,0,0,7456,0.83512545,1609430400,1612108500
2021,S69,2,7752,7752,8064,0.96130952,312,8064,312,0.96130952,1,0,0,7752,0.96130952,1612108800,1614527700
2021,S69,3,8928,8928,8928,1.0,0,8928,0,1.0,1,0,0,8928,1.0,1614528000,1617206100
2021,S69,4,8640,8640,8640,1.0,0,8640,0,1.0,1,0,0,8640,1.0,1617206400,1619798100
2021,S69,5,8928,8928,8928,1.0,0,8928,0,1.0,1,0,0,8928,1.0,1619798400,1622476500
2021,S69,6,8581,8581,8640,0.9931713,59,8640,59,0.9931713,1,0,0,8581,0.9931713,1622476800,1625068500
2021,S69,7,8880,8880,8928,0.99462366,48,8928,48,0.99462366,1,0,0,8880,0.99462366,1625068800,1627746900
2021,S69,8,7664,7664,8928,0.85842294,1264,8928,1264,0.85842294,1,0,0,7664,0.85842294,1627747200,1630425300
2021,S69,9,8399,8399,8640,0.97210648,241,8640,241,0.97210648,1,0,0,8399,0.97210648,1630425600,1633017300
2021,S69,10,8927,8927,8928,0.99988799,1,8928,1,0.99988799,1,0,0,8927,0.99988799,1633017600,1635695700
2021,S69,11,8029,8029,8640,0.92928241,611,8640,611,0.92928241,1,0,0,8029,0.92928241,1635696000,1638287700
2021,S69,12,8906,8906,8928,0.99753584,22,8906,0,1.0,1,0,0,8906,0.99753584,1638288000,1640959500
2021,S71,1,7620,7620,8928,0.85349462,1308,8928,1308,0.85349462,1,0,0,7620,0.85349462,1609430400,1612108500
2021,S71,2,8035,8035,8064,0.99640377,29,8064,29,0.99640377,1,0,0,8035,0.99640377,1612108800,1614527700
2021,S71,3,8927,8927,8928,0.99988799,1,8928,1,0.99988799,1,0,0,8927,0.99988799,1614528000,1617206100
2021,S71,4,8640,8640,8640,1.0,0,8640,0,1.0,1,0,0,8640,1.0,1617206400,1619798100
2021,S71,5,8928,8928,8928,1.0,0,8928,0,1.0,1,0,0,8928,1.0,1619798400,1622476500
2021,S71,6,8452,8452,8640,0.97824074,188,8640,188,0.97824074,1,0,0,8452,0.97824074,1622476800,1625068500
2021,S71,7,8598,8598,8928,0.96303763,330,8928,330,0.96303763,1,0,0,8598,0.96303763,1625068800,1627746900
2021,S71,8,8927,8927,8928,0.99988799,1,8928,1,0.99988799,1,0,0,8927,0.99988799,1627747200,1630425300
2021,S71,9,8640,8640,8640,1.0,0,8640,0,1.0,1,0,0,8640,1.0,1630425600,1633017300
2021,S71,10,8928,8928,8928,1.0,0,8928,0,1.0,1,0,0,8928,1.0,1633017600,1635695700
2021,S71,11,8640,8640,8640,1.0,0,8640,0,1.0,1,0,0,8640,1.0,1635696000,1638287700
2021,S71,12,8928,8928,8928,1.0,0,8928,0,1.0,1,0,0,8928,1.0,1638288000,1640966100
2021,S77,1,7552,7552,8928,0.84587814,1376,8928,1376,0.84587814,1,0,0,7552,0.84587814,1609430400,1612108500
2021,S77,2,7967,7967,8064,0.98797123,97,8064,97,0.98797123,1,0,0,7967,0.98797123,1612108800,1614527700
2021,S77,3,8841,8841,8928,0.99025538,87,8928,87,0.99025538,1,0,0,8841,0.99025538,1614528000,1617206100
2021,S77,4,8574,8574,8640,0.99236111,66,8640,66,0.99236111,1,0,0,8574,0.99236111,1617206400,1619798100
2021,S77,5,8832,8832,8928,0.98924731,96,8928,96,0.98924731,1,0,0,8832,0.98924731,1619798400,1622476500
2021,S77,6,8562,8562,8640,0.99097222,78,8640,78,0.99097222,1,0,0,8562,0.99097222,1622476800,1625068500
2021,S77,7,8868,8868,8928,0.99327957,60,8928,60,0.99327957,1,0,0,8868,0.99327957,1625068800,1627746900
2021,S77,8,8928,8928,8928,1.0,0,8928,0,1.0,1,0,0,8928,1.0,1627747200,1630425300
2021,S77,9,8640,8640,8640,1.0,0,8640,0,1.0,1,0,0,8640,1.0,1630425600,1633017300
2021,S77,10,8926,8926,8928,0.99977599,2,8928,2,0.99977599,1,0,0,8926,0.99977599,1633017600,1635695700
2021,S77,11,8639,8639,8640,0.99988426,1,8640,1,0.99988426,1,0,0,8639,0.99988426,1635696000,1638287700
2021,S77,12,8912,8912,8928,0.99820789,16,8928,16,0.99820789,1,0,0,8912,0.99820789,1638288000,1640966100
2021,S78,1,7623,7623,8928,0.85383065,1305,8928,1305,0.85383065,1,0,0,7623,0.85383065,1609430400,1612108500
2021,S78,2,8033,8033,8064,0.99615575,31,8064,31,0.99615575,1,0,0,8033,0.99615575,1612108800,1614527700
2021,S78,3,8912,8912,8928,0.99820789,16,8928,16,0.99820789,1,0,0,8912,0.99820789,1614528000,1617206100
2021,S78,4,8638,8638,8640,0.99976852,2,8640,2,0.99976852,1,0,0,8638,0.99976852,1617206400,1619798100
2021,S78,5,8928,8928,8928,1.0,0,8928,0,1.0,1,0,0,8928,1.0,1619798400,1622476500
2021,S78,6,8639,8639,8640,0.99988426,1,8640,1,0.99988426,1,0,0,8639,0.99988426,1622476800,1625068500
2021,S78,7,8917,8917,8928,0.99876792,11,8928,11,0.99876792,1,0,0,8917,0.99876792,1625068800,1627746900
2021,S78,8,8925,8925,8928,0.99966398,3,8928,3,0.99966398,1,0,0,8925,0.99966398,1627747200,1630425300
2021,S78,9,8640,8640,8640,1.0,0,8640,0,1.0,1,0,0,8640,1.0,1630425600,1633017300
2021,S78,10,8927,8927,8928,0.99988799,1,8928,1,0.99988799,1,0,0,8927,0.99988799,1633017600,1635695700
2021,S78,11,8639,8639,8640,0.99988426,1,8640,1,0.99988426,1,0,0,8639,0.99988426,1635696000,1638287700
2021,S78,12,8928,8928,8928,1.0,0,8928,0,1.0,1,0,0,8928,1.0,1638288000,1640966100
2021,S79,1,7543,7543,8928,0.84487007,1385,8928,1385,0.84487007,1,0,0,7543,0.84487007,1609430400,1612108500
2021,S79,2,8025,8025,8064,0.99516369,39,8064,39,0.99516369,1,0,0,8025,0.99516369,1612108800,1614527700
2021,S79,3,8923,8923,8928,0.99943996,5,8928,5,0.99943996,1,0,0,8923,0.99943996,1614528000,1617206100
2021,S79,4,8639,8639,8640,0.99988426,1,8640,1,0.99988426,1,0,0,8639,0.99988426,1617206400,1619798100
2021,S79,5,8927,8927,8928,0.99988799,1,8928,1,0.99988799,1,0,0,8927,0.99988799,1619798400,1622476500
2021,S79,6,8634,8634,8640,0.99930556,6,8640,6,0.99930556,1,0,0,8634,0.99930556,1622476800,1625068500
2021,S79,7,8894,8894,8928,0.99619176,34,8928,34,0.99619176,1,0,0,8894,0.99619176,1625068800,1627746900
2021,S79,8,8894,8894,8928,0.99619176,34,8928,34,0.99619176,1,0,0,8894,0.99619176,1627747200,1630425300
2021,S79,9,8622,8622,8640,0.99791667,18,8640,18,0.99791667,1,0,0,8622,0.99791667,1630425600,1633017300
2021,S79,10,8794,8794,8928,0.98499104,134,8928,134,0.98499104,1,0,0,8794,0.98499104,1633017600,1635695700
2021,S79,11,8556,8556,8640,0.99027778,84,8640,84,0.99027778,1,0,0,8556,0.99027778,1635696000,1638287700
2021,S79,12,8807,8807,8928,0.98644713,121,8928,121,0.98644713,1,0,0,8807,0.98644713,1638288000,1640966100
2021,S81,1,7616,7616,8928,0.85304659,1312,8928,1312,0.85304659,1,0,0,7616,0.85304659,1609430400,1612108500
2021,S81,2,8040,8040,8064,0.99702381,24,8064,24,0.99702381,1,0,0,8040,0.99702381,1612108800,1614527700
2021,S81,3,8927,8927,8928,0.99988799,1,8928,1,0.99988799,1,0,0,8927,0.99988799,1614528000,1617206100
2021,S81,4,8640,8640,8640,1.0,0,8640,0,1.0,1,0,0,8640,1.0,1617206400,1619798100
2021,S81,5,8928,8928,8928,1.0,0,8928,0,1.0,1,0,0,8928,1.0,1619798400,1622476500
2021,S81,6,8640,8640,8640,1.0,0,8640,0,1.0,1,0,0,8640,1.0,1622476800,1625068500
2021,S81,7,8918,8918,8928,0.99887993,10,8928,10,0.99887993,1,0,0,8918,0.99887993,1625068800,1627746900
2021,S81,8,8928,8928,8928,1.0,0,8928,0,1.0,1,0,0,8928,1.0,1627747200,1630425300
2021,S81,9,8640,8640,8640,1.0,0,8640,0,1.0,1,0,0,8640,1.0,1630425600,1633017300
2021,S81,10,8928,8928,8928,1.0,0,8928,0,1.0,1,0,0,8928,1.0,1633017600,1635695700
2021,S81,11,8639,8639,8640,0.99988426,1,8640,1,0.99988426,1,0,0,8639,0.99988426,1635696000,1638287700
2021,S81,12,8928,8928,8928,1.0,0,8928,0,1.0,1,0,0,8928,1.0,1638288000,1640966100
2021,S82,1,7618,7618,8928,0.85327061,1310,8928,1310,0.85327061,1,0,0,7618,0.85327061,1609430400,1612108500
2021,S82,2,8040,8040,8064,0.99702381,24,8064,24,0.99702381,1,0,0,8040,0.99702381,1612108800,1614527700
2021,S82,3,8617,8617,8928,0.96516577,311,8928,311,0.96516577,1,0,0,8617,0.96516577,1614528000,1617206100
2021,S82,4,8640,8640,8640,1.0,0,8640,0,1.0,1,0,0,8640,1.0,1617206400,1619798100
2021,S82,5,7664,7664,8928,0.85842294,1264,8928,1264,0.85842294,1,0,0,7664,0.85842294,1619798400,1622476500
2021,S82,6,8640,8640,8640,1.0,0,8640,0,1.0,1,0,0,8640,1.0,1622476800,1625068500
2021,S82,7,8632,8632,8928,0.96684588,296,8928,296,0.96684588,1,0,0,8632,0.96684588,1625068800,1627746900
2021,S82,8,8928,8928,8928,1.0,0,8928,0,1.0,1,0,0,8928,1.0,1627747200,1630425300
2021,S82,9,8580,8580,8640,0.99305556,60,8640,60,0.99305556,1,0,0,8580,0.99305556,1630425600,1633017300
2021,S82,10,8833,8833,8928,0.98935932,95,8928,95,0.98935932,1,0,0,8833,0.98935932,1633017600,1635695700
2021,S82,11,8640,8640,8640,1.0,0,8640,0,1.0,1,0,0,8640,1.0,1635696000,1638287700
2021,S82,12,8928,8928,8928,1.0,0,8928,0,1.0,1,0,0,8928,1.0,1638288000,1640966100
2021,S84,1,7589,7589,8928,0.8500224,1339,8928,1339,0.8500224,1,0,0,7589,0.8500224,1609430400,1612108500
2021,S84,2,8042,8042,8064,0.99727183,22,8064,22,0.99727183,1,0,0,8042,0.99727183,1612108800,1614527700
2021,S84,3,8917,8917,8928,0.99876792,11,8928,11,0.99876792,1,0,0,8917,0.99876792,1614528000,1617206100
2021,S84,4,8639,8639,8640,0.99988426,1,8640,1,0.99988426,1,0,0,8639,0.99988426,1617206400,1619798100
2021,S84,5,8927,8927,8928,0.99988799,1,8928,1,0.99988799,1,0,0,8927,0.99988799,1619798400,1622476500
2021,S84,6,8638,8638,8640,0.99976852,2,8640,2,0.99976852,1,0,0,8638,0.99976852,1622476800,1625068500
2021,S84,7,8907,8907,8928,0.99764785,21,8928,21,0.99764785,1,0,0,8907,0.99764785,1625068800,1627746900
2021,S84,8,8894,8894,8928,0.99619176,34,8928,34,0.99619176,1,0,0,8894,0.99619176,1627747200,1630425300
2021,S84,9,8597,8597,8640,0.99502315,43,8640,43,0.99502315,1,0,0,8597,0.99502315,1630425600,1633017300
2021,S84,10,8727,8727,8928,0.97748656,201,8928,201,0.97748656,1,0,0,8727,0.97748656,1633017600,1635695700
2021,S84,11,8460,8460,8640,0.97916667,180,8640,180,0.97916667,1,0,0,8460,0.97916667,1635696000,1638287700
2021,S84,12,8928,8928,8928,1.0,0,8928,0,1.0,1,0,0,8928,1.0,1638288000,1640966100
2021,S88,1,7618,7618,8928,0.85327061,1310,8928,1310,0.85327061,1,0,0,7618,0.85327061,1609430400,1612108500
2021,S88,2,8040,8040,8064,0.99702381,24,8064,24,0.99702381,1,0,0,8040,0.99702381,1612108800,1614527700
2021,S88,3,8927,8927,8928,0.99988799,1,8928,1,0.99988799,1,0,0,8927,0.99988799,1614528000,1617206100
2021,S88,4,8638,8638,8640,0.99976852,2,8640,2,0.99976852,1,0,0,8638,0.99976852,1617206400,1619798100
2021,S88,5,8926,8926,8928,0.99977599,2,8928,2,0.99977599,1,0,0,8926,0.99977599,1619798400,1622476500
2021,S88,6,8632,8632,8640,0.99907407,8,8640,8,0.99907407,1,0,0,8632,0.99907407,1622476800,1625068500
2021,S88,7,8912,8912,8928,0.99820789,16,8928,16,0.99820789,1,0,0,8912,0.99820789,1625068800,1627746900
2021,S88,8,8923,8923,8928,0.99943996,5,8928,5,0.99943996,1,0,0,8923,0.99943996,1627747200,1630425300
2021,S88,9,8638,8638,8640,0.99976852,2,8640,2,0.99976852,1,0,0,8638,0.99976852,1630425600,1633017300
2021,S88,10,8927,8927,8928,0.99988799,1,8928,1,0.99988799,1,0,0,8927,0.99988799,1633017600,1635695700
2021,S88,11,8638,8638,8640,0.99976852,2,8640,2,0.99976852,1,0,0,8638,0.99976852,1635696000,1638287700
2021,S88,12,8926,8926,8928,0.99977599,2,8928,2,0.99977599,1,0,0,8926,0.99977599,1638288000,1640966100
2021,S89,1,7618,7618,8928,0.85327061,1310,8928,1310,0.85327061,1,0,0,7618,0.85327061,1609430400,1612108500
2021,S89,2,8035,8035,8064,0.99640377,29,8064,29,0.99640377,1,0,0,8035,0.99640377,1612108800,1614527700
2021,S89,3,8928,8928,8928,1.0,0,8928,0,1.0,1,0,0,8928,1.0,1614528000,1617206100
2021,S89,4,8640,8640,8640,1.0,0,8640,0,1.0,1,0,0,8640,1.0,1617206400,1619798100
2021,S89,5,8928,8928,8928,1.0,0,8928,0,1.0,1,0,0,8928,1.0,1619798400,1622476500
2021,S89,6,8636,8636,8640,0.99953704,4,8640,4,0.99953704,1,0,0,8636,0.99953704,1622476800,1625068500
2021,S89,7,8919,8919,8928,0.99899194,9,8928,9,0.99899194,1,0,0,8919,0.99899194,1625068800,1627746900
2021,S89,8,8928,8928,8928,1.0,0,8928,0,1.0,1,0,0,8928,1.0,1627747200,1630425300
2021,S89,9,8640,8640,8640,1.0,0,8640,0,1.0,1,0,0,8640,1.0,1630425600,1633017300
2021,S89,10,8928,8928,8928,1.0,0,8928,0,1.0,1,0,0,8928,1.0,1633017600,1635695700
2021,S89,11,8639,8639,8640,0.99988426,1,8640,1,0.99988426,1,0,0,8639,0.99988426,1635696000,1638287700
2021,S89,12,8928,8928,8928,1.0,0,8928,0,1.0,1,0,0,8928,1.0,1638288000,1640966100
2021,S90,1,7619,7619,8928,0.85338262,1309,8928,1309,0.85338262,1,0,0,7619,0.85338262,1609430400,1612108500
2021,S90,2,8035,8035,8064,0.99640377,29,8064,29,0.99640377,1,0,0,8035,0.99640377,1612108800,1614527700
2021,S90,3,8928,8928,8928,1.0,0,8928,0,1.0,1,0,0,8928,1.0,1614528000,1617206100
2021,S90,4,8640,8640,8640,1.0,0,8640,0,1.0,1,0,0,8640,1.0,1617206400,1619798100
2021,S90,5,8928,8928,8928,1.0,0,8928,0,1.0,1,0,0,8928,1.0,1619798400,1622476500
2021,S90,6,8640,8640,8640,1.0,0,8640,0,1.0,1,0,0,8640,1.0,1622476800,1625068500
2021,S90,7,8919,8919,8928,0.99899194,9,8928,9,0.99899194,1,0,0,8919,0.99899194,1625068800,1627746900
2021,S90,8,8928,8928,8928,1.0,0,8928,0,1.0,1,0,0,8928,1.0,1627747200,1630425300
2021,S90,9,8640,8640,8640,1.0,0,8640,0,1.0,1,0,0,8640,1.0,1630425600,1633017300
2021,S90,10,8928,8928,8928,1.0,0,8928,0,1.0,1,0,0,8928,1.0,1633017600,1635695700
2021,S90,11,8640,8640,8640,1.0,0,8640,0,1.0,1,0,0,8640,1.0,1635696000,1638287700
2021,S90,12,8928,8928,8928,1.0,0,8928,0,1.0,1,0,0,8928,1.0,1638288000,1640966100
2021,S900,1,7624,7624,8928,0.85394265,1304,8928,1304,0.85394265,1,0,0,7624,0.85394265,1609430400,1612108500
2021,S900,2,8040,8040,8064,0.99702381,24,8064,24,0.99702381,1,0,0,8040,0.99702381,1612108800,1614527700
2021,S900,3,8927,8927,8928,0.99988799,1,8928,1,0.99988799,1,0,0,8927,0.99988799,1614528000,1617206100
2021,S900,4,8640,8640,8640,1.0,0,8640,0,1.0,1,0,0,8640,1.0,1617206400,1619798100
2021,S900,5,8928,8928,8928,1.0,0,8928,0,1.0,1,0,0,8928,1.0,1619798400,1622476500
2021,S900,6,8640,8640,8640,1.0,0,8640,0,1.0,1,0,0,8640,1.0,1622476800,1625068500
2021,S900,7,8919,8919,8928,0.99899194,9,8928,9,0.99899194,1,0,0,8919,0.99899194,1625068800,1627746900
2021,S900,8,8928,8928,8928,1.0,0,8928,0,1.0,1,0,0,8928,1.0,1627747200,1630425300
2021,S900,9,8393,8393,8640,0.97141204,247,8640,247,0.97141204,1,0,0,8393,0.97141204,1630425600,1633017300
2021,S900,10,8926,8926,8928,0.99977599,2,8928,2,0.99977599,1,0,0,8926,0.99977599,1633017600,1635695700
2021,S900,11,8638,8638,8640,0.99976852,2,8640,2,0.99976852,1,0,0,8638,0.99976852,1635696000,1638287700
2021,S900,12,8928,8928,8928,1.0,0,8928,0,1.0,1,0,0,8928,1.0,1638288000,1640966100
2021,S91,1,7342,7342,8928,0.82235663,1586,8928,1586,0.82235663,1,0,0,7342,0.82235663,1609430400,1612108500
2021,S91,2,7922,7922,8064,0.98239087,142,8064,142,0.98239087,1,0,0,7922,0.98239087,1612108800,1614527700
2021,S91,3,4437,4437,8928,0.49697581,4491,4438,1,0.99977467,1,0,0,4437,0.49697581,1614528000,1615859100
2021,S91,4,0,0,8640,0.0,8640,0,0,,0,0,0,0,0.0,,
2021,S91,5,0,0,8928,0.0,8928,0,0,,0,0,0,0,0.0,,
2021,S91,6,0,0,8640,0.0,8640,0,0,,0,0,0,0,0.0,,
2021,S91,7,0,0,8928,0.0,8928,0,0,,0,0,0,0,0.0,,
2021,S91,8,0,0,8928,0.0,8928,0,0,,0,0,0,0,0.0,,
2021,S91,9,0,0,8640,0.0,8640,0,0,,0,0,0,0,0.0,,
2021,S91,10,0,0,8928,0.0,8928,0,0,,0,0,0,0,0.0,,
2021,S91,11,0,0,8640,0.0,8640,0,0,,0,0,0,0,0.0,,
2021,S91,12,0,0,8928,0.0,8928,0,0,,0,0,0,0,0.0,,
2021,S92,1,1419,1419,8928,0.15893817,7509,2722,1303,0.52130786,1,0,0,1419,0.15893817,1609430400,1610246700
2021,S92,2,0,0,8064,0.0,8064,0,0,,0,0,0,0,0.0,,
2021,S92,3,0,0,8928,0.0,8928,0,0,,0,0,0,0,0.0,,
2021,S92,4,0,0,8640,0.0,8640,0,0,,0,0,0,0,0.0,,
2021,S92,5,0,0,8928,0.0,8928,0,0,,0,0,0,0,0.0,,
2021,S92,6,0,0,8640,0.0,8640,0,0,,0,0,0,0,0.0,,
2021,S92,7,0,0,8928,0.0,8928,0,0,,0,0,0,0,0.0,,
2021,S92,8,0,0,8928,0.0,8928,0,0,,0,0,0,0,0.0,,
2021,S92,9,0,0,8640,0.0,8640,0,0,,0,0,0,0,0.0,,
2021,S92,10,0,0,8928,0.0,8928,0,0,,0,0,0,0,0.0,,
2021,S92,11,0,0,8640,0.0,8640,0,0,,0,0,0,0,0.0,,
2021,S92,12,0,0,8928,0.0,8928,0,0,,0,0,0,0,0.0,,
2021,S94,1,7620,7620,8928,0.85349462,1308,8928,1308,0.85349462,1,0,0,7620,0.85349462,1609430400,1612108500
2021,S94,2,8041,8041,8064,0.99714782,23,8064,23,0.99714782,1,0,0,8041,0.99714782,1612108800,1614527700
2021,S94,3,8927,8927,8928,0.99988799,1,8928,1,0.99988799,1,0,0,8927,0.99988799,1614528000,1617206100
2021,S94,4,8640,8640,8640,1.0,0,8640,0,1.0,1,0,0,8640,1.0,1617206400,1619798100
2021,S94,5,8928,8928,8928,1.0,0,8928,0,1.0,1,0,0,8928,1.0,1619798400,1622476500
2021,S94,6,8635,8635,8640,0.9994213,5,8640,5,0.9994213,1,0,0,8635,0.9994213,1622476800,1625068500
2021,S94,7,8920,8920,8928,0.99910394,8,8928,8,0.99910394,1,0,0,8920,0.99910394,1625068800,1627746900
2021,S94,8,8927,8927,8928,0.99988799,1,8928,1,0.99988799,1,0,0,8927,0.99988799,1627747200,1630425300
2021,S94,9,8637,8637,8640,0.99965278,3,8640,3,0.99965278,1,0,0,8637,0.99965278,1630425600,1633017300
2021,S94,10,8928,8928,8928,1.0,0,8928,0,1.0,1,0,0,8928,1.0,1633017600,1635695700
2021,S94,11,8640,8640,8640,1.0,0,8640,0,1.0,1,0,0,8640,1.0,1635696000,1638287700
2021,S94,12,8928,8928,8928,1.0,0,8928,0,1.0,1,0,0,8928,1.0,1638288000,1640966100
2022,S08,1,8875,8875,8928,0.99406362,53,8928,53,0.99406362,1,0,0,8875,0.99406362,1640966400,1643644500
2022,S08,2,7940,7940,8064,0.98462302,124,8064,124,0.98462302,1,0,0,7940,0.98462302,1643644800,1646063700
2022,S08,3,8922,8922,8928,0.99932796,6,8928,6,0.99932796,1,0,0,8922,0.99932796,1646064000,1648742100
2022,S08,4,8637,8637,8640,0.99965278,3,8640,3,0.99965278,1,0,0,8637,0.99965278,1648742400,1651334100
2022,S08,5,8924,8924,8928,0.99955197,4,8928,4,0.99955197,1,0,0,8924,0.99955197,1651334400,1654012500
2022,S08,6,8638,8638,8640,0.99976852,2,8640,2,0.99976852,1,0,0,8638,0.99976852,1654012800,1656604500
2022,S08,7,8924,8924,8928,0.99955197,4,8928,4,0.99955197,1,0,0,8924,0.99955197,1656604800,1659282900
2022,S08,8,8924,8924,8928,0.99955197,4,8928,4,0.99955197,1,0,0,8924,0.99955197,1659283200,1661961300
2022,S08,9,8608,8608,8640,0.9962963,32,8640,32,0.9962963,1,0,0,8608,0.9962963,1661961600,1664553300
2022,S08,10,8925,8925,8928,0.99966398,3,8928,3,0.99966398,1,0,0,8925,0.99966398,1664553600,1667231700
2022,S08,11,8638,8638,8640,0.99976852,2,8640,2,0.99976852,1,0,0,8638,0.99976852,1667232000,1669823700
2022,S08,12,8902,8902,8928,0.99708781,26,8928,26,0.99708781,1,0,0,8902,0.99708781,1669824000,1672502100
2022,S100,1,8876,8876,8928,0.99417563,52,8928,52,0.99417563,1,0,0,8876,0.99417563,1640966400,1643644500
2022,S100,2,7774,7774,8064,0.9640377,290,8064,290,0.9640377,1,0,0,7774,0.9640377,1643644800,1646063700
2022,S100,3,8927,8927,8928,0.99988799,1,8928,1,0.99988799,1,0,0,8927,0.99988799,1646064000,1648742100
2022,S100,4,8351,8351,8640,0.96655093,289,8640,289,0.96655093,1,0,0,8351,0.96655093,1648742400,1651334100
2022,S100,5,8928,8928,8928,1.0,0,8928,0,1.0,1,0,0,8928,1.0,1651334400,1654012500
2022,S100,6,8632,8632,8640,0.99907407,8,8640,8,0.99907407,1,0,0,8632,0.99907407,1654012800,1656604500
2022,S100,7,8928,8928,8928,1.0,0,8928,0,1.0,1,0,0,8928,1.0,1656604800,1659282900
2022,S100,8,8925,8925,8928,0.99966398,3,8928,3,0.99966398,1,0,0,8925,0.99966398,1659283200,1661961300
2022,S100,9,8616,8616,8640,0.99722222,24,8640,24,0.99722222,1,0,0,8616,0.99722222,1661961600,1664553300
2022,S100,10,8924,8924,8928,0.99955197,4,8928,4,0.99955197,1,0,0,8924,0.99955197,1664553600,1667231700
2022,S100,11,8629,8629,8640,0.99872685,11,8640,11,0.99872685,1,0,0,8629,0.99872685,1667232000,1669823700
2022,S100,12,8899,8899,8928,0.99675179,29,8928,29,0.99675179,1,0,0,8899,0.99675179,1669824000,1672502100
2022,S102,1,0,0,8928,0.0,8928,0,0,,0,0,0,0,0.0,,
2022,S102,2,0,0,8064,0.0,8064,0,0,,0,0,0,0,0.0,,
2022,S102,3,0,0,8928,0.0,8928,0,0,,0,0,0,0,0.0,,
2022,S102,4,0,0,8640,0.0,8640,0,0,,0,0,0,0,0.0,,
2022,S102,5,0,0,8928,0.0,8928,0,0,,0,0,0,0,0.0,,
2022,S102,6,0,0,8640,0.0,8640,0,0,,0,0,0,0,0.0,,
2022,S102,7,0,0,8928,0.0,8928,0,0,,0,0,0,0,0.0,,
2022,S102,8,0,0,8928,0.0,8928,0,0,,0,0,0,0,0.0,,
2022,S102,9,2075,2075,8640,0.24016204,6565,4348,2273,0.47723091,1,0,0,2075,0.24016204,1663222500,1664526600
2022,S102,10,2001,2001,8928,0.22412634,6927,6053,4052,0.33057988,1,0,0,2001,0.22412634,1665416100,1667231700
2022,S102,11,8301,8301,8640,0.96076389,339,8640,339,0.96076389,1,0,0,8301,0.96076389,1667232000,1669823700
2022,S102,12,8082,8082,8928,0.90524194,846,8928,846,0.90524194,1,0,0,8082,0.90524194,1669824000,1672502100
2022,S104,1,8875,8875,8928,0.99406362,53,8928,53,0.99406362,1,0,0,8875,0.99406362,1640966400,1643644500
2022,S104,2,8015,8015,8064,0.99392361,49,8064,49,0.99392361,1,0,0,8015,0.99392361,1643644800,1646063700
2022,S104,3,8928,8928,8928,1.0,0,8928,0,1.0,1,0,0,8928,1.0,1646064000,1648742100
2022,S104,4,8640,8640,8640,1.0,0,8640,0,1.0,1,0,0,8640,1.0,1648742400,1651334100
2022,S104,5,8926,8926,8928,0.99977599,2,8928,2,0.99977599,1,0,0,8926,0.99977599,1651334400,1654012500
2022,S104,6,8636,8636,8640,0.99953704,4,8640,4,0.99953704,1,0,0,8636,0.99953704,1654012800,1656604500
2022,S104,7,8928,8928,8928,1.0,0,8928,0,1.0,1,0,0,8928,1.0,1656604800,1659282900
2022,S104,8,7153,7153,8928,0.80118728,1775,8928,1775,0.80118728,1,0,0,7153,0.80118728,1659283200,1661961300
2022,S104,9,8619,8619,8640,0.99756944,21,8640,21,0.99756944,1,0,0,8619,0.99756944,1661961600,1664553300
2022,S104,10,8926,8926,8928,0.99977599,2,8928,2,0.99977599,1,0,0,8926,0.99977599,1664553600,1667231700
2022,S104,11,8639,8639,8640,0.99988426,1,8640,1,0.99988426,1,0,0,8639,0.99988426,1667232000,1669823700
2022,S104,12,8901,8901,8928,0.99697581,27,8928,27,0.99697581,1,0,0,8901,0.99697581,1669824000,1672502100
2022,S106,1,8229,8229,8928,0.92170699,699,8915,686,0.92305104,1,0,0,8229,0.92170699,1640970300,1643644500
2022,S106,2,8016,8016,8064,0.99404762,48,8064,48,0.99404762,1,0,0,8016,0.99404762,1643644800,1646063700
2022,S106,3,8928,8928,8928,1.0,0,8928,0,1.0,1,0,0,8928,1.0,1646064000,1648742100
2022,S106,4,8639,8639,8640,0.99988426,1,8640,1,0.99988426,1,0,0,8639,0.99988426,1648742400,1651334100
2022,S106,5,8767,8767,8928,0.98196685,161,8928,161,0.98196685,1,0,0,8767,0.98196685,1651334400,1654012500
2022,S106,6,8615,8615,8640,0.99710648,25,8640,25,0.99710648,1,0,0,8615,0.99710648,1654012800,1656604500
2022,S106,7,8853,8853,8928,0.99159946,75,8928,75,0.99159946,1,0,0,8853,0.99159946,1656604800,1659282900
2022,S106,8,8910,8910,8928,0.99798387,18,8928,18,0.99798387,1,0,0,8910,0.99798387,1659283200,1661961300
2022,S106,9,8616,8616,8640,0.99722222,24,8640,24,0.99722222,1,0,0,8616,0.99722222,1661961600,1664553300
2022,S106,10,8881,8881,8928,0.99473566,47,8928,47,0.99473566,1,0,0,8881,0.99473566,1664553600,1667231700
2022,S106,11,8544,8544,8640,0.98888889,96,8636,92,0.98934692,1,0,0,8544,0.98888889,1667232000,1669822500
2022,S106,12,8372,8372,8928,0.93772401,556,8928,556,0.93772401,1,0,0,8372,0.93772401,1669824000,1672502100
2022,S107,1,8693,8693,8928,0.97367832,235,8928,235,0.97367832,1,0,0,8693,0.97367832,1640966400,1643644500
2022,S107,2,8016,8016,8064,0.99404762,48,8064,48,0.99404762,1,0,0,8016,0.99404762,1643644800,1646063700
2022,S107,3,8924,8924,8928,0.99955197,4,8928,4,0.99955197,1,0,0,8924,0.99955197,1646064000,1648742100
2022,S107,4,8640,8640,8640,1.0,0,8640,0,1.0,1,0,0,8640,1.0,1648742400,1651334100
2022,S107,5,8923,8923,8928,0.99943996,5,8928,5,0.99943996,1,0,0,8923,0.99943996,1651334400,1654012500
2022,S107,6,8637,8637,8640,0.99965278,3,8640,3,0.99965278,1,0,0,8637,0.99965278,1654012800,1656604500
2022,S107,7,8926,8926,8928,0.99977599,2,8928,2,0.99977599,1,0,0,8926,0.99977599,1656604800,1659282900
2022,S107,8,8899,8899,8928,0.99675179,29,8928,29,0.99675179,1,0,0,8899,0.99675179,1659283200,1661961300
2022,S107,9,8619,8619,8640,0.99756944,21,8640,21,0.99756944,1,0,0,8619,0.99756944,1661961600,1664553300
2022,S107,10,8926,8926,8928,0.99977599,2,8928,2,0.99977599,1,0,0,8926,0.99977599,1664553600,1667231700
2022,S107,11,8639,8639,8640,0.99988426,1,8640,1,0.99988426,1,0,0,8639,0.99988426,1667232000,1669823700
2022,S107,12,8902,8902,8928,0.99708781,26,8928,26,0.99708781,1,0,0,8902,0.99708781,1669824000,1672502100
2022,S108,1,8876,8876,8928,0.99417563,52,8928,52,0.99417563,1,0,0,8876,0.99417563,1640966400,1643644500
2022,S108,2,8016,8016,8064,0.99404762,48,8064,48,0.99404762,1,0,0,8016,0.99404762,1643644800,1646063700
2022,S108,3,8927,8927,8928,0.99988799,1,8928,1,0.99988799,1,0,0,8927,0.99988799,1646064000,1648742100
2022,S108,4,8639,8639,8640,0.99988426,1,8640,1,0.99988426,1,0,0,8639,0.99988426,1648742400,1651334100
2022,S108,5,8926,8926,8928,0.99977599,2,8928,2,0.99977599,1,0,0,8926,0.99977599,1651334400,1654012500
2022,S108,6,8636,8636,8640,0.99953704,4,8640,4,0.99953704,1,0,0,8636,0.99953704,1654012800,1656604500
2022,S108,7,8926,8926,8928,0.99977599,2,8928,2,0.99977599,1,0,0,8926,0.99977599,1656604800,1659282900
2022,S108,8,8925,8925,8928,0.99966398,3,8928,3,0.99966398,1,0,0,8925,0.99966398,1659283200,1661961300
2022,S108,9,8617,8617,8640,0.99733796,23,8640,23,0.99733796,1,0,0,8617,0.99733796,1661961600,1664553300
2022,S108,10,6842,6842,8928,0.76635305,2086,8928,2086,0.76635305,1,0,0,6842,0.76635305,1664553600,1667231700
2022,S108,11,6480,6480,8640,0.75,2160,8640,2160,0.75,1,0,0,6480,0.75,1667232000,1669823700
2022,S108,12,7845,7845,8928,0.87869624,1083,8928,1083,0.87869624,1,0,0,7845,0.87869624,1669824000,1672502100
2022,S109,1,8876,8876,8928,0.99417563,52,8928,52,0.99417563,1,0,0,8876,0.99417563,1640966400,1643644500
2022,S109,2,8016,8016,8064,0.99404762,48,8064,48,0.99404762,1,0,0,8016,0.99404762,1643644800,1646063700
2022,S109,3,7826,7826,8928,0.8765681,1102,8928,1102,0.8765681,1,0,0,7826,0.8765681,1646064000,1648742100
2022,S109,4,8639,8639,8640,0.99988426,1,8640,1,0.99988426,1,0,0,8639,0.99988426,1648742400,1651334100
2022,S109,5,8924,8924,8928,0.99955197,4,8928,4,0.99955197,1,0,0,8924,0.99955197,1651334400,1654012500
2022,S109,6,7754,7754,8640,0.8974537,886,8640,886,0.8974537,1,0,0,7754,0.8974537,1654012800,1656604500
2022,S109,7,8919,8919,8928,0.99899194,9,8928,9,0.99899194,1,0,0,8919,0.99899194,1656604800,1659282900
2022,S109,8,6184,6184,8928,0.69265233,2744,8928,2744,0.69265233,1,0,0,6184,0.69265233,1659283200,1661961300
2022,S109,9,8602,8602,8640,0.99560185,38,8640,38,0.99560185,1,0,0,8602,0.99560185,1661961600,1664553300
2022,S109,10,8926,8926,8928,0.99977599,2,8928,2,0.99977599,1,0,0,8926,0.99977599,1664553600,1667231700
2022,S109,11,8638,8638,8640,0.99976852,2,8640,2,0.99976852,1,0,0,8638,0.99976852,1667232000,1669823700
2022,S109,12,8895,8895,8928,0.99630376,33,8928,33,0.99630376,1,0,0,8895,0.99630376,1669824000,1672502100
2022,S111,1,8474,8474,8928,0.94914875,454,8831,357,0.95957423,1,0,0,8474,0.94914875,1640995500,1643644500
2022,S111,2,7932,7932,8064,0.98363095,132,8064,132,0.98363095,1,0,0,7932,0.98363095,1643644800,1646063700
2022,S111,3,7758,7758,8928,0.86895161,1170,8928,1170,0.86895161,1,0,0,7758,0.86895161,1646064000,1648742100
2022,S111,4,8625,8625,8640,0.99826389,15,8640,15,0.99826389,1,0,0,8625,0.99826389,1648742400,1651334100
2022,S111,5,8922,8922,8928,0.99932796,6,8928,6,0.99932796,1,0,0,8922,0.99932796,1651334400,1654012500
2022,S111,6,8632,8632,8640,0.99907407,8,8640,8,0.99907407,1,0,0,8632,0.99907407,1654012800,1656604500
2022,S111,7,8914,8914,8928,0.9984319,14,8928,14,0.9984319,1,0,0,8914,0.9984319,1656604800,1659282900
2022,S111,8,8907,8907,8928,0.99764785,21,8928,21,0.99764785,1,0,0,8907,0.99764785,1659283200,1661961300
2022,S111,9,8555,8555,8640,0.99016204,85,8640,85,0.99016204,1,0,0,8555,0.99016204,1661961600,1664553300
2022,S111,10,8640,8640,8928,0.96774194,288,8928,288,0.96774194,1,0,0,8640,0.96774194,1664553600,1667231700
2022,S111,11,8635,8635,8640,0.9994213,5,8640,5,0.9994213,1,0,0,8635,0.9994213,1667232000,1669823700
2022,S111,12,8902,8902,8928,0.99708781,26,8928,26,0.99708781,1,0,0,8902,0.99708781,1669824000,1672502100
2022,S112,1,8851,8851,8928,0.99137545,77,8928,77,0.99137545,1,0,0,8851,0.99137545,1640966400,1643644500
2022,S112,2,8016,8016,8064,0.99404762,48,8064,48,0.99404762,1,0,0,8016,0.99404762,1643644800,1646063700
2022,S112,3,8928,8928,8928,1.0,0,8928,0,1.0,1,0,0,8928,1.0,1646064000,1648742100
2022,S112,4,8640,8640,8640,1.0,0,8640,0,1.0,1,0,0,8640,1.0,1648742400,1651334100
2022,S112,5,8928,8928,8928,1.0,0,8928,0,1.0,1,0,0,8928,1.0,1651334400,1654012500
2022,S112,6,8638,8638,8640,0.99976852,2,8640,2,0.99976852,1,0,0,8638,0.99976852,1654012800,1656604500
2022,S112,7,8867,8867,8928,0.99316756,61,8928,61,0.99316756,1,0,0,8867,0.99316756,1656604800,1659282900
2022,S112,8,8924,8924,8928,0.99955197,4,8928,4,0.99955197,1,0,0,8924,0.99955197,1659283200,1661961300
2022,S112,9,8622,8622,8640,0.99791667,18,8640,18,0.99791667,1,0,0,8622,0.99791667,1661961600,1664553300
2022,S112,10,8925,8925,8928,0.99966398,3,8928,3,0.99966398,1,0,0,8925,0.99966398,1664553600,1667231700
2022,S112,11,8638,8638,8640,0.99976852,2,8640,2,0.99976852,1,0,0,8638,0.99976852,1667232000,1669823700
2022,S112,12,8902,8902,8928,0.99708781,26,8928,26,0.99708781,1,0,0,8902,0.99708781,1669824000,1672502100
2022,S113,1,8876,8876,8928,0.99417563,52,8928,52,0.99417563,1,0,0,8876,0.99417563,1640966400,1643644500
2022,S113,2,8016,8016,8064,0.99404762,48,8064,48,0.99404762,1,0,0,8016,0.99404762,1643644800,1646063700
2022,S113,3,8928,8928,8928,1.0,0,8928,0,1.0,1,0,0,8928,1.0,1646064000,1648742100
2022,S113,4,8640,8640,8640,1.0,0,8640,0,1.0,1,0,0,8640,1.0,1648742400,1651334100
2022,S113,5,8923,8923,8928,0.99943996,5,8928,5,0.99943996,1,0,0,8923,0.99943996,1651334400,1654012500
2022,S113,6,8627,8627,8640,0.99849537,13,8640,13,0.99849537,1,0,0,8627,0.99849537,1654012800,1656604500
2022,S113,7,8925,8925,8928,0.99966398,3,8928,3,0.99966398,1,0,0,8925,0.99966398,1656604800,1659282900
2022,S113,8,8924,8924,8928,0.99955197,4,8928,4,0.99955197,1,0,0,8924,0.99955197,1659283200,1661961300
2022,S113,9,8618,8618,8640,0.9974537,22,8640,22,0.9974537,1,0,0,8618,0.9974537,1661961600,1664553300
2022,S113,10,8925,8925,8928,0.99966398,3,8928,3,0.99966398,1,0,0,8925,0.99966398,1664553600,1667231700
2022,S113,11,8637,8637,8640,0.99965278,3,8640,3,0.99965278,1,0,0,8637,0.99965278,1667232000,1669823700
2022,S113,12,8852,8852,8928,0.99148746,76,8928,76,0.99148746,1,0,0,8852,0.99148746,1669824000,1672502100
2022,S114,1,8874,8874,8928,0.99395161,54,8928,54,0.99395161,1,0,0,8874,0.99395161,1640966400,1643644500
2022,S114,2,8016,8016,8064,0.99404762,48,8064,48,0.99404762,1,0,0,8016,0.99404762,1643644800,1646063700
2022,S114,3,8928,8928,8928,1.0,0,8928,0,1.0,1,0,0,8928,1.0,1646064000,1648742100
2022,S114,4,8640,8640,8640,1.0,0,8640,0,1.0,1,0,0,8640,1.0,1648742400,1651334100
2022,S114,5,8927,8927,8928,0.99988799,1,8928,1,0.99988799,1,0,0,8927,0.99988799,1651334400,1654012500
2022,S114,6,8639,8639,8640,0.99988426,1,8640,1,0.99988426,1,0,0,8639,0.99988426,1654012800,1656604500
2022,S114,7,8927,8927,8928,0.99988799,1,8928,1,0.99988799,1,0,0,8927,0.99988799,1656604800,1659282900
2022,S114,8,8925,8925,8928,0.99966398,3,8928,3,0.99966398,1,0,0,8925,0.99966398,1659283200,1661961300
2022,S114,9,8619,8619,8640,0.99756944,21,8640,21,0.99756944,1,0,0,8619,0.99756944,1661961600,1664553300
2022,S114,10,8925,8925,8928,0.99966398,3,8928,3,0.99966398,1,0,0,8925,0.99966398,1664553600,1667231700
2022,S114,11,8639,8639,8640,0.99988426,1,8640,1,0.99988426,1,0,0,8639,0.99988426,1667232000,1669823700
2022,S114,12,8902,8902,8928,0.99708781,26,8928,26,0.99708781,1,0,0,8902,0.99708781,1669824000,1672502100
2022,S115,1,8787,8787,8928,0.98420699,141,8928,141,0.98420699,1,0,0,8787,0.98420699,1640966400,1643644500
2022,S115,2,8013,8013,8064,0.9936756,51,8064,51,0.9936756,1,0,0,8013,0.9936756,1643644800,1646063700
2022,S115,3,8918,8918,8928,0.99887993,10,8928,10,0.99887993,1,0,0,8918,0.99887993,1646064000,1648742100
2022,S115,4,8612,8612,8640,0.99675926,28,8640,28,0.99675926,1,0,0,8612,0.99675926,1648742400,1651334100
2022,S115,5,7918,7918,8928,0.88687276,1010,8928,1010,0.88687276,1,0,0,7918,0.88687276,1651334400,1654012500
2022,S115,6,7546,7546,8640,0.87337963,1094,8640,1094,0.87337963,1,0,0,7546,0.87337963,1654012800,1656604500
2022,S115,7,8902,8902,8928,0.99708781,26,8928,26,0.99708781,1,0,0,8902,0.99708781,1656604800,1659282900
2022,S115,8,8910,8910,8928,0.99798387,18,8928,18,0.99798387,1,0,0,8910,0.99798387,1659283200,1661961300
2022,S115,9,8611,8611,8640,0.99664352,29,8640,29,0.99664352,1,0,0,8611,0.99664352,1661961600,1664553300
2022,S115,10,8867,8867,8928,0.99316756,61,8928,61,0.99316756,1,0,0,8867,0.99316756,1664553600,1667231700
2022,S115,11,8636,8636,8640,0.99953704,4,8640,4,0.99953704,1,0,0,8636,0.99953704,1667232000,1669823700
2022,S115,12,8758,8758,8928,0.98095878,170,8928,170,0.98095878,1,0,0,8758,0.98095878,1669824000,1672502100
2022,S116,1,8870,8870,8928,0.99350358,58,8928,58,0.99350358,1,0,0,8870,0.99350358,1640966400,1643644500
2022,S116,2,6673,6673,8064,0.82750496,1391,6721,48,0.99285821,1,0,0,6673,0.82750496,1643644800,1645660800
2022,S116,3,8542,8542,8928,0.95676523,386,8767,225,0.97433558,1,0,0,8542,0.95676523,1646112300,1648742100
2022,S116,4,8615,8615,8640,0.99710648,25,8640,25,0.99710648,1,0,0,8615,0.99710648,1648742400,1651334100
2022,S116,5,8898,8898,8928,0.99663978,30,8928,30,0.99663978,1,0,0,8898,0.99663978,1651334400,1654012500
2022,S116,6,7211,7211,8640,0.83460648,1429,8640,1429,0.83460648,1,0,0,7211,0.83460648,1654012800,1656604500
2022,S116,7,8878,8878,8928,0.99439964,50,8928,50,0.99439964,1,0,0,8878,0.99439964,1656604800,1659282900
2022,S116,8,8883,8883,8928,0.99495968,45,8928,45,0.99495968,1,0,0,8883,0.99495968,1659283200,1661961300
2022,S116,9,8615,8615,8640,0.99710648,25,8640,25,0.99710648,1,0,0,8615,0.99710648,1661961600,1664553300
2022,S116,10,8913,8913,8928,0.99831989,15,8928,15,0.99831989,1,0,0,8913,0.99831989,1664553600,1667231700
2022,S116,11,8630,8630,8640,0.99884259,10,8640,10,0.99884259,1,0,0,8630,0.99884259,1667232000,1669823700
2022,S116,12,8901,8901,8928,0.99697581,27,8928,27,0.99697581,1,0,0,8901,0.99697581,1669824000,1672502100
2022,S118,1,8726,8726,8928,0.97737455,202,8928,202,0.97737455,1,0,0,8726,0.97737455,1640966400,1643644500
2022,S118,2,8016,8016,8064,0.99404762,48,8064,48,0.99404762,1,0,0,8016,0.99404762,1643644800,1646063700
2022,S118,3,8927,8927,8928,0.99988799,1,8928,1,0.99988799,1,0,0,8927,0.99988799,1646064000,1648742100
2022,S118,4,8640,8640,8640,1.0,0,8640,0,1.0,1,0,0,8640,1.0,1648742400,1651334100
2022,S118,5,8928,8928,8928,1.0,0,8928,0,1.0,1,0,0,8928,1.0,1651334400,1654012500
2022,S118,6,8640,8640,8640,1.0,0,8640,0,1.0,1,0,0,8640,1.0,1654012800,1656604500
2022,S118,7,8926,8926,8928,0.99977599,2,8928,2,0.99977599,1,0,0,8926,0.99977599,1656604800,1659282900
2022,S118,8,8923,8923,8928,0.99943996,5,8928,5,0.99943996,1,0,0,8923,0.99943996,1659283200,1661961300
2022,S118,9,8615,8615,8640,0.99710648,25,8640,25,0.99710648,1,0,0,8615,0.99710648,1661961600,1664553300
2022,S118,10,8924,8924,8928,0.99955197,4,8928,4,0.99955197,1,0,0,8924,0.99955197,1664553600,1667231700
2022,S118,11,8638,8638,8640,0.99976852,2,8640,2,0.99976852,1,0,0,8638,0.99976852,1667232000,1669823700
2022,S118,12,8521,8521,8928,0.95441308,407,8928,407,0.95441308,1,0,0,8521,0.95441308,1669824000,1672502100
2022,S119,1,8742,8742,8928,0.97916667,186,8928,186,0.97916667,1,0,0,8742,0.97916667,1640966400,1643644500
2022,S119,2,7856,7856,8064,0.97420635,208,8064,208,0.97420635,1,0,0,7856,0.97420635,1643644800,1646063700
2022,S119,3,8910,8910,8928,0.99798387,18,8928,18,0.99798387,1,0,0,8910,0.99798387,1646064000,1648742100
2022,S119,4,8637,8637,8640,0.99965278,3,8640,3,0.99965278,1,0,0,8637,0.99965278,1648742400,1651334100
2022,S119,5,8925,8925,8928,0.99966398,3,8928,3,0.99966398,1,0,0,8925,0.99966398,1651334400,1654012500
2022,S119,6,8640,8640,8640,1.0,0,8640,0,1.0,1,0,0,8640,1.0,1654012800,1656604500
2022,S119,7,8926,8926,8928,0.99977599,2,8928,2,0.99977599,1,0,0,8926,0.99977599,1656604800,1659282900
2022,S119,8,8923,8923,8928,0.99943996,5,8928,5,0.99943996,1,0,0,8923,0.99943996,1659283200,1661961300
2022,S119,9,8356,8356,8640,0.96712963,284,8640,284,0.96712963,1,0,0,8356,0.96712963,1661961600,1664553300
2022,S119,10,8852,8852,8928,0.99148746,76,8928,76,0.99148746,1,0,0,8852,0.99148746,1664553600,1667231700
2022,S119,11,7354,7354,8640,0.85115741,1286,8640,1286,0.85115741,1,0,0,7354,0.85115741,1667232000,1669823700
2022,S119,12,8896,8896,8928,0.99641577,32,8928,32,0.99641577,1,0,0,8896,0.99641577,1669824000,1672502100
2022,S120,1,8876,8876,8928,0.99417563,52,8928,52,0.99417563,1,0,0,8876,0.99417563,1640966400,1643644500
2022,S120,2,8016,8016,8064,0.99404762,48,8064,48,0.99404762,1,0,0,8016,0.99404762,1643644800,1646063700
2022,S120,3,8928,8928,8928,1.0,0,8928,0,1.0,1,0,0,8928,1.0,1646064000,1648742100
2022,S120,4,8640,8640,8640,1.0,0,8640,0,1.0,1,0,0,8640,1.0,1648742400,1651334100
2022,S120,5,8928,8928,8928,1.0,0,8928,0,1.0,1,0,0,8928,1.0,1651334400,1654012500
2022,S120,6,8639,8639,8640,0.99988426,1,8640,1,0.99988426,1,0,0,8639,0.99988426,1654012800,1656604500
2022,S120,7,8925,8925,8928,0.99966398,3,8928,3,0.99966398,1,0,0,8925,0.99966398,1656604800,1659282900
2022,S120,8,8924,8924,8928,0.99955197,4,8928,4,0.99955197,1,0,0,8924,0.99955197,1659283200,1661961300
2022,S120,9,8615,8615,8640,0.99710648,25,8640,25,0.99710648,1,0,0,8615,0.99710648,1661961600,1664553300
2022,S120,10,7642,7642,8928,0.85595878,1286,8928,1286,0.85595878,1,0,0,7642,0.85595878,1664553600,1667231700
2022,S120,11,8639,8639,8640,0.99988426,1,8640,1,0.99988426,1,0,0,8639,0.99988426,1667232000,1669823700
2022,S120,12,8902,8902,8928,0.99708781,26,8928,26,0.99708781,1,0,0,8902,0.99708781,1669824000,1672502100
2022,S121,1,7592,7592,8928,0.85035842,1336,8394,802,0.90445556,1,0,0,7592,0.85035842,1640966400,1643484300
2022,S121,2,5824,5824,8064,0.72222222,2240,5872,48,0.99182561,1,0,0,5824,0.72222222,1644302400,1646063700
2022,S121,3,8928,8928,8928,1.0,0,8928,0,1.0,1,0,0,8928,1.0,1646064000,1648742100
2022,S121,4,8639,8639,8640,0.99988426,1,8640,1,0.99988426,1,0,0,8639,0.99988426,1648742400,1651334100
2022,S121,5,8924,8924,8928,0.99955197,4,8928,4,0.99955197,1,0,0,8924,0.99955197,1651334400,1654012500
2022,S121,6,8636,8636,8640,0.99953704,4,8640,4,0.99953704,1,0,0,8636,0.99953704,1654012800,1656604500
2022,S121,7,8924,8924,8928,0.99955197,4,8928,4,0.99955197,1,0,0,8924,0.99955197,1656604800,1659282900
2022,S121,8,8883,8883,8928,0.99495968,45,8928,45,0.99495968,1,0,0,8883,0.99495968,1659283200,1661961300
2022,S121,9,8606,8606,8640,0.99606481,34,8640,34,0.99606481,1,0,0,8606,0.99606481,1661961600,1664553300
2022,S121,10,8919,8919,8928,0.99899194,9,8928,9,0.99899194,1,0,0,8919,0.99899194,1664553600,1667231700
2022,S121,11,7034,7034,8640,0.81412037,1606,8640,1606,0.81412037,1,0,0,7034,0.81412037,1667232000,1669823700
2022,S121,12,8899,8899,8928,0.99675179,29,8928,29,0.99675179,1,0,0,8899,0.99675179,1669824000,1672502100
2022,S123,1,8876,8876,8928,0.99417563,52,8928,52,0.99417563,1,0,0,8876,0.99417563,1640966400,1643644500
2022,S123,2,8016,8016,8064,0.99404762,48,8064,48,0.99404762,1,0,0,8016,0.99404762,1643644800,1646063700
2022,S123,3,8317,8317,8928,0.93156362,611,8928,611,0.93156362,1,0,0,8317,0.93156362,1646064000,1648742100
2022,S123,4,8639,8639,8640,0.99988426,1,8640,1,0.99988426,1,0,0,8639,0.99988426,1648742400,1651334100
2022,S123,5,8927,8927,8928,0.99988799,1,8928,1,0.99988799,1,0,0,8927,0.99988799,1651334400,1654012500
2022,S123,6,8640,8640,8640,1.0,0,8640,0,1.0,1,0,0,8640,1.0,1654012800,1656604500
2022,S123,7,8928,8928,8928,1.0,0,8928,0,1.0,1,0,0,8928,1.0,1656604800,1659282900
2022,S123,8,8925,8925,8928,0.99966398,3,8928,3,0.99966398,1,0,0,8925,0.99966398,1659283200,1661961300
2022,S123,9,8620,8620,8640,0.99768519,20,8640,20,0.99768519,1,0,0,8620,0.99768519,1661961600,1664553300
2022,S123,10,8924,8924,8928,0.99955197,4,8928,4,0.99955197,1,0,0,8924,0.99955197,1664553600,1667231700
2022,S123,11,8635,8635,8640,0.9994213,5,8640,5,0.9994213,1,0,0,8635,0.9994213,1667232000,1669823700
2022,S123,12,8891,8891,8928,0.99585573,37,8928,37,0.99585573,1,0,0,8891,0.99585573,1669824000,1672502100
2022,S201,1,8875,8875,8928,0.99406362,53,8928,53,0.99406362,1,0,0,8875,0.99406362,1640966400,1643644500
2022,S201,2,8016,8016,8064,0.99404762,48,8064,48,0.99404762,1,0,0,8016,0.99404762,1643644800,1646063700
2022,S201,3,8928,8928,8928,1.0,0,8928,0,1.0,1,0,0,8928,1.0,1646064000,1648742100
2022,S201,4,8638,8638,8640,0.99976852,2,8640,2,0.99976852,1,0,0,8638,0.99976852,1648742400,1651334100
2022,S201,5,8928,8928,8928,1.0,0,8928,0,1.0,1,0,0,8928,1.0,1651334400,1654012500
2022,S201,6,8639,8639,8640,0.99988426,1,8640,1,0.99988426,1,0,0,8639,0.99988426,1654012800,1656604500
2022,S201,7,8928,8928,8928,1.0,0,8928,0,1.0,1,0,0,8928,1.0,1656604800,1659282900
2022,S201,8,8925,8925,8928,0.99966398,3,8928,3,0.99966398,1,0,0,8925,0.99966398,1659283200,1661961300
2022,S201,9,8622,8622,8640,0.99791667,18,8640,18,0.99791667,1,0,0,8622,0.99791667,1661961600,1664553300
2022,S201,10,8908,8908,8928,0.99775986,20,8928,20,0.99775986,1,0,0,8908,0.99775986,1664553600,1667231700
2022,S201,11,8640,8640,8640,1.0,0,8640,0,1.0,1,0,0,8640,1.0,1667232000,1669823700
2022,S201,12,8904,8904,8928,0.99731183,24,8928,24,0.99731183,1,0,0,8904,0.99731183,1669824000,1672502100
2022,S202,1,8876,8876,8928,0.99417563,52,8928,52,0.99417563,1,0,0,8876,0.99417563,1640966400,1643644500
2022,S202,2,8016,8016,8064,0.99404762,48,8064,48,0.99404762,1,0,0,8016,0.99404762,1643644800,1646063700
2022,S202,3,8928,8928,8928,1.0,0,8928,0,1.0,1,0,0,8928,1.0,1646064000,1648742100
2022,S202,4,8638,8638,8640,0.99976852,2,8640,2,0.99976852,1,0,0,8638,0.99976852,1648742400,1651334100
2022,S202,5,8928,8928,8928,1.0,0,8928,0,1.0,1,0,0,8928,1.0,1651334400,1654012500
2022,S202,6,8638,8638,8640,0.99976852,2,8640,2,0.99976852,1,0,0,8638,0.99976852,1654012800,1656604500
2022,S202,7,8928,8928,8928,1.0,0,8928,0,1.0,1,0,0,8928,1.0,1656604800,1659282900
2022,S202,8,8925,8925,8928,0.99966398,3,8928,3,0.99966398,1,0,0,8925,0.99966398,1659283200,1661961300
2022,S202,9,8623,8623,8640,0.99803241,17,8640,17,0.99803241,1,0,0,8623,0.99803241,1661961600,1664553300
2022,S202,10,8908,8908,8928,0.99775986,20,8928,20,0.99775986,1,0,0,8908,0.99775986,1664553600,1667231700
2022,S202,11,8640,8640,8640,1.0,0,8640,0,1.0,1,0,0,8640,1.0,1667232000,1669823700
2022,S202,12,8904,8904,8928,0.99731183,24,8928,24,0.99731183,1,0,0,8904,0.99731183,1669824000,1672502100
2022,S203,1,8876,8876,8928,0.99417563,52,8928,52,0.99417563,1,0,0,8876,0.99417563,1640966400,1643644500
2022,S203,2,8016,8016,8064,0.99404762,48,8064,48,0.99404762,1,0,0,8016,0.99404762,1643644800,1646063700
2022,S203,3,8928,8928,8928,1.0,0,8928,0,1.0,1,0,0,8928,1.0,1646064000,1648742100
2022,S203,4,8637,8637,8640,0.99965278,3,8640,3,0.99965278,1,0,0,8637,0.99965278,1648742400,1651334100
2022,S203,5,8928,8928,8928,1.0,0,8928,0,1.0,1,0,0,8928,1.0,1651334400,1654012500
2022,S203,6,8639,8639,8640,0.99988426,1,8640,1,0.99988426,1,0,0,8639,0.99988426,1654012800,1656604500
2022,S203,7,8928,8928,8928,1.0,0,8928,0,1.0,1,0,0,8928,1.0,1656604800,1659282900
2022,S203,8,8925,8925,8928,0.99966398,3,8928,3,0.99966398,1,0,0,8925,0.99966398,1659283200,1661961300
2022,S203,9,8622,8622,8640,0.99791667,18,8640,18,0.99791667,1,0,0,8622,0.99791667,1661961600,1664553300
2022,S203,10,8908,8908,8928,0.99775986,20,8928,20,0.99775986,1,0,0,8908,0.99775986,1664553600,1667231700
2022,S203,11,8640,8640,8640,1.0,0,8640,0,1.0,1,0,0,8640,1.0,1667232000,1669823700
2022,S203,12,8904,8904,8928,0.99731183,24,8928,24,0.99731183,1,0,0,8904,0.99731183,1669824000,1672502100
2022,S204,1,8876,8876,8928,0.99417563,52,8928,52,0.99417563,1,0,0,8876,0.99417563,1640966400,1643644500
2022,S204,2,8016,8016,8064,0.99404762,48,8064,48,0.99404762,1,0,0,8016,0.99404762,1643644800,1646063700
2022,S204,3,8928,8928,8928,1.0,0,8928,0,1.0,1,0,0,8928,1.0,1646064000,1648742100
2022,S204,4,8638,8638,8640,0.99976852,2,8640,2,0.99976852,1,0,0,8638,0.99976852,1648742400,1651334100
2022,S204,5,8928,8928,8928,1.0,0,8928,0,1.0,1,0,0,8928,1.0,1651334400,1654012500
2022,S204,6,8639,8639,8640,0.99988426,1,8640,1,0.99988426,1,0,0,8639,0.99988426,1654012800,1656604500
2022,S204,7,8928,8928,8928,1.0,0,8928,0,1.0,1,0,0,8928,1.0,1656604800,1659282900
2022,S204,8,8925,8925,8928,0.99966398,3,8928,3,0.99966398,1,0,0,8925,0.99966398,1659283200,1661961300
2022,S204,9,8622,8622,8640,0.99791667,18,8640,18,0.99791667,1,0,0,8622,0.99791667,1661961600,1664553300
2022,S204,10,8908,8908,8928,0.99775986,20,8928,20,0.99775986,1,0,0,8908,0.99775986,1664553600,1667231700
2022,S204,11,8640,8640,8640,1.0,0,8640,0,1.0,1,0,0,8640,1.0,1667232000,1669823700
2022,S204,12,8904,8904,8928,0.99731183,24,8928,24,0.99731183,1,0,0,8904,0.99731183,1669824000,1672502100
2022,S205,1,8876,8876,8928,0.99417563,52,8928,52,0.99417563,1,0,0,8876,0.99417563,1640966400,1643644500
2022,S205,2,8016,8016,8064,0.99404762,48,8064,48,0.99404762,1,0,0,8016,0.99404762,1643644800,1646063700
2022,S205,3,8928,8928,8928,1.0,0,8928,0,1.0,1,0,0,8928,1.0,1646064000,1648742100
2022,S205,4,8638,8638,8640,0.99976852,2,8640,2,0.99976852,1,0,0,8638,0.99976852,1648742400,1651334100
2022,S205,5,8928,8928,8928,1.0,0,8928,0,1.0,1,0,0,8928,1.0,1651334400,1654012500
2022,S205,6,8638,8638,8640,0.99976852,2,8640,2,0.99976852,1,0,0,8638,0.99976852,1654012800,1656604500
2022,S205,7,8928,8928,8928,1.0,0,8928,0,1.0,1,0,0,8928,1.0,1656604800,1659282900
2022,S205,8,8925,8925,8928,0.99966398,3,8928,3,0.99966398,1,0,0,8925,0.99966398,1659283200,1661961300
2022,S205,9,8623,8623,8640,0.99803241,17,8640,17,0.99803241,1,0,0,8623,0.99803241,1661961600,1664553300
2022,S205,10,8908,8908,8928,0.99775986,20,8928,20,0.99775986,1,0,0,8908,0.99775986,1664553600,1667231700
2022,S205,11,8640,8640,8640,1.0,0,8640,0,1.0,1,0,0,8640,1.0,1667232000,1669823700
2022,S205,12,8904,8904,8928,0.99731183,24,8928,24,0.99731183,1,0,0,8904,0.99731183,1669824000,1672502100
2022,S207,1,8876,8876,8928,0.99417563,52,8928,52,0.99417563,1,0,0,8876,0.99417563,1640966400,1643644500
2022,S207,2,8016,8016,8064,0.99404762,48,8064,48,0.99404762,1,0,0,8016,0.99404762,1643644800,1646063700
2022,S207,3,8928,8928,8928,1.0,0,8928,0,1.0,1,0,0,8928,1.0,1646064000,1648742100
2022,S207,4,8638,8638,8640,0.99976852,2,8640,2,0.99976852,1,0,0,8638,0.99976852,1648742400,1651334100
2022,S207,5,8928,8928,8928,1.0,0,8928,0,1.0,1,0,0,8928,1.0,1651334400,1654012500
2022,S207,6,8639,8639,8640,0.99988426,1,8640,1,0.99988426,1,0,0,8639,0.99988426,1654012800,1656604500
2022,S207,7,8928,8928,8928,1.0,0,8928,0,1.0,1,0,0,8928,1.0,1656604800,1659282900
2022,S207,8,8925,8925,8928,0.99966398,3,8928,3,0.99966398,1,0,0,8925,0.99966398,1659283200,1661961300
2022,S207,9,8622,8622,8640,0.99791667,18,8640,18,0.99791667,1,0,0,8622,0.99791667,1661961600,1664553300
2022,S207,10,8908,8908,8928,0.99775986,20,8928,20,0.99775986,1,0,0,8908,0.99775986,1664553600,1667231700
2022,S207,11,8640,8640,8640,1.0,0,8640,0,1.0,1,0,0,8640,1.0,1667232000,1669823700
2022,S207,12,8904,8904,8928,0.99731183,24,8928,24,0.99731183,1,0,0,8904,0.99731183,1669824000,1672502100
2022,S208,1,8876,8876,8928,0.99417563,52,8928,52,0.99417563,1,0,0,8876,0.99417563,1640966400,1643644500
2022,S208,2,8016,8016,8064,0.99404762,48,8064,48,0.99404762,1,0,0,8016,0.99404762,1643644800,1646063700
2022,S208,3,8927,8927,8928,0.99988799,1,8928,1,0.99988799,1,0,0,8927,0.99988799,1646064000,1648742100
2022,S208,4,8635,8635,8640,0.9994213,5,8640,5,0.9994213,1,0,0,8635,0.9994213,1648742400,1651334100
2022,S208,5,8928,8928,8928,1.0,0,8928,0,1.0,1,0,0,8928,1.0,1651334400,1654012500
2022,S208,6,8637,8637,8640,0.99965278,3,8640,3,0.99965278,1,0,0,8637,0.99965278,1654012800,1656604500
2022,S208,7,8928,8928,8928,1.0,0,8928,0,1.0,1,0,0,8928,1.0,1656604800,1659282900
2022,S208,8,8924,8924,8928,0.99955197,4,8928,4,0.99955197,1,0,0,8924,0.99955197,1659283200,1661961300
2022,S208,9,8623,8623,8640,0.99803241,17,8640,17,0.99803241,1,0,0,8623,0.99803241,1661961600,1664553300
2022,S208,10,8908,8908,8928,0.99775986,20,8928,20,0.99775986,1,0,0,8908,0.99775986,1664553600,1667231700
2022,S208,11,8640,8640,8640,1.0,0,8640,0,1.0,1,0,0,8640,1.0,1667232000,1669823700
2022,S208,12,8904,8904,8928,0.99731183,24,8928,24,0.99731183,1,0,0,8904,0.99731183,1669824000,1672502100
2022,S209,1,8876,8876,8928,0.99417563,52,8928,52,0.99417563,1,0,0,8876,0.99417563,1640966400,1643644500
2022,S209,2,8016,8016,8064,0.99404762,48,8064,48,0.99404762,1,0,0,8016,0.99404762,1643644800,1646063700
2022,S209,3,8927,8927,8928,0.99988799,1,8928,1,0.99988799,1,0,0,8927,0.99988799,1646064000,1648742100
2022,S209,4,8636,8636,8640,0.99953704,4,8640,4,0.99953704,1,0,0,8636,0.99953704,1648742400,1651334100
2022,S209,5,8928,8928,8928,1.0,0,8928,0,1.0,1,0,0,8928,1.0,1651334400,1654012500
2022,S209,6,8639,8639,8640,0.99988426,1,8640,1,0.99988426,1,0,0,8639,0.99988426,1654012800,1656604500
2022,S209,7,8928,8928,8928,1.0,0,8928,0,1.0,1,0,0,8928,1.0,1656604800,1659282900
2022,S209,8,8925,8925,8928,0.99966398,3,8928,3,0.99966398,1,0,0,8925,0.99966398,1659283200,1661961300
2022,S209,9,8622,8622,8640,0.99791667,18,8640,18,0.99791667,1,0,0,8622,0.99791667,1661961600,1664553300
2022,S209,10,8908,8908,8928,0.99775986,20,8928,20,0.99775986,1,0,0,8908,0.99775986,1664553600,1667231700
2022,S209,11,8640,8640,8640,1.0,0,8640,0,1.0,1,0,0,8640,1.0,1667232000,1669823700
2022,S209,12,8904,8904,8928,0.99731183,24,8928,24,0.99731183,1,0,0,8904,0.99731183,1669824000,1672502100
2022,S210,1,8876,8876,8928,0.99417563,52,8928,52,0.99417563,1,0,0,8876,0.99417563,1640966400,1643644500
2022,S210,2,8016,8016,8064,0.99404762,48,8064,48,0.99404762,1,0,0,8016,0.99404762,1643644800,1646063700
2022,S210,3,8928,8928,8928,1.0,0,8928,0,1.0,1,0,0,8928,1.0,1646064000,1648742100
2022,S210,4,8638,8638,8640,0.99976852,2,8640,2,0.99976852,1,0,0,8638,0.99976852,1648742400,1651334100
2022,S210,5,8928,8928,8928,1.0,0,8928,0,1.0,1,0,0,8928,1.0,1651334400,1654012500
2022,S210,6,8639,8639,8640,0.99988426,1,8640,1,0.99988426,1,0,0,8639,0.99988426,1654012800,1656604500
2022,S210,7,8921,8921,8928,0.99921595,7,8928,7,0.99921595,1,0,0,8921,0.99921595,1656604800,1659282900
2022,S210,8,8729,8729,8928,0.97771057,199,8734,5,0.99942752,1,0,0,8729,0.97771057,1659283200,1661903100
2022,S210,9,7011,7011,8640,0.81145833,1629,7030,19,0.9972973,1,0,0,7011,0.81145833,1662444600,1664553300
2022,S210,10,8908,8908,8928,0.99775986,20,8928,20,0.99775986,1,0,0,8908,0.99775986,1664553600,1667231700
2022,S210,11,8640,8640,8640,1.0,0,8640,0,1.0,1,0,0,8640,1.0,1667232000,1669823700
2022,S210,12,8904,8904,8928,0.99731183,24,8928,24,0.99731183,1,0,0,8904,0.99731183,1669824000,1672502100
2022,S211,1,8876,8876,8928,0.99417563,52,8928,52,0.99417563,1,0,0,8876,0.99417563,1640966400,1643644500
2022,S211,2,8016,8016,8064,0.99404762,48,8064,48,0.99404762,1,0,0,8016,0.99404762,1643644800,1646063700
2022,S211,3,8928,8928,8928,1.0,0,8928,0,1.0,1,0,0,8928,1.0,1646064000,1648742100
2022,S211,4,8638,8638,8640,0.99976852,2,8640,2,0.99976852,1,0,0,8638,0.99976852,1648742400,1651334100
2022,S211,5,8928,8928,8928,1.0,0,8928,0,1.0,1,0,0,8928,1.0,1651334400,1654012500
2022,S211,6,8636,8636,8640,0.99953704,4,8640,4,0.99953704,1,0,0,8636,0.99953704,1654012800,1656604500
2022,S211,7,8927,8927,8928,0.99988799,1,8928,1,0.99988799,1,0,0,8927,0.99988799,1656604800,1659282900
2022,S211,8,8925,8925,8928,0.99966398,3,8928,3,0.99966398,1,0,0,8925,0.99966398,1659283200,1661961300
2022,S211,9,8622,8622,8640,0.99791667,18,8640,18,0.99791667,1,0,0,8622,0.99791667,1661961600,1664553300
2022,S211,10,8884,8884,8928,0.99507168,44,8928,44,0.99507168,1,0,0,8884,0.99507168,1664553600,1667231700
2022,S211,11,8634,8634,8640,0.99930556,6,8640,6,0.99930556,1,0,0,8634,0.99930556,1667232000,1669823700
2022,S211,12,8785,8785,8928,0.98398297,143,8928,143,0.98398297,1,0,0,8785,0.98398297,1669824000,1672502100
2022,S212,1,8857,8857,8928,0.99204749,71,8928,71,0.99204749,1,0,0,8857,0.99204749,1640966400,1643644500
2022,S212,2,8016,8016,8064,0.99404762,48,8064,48,0.99404762,1,0,0,8016,0.99404762,1643644800,1646063700
2022,S212,3,8928,8928,8928,1.0,0,8928,0,1.0,1,0,0,8928,1.0,1646064000,1648742100
2022,S212,4,8627,8627,8640,0.99849537,13,8640,13,0.99849537,1,0,0,8627,0.99849537,1648742400,1651334100
2022,S212,5,8466,8466,8928,0.94825269,462,8928,462,0.94825269,1,0,0,8466,0.94825269,1651334400,1654012500
2022,S212,6,8639,8639,8640,0.99988426,1,8640,1,0.99988426,1,0,0,8639,0.99988426,1654012800,1656604500
2022,S212,7,8928,8928,8928,1.0,0,8928,0,1.0,1,0,0,8928,1.0,1656604800,1659282900
2022,S212,8,8925,8925,8928,0.99966398,3,8928,3,0.99966398,1,0,0,8925,0.99966398,1659283200,1661961300
2022,S212,9,8623,8623,8640,0.99803241,17,8640,17,0.99803241,1,0,0,8623,0.99803241,1661961600,1664553300
2022,S212,10,8908,8908,8928,0.99775986,20,8928,20,0.99775986,1,0,0,8908,0.99775986,1664553600,1667231700
2022,S212,11,8640,8640,8640,1.0,0,8640,0,1.0,1,0,0,8640,1.0,1667232000,1669823700
2022,S212,12,8904,8904,8928,0.99731183,24,8928,24,0.99731183,1,0,0,8904,0.99731183,1669824000,1672502100
2022,S213,1,8876,8876,8928,0.99417563,52,8928,52,0.99417563,1,0,0,8876,0.99417563,1640966400,1643644500
2022,S213,2,8016,8016,8064,0.99404762,48,8064,48,0.99404762,1,0,0,8016,0.99404762,1643644800,1646063700
2022,S213,3,8927,8927,8928,0.99988799,1,8928,1,0.99988799,1,0,0,8927,0.99988799,1646064000,1648742100
2022,S213,4,8637,8637,8640,0.99965278,3,8640,3,0.99965278,1,0,0,8637,0.99965278,1648742400,1651334100
2022,S213,5,8927,8927,8928,0.99988799,1,8928,1,0.99988799,1,0,0,8927,0.99988799,1651334400,1654012500
2022,S213,6,8639,8639,8640,0.99988426,1,8640,1,0.99988426,1,0,0,8639,0.99988426,1654012800,1656604500
2022,S213,7,8928,8928,8928,1.0,0,8928,0,1.0,1,0,0,8928,1.0,1656604800,1659282900
2022,S213,8,8925,8925,8928,0.99966398,3,8928,3,0.99966398,1,0,0,8925,0.99966398,1659283200,1661961300
2022,S213,9,8620,8620,8640,0.99768519,20,8640,20,0.99768519,1,0,0,8620,0.99768519,1661961600,1664553300
2022,S213,10,8908,8908,8928,0.99775986,20,8928,20,0.99775986,1,0,0,8908,0.99775986,1664553600,1667231700
2022,S213,11,8640,8640,8640,1.0,0,8640,0,1.0,1,0,0,8640,1.0,1667232000,1669823700
2022,S213,12,8904,8904,8928,0.99731183,24,8928,24,0.99731183,1,0,0,8904,0.99731183,1669824000,1672502100
2022,S214,1,8876,8876,8928,0.99417563,52,8928,52,0.99417563,1,0,0,8876,0.99417563,1640966400,1643644500
2022,S214,2,8016,8016,8064,0.99404762,48,8064,48,0.99404762,1,0,0,8016,0.99404762,1643644800,1646063700
2022,S214,3,8928,8928,8928,1.0,0,8928,0,1.0,1,0,0,8928,1.0,1646064000,1648742100
2022,S214,4,8638,8638,8640,0.99976852,2,8640,2,0.99976852,1,0,0,8638,0.99976852,1648742400,1651334100
2022,S214,5,8928,8928,8928,1.0,0,8928,0,1.0,1,0,0,8928,1.0,1651334400,1654012500
2022,S214,6,8638,8638,8640,0.99976852,2,8640,2,0.99976852,1,0,0,8638,0.99976852,1654012800,1656604500
2022,S214,7,8928,8928,8928,1.0,0,8928,0,1.0,1,0,0,8928,1.0,1656604800,1659282900
2022,S214,8,8925,8925,8928,0.99966398,3,8928,3,0.99966398,1,0,0,8925,0.99966398,1659283200,1661961300
2022,S214,9,8622,8622,8640,0.99791667,18,8640,18,0.99791667,1,0,0,8622,0.99791667,1661961600,1664553300
2022,S214,10,8908,8908,8928,0.99775986,20,8928,20,0.99775986,1,0,0,8908,0.99775986,1664553600,1667231700
2022,S214,11,8640,8640,8640,1.0,0,8640,0,1.0,1,0,0,8640,1.0,1667232000,1669823700
2022,S214,12,8903,8903,8928,0.99719982,25,8928,25,0.99719982,1,0,0,8903,0.99719982,1669824000,1672502100
2022,S215,1,8876,8876,8928,0.99417563,52,8928,52,0.99417563,1,0,0,8876,0.99417563,1640966400,1643644500
2022,S215,2,8016,8016,8064,0.99404762,48,8064,48,0.99404762,1,0,0,8016,0.99404762,1643644800,1646063700
2022,S215,3,8928,8928,8928,1.0,0,8928,0,1.0,1,0,0,8928,1.0,1646064000,1648742100
2022,S215,4,8638,8638,8640,0.99976852,2,8640,2,0.99976852,1,0,0,8638,0.99976852,1648742400,1651334100
2022,S215,5,8928,8928,8928,1.0,0,8928,0,1.0,1,0,0,8928,1.0,1651334400,1654012500
2022,S215,6,8639,8639,8640,0.99988426,1,8640,1,0.99988426,1,0,0,8639,0.99988426,1654012800,1656604500
2022,S215,7,8928,8928,8928,1.0,0,8928,0,1.0,1,0,0,8928,1.0,1656604800,1659282900
2022,S215,8,8925,8925,8928,0.99966398,3,8928,3,0.99966398,1,0,0,8925,0.99966398,1659283200,1661961300
2022,S215,9,8623,8623,8640,0.99803241,17,8640,17,0.99803241,1,0,0,8623,0.99803241,1661961600,1664553300
2022,S215,10,8908,8908,8928,0.99775986,20,8928,20,0.99775986,1,0,0,8908,0.99775986,1664553600,1667231700
2022,S215,11,8640,8640,8640,1.0,0,8640,0,1.0,1,0,0,8640,1.0,1667232000,1669823700
2022,S215,12,8904,8904,8928,0.99731183,24,8928,24,0.99731183,1,0,0,8904,0.99731183,1669824000,1672502100
2022,S216,1,8876,8876,8928,0.99417563,52,8928,52,0.99417563,1,0,0,8876,0.99417563,1640966400,1643644500
2022,S216,2,8016,8016,8064,0.99404762,48,8064,48,0.99404762,1,0,0,8016,0.99404762,1643644800,1646063700
2022,S216,3,8927,8927,8928,0.99988799,1,8928,1,0.99988799,1,0,0,8927,0.99988799,1646064000,1648742100
2022,S216,4,8638,8638,8640,0.99976852,2,8640,2,0.99976852,1,0,0,8638,0.99976852,1648742400,1651334100
2022,S216,5,8928,8928,8928,1.0,0,8928,0,1.0,1,0,0,8928,1.0,1651334400,1654012500
2022,S216,6,8639,8639,8640,0.99988426,1,8640,1,0.99988426,1,0,0,8639,0.99988426,1654012800,1656604500
2022,S216,7,8928,8928,8928,1.0,0,8928,0,1.0,1,0,0,8928,1.0,1656604800,1659282900
2022,S216,8,8925,8925,8928,0.99966398,3,8928,3,0.99966398,1,0,0,8925,0.99966398,1659283200,1661961300
2022,S216,9,8621,8621,8640,0.99780093,19,8640,19,0.99780093,1,0,0,8621,0.99780093,1661961600,1664553300
2022,S216,10,8908,8908,8928,0.99775986,20,8928,20,0.99775986,1,0,0,8908,0.99775986,1664553600,1667231700
2022,S216,11,8640,8640,8640,1.0,0,8640,0,1.0,1,0,0,8640,1.0,1667232000,1669823700
2022,S216,12,8904,8904,8928,0.99731183,24,8928,24,0.99731183,1,0,0,8904,0.99731183,1669824000,1672502100
2022,S217,1,8876,8876,8928,0.99417563,52,8928,52,0.99417563,1,0,0,8876,0.99417563,1640966400,1643644500
2022,S217,2,8016,8016,8064,0.99404762,48,8064,48,0.99404762,1,0,0,8016,0.99404762,1643644800,1646063700
2022,S217,3,8927,8927,8928,0.99988799,1,8928,1,0.99988799,1,0,0,8927,0.99988799,1646064000,1648742100
2022,S217,4,8638,8638,8640,0.99976852,2,8640,2,0.99976852,1,0,0,8638,0.99976852,1648742400,1651334100
2022,S217,5,8928,8928,8928,1.0,0,8928,0,1.0,1,0,0,8928,1.0,1651334400,1654012500
2022,S217,6,8639,8639,8640,0.99988426,1,8640,1,0.99988426,1,0,0,8639,0.99988426,1654012800,1656604500
2022,S217,7,8928,8928,8928,1.0,0,8928,0,1.0,1,0,0,8928,1.0,1656604800,1659282900
2022,S217,8,8925,8925,8928,0.99966398,3,8928,3,0.99966398,1,0,0,8925,0.99966398,1659283200,1661961300
2022,S217,9,8622,8622,8640,0.99791667,18,8640,18,0.99791667,1,0,0,8622,0.99791667,1661961600,1664553300
2022,S217,10,8895,8895,8928,0.99630376,33,8928,33,0.99630376,1,0,0,8895,0.99630376,1664553600,1667231700
2022,S217,11,8640,8640,8640,1.0,0,8640,0,1.0,1,0,0,8640,1.0,1667232000,1669823700
2022,S217,12,8904,8904,8928,0.99731183,24,8928,24,0.99731183,1,0,0,8904,0.99731183,1669824000,1672502100
2022,S218,1,8876,8876,8928,0.99417563,52,8928,52,0.99417563,1,0,0,8876,0.99417563,1640966400,1643644500
2022,S218,2,8016,8016,8064,0.99404762,48,8064,48,0.99404762,1,0,0,8016,0.99404762,1643644800,1646063700
2022,S218,3,8927,8927,8928,0.99988799,1,8928,1,0.99988799,1,0,0,8927,0.99988799,1646064000,1648742100
2022,S218,4,8639,8639,8640,0.99988426,1,8640,1,0.99988426,1,0,0,8639,0.99988426,1648742400,1651334100
2022,S218,5,8927,8927,8928,0.99988799,1,8928,1,0.99988799,1,0,0,8927,0.99988799,1651334400,1654012500
2022,S218,6,8637,8637,8640,0.99965278,3,8640,3,0.99965278,1,0,0,8637,0.99965278,1654012800,1656604500
2022,S218,7,8920,8920,8928,0.99910394,8,8928,8,0.99910394,1,0,0,8920,0.99910394,1656604800,1659282900
2022,S218,8,8925,8925,8928,0.99966398,3,8928,3,0.99966398,1,0,0,8925,0.99966398,1659283200,1661961300
2022,S218,9,8621,8621,8640,0.99780093,19,8640,19,0.99780093,1,0,0,8621,0.99780093,1661961600,1664553300
2022,S218,10,8905,8905,8928,0.99742384,23,8928,23,0.99742384,1,0,0,8905,0.99742384,1664553600,1667231700
2022,S218,11,8640,8640,8640,1.0,0,8640,0,1.0,1,0,0,8640,1.0,1667232000,1669823700
2022,S218,12,8898,8898,8928,0.99663978,30,8928,30,0.99663978,1,0,0,8898,0.99663978,1669824000,1672502100
2022,S219,1,8876,8876,8928,0.99417563,52,8928,52,0.99417563,1,0,0,8876,0.99417563,1640966400,1643644500
2022,S219,2,8016,8016,8064,0.99404762,48,8064,48,0.99404762,1,0,0,8016,0.99404762,1643644800,1646063700
2022,S219,3,8928,8928,8928,1.0,0,8928,0,1.0,1,0,0,8928,1.0,1646064000,1648742100
2022,S219,4,8638,8638,8640,0.99976852,2,8640,2,0.99976852,1,0,0,8638,0.99976852,1648742400,1651334100
2022,S219,5,8926,8926,8928,0.99977599,2,8928,2,0.99977599,1,0,0,8926,0.99977599,1651334400,1654012500
2022,S219,6,8639,8639,8640,0.99988426,1,8640,1,0.99988426,1,0,0,8639,0.99988426,1654012800,1656604500
2022,S219,7,8928,8928,8928,1.0,0,8928,0,1.0,1,0,0,8928,1.0,1656604800,1659282900
2022,S219,8,8925,8925,8928,0.99966398,3,8928,3,0.99966398,1,0,0,8925,0.99966398,1659283200,1661961300
2022,S219,9,8323,8323,8640,0.96331019,317,8640,317,0.96331019,1,0,0,8323,0.96331019,1661961600,1664553300
2022,S219,10,8908,8908,8928,0.99775986,20,8928,20,0.99775986,1,0,0,8908,0.99775986,1664553600,1667231700
2022,S219,11,8640,8640,8640,1.0,0,8640,0,1.0,1,0,0,8640,1.0,1667232000,1669823700
2022,S219,12,8904,8904,8928,0.99731183,24,8928,24,0.99731183,1,0,0,8904,0.99731183,1669824000,1672502100
2022,S220,1,8876,8876,8928,0.99417563,52,8928,52,0.99417563,1,0,0,8876,0.99417563,1640966400,1643644500
2022,S220,2,8016,8016,8064,0.99404762,48,8064,48,0.99404762,1,0,0,8016,0.99404762,1643644800,1646063700
2022,S220,3,8928,8928,8928,1.0,0,8928,0,1.0,1,0,0,8928,1.0,1646064000,1648742100
2022,S220,4,8639,8639,8640,0.99988426,1,8640,1,0.99988426,1,0,0,8639,0.99988426,1648742400,1651334100
2022,S220,5,8928,8928,8928,1.0,0,8928,0,1.0,1,0,0,8928,1.0,1651334400,1654012500
2022,S220,6,8632,8632,8640,0.99907407,8,8640,8,0.99907407,1,0,0,8632,0.99907407,1654012800,1656604500
2022,S220,7,8928,8928,8928,1.0,0,8928,0,1.0,1,0,0,8928,1.0,1656604800,1659282900
2022,S220,8,8925,8925,8928,0.99966398,3,8928,3,0.99966398,1,0,0,8925,0.99966398,1659283200,1661961300
2022,S220,9,8622,8622,8640,0.99791667,18,8640,18,0.99791667,1,0,0,8622,0.99791667,1661961600,1664553300
2022,S220,10,8908,8908,8928,0.99775986,20,8928,20,0.99775986,1,0,0,8908,0.99775986,1664553600,1667231700
2022,S220,11,8640,8640,8640,1.0,0,8640,0,1.0,1,0,0,8640,1.0,1667232000,1669823700
2022,S220,12,8904,8904,8928,0.99731183,24,8928,24,0.99731183,1,0,0,8904,0.99731183,1669824000,1672502100
2022,S221,1,8875,8875,8928,0.99406362,53,8928,53,0.99406362,1,0,0,8875,0.99406362,1640966400,1643644500
2022,S221,2,8013,8013,8064,0.9936756,51,8064,51,0.9936756,1,0,0,8013,0.9936756,1643644800,1646063700
2022,S221,3,8926,8926,8928,0.99977599,2,8928,2,0.99977599,1,0,0,8926,0.99977599,1646064000,1648742100
2022,S221,4,8638,8638,8640,0.99976852,2,8640,2,0.99976852,1,0,0,8638,0.99976852,1648742400,1651334100
2022,S221,5,8928,8928,8928,1.0,0,8928,0,1.0,1,0,0,8928,1.0,1651334400,1654012500
2022,S221,6,8639,8639,8640,0.99988426,1,8640,1,0.99988426,1,0,0,8639,0.99988426,1654012800,1656604500
2022,S221,7,8928,8928,8928,1.0,0,8928,0,1.0,1,0,0,8928,1.0,1656604800,1659282900
2022,S221,8,8925,8925,8928,0.99966398,3,8928,3,0.99966398,1,0,0,8925,0.99966398,1659283200,1661961300
2022,S221,9,8623,8623,8640,0.99803241,17,8640,17,0.99803241,1,0,0,8623,0.99803241,1661961600,1664553300
2022,S221,10,8908,8908,8928,0.99775986,20,8928,20,0.99775986,1,0,0,8908,0.99775986,1664553600,1667231700
2022,S221,11,8640,8640,8640,1.0,0,8640,0,1.0,1,0,0,8640,1.0,1667232000,1669823700
2022,S221,12,8904,8904,8928,0.99731183,24,8928,24,0.99731183,1,0,0,8904,0.99731183,1669824000,1672502100
2022,S222,1,8875,8875,8928,0.99406362,53,8928,53,0.99406362,1,0,0,8875,0.99406362,1640966400,1643644500
2022,S222,2,8016,8016,8064,0.99404762,48,8064,48,0.99404762,1,0,0,8016,0.99404762,1643644800,1646063700
2022,S222,3,8928,8928,8928,1.0,0,8928,0,1.0,1,0,0,8928,1.0,1646064000,1648742100
2022,S222,4,8639,8639,8640,0.99988426,1,8640,1,0.99988426,1,0,0,8639,0.99988426,1648742400,1651334100
2022,S222,5,8928,8928,8928,1.0,0,8928,0,1.0,1,0,0,8928,1.0,1651334400,1654012500
2022,S222,6,8639,8639,8640,0.99988426,1,8640,1,0.99988426,1,0,0,8639,0.99988426,1654012800,1656604500
2022,S222,7,8928,8928,8928,1.0,0,8928,0,1.0,1,0,0,8928,1.0,1656604800,1659282900
2022,S222,8,8925,8925,8928,0.99966398,3,8928,3,0.99966398,1,0,0,8925,0.99966398,1659283200,1661961300
2022,S222,9,8621,8621,8640,0.99780093,19,8640,19,0.99780093,1,0,0,8621,0.99780093,1661961600,1664553300
2022,S222,10,8908,8908,8928,0.99775986,20,8928,20,0.99775986,1,0,0,8908,0.99775986,1664553600,1667231700
2022,S222,11,8640,8640,8640,1.0,0,8640,0,1.0,1,0,0,8640,1.0,1667232000,1669823700
2022,S222,12,8904,8904,8928,0.99731183,24,8928,24,0.99731183,1,0,0,8904,0.99731183,1669824000,1672502100
2022,S223,1,8876,8876,8928,0.99417563,52,8928,52,0.99417563,1,0,0,8876,0.99417563,1640966400,1643644500
2022,S223,2,8016,8016,8064,0.99404762,48,8064,48,0.99404762,1,0,0,8016,0.99404762,1643644800,1646063700
2022,S223,3,8927,8927,8928,0.99988799,1,8928,1,0.99988799,1,0,0,8927,0.99988799,1646064000,1648742100
2022,S223,4,8638,8638,8640,0.99976852,2,8640,2,0.99976852,1,0,0,8638,0.99976852,1648742400,1651334100
2022,S223,5,8928,8928,8928,1.0,0,8928,0,1.0,1,0,0,8928,1.0,1651334400,1654012500
2022,S223,6,8628,8628,8640,0.99861111,12,8640,12,0.99861111,1,0,0,8628,0.99861111,1654012800,1656604500
2022,S223,7,8928,8928,8928,1.0,0,8928,0,1.0,1,0,0,8928,1.0,1656604800,1659282900
2022,S223,8,8925,8925,8928,0.99966398,3,8928,3,0.99966398,1,0,0,8925,0.99966398,1659283200,1661961300
2022,S223,9,8620,8620,8640,0.99768519,20,8640,20,0.99768519,1,0,0,8620,0.99768519,1661961600,1664553300
2022,S223,10,8908,8908,8928,0.99775986,20,8928,20,0.99775986,1,0,0,8908,0.99775986,1664553600,1667231700
2022,S223,11,8640,8640,8640,1.0,0,8640,0,1.0,1,0,0,8640,1.0,1667232000,1669823700
2022,S223,12,8902,8902,8928,0.99708781,26,8928,26,0.99708781,1,0,0,8902,0.99708781,1669824000,1672502100
2022,S224,1,8876,8876,8928,0.99417563,52,8928,52,0.99417563,1,0,0,8876,0.99417563,1640966400,1643644500
2022,S224,2,8016,8016,8064,0.99404762,48,8064,48,0.99404762,1,0,0,8016,0.99404762,1643644800,1646063700
2022,S224,3,8926,8926,8928,0.99977599,2,8928,2,0.99977599,1,0,0,8926,0.99977599,1646064000,1648742100
2022,S224,4,8639,8639,8640,0.99988426,1,8640,1,0.99988426,1,0,0,8639,0.99988426,1648742400,1651334100
2022,S224,5,8928,8928,8928,1.0,0,8928,0,1.0,1,0,0,8928,1.0,1651334400,1654012500
2022,S224,6,8638,8638,8640,0.99976852,2,8640,2,0.99976852,1,0,0,8638,0.99976852,1654012800,1656604500
2022,S224,7,8928,8928,8928,1.0,0,8928,0,1.0,1,0,0,8928,1.0,1656604800,1659282900
2022,S224,8,8925,8925,8928,0.99966398,3,8928,3,0.99966398,1,0,0,8925,0.99966398,1659283200,1661961300
2022,S224,9,8623,8623,8640,0.99803241,17,8640,17,0.99803241,1,0,0,8623,0.99803241,1661961600,1664553300
2022,S224,10,8908,8908,8928,0.99775986,20,8928,20,0.99775986,1,0,0,8908,0.99775986,1664553600,1667231700
2022,S224,11,8640,8640,8640,1.0,0,8640,0,1.0,1,0,0,8640,1.0,1667232000,1669823700
2022,S224,12,8904,8904,8928,0.99731183,24,8928,24,0.99731183,1,0,0,8904,0.99731183,1669824000,1672502100
2022,S226,1,8876,8876,8928,0.99417563,52,8928,52,0.99417563,1,0,0,8876,0.99417563,1640966400,1643644500
2022,S226,2,8016,8016,8064,0.99404762,48,8064,48,0.99404762,1,0,0,8016,0.99404762,1643644800,1646063700
2022,S226,3,8928,8928,8928,1.0,0,8928,0,1.0,1,0,0,8928,1.0,1646064000,1648742100
2022,S226,4,8638,8638,8640,0.99976852,2,8640,2,0.99976852,1,0,0,8638,0.99976852,1648742400,1651334100
2022,S226,5,8928,8928,8928,1.0,0,8928,0,1.0,1,0,0,8928,1.0,1651334400,1654012500
2022,S226,6,8638,8638,8640,0.99976852,2,8640,2,0.99976852,1,0,0,8638,0.99976852,1654012800,1656604500
2022,S226,7,8928,8928,8928,1.0,0,8928,0,1.0,1,0,0,8928,1.0,1656604800,1659282900
2022,S226,8,8925,8925,8928,0.99966398,3,8928,3,0.99966398,1,0,0,8925,0.99966398,1659283200,1661961300
2022,S226,9,8621,8621,8640,0.99780093,19,8640,19,0.99780093,1,0,0,8621,0.99780093,1661961600,1664553300
2022,S226,10,8908,8908,8928,0.99775986,20,8928,20,0.99775986,1,0,0,8908,0.99775986,1664553600,1667231700
2022,S226,11,8640,8640,8640,1.0,0,8640,0,1.0,1,0,0,8640,1.0,1667232000,1669823700
2022,S226,12,8904,8904,8928,0.99731183,24,8928,24,0.99731183,1,0,0,8904,0.99731183,1669824000,1672502100
2022,S227,1,8876,8876,8928,0.99417563,52,8928,52,0.99417563,1,0,0,8876,0.99417563,1640966400,1643644500
2022,S227,2,8016,8016,8064,0.99404762,48,8064,48,0.99404762,1,0,0,8016,0.99404762,1643644800,1646063700
2022,S227,3,8921,8921,8928,0.99921595,7,8928,7,0.99921595,1,0,0,8921,0.99921595,1646064000,1648742100
2022,S227,4,8638,8638,8640,0.99976852,2,8640,2,0.99976852,1,0,0,8638,0.99976852,1648742400,1651334100
2022,S227,5,8928,8928,8928,1.0,0,8928,0,1.0,1,0,0,8928,1.0,1651334400,1654012500
2022,S227,6,8639,8639,8640,0.99988426,1,8640,1,0.99988426,1,0,0,8639,0.99988426,1654012800,1656604500
2022,S227,7,8928,8928,8928,1.0,0,8928,0,1.0,1,0,0,8928,1.0,1656604800,1659282900
2022,S227,8,8925,8925,8928,0.99966398,3,8928,3,0.99966398,1,0,0,8925,0.99966398,1659283200,1661961300
2022,S227,9,8623,8623,8640,0.99803241,17,8640,17,0.99803241,1,0,0,8623,0.99803241,1661961600,1664553300
2022,S227,10,8908,8908,8928,0.99775986,20,8928,20,0.99775986,1,0,0,8908,0.99775986,1664553600,1667231700
2022,S227,11,8640,8640,8640,1.0,0,8640,0,1.0,1,0,0,8640,1.0,1667232000,1669823700
2022,S227,12,8904,8904,8928,0.99731183,24,8928,24,0.99731183,1,0,0,8904,0.99731183,1669824000,1672502100
2022,S228,1,8876,8876,8928,0.99417563,52,8928,52,0.99417563,1,0,0,8876,0.99417563,1640966400,1643644500
2022,S228,2,8016,8016,8064,0.99404762,48,8064,48,0.99404762,1,0,0,8016,0.99404762,1643644800,1646063700
2022,S228,3,8928,8928,8928,1.0,0,8928,0,1.0,1,0,0,8928,1.0,1646064000,1648742100
2022,S228,4,8639,8639,8640,0.99988426,1,8640,1,0.99988426,1,0,0,8639,0.99988426,1648742400,1651334100
2022,S228,5,8928,8928,8928,1.0,0,8928,0,1.0,1,0,0,8928,1.0,1651334400,1654012500
2022,S228,6,8639,8639,8640,0.99988426,1,8640,1,0.99988426,1,0,0,8639,0.99988426,1654012800,1656604500
2022,S228,7,8928,8928,8928,1.0,0,8928,0,1.0,1,0,0,8928,1.0,1656604800,1659282900
2022,S228,8,8925,8925,8928,0.99966398,3,8928,3,0.99966398,1,0,0,8925,0.99966398,1659283200,1661961300
2022,S228,9,8621,8621,8640,0.99780093,19,8640,19,0.99780093,1,0,0,8621,0.99780093,1661961600,1664553300
2022,S228,10,8908,8908,8928,0.99775986,20,8928,20,0.99775986,1,0,0,8908,0.99775986,1664553600,1667231700
2022,S228,11,8640,8640,8640,1.0,0,8640,0,1.0,1,0,0,8640,1.0,1667232000,1669823700
2022,S228,12,8904,8904,8928,0.99731183,24,8928,24,0.99731183,1,0,0,8904,0.99731183,1669824000,1672502100
2022,S229,1,8876,8876,8928,0.99417563,52,8928,52,0.99417563,1,0,0,8876,0.99417563,1640966400,1643644500
2022,S229,2,8016,8016,8064,0.99404762,48,8064,48,0.99404762,1,0,0,8016,0.99404762,1643644800,1646063700
2022,S229,3,8928,8928,8928,1.0,0,8928,0,1.0,1,0,0,8928,1.0,1646064000,1648742100
2022,S229,4,8639,8639,8640,0.99988426,1,8640,1,0.99988426,1,0,0,8639,0.99988426,1648742400,1651334100
2022,S229,5,8927,8927,8928,0.99988799,1,8928,1,0.99988799,1,0,0,8927,0.99988799,1651334400,1654012500
2022,S229,6,8639,8639,8640,0.99988426,1,8640,1,0.99988426,1,0,0,8639,0.99988426,1654012800,1656604500
2022,S229,7,8927,8927,8928,0.99988799,1,8928,1,0.99988799,1,0,0,8927,0.99988799,1656604800,1659282900
2022,S229,8,8925,8925,8928,0.99966398,3,8928,3,0.99966398,1,0,0,8925,0.99966398,1659283200,1661961300
2022,S229,9,8620,8620,8640,0.99768519,20,8640,20,0.99768519,1,0,0,8620,0.99768519,1661961600,1664553300
2022,S229,10,8908,8908,8928,0.99775986,20,8928,20,0.99775986,1,0,0,8908,0.99775986,1664553600,1667231700
2022,S229,11,8640,8640,8640,1.0,0,8640,0,1.0,1,0,0,8640,1.0,1667232000,1669823700
2022,S229,12,8904,8904,8928,0.99731183,24,8928,24,0.99731183,1,0,0,8904,0.99731183,1669824000,1672502100
2022,S230,1,8876,8876,8928,0.99417563,52,8928,52,0.99417563,1,0,0,8876,0.99417563,1640966400,1643644500
2022,S230,2,8016,8016,8064,0.99404762,48,8064,48,0.99404762,1,0,0,8016,0.99404762,1643644800,1646063700
2022,S230,3,8928,8928,8928,1.0,0,8928,0,1.0,1,0,0,8928,1.0,1646064000,1648742100
2022,S230,4,8638,8638,8640,0.99976852,2,8640,2,0.99976852,1,0,0,8638,0.99976852,1648742400,1651334100
2022,S230,5,8928,8928,8928,1.0,0,8928,0,1.0,1,0,0,8928,1.0,1651334400,1654012500
2022,S230,6,8639,8639,8640,0.99988426,1,8640,1,0.99988426,1,0,0,8639,0.99988426,1654012800,1656604500
2022,S230,7,8928,8928,8928,1.0,0,8928,0,1.0,1,0,0,8928,1.0,1656604800,1659282900
2022,S230,8,8925,8925,8928,0.99966398,3,8928,3,0.99966398,1,0,0,8925,0.99966398,1659283200,1661961300
2022,S230,9,8622,8622,8640,0.99791667,18,8640,18,0.99791667,1,0,0,8622,0.99791667,1661961600,1664553300
2022,S230,10,8908,8908,8928,0.99775986,20,8928,20,0.99775986,1,0,0,8908,0.99775986,1664553600,1667231700
2022,S230,11,8640,8640,8640,1.0,0,8640,0,1.0,1,0,0,8640,1.0,1667232000,1669823700
2022,S230,12,8904,8904,8928,0.99731183,24,8928,24,0.99731183,1,0,0,8904,0.99731183,1669824000,1672502100
2022,S24,1,8875,8875,8928,0.99406362,53,8928,53,0.99406362,1,0,0,8875,0.99406362,1640966400,1643644500
2022,S24,2,8011,8011,8064,0.99342758,53,8064,53,0.99342758,1,0,0,8011,0.99342758,1643644800,1646063700
2022,S24,3,8928,8928,8928,1.0,0,8928,0,1.0,1,0,0,8928,1.0,1646064000,1648742100
2022,S24,4,8576,8576,8640,0.99259259,64,8640,64,0.99259259,1,0,0,8576,0.99259259,1648742400,1651334100
2022,S24,5,8928,8928,8928,1.0,0,8928,0,1.0,1,0,0,8928,1.0,1651334400,1654012500
2022,S24,6,8608,8608,8640,0.9962963,32,8640,32,0.9962963,1,0,0,8608,0.9962963,1654012800,1656604500
2022,S24,7,8910,8910,8928,0.99798387,18,8928,18,0.99798387,1,0,0,8910,0.99798387,1656604800,1659282900
2022,S24,8,8925,8925,8928,0.99966398,3,8928,3,0.99966398,1,0,0,8925,0.99966398,1659283200,1661961300
2022,S24,9,8619,8619,8640,0.99756944,21,8640,21,0.99756944,1,0,0,8619,0.99756944,1661961600,1664553300
2022,S24,10,8925,8925,8928,0.99966398,3,8928,3,0.99966398,1,0,0,8925,0.99966398,1664553600,1667231700
2022,S24,11,8638,8638,8640,0.99976852,2,8640,2,0.99976852,1,0,0,8638,0.99976852,1667232000,1669823700
2022,S24,12,8899,8899,8928,0.99675179,29,8928,29,0.99675179,1,0,0,8899,0.99675179,1669824000,1672502100
2022,S33,1,8728,8728,8928,0.97759857,200,8928,200,0.97759857,1,0,0,8728,0.97759857,1640966400,1643644500
2022,S33,2,8016,8016,8064,0.99404762,48,8064,48,0.99404762,1,0,0,8016,0.99404762,1643644800,1646063700
2022,S33,3,8928,8928,8928,1.0,0,8928,0,1.0,1,0,0,8928,1.0,1646064000,1648742100
2022,S33,4,8629,8629,8640,0.99872685,11,8640,11,0.99872685,1,0,0,8629,0.99872685,1648742400,1651334100
2022,S33,5,8928,8928,8928,1.0,0,8928,0,1.0,1,0,0,8928,1.0,1651334400,1654012500
2022,S33,6,8639,8639,8640,0.99988426,1,8640,1,0.99988426,1,0,0,8639,0.99988426,1654012800,1656604500
2022,S33,7,8925,8925,8928,0.99966398,3,8928,3,0.99966398,1,0,0,8925,0.99966398,1656604800,1659282900
2022,S33,8,8789,8789,8928,0.984431,139,8928,139,0.984431,1,0,0,8789,0.984431,1659283200,1661961300
2022,S33,9,8386,8386,8640,0.97060185,254,8640,254,0.97060185,1,0,0,8386,0.97060185,1661961600,1664553300
2022,S33,10,7763,7763,8928,0.86951165,1165,8928,1165,0.86951165,1,0,0,7763,0.86951165,1664553600,1667231700
2022,S33,11,8639,8639,8640,0.99988426,1,8640,1,0.99988426,1,0,0,8639,0.99988426,1667232000,1669823700
2022,S33,12,8902,8902,8928,0.99708781,26,8928,26,0.99708781,1,0,0,8902,0.99708781,1669824000,1672502100
2022,S35,1,7323,7323,8928,0.82022849,1605,8487,1164,0.86284906,1,0,0,7323,0.82022849,1641098700,1643644500
2022,S35,2,5561,5561,8064,0.68960813,2503,8064,2503,0.68960813,1,0,0,5561,0.68960813,1643644800,1646063700
2022,S35,3,5435,5435,8928,0.60875896,3493,8919,3484,0.60937325,1,0,0,5435,0.60875896,1646064000,1648739400
2022,S35,4,8251,8251,8640,0.95497685,389,8544,293,0.96570693,1,0,0,8251,0.95497685,1648771200,1651334100
2022,S35,5,8919,8919,8928,0.99899194,9,8928,9,0.99899194,1,0,0,8919,0.99899194,1651334400,1654012500
2022,S35,6,8638,8638,8640,0.99976852,2,8640,2,0.99976852,1,0,0,8638,0.99976852,1654012800,1656604500
2022,S35,7,8925,8925,8928,0.99966398,3,8928,3,0.99966398,1,0,0,8925,0.99966398,1656604800,1659282900
2022,S35,8,8638,8638,8928,0.96751792,290,8928,290,0.96751792,1,0,0,8638,0.96751792,1659283200,1661961300
2022,S35,9,8614,8614,8640,0.99699074,26,8640,26,0.99699074,1,0,0,8614,0.99699074,1661961600,1664553300
2022,S35,10,8925,8925,8928,0.99966398,3,8928,3,0.99966398,1,0,0,8925,0.99966398,1664553600,1667231700
2022,S35,11,8638,8638,8640,0.99976852,2,8640,2,0.99976852,1,0,0,8638,0.99976852,1667232000,1669823700
2022,S35,12,8902,8902,8928,0.99708781,26,8928,26,0.99708781,1,0,0,8902,0.99708781,1669824000,1672502100
2022,S36,1,1140,1140,8928,0.12768817,7788,8088,6948,0.14094955,1,0,0,1140,0.12768817,1641193500,1643619600
2022,S36,2,1992,1992,8064,0.24702381,6072,7949,5957,0.25059756,1,0,0,1992,0.24702381,1643679300,1646063700
2022,S36,3,6040,6040,8928,0.6765233,2888,8889,2849,0.67949151,1,0,0,6040,0.6765233,1646064000,1648730400
2022,S36,4,3641,3641,8640,0.42141204,4999,8463,4822,0.43022569,1,0,0,3641,0.42141204,1648778700,1651317300
2022,S36,5,2760,2760,8928,0.30913978,6168,8765,6005,0.31488876,1,0,0,2760,0.30913978,1651371000,1654000200
2022,S36,6,3657,3657,8640,0.42326389,4983,8482,4825,0.43114831,1,0,0,3657,0.42326389,1654047300,1656591600
2022,S36,7,5068,5068,8928,0.56765233,3860,8688,3620,0.58333333,1,0,0,5068,0.56765233,1656658200,1659264300
2022,S36,8,2238,2238,8928,0.25067204,6690,8820,6582,0.2537415,1,0,0,2238,0.25067204,1659312000,1661957700
2022,S36,9,3633,3633,8640,0.42048611,5007,8540,4907,0.42540984,1,0,0,3633,0.42048611,1661991600,1664553300
2022,S36,10,4375,4375,8928,0.49003136,4553,8928,4553,0.49003136,1,0,0,4375,0.49003136,1664553600,1667231700
2022,S36,11,2602,2602,8640,0.30115741,6038,8540,5938,0.30468384,1,0,0,2602,0.30115741,1667232000,1669793700
2022,S36,12,2459,2459,8928,0.27542563,6469,8776,6317,0.28019599,1,0,0,2459,0.27542563,1669857900,1672490400
2022,S40,1,8876,8876,8928,0.99417563,52,8928,52,0.99417563,1,0,0,8876,0.99417563,1640966400,1643644500
2022,S40,2,8005,8005,8064,0.99268353,59,8064,59,0.99268353,1,0,0,8005,0.99268353,1643644800,1646063700
2022,S40,3,8766,8766,8928,0.98185484,162,8928,162,0.98185484,1,0,0,8766,0.98185484,1646064000,1648742100
2022,S40,4,8637,8637,8640,0.99965278,3,8640,3,0.99965278,1,0,0,8637,0.99965278,1648742400,1651334100
2022,S40,5,8799,8799,8928,0.98555108,129,8928,129,0.98555108,1,0,0,8799,0.98555108,1651334400,1654012500
2022,S40,6,8639,8639,8640,0.99988426,1,8640,1,0.99988426,1,0,0,8639,0.99988426,1654012800,1656604500
2022,S40,7,8922,8922,8928,0.99932796,6,8928,6,0.99932796,1,0,0,8922,0.99932796,1656604800,1659282900
2022,S40,8,8898,8898,8928,0.99663978,30,8928,30,0.99663978,1,0,0,8898,0.99663978,1659283200,1661961300
2022,S40,9,8605,8605,8640,0.99594907,35,8640,35,0.99594907,1,0,0,8605,0.99594907,1661961600,1664553300
2022,S40,10,8915,8915,8928,0.99854391,13,8928,13,0.99854391,1,0,0,8915,0.99854391,1664553600,1667231700
2022,S40,11,8624,8624,8640,0.99814815,16,8640,16,0.99814815,1,0,0,8624,0.99814815,1667232000,1669823700
2022,S40,12,8540,8540,8928,0.95654122,388,8928,388,0.95654122,1,0,0,8540,0.95654122,1669824000,1672502100
2022,S43,1,8876,8876,8928,0.99417563,52,8928,52,0.99417563,1,0,0,8876,0.99417563,1640966400,1643644500
2022,S43,2,7795,7795,8064,0.96664187,269,8064,269,0.96664187,1,0,0,7795,0.96664187,1643644800,1646063700
2022,S43,3,8846,8846,8928,0.99081541,82,8928,82,0.99081541,1,0,0,8846,0.99081541,1646064000,1648742100
2022,S43,4,8640,8640,8640,1.0,0,8640,0,1.0,1,0,0,8640,1.0,1648742400,1651334100
2022,S43,5,8631,8631,8928,0.96673387,297,8928,297,0.96673387,1,0,0,8631,0.96673387,1651334400,1654012500
2022,S43,6,8630,8630,8640,0.99884259,10,8640,10,0.99884259,1,0,0,8630,0.99884259,1654012800,1656604500
2022,S43,7,8920,8920,8928,0.99910394,8,8928,8,0.99910394,1,0,0,8920,0.99910394,1656604800,1659282900
2022,S43,8,8827,8827,8928,0.98868728,101,8928,101,0.98868728,1,0,0,8827,0.98868728,1659283200,1661961300
2022,S43,9,8620,8620,8640,0.99768519,20,8640,20,0.99768519,1,0,0,8620,0.99768519,1661961600,1664553300
2022,S43,10,8923,8923,8928,0.99943996,5,8928,5,0.99943996,1,0,0,8923,0.99943996,1664553600,1667231700
2022,S43,11,8636,8636,8640,0.99953704,4,8640,4,0.99953704,1,0,0,8636,0.99953704,1667232000,1669823700
2022,S43,12,8901,8901,8928,0.99697581,27,8928,27,0.99697581,1,0,0,8901,0.99697581,1669824000,1672502100
2022,S44,1,8876,8876,8928,0.99417563,52,8928,52,0.99417563,1,0,0,8876,0.99417563,1640966400,1643644500
2022,S44,2,8016,8016,8064,0.99404762,48,8064,48,0.99404762,1,0,0,8016,0.99404762,1643644800,1646063700
2022,S44,3,8928,8928,8928,1.0,0,8928,0,1.0,1,0,0,8928,1.0,1646064000,1648742100
2022,S44,4,8637,8637,8640,0.99965278,3,8640,3,0.99965278,1,0,0,8637,0.99965278,1648742400,1651334100
2022,S44,5,8924,8924,8928,0.99955197,4,8928,4,0.99955197,1,0,0,8924,0.99955197,1651334400,1654012500
2022,S44,6,8639,8639,8640,0.99988426,1,8640,1,0.99988426,1,0,0,8639,0.99988426,1654012800,1656604500
2022,S44,7,8653,8653,8928,0.96919803,275,8928,275,0.96919803,1,0,0,8653,0.96919803,1656604800,1659282900
2022,S44,8,8923,8923,8928,0.99943996,5,8928,5,0.99943996,1,0,0,8923,0.99943996,1659283200,1661961300
2022,S44,9,8620,8620,8640,0.99768519,20,8640,20,0.99768519,1,0,0,8620,0.99768519,1661961600,1664553300
2022,S44,10,8925,8925,8928,0.99966398,3,8928,3,0.99966398,1,0,0,8925,0.99966398,1664553600,1667231700
2022,S44,11,8639,8639,8640,0.99988426,1,8640,1,0.99988426,1,0,0,8639,0.99988426,1667232000,1669823700
2022,S44,12,8902,8902,8928,0.99708781,26,8928,26,0.99708781,1,0,0,8902,0.99708781,1669824000,1672502100
2022,S50,1,8875,8875,8928,0.99406362,53,8928,53,0.99406362,1,0,0,8875,0.99406362,1640966400,1643644500
2022,S50,2,8016,8016,8064,0.99404762,48,8064,48,0.99404762,1,0,0,8016,0.99404762,1643644800,1646063700
2022,S50,3,8928,8928,8928,1.0,0,8928,0,1.0,1,0,0,8928,1.0,1646064000,1648742100
2022,S50,4,8640,8640,8640,1.0,0,8640,0,1.0,1,0,0,8640,1.0,1648742400,1651334100
2022,S50,5,8925,8925,8928,0.99966398,3,8928,3,0.99966398,1,0,0,8925,0.99966398,1651334400,1654012500
2022,S50,6,8460,8460,8640,0.97916667,180,8640,180,0.97916667,1,0,0,8460,0.97916667,1654012800,1656604500
2022,S50,7,8925,8925,8928,0.99966398,3,8928,3,0.99966398,1,0,0,8925,0.99966398,1656604800,1659282900
2022,S50,8,8866,8866,8928,0.99305556,62,8928,62,0.99305556,1,0,0,8866,0.99305556,1659283200,1661961300
2022,S50,9,8617,8617,8640,0.99733796,23,8640,23,0.99733796,1,0,0,8617,0.99733796,1661961600,1664553300
2022,S50,10,8923,8923,8928,0.99943996,5,8928,5,0.99943996,1,0,0,8923,0.99943996,1664553600,1667231700
2022,S50,11,8638,8638,8640,0.99976852,2,8640,2,0.99976852,1,0,0,8638,0.99976852,1667232000,1669823700
2022,S50,12,8902,8902,8928,0.99708781,26,8928,26,0.99708781,1,0,0,8902,0.99708781,1669824000,1672502100
2022,S60,1,0,0,8928,0.0,8928,0,0,,0,0,0,0,0.0,,
2022,S60,2,0,0,8064,0.0,8064,0,0,,0,0,0,0,0.0,,
2022,S60,3,0,0,8928,0.0,8928,0,0,,0,0,0,0,0.0,,
2022,S60,4,0,0,8640,0.0,8640,0,0,,0,0,0,0,0.0,,
2022,S60,5,0,0,8928,0.0,8928,0,0,,0,0,0,0,0.0,,
2022,S60,6,0,0,8640,0.0,8640,0,0,,0,0,0,0,0.0,,
2022,S60,7,0,0,8928,0.0,8928,0,0,,0,0,0,0,0.0,,
2022,S60,8,401,401,8928,0.04491487,8527,401,0,1.0,1,0,0,401,0.04491487,1661841300,1661961300
2022,S60,9,8310,8310,8640,0.96180556,330,8640,330,0.96180556,1,0,0,8310,0.96180556,1661961600,1664553300
2022,S60,10,8925,8925,8928,0.99966398,3,8928,3,0.99966398,1,0,0,8925,0.99966398,1664553600,1667231700
2022,S60,11,7955,7955,8640,0.92071759,685,8640,685,0.92071759,1,0,0,7955,0.92071759,1667232000,1669823700
2022,S60,12,8902,8902,8928,0.99708781,26,8928,26,0.99708781,1,0,0,8902,0.99708781,1669824000,1672502100
2022,S61,1,0,0,8928,0.0,8928,0,0,,0,0,0,0,0.0,,
2022,S61,2,0,0,8064,0.0,8064,0,0,,0,0,0,0,0.0,,
2022,S61,3,0,0,8928,0.0,8928,0,0,,0,0,0,0,0.0,,
2022,S61,4,0,0,8640,0.0,8640,0,0,,0,0,0,0,0.0,,
2022,S61,5,0,0,8928,0.0,8928,0,0,,0,0,0,0,0.0,,
2022,S61,6,0,0,8640,0.0,8640,0,0,,0,0,0,0,0.0,,
2022,S61,7,0,0,8928,0.0,8928,0,0,,0,0,0,0,0.0,,
2022,S61,8,401,401,8928,0.04491487,8527,401,0,1.0,1,0,0,401,0.04491487,1661841300,1661961300
2022,S61,9,8617,8617,8640,0.99733796,23,8640,23,0.99733796,1,0,0,8617,0.99733796,1661961600,1664553300
2022,S61,10,7243,7243,8928,0.81126792,1685,8928,1685,0.81126792,1,0,0,7243,0.81126792,1664553600,1667231700
2022,S61,11,8639,8639,8640,0.99988426,1,8640,1,0.99988426,1,0,0,8639,0.99988426,1667232000,1669823700
2022,S61,12,8902,8902,8928,0.99708781,26,8928,26,0.99708781,1,0,0,8902,0.99708781,1669824000,1672502100
2022,S64,1,0,0,8928,0.0,8928,0,0,,0,0,0,0,0.0,,
2022,S64,2,0,0,8064,0.0,8064,0,0,,0,0,0,0,0.0,,
2022,S64,3,0,0,8928,0.0,8928,0,0,,0,0,0,0,0.0,,
2022,S64,4,0,0,8640,0.0,8640,0,0,,0,0,0,0,0.0,,
2022,S64,5,0,0,8928,0.0,8928,0,0,,0,0,0,0,0.0,,
2022,S64,6,0,0,8640,0.0,8640,0,0,,0,0,0,0,0.0,,
2022,S64,7,0,0,8928,0.0,8928,0,0,,0,0,0,0,0.0,,
2022,S64,8,401,401,8928,0.04491487,8527,401,0,1.0,1,0,0,401,0.04491487,1661841300,1661961300
2022,S64,9,8619,8619,8640,0.99756944,21,8640,21,0.99756944,1,0,0,8619,0.99756944,1661961600,1664553300
2022,S64,10,8925,8925,8928,0.99966398,3,8928,3,0.99966398,1,0,0,8925,0.99966398,1664553600,1667231700
2022,S64,11,8638,8638,8640,0.99976852,2,8640,2,0.99976852,1,0,0,8638,0.99976852,1667232000,1669823700
2022,S64,12,8902,8902,8928,0.99708781,26,8928,26,0.99708781,1,0,0,8902,0.99708781,1669824000,1672502100
2022,S66,1,8236,8236,8928,0.92249104,692,8928,692,0.92249104,1,0,0,8236,0.92249104,1640966400,1643644500
2022,S66,2,7587,7587,8064,0.94084821,477,8064,477,0.94084821,1,0,0,7587,0.94084821,1643644800,1646063700
2022,S66,3,8920,8920,8928,0.99910394,8,8928,8,0.99910394,1,0,0,8920,0.99910394,1646064000,1648742100
2022,S66,4,8639,8639,8640,0.99988426,1,8640,1,0.99988426,1,0,0,8639,0.99988426,1648742400,1651334100
2022,S66,5,8924,8924,8928,0.99955197,4,8928,4,0.99955197,1,0,0,8924,0.99955197,1651334400,1654012500
2022,S66,6,8634,8634,8640,0.99930556,6,8640,6,0.99930556,1,0,0,8634,0.99930556,1654012800,1656604500
2022,S66,7,8924,8924,8928,0.99955197,4,8928,4,0.99955197,1,0,0,8924,0.99955197,1656604800,1659282900
2022,S66,8,8924,8924,8928,0.99955197,4,8928,4,0.99955197,1,0,0,8924,0.99955197,1659283200,1661961300
2022,S66,9,8620,8620,8640,0.99768519,20,8640,20,0.99768519,1,0,0,8620,0.99768519,1661961600,1664553300
2022,S66,10,8923,8923,8928,0.99943996,5,8928,5,0.99943996,1,0,0,8923,0.99943996,1664553600,1667231700
2022,S66,11,8635,8635,8640,0.9994213,5,8640,5,0.9994213,1,0,0,8635,0.9994213,1667232000,1669823700
2022,S66,12,8902,8902,8928,0.99708781,26,8928,26,0.99708781,1,0,0,8902,0.99708781,1669824000,1672502100
2022,S69,1,8543,8543,8928,0.95687724,385,8805,262,0.97024418,1,0,0,8543,0.95687724,1641003300,1643644500
2022,S69,2,7982,7982,8064,0.98983135,82,8064,82,0.98983135,1,0,0,7982,0.98983135,1643644800,1646063700
2022,S69,3,8927,8927,8928,0.99988799,1,8928,1,0.99988799,1,0,0,8927,0.99988799,1646064000,1648742100
2022,S69,4,8448,8448,8640,0.97777778,192,8640,192,0.97777778,1,0,0,8448,0.97777778,1648742400,1651334100
2022,S69,5,8926,8926,8928,0.99977599,2,8928,2,0.99977599,1,0,0,8926,0.99977599,1651334400,1654012500
2022,S69,6,8574,8574,8640,0.99236111,66,8640,66,0.99236111,1,0,0,8574,0.99236111,1654012800,1656604500
2022,S69,7,8925,8925,8928,0.99966398,3,8928,3,0.99966398,1,0,0,8925,0.99966398,1656604800,1659282900
2022,S69,8,8924,8924,8928,0.99955197,4,8928,4,0.99955197,1,0,0,8924,0.99955197,1659283200,1661961300
2022,S69,9,8618,8618,8640,0.9974537,22,8640,22,0.9974537,1,0,0,8618,0.9974537,1661961600,1664553300
2022,S69,10,8926,8926,8928,0.99977599,2,8928,2,0.99977599,1,0,0,8926,0.99977599,1664553600,1667231700
2022,S69,11,8638,8638,8640,0.99976852,2,8640,2,0.99976852,1,0,0,8638,0.99976852,1667232000,1669823700
2022,S69,12,8902,8902,8928,0.99708781,26,8928,26,0.99708781,1,0,0,8902,0.99708781,1669824000,1672502100
2022,S71,1,8876,8876,8928,0.99417563,52,8928,52,0.99417563,1,0,0,8876,0.99417563,1640966400,1643644500
2022,S71,2,8015,8015,8064,0.99392361,49,8064,49,0.99392361,1,0,0,8015,0.99392361,1643644800,1646063700
2022,S71,3,8911,8911,8928,0.99809588,17,8928,17,0.99809588,1,0,0,8911,0.99809588,1646064000,1648742100
2022,S71,4,8555,8555,8640,0.99016204,85,8640,85,0.99016204,1,0,0,8555,0.99016204,1648742400,1651334100
2022,S71,5,8868,8868,8928,0.99327957,60,8928,60,0.99327957,1,0,0,8868,0.99327957,1651334400,1654012500
2022,S71,6,8560,8560,8640,0.99074074,80,8640,80,0.99074074,1,0,0,8560,0.99074074,1654012800,1656604500
2022,S71,7,8924,8924,8928,0.99955197,4,8928,4,0.99955197,1,0,0,8924,0.99955197,1656604800,1659282900
2022,S71,8,8924,8924,8928,0.99955197,4,8928,4,0.99955197,1,0,0,8924,0.99955197,1659283200,1661961300
2022,S71,9,8616,8616,8640,0.99722222,24,8640,24,0.99722222,1,0,0,8616,0.99722222,1661961600,1664553300
2022,S71,10,8925,8925,8928,0.99966398,3,8928,3,0.99966398,1,0,0,8925,0.99966398,1664553600,1667231700
2022,S71,11,8635,8635,8640,0.9994213,5,8640,5,0.9994213,1,0,0,8635,0.9994213,1667232000,1669823700
2022,S71,12,8901,8901,8928,0.99697581,27,8928,27,0.99697581,1,0,0,8901,0.99697581,1669824000,1672502100
2022,S77,1,8868,8868,8928,0.99327957,60,8928,60,0.99327957,1,0,0,8868,0.99327957,1640966400,1643644500
2022,S77,2,8004,8004,8064,0.99255952,60,8064,60,0.99255952,1,0,0,8004,0.99255952,1643644800,1646063700
2022,S77,3,8921,8921,8928,0.99921595,7,8928,7,0.99921595,1,0,0,8921,0.99921595,1646064000,1648742100
2022,S77,4,8640,8640,8640,1.0,0,8640,0,1.0,1,0,0,8640,1.0,1648742400,1651334100
2022,S77,5,8927,8927,8928,0.99988799,1,8928,1,0.99988799,1,0,0,8927,0.99988799,1651334400,1654012500
2022,S77,6,8639,8639,8640,0.99988426,1,8640,1,0.99988426,1,0,0,8639,0.99988426,1654012800,1656604500
2022,S77,7,8928,8928,8928,1.0,0,8928,0,1.0,1,0,0,8928,1.0,1656604800,1659282900
2022,S77,8,8924,8924,8928,0.99955197,4,8928,4,0.99955197,1,0,0,8924,0.99955197,1659283200,1661961300
2022,S77,9,8620,8620,8640,0.99768519,20,8640,20,0.99768519,1,0,0,8620,0.99768519,1661961600,1664553300
2022,S77,10,8924,8924,8928,0.99955197,4,8928,4,0.99955197,1,0,0,8924,0.99955197,1664553600,1667231700
2022,S77,11,8638,8638,8640,0.99976852,2,8640,2,0.99976852,1,0,0,8638,0.99976852,1667232000,1669823700
2022,S77,12,8902,8902,8928,0.99708781,26,8928,26,0.99708781,1,0,0,8902,0.99708781,1669824000,1672502100
2022,S78,1,8876,8876,8928,0.99417563,52,8928,52,0.99417563,1,0,0,8876,0.99417563,1640966400,1643644500
2022,S78,2,8012,8012,8064,0.99355159,52,8064,52,0.99355159,1,0,0,8012,0.99355159,1643644800,1646063700
2022,S78,3,8923,8923,8928,0.99943996,5,8928,5,0.99943996,1,0,0,8923,0.99943996,1646064000,1648742100
2022,S78,4,8637,8637,8640,0.99965278,3,8640,3,0.99965278,1,0,0,8637,0.99965278,1648742400,1651334100
2022,S78,5,8924,8924,8928,0.99955197,4,8928,4,0.99955197,1,0,0,8924,0.99955197,1651334400,1654012500
2022,S78,6,8637,8637,8640,0.99965278,3,8640,3,0.99965278,1,0,0,8637,0.99965278,1654012800,1656604500
2022,S78,7,8924,8924,8928,0.99955197,4,8928,4,0.99955197,1,0,0,8924,0.99955197,1656604800,1659282900
2022,S78,8,8923,8923,8928,0.99943996,5,8928,5,0.99943996,1,0,0,8923,0.99943996,1659283200,1661961300
2022,S78,9,8618,8618,8640,0.9974537,22,8640,22,0.9974537,1,0,0,8618,0.9974537,1661961600,1664553300
2022,S78,10,8925,8925,8928,0.99966398,3,8928,3,0.99966398,1,0,0,8925,0.99966398,1664553600,1667231700
2022,S78,11,8638,8638,8640,0.99976852,2,8640,2,0.99976852,1,0,0,8638,0.99976852,1667232000,1669823700
2022,S78,12,8901,8901,8928,0.99697581,27,8928,27,0.99697581,1,0,0,8901,0.99697581,1669824000,1672502100
2022,S79,1,8730,8730,8928,0.97782258,198,8928,198,0.97782258,1,0,0,8730,0.97782258,1640966400,1643644500
2022,S79,2,7937,7937,8064,0.98425099,127,8064,127,0.98425099,1,0,0,7937,0.98425099,1643644800,1646063700
2022,S79,3,8314,8314,8928,0.9312276,614,8928,614,0.9312276,1,0,0,8314,0.9312276,1646064000,1648742100
2022,S79,4,8637,8637,8640,0.99965278,3,8640,3,0.99965278,1,0,0,8637,0.99965278,1648742400,1651334100
2022,S79,5,8923,8923,8928,0.99943996,5,8928,5,0.99943996,1,0,0,8923,0.99943996,1651334400,1654012500
2022,S79,6,8638,8638,8640,0.99976852,2,8640,2,0.99976852,1,0,0,8638,0.99976852,1654012800,1656604500
2022,S79,7,8921,8921,8928,0.99921595,7,8928,7,0.99921595,1,0,0,8921,0.99921595,1656604800,1659282900
2022,S79,8,8923,8923,8928,0.99943996,5,8928,5,0.99943996,1,0,0,8923,0.99943996,1659283200,1661961300
2022,S79,9,8619,8619,8640,0.99756944,21,8640,21,0.99756944,1,0,0,8619,0.99756944,1661961600,1664553300
2022,S79,10,8925,8925,8928,0.99966398,3,8928,3,0.99966398,1,0,0,8925,0.99966398,1664553600,1667231700
2022,S79,11,8628,8628,8640,0.99861111,12,8640,12,0.99861111,1,0,0,8628,0.99861111,1667232000,1669823700
2022,S79,12,8899,8899,8928,0.99675179,29,8928,29,0.99675179,1,0,0,8899,0.99675179,1669824000,1672502100
2022,S81,1,8876,8876,8928,0.99417563,52,8928,52,0.99417563,1,0,0,8876,0.99417563,1640966400,1643644500
2022,S81,2,8016,8016,8064,0.99404762,48,8064,48,0.99404762,1,0,0,8016,0.99404762,1643644800,1646063700
2022,S81,3,8928,8928,8928,1.0,0,8928,0,1.0,1,0,0,8928,1.0,1646064000,1648742100
2022,S81,4,8639,8639,8640,0.99988426,1,8640,1,0.99988426,1,0,0,8639,0.99988426,1648742400,1651334100
2022,S81,5,8923,8923,8928,0.99943996,5,8928,5,0.99943996,1,0,0,8923,0.99943996,1651334400,1654012500
2022,S81,6,8638,8638,8640,0.99976852,2,8640,2,0.99976852,1,0,0,8638,0.99976852,1654012800,1656604500
2022,S81,7,8928,8928,8928,1.0,0,8928,0,1.0,1,0,0,8928,1.0,1656604800,1659282900
2022,S81,8,8925,8925,8928,0.99966398,3,8928,3,0.99966398,1,0,0,8925,0.99966398,1659283200,1661961300
2022,S81,9,8619,8619,8640,0.99756944,21,8640,21,0.99756944,1,0,0,8619,0.99756944,1661961600,1664553300
2022,S81,10,8926,8926,8928,0.99977599,2,8928,2,0.99977599,1,0,0,8926,0.99977599,1664553600,1667231700
2022,S81,11,8639,8639,8640,0.99988426,1,8640,1,0.99988426,1,0,0,8639,0.99988426,1667232000,1669823700
2022,S81,12,8902,8902,8928,0.99708781,26,8928,26,0.99708781,1,0,0,8902,0.99708781,1669824000,1672502100
2022,S82,1,8875,8875,8928,0.99406362,53,8928,53,0.99406362,1,0,0,8875,0.99406362,1640966400,1643644500
2022,S82,2,8016,8016,8064,0.99404762,48,8064,48,0.99404762,1,0,0,8016,0.99404762,1643644800,1646063700
2022,S82,3,8928,8928,8928,1.0,0,8928,0,1.0,1,0,0,8928,1.0,1646064000,1648742100
2022,S82,4,8638,8638,8640,0.99976852,2,8640,2,0.99976852,1,0,0,8638,0.99976852,1648742400,1651334100
2022,S82,5,8859,8859,8928,0.99227151,69,8928,69,0.99227151,1,0,0,8859,0.99227151,1651334400,1654012500
2022,S82,6,8640,8640,8640,1.0,0,8640,0,1.0,1,0,0,8640,1.0,1654012800,1656604500
2022,S82,7,8927,8927,8928,0.99988799,1,8928,1,0.99988799,1,0,0,8927,0.99988799,1656604800,1659282900
2022,S82,8,8924,8924,8928,0.99955197,4,8928,4,0.99955197,1,0,0,8924,0.99955197,1659283200,1661961300
2022,S82,9,8615,8615,8640,0.99710648,25,8640,25,0.99710648,1,0,0,8615,0.99710648,1661961600,1664553300
2022,S82,10,8926,8926,8928,0.99977599,2,8928,2,0.99977599,1,0,0,8926,0.99977599,1664553600,1667231700
2022,S82,11,5887,5887,8640,0.68136574,2753,5890,3,0.99949066,1,0,0,5887,0.68136574,1667232000,1668998700
2022,S82,12,0,0,8928,0.0,8928,0,0,,0,0,0,0,0.0,,
2022,S84,1,8876,8876,8928,0.99417563,52,8928,52,0.99417563,1,0,0,8876,0.99417563,1640966400,1643644500
2022,S84,2,8015,8015,8064,0.99392361,49,8064,49,0.99392361,1,0,0,8015,0.99392361,1643644800,1646063700
2022,S84,3,8928,8928,8928,1.0,0,8928,0,1.0,1,0,0,8928,1.0,1646064000,1648742100
2022,S84,4,7972,7972,8640,0.92268519,668,8640,668,0.92268519,1,0,0,7972,0.92268519,1648742400,1651334100
2022,S84,5,8928,8928,8928,1.0,0,8928,0,1.0,1,0,0,8928,1.0,1651334400,1654012500
2022,S84,6,8640,8640,8640,1.0,0,8640,0,1.0,1,0,0,8640,1.0,1654012800,1656604500
2022,S84,7,8925,8925,8928,0.99966398,3,8928,3,0.99966398,1,0,0,8925,0.99966398,1656604800,1659282900
2022,S84,8,8924,8924,8928,0.99955197,4,8928,4,0.99955197,1,0,0,8924,0.99955197,1659283200,1661961300
2022,S84,9,8618,8618,8640,0.9974537,22,8640,22,0.9974537,1,0,0,8618,0.9974537,1661961600,1664553300
2022,S84,10,8925,8925,8928,0.99966398,3,8928,3,0.99966398,1,0,0,8925,0.99966398,1664553600,1667231700
2022,S84,11,8638,8638,8640,0.99976852,2,8640,2,0.99976852,1,0,0,8638,0.99976852,1667232000,1669823700
2022,S84,12,8902,8902,8928,0.99708781,26,8928,26,0.99708781,1,0,0,8902,0.99708781,1669824000,1672502100
2022,S88,1,8872,8872,8928,0.9937276,56,8928,56,0.9937276,1,0,0,8872,0.9937276,1640966400,1643644500
2022,S88,2,8016,8016,8064,0.99404762,48,8064,48,0.99404762,1,0,0,8016,0.99404762,1643644800,1646063700
2022,S88,3,8924,8924,8928,0.99955197,4,8928,4,0.99955197,1,0,0,8924,0.99955197,1646064000,1648742100
2022,S88,4,8636,8636,8640,0.99953704,4,8640,4,0.99953704,1,0,0,8636,0.99953704,1648742400,1651334100
2022,S88,5,8925,8925,8928,0.99966398,3,8928,3,0.99966398,1,0,0,8925,0.99966398,1651334400,1654012500
2022,S88,6,8598,8598,8640,0.99513889,42,8640,42,0.99513889,1,0,0,8598,0.99513889,1654012800,1656604500
2022,S88,7,8923,8923,8928,0.99943996,5,8928,5,0.99943996,1,0,0,8923,0.99943996,1656604800,1659282900
2022,S88,8,8920,8920,8928,0.99910394,8,8928,8,0.99910394,1,0,0,8920,0.99910394,1659283200,1661961300
2022,S88,9,8622,8622,8640,0.99791667,18,8640,18,0.99791667,1,0,0,8622,0.99791667,1661961600,1664553300
2022,S88,10,8926,8926,8928,0.99977599,2,8928,2,0.99977599,1,0,0,8926,0.99977599,1664553600,1667231700
2022,S88,11,8639,8639,8640,0.99988426,1,8640,1,0.99988426,1,0,0,8639,0.99988426,1667232000,1669823700
2022,S88,12,8902,8902,8928,0.99708781,26,8928,26,0.99708781,1,0,0,8902,0.99708781,1669824000,1672502100
2022,S89,1,8876,8876,8928,0.99417563,52,8928,52,0.99417563,1,0,0,8876,0.99417563,1640966400,1643644500
2022,S89,2,8015,8015,8064,0.99392361,49,8064,49,0.99392361,1,0,0,8015,0.99392361,1643644800,1646063700
2022,S89,3,8928,8928,8928,1.0,0,8928,0,1.0,1,0,0,8928,1.0,1646064000,1648742100
2022,S89,4,8640,8640,8640,1.0,0,8640,0,1.0,1,0,0,8640,1.0,1648742400,1651334100
2022,S89,5,8904,8904,8928,0.99731183,24,8928,24,0.99731183,1,0,0,8904,0.99731183,1651334400,1654012500
2022,S89,6,8640,8640,8640,1.0,0,8640,0,1.0,1,0,0,8640,1.0,1654012800,1656604500
2022,S89,7,8925,8925,8928,0.99966398,3,8928,3,0.99966398,1,0,0,8925,0.99966398,1656604800,1659282900
2022,S89,8,8924,8924,8928,0.99955197,4,8928,4,0.99955197,1,0,0,8924,0.99955197,1659283200,1661961300
2022,S89,9,8621,8621,8640,0.99780093,19,8640,19,0.99780093,1,0,0,8621,0.99780093,1661961600,1664553300
2022,S89,10,8926,8926,8928,0.99977599,2,8928,2,0.99977599,1,0,0,8926,0.99977599,1664553600,1667231700
2022,S89,11,8636,8636,8640,0.99953704,4,8640,4,0.99953704,1,0,0,8636,0.99953704,1667232000,1669823700
2022,S89,12,8902,8902,8928,0.99708781,26,8928,26,0.99708781,1,0,0,8902,0.99708781,1669824000,1672502100
2022,S90,1,8876,8876,8928,0.99417563,52,8928,52,0.99417563,1,0,0,8876,0.99417563,1640966400,1643644500
2022,S90,2,8016,8016,8064,0.99404762,48,8064,48,0.99404762,1,0,0,8016,0.99404762,1643644800,1646063700
2022,S90,3,8928,8928,8928,1.0,0,8928,0,1.0,1,0,0,8928,1.0,1646064000,1648742100
2022,S90,4,8640,8640,8640,1.0,0,8640,0,1.0,1,0,0,8640,1.0,1648742400,1651334100
2022,S90,5,8928,8928,8928,1.0,0,8928,0,1.0,1,0,0,8928,1.0,1651334400,1654012500
2022,S90,6,8636,8636,8640,0.99953704,4,8640,4,0.99953704,1,0,0,8636,0.99953704,1654012800,1656604500
2022,S90,7,8892,8892,8928,0.99596774,36,8928,36,0.99596774,1,0,0,8892,0.99596774,1656604800,1659282900
2022,S90,8,8925,8925,8928,0.99966398,3,8928,3,0.99966398,1,0,0,8925,0.99966398,1659283200,1661961300
2022,S90,9,8620,8620,8640,0.99768519,20,8640,20,0.99768519,1,0,0,8620,0.99768519,1661961600,1664553300
2022,S90,10,8925,8925,8928,0.99966398,3,8928,3,0.99966398,1,0,0,8925,0.99966398,1664553600,1667231700
2022,S90,11,8639,8639,8640,0.99988426,1,8640,1,0.99988426,1,0,0,8639,0.99988426,1667232000,1669823700
2022,S90,12,8832,8832,8928,0.98924731,96,8928,96,0.98924731,1,0,0,8832,0.98924731,1669824000,1672502100
2022,S900,1,8876,8876,8928,0.99417563,52,8928,52,0.99417563,1,0,0,8876,0.99417563,1640966400,1643644500
2022,S900,2,8015,8015,8064,0.99392361,49,8064,49,0.99392361,1,0,0,8015,0.99392361,1643644800,1646063700
2022,S900,3,8928,8928,8928,1.0,0,8928,0,1.0,1,0,0,8928,1.0,1646064000,1648742100
2022,S900,4,8640,8640,8640,1.0,0,8640,0,1.0,1,0,0,8640,1.0,1648742400,1651334100
2022,S900,5,8927,8927,8928,0.99988799,1,8928,1,0.99988799,1,0,0,8927,0.99988799,1651334400,1654012500
2022,S900,6,8639,8639,8640,0.99988426,1,8640,1,0.99988426,1,0,0,8639,0.99988426,1654012800,1656604500
2022,S900,7,8923,8923,8928,0.99943996,5,8928,5,0.99943996,1,0,0,8923,0.99943996,1656604800,1659282900
2022,S900,8,8915,8915,8928,0.99854391,13,8928,13,0.99854391,1,0,0,8915,0.99854391,1659283200,1661961300
2022,S900,9,8346,8346,8640,0.96597222,294,8640,294,0.96597222,1,0,0,8346,0.96597222,1661961600,1664553300
2022,S900,10,8922,8922,8928,0.99932796,6,8928,6,0.99932796,1,0,0,8922,0.99932796,1664553600,1667231700
2022,S900,11,8639,8639,8640,0.99988426,1,8640,1,0.99988426,1,0,0,8639,0.99988426,1667232000,1669823700
2022,S900,12,8659,8659,8928,0.96987007,269,8928,269,0.96987007,1,0,0,8659,0.96987007,1669824000,1672502100
2022,S94,1,8876,8876,8928,0.99417563,52,8928,52,0.99417563,1,0,0,8876,0.99417563,1640966400,1643644500
2022,S94,2,8015,8015,8064,0.99392361,49,8064,49,0.99392361,1,0,0,8015,0.99392361,1643644800,1646063700
2022,S94,3,8927,8927,8928,0.99988799,1,8928,1,0.99988799,1,0,0,8927,0.99988799,1646064000,1648742100
2022,S94,4,8639,8639,8640,0.99988426,1,8640,1,0.99988426,1,0,0,8639,0.99988426,1648742400,1651334100
2022,S94,5,8923,8923,8928,0.99943996,5,8928,5,0.99943996,1,0,0,8923,0.99943996,1651334400,1654012500
2022,S94,6,8638,8638,8640,0.99976852,2,8640,2,0.99976852,1,0,0,8638,0.99976852,1654012800,1656604500
2022,S94,7,8926,8926,8928,0.99977599,2,8928,2,0.99977599,1,0,0,8926,0.99977599,1656604800,1659282900
2022,S94,8,8919,8919,8928,0.99899194,9,8928,9,0.99899194,1,0,0,8919,0.99899194,1659283200,1661961300
2022,S94,9,8619,8619,8640,0.99756944,21,8640,21,0.99756944,1,0,0,8619,0.99756944,1661961600,1664553300
2022,S94,10,8925,8925,8928,0.99966398,3,8928,3,0.99966398,1,0,0,8925,0.99966398,1664553600,1667231700
2022,S94,11,8622,8622,8640,0.99791667,18,8640,18,0.99791667,1,0,0,8622,0.99791667,1667232000,1669823700
2022,S94,12,8899,8899,8928,0.99675179,29,8928,29,0.99675179,1,0,0,8899,0.99675179,1669824000,1672502100
2023,S07,1,0,0,8928,0.0,8928,0,0,,0,0,0,0,0.0,,
2023,S07,2,0,0,8064,0.0,8064,0,0,,0,0,0,0,0.0,,
2023,S07,3,0,0,8928,0.0,8928,0,0,,0,0,0,0,0.0,,
2023,S07,4,4860,4860,8640,0.5625,3780,4948,88,0.98221504,1,0,0,4860,0.5625,1681386000,1682870100
2023,S07,5,8915,8915,8928,0.99854391,13,8928,13,0.99854391,1,0,0,8915,0.99854391,1682870400,1685548500
2023,S07,6,8636,8636,8640,0.99953704,4,8640,4,0.99953704,1,0,0,8636,0.99953704,1685548800,1688140500
2023,S07,7,5293,5293,8928,0.59285394,3635,5539,246,0.95558765,1,0,0,5293,0.59285394,1688140800,1689802200
2023,S07,8,8118,8118,8928,0.90927419,810,8118,0,1.0,1,0,0,8118,0.90927419,1691062200,1693497300
2023,S07,9,8639,8639,8640,0.99988426,1,8640,1,0.99988426,1,0,0,8639,0.99988426,1693497600,1696089300
2023,S07,10,8678,8678,8928,0.97199821,250,8928,250,0.97199821,1,0,0,8678,0.97199821,1696089600,1698767700
2023,S07,11,8571,8571,8640,0.99201389,69,8640,69,0.99201389,1,0,0,8571,0.99201389,1698768000,1701359700
2023,S07,12,8909,8909,8928,0.99787186,19,8928,19,0.99787186,1,0,0,8909,0.99787186,1701360000,1704038100
2023,S08,1,6118,6118,8928,0.68525986,2810,8928,2810,0.68525986,1,0,0,6118,0.68525986,1672502400,1675180500
2023,S08,2,8032,8032,8064,0.99603175,32,8064,32,0.99603175,1,0,0,8032,0.99603175,1675180800,1677599700
2023,S08,3,8928,8928,8928,1.0,0,8928,0,1.0,1,0,0,8928,1.0,1677600000,1680278100
2023,S08,4,8552,8552,8640,0.98981481,88,8640,88,0.98981481,1,0,0,8552,0.98981481,1680278400,1682870100
2023,S08,5,8916,8916,8928,0.99865591,12,8928,12,0.99865591,1,0,0,8916,0.99865591,1682870400,1685548500
2023,S08,6,8640,8640,8640,1.0,0,8640,0,1.0,1,0,0,8640,1.0,1685548800,1688140500
2023,S08,7,8918,8918,8928,0.99887993,10,8928,10,0.99887993,1,0,0,8918,0.99887993,1688140800,1690818900
2023,S08,8,8928,8928,8928,1.0,0,8928,0,1.0,1,0,0,8928,1.0,1690819200,1693497300
2023,S08,9,8640,8640,8640,1.0,0,8640,0,1.0,1,0,0,8640,1.0,1693497600,1696089300
2023,S08,10,8678,8678,8928,0.97199821,250,8928,250,0.97199821,1,0,0,8678,0.97199821,1696089600,1698767700
2023,S08,11,8573,8573,8640,0.99224537,67,8640,67,0.99224537,1,0,0,8573,0.99224537,1698768000,1701359700
2023,S08,12,8890,8890,8928,0.99574373,38,8928,38,0.99574373,1,0,0,8890,0.99574373,1701360000,1704038100
2023,S100,1,6261,6261,8928,0.70127688,2667,8896,2635,0.70379946,1,0,0,6261,0.70127688,1672502400,1675170900
2023,S100,2,7920,7920,8064,0.98214286,144,7957,37,0.99535001,1,0,0,7920,0.98214286,1675212900,1677599700
2023,S100,3,8923,8923,8928,0.99943996,5,8928,5,0.99943996,1,0,0,8923,0.99943996,1677600000,1680278100
2023,S100,4,7520,7520,8640,0.87037037,1120,8640,1120,0.87037037,1,0,0,7520,0.87037037,1680278400,1682870100
2023,S100,5,3366,3366,8928,0.37701613,5562,3370,4,0.99881306,1,0,0,3366,0.37701613,1682870400,1683881100
2023,S100,6,0,0,8640,0.0,8640,0,0,,0,0,0,0,0.0,,
2023,S100,7,0,0,8928,0.0,8928,0,0,,0,0,0,0,0.0,,
2023,S100,8,0,0,8928,0.0,8928,0,0,,0,0,0,0,0.0,,
2023,S100,9,0,0,8640,0.0,8640,0,0,,0,0,0,0,0.0,,
2023,S100,10,0,0,8928,0.0,8928,0,0,,0,0,0,0,0.0,,
2023,S100,11,0,0,8640,0.0,8640,0,0,,0,0,0,0,0.0,,
2023,S100,12,0,0,8928,0.0,8928,0,0,,0,0,0,0,0.0,,
2023,S102,1,5999,5999,8928,0.671931,2929,8928,2929,0.671931,1,0,0,5999,0.671931,1672502400,1675180500
2023,S102,2,6741,6741,8064,0.8359375,1323,7932,1191,0.84984871,1,0,0,6741,0.8359375,1675180800,1677560100
2023,S102,3,0,0,8928,0.0,8928,0,0,,0,0,0,0,0.0,,
2023,S102,4,0,0,8640,0.0,8640,0,0,,0,0,0,0,0.0,,
2023,S102,5,1,1,8928,0.00011201,8927,1,0,1.0,1,0,0,1,0.00011201,1684384800,1684384800
2023,S102,6,0,0,8640,0.0,8640,0,0,,0,0,0,0,0.0,,
2023,S102,7,0,0,8928,0.0,8928,0,0,,0,0,0,0,0.0,,
2023,S102,8,0,0,8928,0.0,8928,0,0,,0,0,0,0,0.0,,
2023,S102,9,0,0,8640,0.0,8640,0,0,,0,0,0,0,0.0,,
2023,S102,10,0,0,8928,0.0,8928,0,0,,0,0,0,0,0.0,,
2023,S102,11,0,0,8640,0.0,8640,0,0,,0,0,0,0,0.0,,
2023,S102,12,0,0,8928,0.0,8928,0,0,,0,0,0,0,0.0,,
2023,S104,1,6296,6296,8928,0.70519713,2632,8928,2632,0.70519713,1,0,0,6296,0.70519713,1672502400,1675180500
2023,S104,2,8030,8030,8064,0.99578373,34,8064,34,0.99578373,1,0,0,8030,0.99578373,1675180800,1677599700
2023,S104,3,8928,8928,8928,1.0,0,8928,0,1.0,1,0,0,8928,1.0,1677600000,1680278100
2023,S104,4,8551,8551,8640,0.98969907,89,8640,89,0.98969907,1,0,0,8551,0.98969907,1680278400,1682870100
2023,S104,5,8916,8916,8928,0.99865591,12,8928,12,0.99865591,1,0,0,8916,0.99865591,1682870400,1685548500
2023,S104,6,8640,8640,8640,1.0,0,8640,0,1.0,1,0,0,8640,1.0,1685548800,1688140500
2023,S104,7,8920,8920,8928,0.99910394,8,8928,8,0.99910394,1,0,0,8920,0.99910394,1688140800,1690818900
2023,S104,8,8926,8926,8928,0.99977599,2,8928,2,0.99977599,1,0,0,8926,0.99977599,1690819200,1693497300
2023,S104,9,8640,8640,8640,1.0,0,8640,0,1.0,1,0,0,8640,1.0,1693497600,1696089300
2023,S104,10,8583,8583,8928,0.96135753,345,8928,345,0.96135753,1,0,0,8583,0.96135753,1696089600,1698767700
2023,S104,11,8573,8573,8640,0.99224537,67,8640,67,0.99224537,1,0,0,8573,0.99224537,1698768000,1701359700
2023,S104,12,8911,8911,8928,0.99809588,17,8928,17,0.99809588,1,0,0,8911,0.99809588,1701360000,1704038100
2023,S106,1,4741,4741,8928,0.53102599,4187,8928,4187,0.53102599,1,0,0,4741,0.53102599,1672502400,1675180500
2023,S106,2,8022,8022,8064,0.99479167,42,8064,42,0.99479167,1,0,0,8022,0.99479167,1675180800,1677599700
2023,S106,3,8914,8914,8928,0.9984319,14,8928,14,0.9984319,1,0,0,8914,0.9984319,1677600000,1680278100
2023,S106,4,8551,8551,8640,0.98969907,89,8640,89,0.98969907,1,0,0,8551,0.98969907,1680278400,1682870100
2023,S106,5,8903,8903,8928,0.99719982,25,8928,25,0.99719982,1,0,0,8903,0.99719982,1682870400,1685548500
2023,S106,6,8448,8448,8640,0.97777778,192,8640,192,0.97777778,1,0,0,8448,0.97777778,1685548800,1688140500
2023,S106,7,4760,4760,8928,0.53315412,4168,4957,197,0.96025822,1,0,0,4760,0.53315412,1688140800,1689627600
2023,S106,8,0,0,8928,0.0,8928,0,0,,0,0,0,0,0.0,,
2023,S106,9,0,0,8640,0.0,8640,0,0,,0,0,0,0,0.0,,
2023,S106,10,0,0,8928,0.0,8928,0,0,,0,0,0,0,0.0,,
2023,S106,11,0,0,8640,0.0,8640,0,0,,0,0,0,0,0.0,,
2023,S106,12,0,0,8928,0.0,8928,0,0,,0,0,0,0,0.0,,
2023,S107,1,5915,5915,8928,0.6625224,3013,8928,3013,0.6625224,1,0,0,5915,0.6625224,1672502400,1675180500
2023,S107,2,8030,8030,8064,0.99578373,34,8064,34,0.99578373,1,0,0,8030,0.99578373,1675180800,1677599700
2023,S107,3,8928,8928,8928,1.0,0,8928,0,1.0,1,0,0,8928,1.0,1677600000,1680278100
2023,S107,4,8552,8552,8640,0.98981481,88,8640,88,0.98981481,1,0,0,8552,0.98981481,1680278400,1682870100
2023,S107,5,8916,8916,8928,0.99865591,12,8928,12,0.99865591,1,0,0,8916,0.99865591,1682870400,1685548500
2023,S107,6,8636,8636,8640,0.99953704,4,8640,4,0.99953704,1,0,0,8636,0.99953704,1685548800,1688140500
2023,S107,7,8919,8919,8928,0.99899194,9,8928,9,0.99899194,1,0,0,8919,0.99899194,1688140800,1690818900
2023,S107,8,8928,8928,8928,1.0,0,8928,0,1.0,1,0,0,8928,1.0,1690819200,1693497300
2023,S107,9,8639,8639,8640,0.99988426,1,8640,1,0.99988426,1,0,0,8639,0.99988426,1693497600,1696089300
2023,S107,10,8678,8678,8928,0.97199821,250,8928,250,0.97199821,1,0,0,8678,0.97199821,1696089600,1698767700
2023,S107,11,8568,8568,8640,0.99166667,72,8640,72,0.99166667,1,0,0,8568,0.99166667,1698768000,1701359700
2023,S107,12,8911,8911,8928,0.99809588,17,8928,17,0.99809588,1,0,0,8911,0.99809588,1701360000,1704038100
2023,S108,1,5641,5641,8928,0.63183244,3287,8928,3287,0.63183244,1,0,0,5641,0.63183244,1672502400,1675180500
2023,S108,2,8029,8029,8064,0.99565972,35,8064,35,0.99565972,1,0,0,8029,0.99565972,1675180800,1677599700
2023,S108,3,8928,8928,8928,1.0,0,8928,0,1.0,1,0,0,8928,1.0,1677600000,1680278100
2023,S108,4,8551,8551,8640,0.98969907,89,8640,89,0.98969907,1,0,0,8551,0.98969907,1680278400,1682870100
2023,S108,5,2779,2779,8928,0.31126792,6149,2779,0,1.0,1,0,0,2779,0.31126792,1682870400,1683703800
2023,S108,6,0,0,8640,0.0,8640,0,0,,0,0,0,0,0.0,,
2023,S108,7,0,0,8928,0.0,8928,0,0,,0,0,0,0,0.0,,
2023,S108,8,0,0,8928,0.0,8928,0,0,,0,0,0,0,0.0,,
2023,S108,9,0,0,8640,0.0,8640,0,0,,0,0,0,0,0.0,,
2023,S108,10,0,0,8928,0.0,8928,0,0,,0,0,0,0,0.0,,
2023,S108,11,0,0,8640,0.0,8640,0,0,,0,0,0,0,0.0,,
2023,S108,12,0,0,8928,0.0,8928,0,0,,0,0,0,0,0.0,,
2023,S109,1,6288,6288,8928,0.70430108,2640,8928,2640,0.70430108,1,0,0,6288,0.70430108,1672502400,1675180500
2023,S109,2,8025,8025,8064,0.99516369,39,8064,39,0.99516369,1,0,0,8025,0.99516369,1675180800,1677599700
2023,S109,3,1269,1269,8928,0.1421371,7659,8928,7659,0.1421371,1,0,0,1269,0.1421371,1677600000,1680278100
2023,S109,4,8552,8552,8640,0.98981481,88,8640,88,0.98981481,1,0,0,8552,0.98981481,1680278400,1682870100
2023,S109,5,8913,8913,8928,0.99831989,15,8928,15,0.99831989,1,0,0,8913,0.99831989,1682870400,1685548500
2023,S109,6,7788,7788,8640,0.90138889,852,8640,852,0.90138889,1,0,0,7788,0.90138889,1685548800,1688140500
2023,S109,7,8916,8916,8928,0.99865591,12,8928,12,0.99865591,1,0,0,8916,0.99865591,1688140800,1690818900
2023,S109,8,8924,8924,8928,0.99955197,4,8928,4,0.99955197,1,0,0,8924,0.99955197,1690819200,1693497300
2023,S109,9,8638,8638,8640,0.99976852,2,8640,2,0.99976852,1,0,0,8638,0.99976852,1693497600,1696089300
2023,S109,10,8677,8677,8928,0.9718862,251,8928,251,0.9718862,1,0,0,8677,0.9718862,1696089600,1698767700
2023,S109,11,8572,8572,8640,0.99212963,68,8640,68,0.99212963,1,0,0,8572,0.99212963,1698768000,1701359700
2023,S109,12,8908,8908,8928,0.99775986,20,8928,20,0.99775986,1,0,0,8908,0.99775986,1701360000,1704038100
2023,S111,1,6109,6109,8928,0.68425179,2819,8928,2819,0.68425179,1,0,0,6109,0.68425179,1672502400,1675180500
2023,S111,2,5578,5578,8064,0.69171627,2486,8064,2486,0.69171627,1,0,0,5578,0.69171627,1675180800,1677599700
2023,S111,3,8927,8927,8928,0.99988799,1,8928,1,0.99988799,1,0,0,8927,0.99988799,1677600000,1680278100
2023,S111,4,8552,8552,8640,0.98981481,88,8640,88,0.98981481,1,0,0,8552,0.98981481,1680278400,1682870100
2023,S111,5,8916,8916,8928,0.99865591,12,8928,12,0.99865591,1,0,0,8916,0.99865591,1682870400,1685548500
2023,S111,6,8591,8591,8640,0.9943287,49,8640,49,0.9943287,1,0,0,8591,0.9943287,1685548800,1688140500
2023,S111,7,8916,8916,8928,0.99865591,12,8928,12,0.99865591,1,0,0,8916,0.99865591,1688140800,1690818900
2023,S111,8,4972,4972,8928,0.55689964,3956,8928,3956,0.55689964,1,0,0,4972,0.55689964,1690819200,1693497300
2023,S111,9,8638,8638,8640,0.99976852,2,8640,2,0.99976852,1,0,0,8638,0.99976852,1693497600,1696089300
2023,S111,10,8665,8665,8928,0.97054211,263,8928,263,0.97054211,1,0,0,8665,0.97054211,1696089600,1698767700
2023,S111,11,8556,8556,8640,0.99027778,84,8640,84,0.99027778,1,0,0,8556,0.99027778,1698768000,1701359700
2023,S111,12,8904,8904,8928,0.99731183,24,8928,24,0.99731183,1,0,0,8904,0.99731183,1701360000,1704038100
2023,S112,1,5534,5534,8928,0.61984767,3394,8887,3353,0.62270733,1,0,0,5534,0.61984767,1672502400,1675168200
2023,S112,2,7817,7817,8064,0.96937004,247,7962,145,0.9817885,1,0,0,7817,0.96937004,1675211400,1677599700
2023,S112,3,8928,8928,8928,1.0,0,8928,0,1.0,1,0,0,8928,1.0,1677600000,1680278100
2023,S112,4,8552,8552,8640,0.98981481,88,8640,88,0.98981481,1,0,0,8552,0.98981481,1680278400,1682870100
2023,S112,5,8916,8916,8928,0.99865591,12,8928,12,0.99865591,1,0,0,8916,0.99865591,1682870400,1685548500
2023,S112,6,8638,8638,8640,0.99976852,2,8640,2,0.99976852,1,0,0,8638,0.99976852,1685548800,1688140500
2023,S112,7,8920,8920,8928,0.99910394,8,8928,8,0.99910394,1,0,0,8920,0.99910394,1688140800,1690818900
2023,S112,8,8872,8872,8928,0.9937276,56,8928,56,0.9937276,1,0,0,8872,0.9937276,1690819200,1693497300
2023,S112,9,8419,8419,8640,0.9744213,221,8640,221,0.9744213,1,0,0,8419,0.9744213,1693497600,1696089300
2023,S112,10,8678,8678,8928,0.97199821,250,8928,250,0.97199821,1,0,0,8678,0.97199821,1696089600,1698767700
2023,S112,11,8573,8573,8640,0.99224537,67,8640,67,0.99224537,1,0,0,8573,0.99224537,1698768000,1701359700
2023,S112,12,8910,8910,8928,0.99798387,18,8928,18,0.99798387,1,0,0,8910,0.99798387,1701360000,1704038100
2023,S113,1,6296,6296,8928,0.70519713,2632,8928,2632,0.70519713,1,0,0,6296,0.70519713,1672502400,1675180500
2023,S113,2,8031,8031,8064,0.99590774,33,8064,33,0.99590774,1,0,0,8031,0.99590774,1675180800,1677599700
2023,S113,3,8927,8927,8928,0.99988799,1,8928,1,0.99988799,1,0,0,8927,0.99988799,1677600000,1680278100
2023,S113,4,8546,8546,8640,0.98912037,94,8640,94,0.98912037,1,0,0,8546,0.98912037,1680278400,1682870100
2023,S113,5,8916,8916,8928,0.99865591,12,8928,12,0.99865591,1,0,0,8916,0.99865591,1682870400,1685548500
2023,S113,6,8581,8581,8640,0.9931713,59,8640,59,0.9931713,1,0,0,8581,0.9931713,1685548800,1688140500
2023,S113,7,8920,8920,8928,0.99910394,8,8928,8,0.99910394,1,0,0,8920,0.99910394,1688140800,1690818900
2023,S113,8,8928,8928,8928,1.0,0,8928,0,1.0,1,0,0,8928,1.0,1690819200,1693497300
2023,S113,9,8638,8638,8640,0.99976852,2,8640,2,0.99976852,1,0,0,8638,0.99976852,1693497600,1696089300
2023,S113,10,8677,8677,8928,0.9718862,251,8928,251,0.9718862,1,0,0,8677,0.9718862,1696089600,1698767700
2023,S113,11,8571,8571,8640,0.99201389,69,8640,69,0.99201389,1,0,0,8571,0.99201389,1698768000,1701359700
2023,S113,12,8911,8911,8928,0.99809588,17,8928,17,0.99809588,1,0,0,8911,0.99809588,1701360000,1704038100
2023,S114,1,6296,6296,8928,0.70519713,2632,8928,2632,0.70519713,1,0,0,6296,0.70519713,1672502400,1675180500
2023,S114,2,8031,8031,8064,0.99590774,33,8064,33,0.99590774,1,0,0,8031,0.99590774,1675180800,1677599700
2023,S114,3,8928,8928,8928,1.0,0,8928,0,1.0,1,0,0,8928,1.0,1677600000,1680278100
2023,S114,4,8552,8552,8640,0.98981481,88,8640,88,0.98981481,1,0,0,8552,0.98981481,1680278400,1682870100
2023,S114,5,8916,8916,8928,0.99865591,12,8928,12,0.99865591,1,0,0,8916,0.99865591,1682870400,1685548500
2023,S114,6,8640,8640,8640,1.0,0,8640,0,1.0,1,0,0,8640,1.0,1685548800,1688140500
2023,S114,7,8920,8920,8928,0.99910394,8,8928,8,0.99910394,1,0,0,8920,0.99910394,1688140800,1690818900
2023,S114,8,8927,8927,8928,0.99988799,1,8928,1,0.99988799,1,0,0,8927,0.99988799,1690819200,1693497300
2023,S114,9,8640,8640,8640,1.0,0,8640,0,1.0,1,0,0,8640,1.0,1693497600,1696089300
2023,S114,10,8678,8678,8928,0.97199821,250,8928,250,0.97199821,1,0,0,8678,0.97199821,1696089600,1698767700
2023,S114,11,8571,8571,8640,0.99201389,69,8640,69,0.99201389,1,0,0,8571,0.99201389,1698768000,1701359700
2023,S114,12,8620,8620,8928,0.96550179,308,8928,308,0.96550179,1,0,0,8620,0.96550179,1701360000,1704038100
2023,S115,1,5058,5058,8928,0.56653226,3870,8928,3870,0.56653226,1,0,0,5058,0.56653226,1672502400,1675180500
2023,S115,2,8024,8024,8064,0.99503968,40,8064,40,0.99503968,1,0,0,8024,0.99503968,1675180800,1677599700
2023,S115,3,7358,7358,8928,0.82414875,1570,8907,1549,0.82609184,1,0,0,7358,0.82414875,1677600000,1680271800
2023,S115,4,6663,6663,8640,0.77118056,1977,7019,356,0.94928052,1,0,0,6663,0.77118056,1680764700,1682870100
2023,S115,5,8911,8911,8928,0.99809588,17,8928,17,0.99809588,1,0,0,8911,0.99809588,1682870400,1685548500
2023,S115,6,8597,8597,8640,0.99502315,43,8640,43,0.99502315,1,0,0,8597,0.99502315,1685548800,1688140500
2023,S115,7,8919,8919,8928,0.99899194,9,8928,9,0.99899194,1,0,0,8919,0.99899194,1688140800,1690818900
2023,S115,8,8928,8928,8928,1.0,0,8928,0,1.0,1,0,0,8928,1.0,1690819200,1693497300
2023,S115,9,8640,8640,8640,1.0,0,8640,0,1.0,1,0,0,8640,1.0,1693497600,1696089300
2023,S115,10,8677,8677,8928,0.9718862,251,8928,251,0.9718862,1,0,0,8677,0.9718862,1696089600,1698767700
2023,S115,11,8573,8573,8640,0.99224537,67,8640,67,0.99224537,1,0,0,8573,0.99224537,1698768000,1701359700
2023,S115,12,8911,8911,8928,0.99809588,17,8928,17,0.99809588,1,0,0,8911,0.99809588,1701360000,1704038100
2023,S116,1,4243,4243,8928,0.47524642,4685,8928,4685,0.47524642,1,0,0,4243,0.47524642,1672502400,1675180500
2023,S116,2,8028,8028,8064,0.99553571,36,8064,36,0.99553571,1,0,0,8028,0.99553571,1675180800,1677599700
2023,S116,3,8926,8926,8928,0.99977599,2,8928,2,0.99977599,1,0,0,8926,0.99977599,1677600000,1680278100
2023,S116,4,8550,8550,8640,0.98958333,90,8640,90,0.98958333,1,0,0,8550,0.98958333,1680278400,1682870100
2023,S116,5,8916,8916,8928,0.99865591,12,8928,12,0.99865591,1,0,0,8916,0.99865591,1682870400,1685548500
2023,S116,6,8640,8640,8640,1.0,0,8640,0,1.0,1,0,0,8640,1.0,1685548800,1688140500
2023,S116,7,5303,5303,8928,0.59397401,3625,5310,7,0.99868173,1,0,0,5303,0.59397401,1688140800,1689733500
2023,S116,8,8117,8117,8928,0.90916219,811,8118,1,0.99987682,1,0,0,8117,0.90916219,1691062200,1693497300
2023,S116,9,8638,8638,8640,0.99976852,2,8640,2,0.99976852,1,0,0,8638,0.99976852,1693497600,1696089300
2023,S116,10,8676,8676,8928,0.97177419,252,8928,252,0.97177419,1,0,0,8676,0.97177419,1696089600,1698767700
2023,S116,11,8568,8568,8640,0.99166667,72,8640,72,0.99166667,1,0,0,8568,0.99166667,1698768000,1701359700
2023,S116,12,8905,8905,8928,0.99742384,23,8928,23,0.99742384,1,0,0,8905,0.99742384,1701360000,1704038100
2023,S117,1,0,0,8928,0.0,8928,0,0,,0,0,0,0,0.0,,
2023,S117,2,7265,7265,8064,0.90091766,799,7299,34,0.99534183,1,0,0,7265,0.90091766,1675410300,1677599700
2023,S117,3,8925,8925,8928,0.99966398,3,8928,3,0.99966398,1,0,0,8925,0.99966398,1677600000,1680278100
2023,S117,4,8552,8552,8640,0.98981481,88,8640,88,0.98981481,1,0,0,8552,0.98981481,1680278400,1682870100
2023,S117,5,8907,8907,8928,0.99764785,21,8928,21,0.99764785,1,0,0,8907,0.99764785,1682870400,1685548500
2023,S117,6,8636,8636,8640,0.99953704,4,8640,4,0.99953704,1,0,0,8636,0.99953704,1685548800,1688140500
2023,S117,7,8918,8918,8928,0.99887993,10,8928,10,0.99887993,1,0,0,8918,0.99887993,1688140800,1690818900
2023,S117,8,8923,8923,8928,0.99943996,5,8928,5,0.99943996,1,0,0,8923,0.99943996,1690819200,1693497300
2023,S117,9,8351,8351,8640,0.96655093,289,8640,289,0.96655093,1,0,0,8351,0.96655093,1693497600,1696089300
2023,S117,10,8675,8675,8928,0.97166219,253,8928,253,0.97166219,1,0,0,8675,0.97166219,1696089600,1698767700
2023,S117,11,8572,8572,8640,0.99212963,68,8640,68,0.99212963,1,0,0,8572,0.99212963,1698768000,1701359700
2023,S117,12,8700,8700,8928,0.97446237,228,8928,228,0.97446237,1,0,0,8700,0.97446237,1701360000,1704038100
2023,S118,1,5366,5366,8928,0.60103047,3562,8928,3562,0.60103047,1,0,0,5366,0.60103047,1672502400,1675180500
2023,S118,2,8030,8030,8064,0.99578373,34,8064,34,0.99578373,1,0,0,8030,0.99578373,1675180800,1677599700
2023,S118,3,8926,8926,8928,0.99977599,2,8928,2,0.99977599,1,0,0,8926,0.99977599,1677600000,1680278100
2023,S118,4,8551,8551,8640,0.98969907,89,8640,89,0.98969907,1,0,0,8551,0.98969907,1680278400,1682870100
2023,S118,5,8916,8916,8928,0.99865591,12,8928,12,0.99865591,1,0,0,8916,0.99865591,1682870400,1685548500
2023,S118,6,8640,8640,8640,1.0,0,8640,0,1.0,1,0,0,8640,1.0,1685548800,1688140500
2023,S118,7,8470,8470,8928,0.94870072,458,8928,458,0.94870072,1,0,0,8470,0.94870072,1688140800,1690818900
2023,S118,8,8928,8928,8928,1.0,0,8928,0,1.0,1,0,0,8928,1.0,1690819200,1693497300
2023,S118,9,8639,8639,8640,0.99988426,1,8640,1,0.99988426,1,0,0,8639,0.99988426,1693497600,1696089300
2023,S118,10,8678,8678,8928,0.97199821,250,8928,250,0.97199821,1,0,0,8678,0.97199821,1696089600,1698767700
2023,S118,11,8572,8572,8640,0.99212963,68,8640,68,0.99212963,1,0,0,8572,0.99212963,1698768000,1701359700
2023,S118,12,8911,8911,8928,0.99809588,17,8928,17,0.99809588,1,0,0,8911,0.99809588,1701360000,1704038100
2023,S119,1,6296,6296,8928,0.70519713,2632,8928,2632,0.70519713,1,0,0,6296,0.70519713,1672502400,1675180500
2023,S119,2,8025,8025,8064,0.99516369,39,8064,39,0.99516369,1,0,0,8025,0.99516369,1675180800,1677599700
2023,S119,3,8895,8895,8928,0.99630376,33,8928,33,0.99630376,1,0,0,8895,0.99630376,1677600000,1680278100
2023,S119,4,8542,8542,8640,0.98865741,98,8640,98,0.98865741,1,0,0,8542,0.98865741,1680278400,1682870100
2023,S119,5,8909,8909,8928,0.99787186,19,8928,19,0.99787186,1,0,0,8909,0.99787186,1682870400,1685548500
2023,S119,6,8638,8638,8640,0.99976852,2,8640,2,0.99976852,1,0,0,8638,0.99976852,1685548800,1688140500
2023,S119,7,8917,8917,8928,0.99876792,11,8928,11,0.99876792,1,0,0,8917,0.99876792,1688140800,1690818900
2023,S119,8,8928,8928,8928,1.0,0,8928,0,1.0,1,0,0,8928,1.0,1690819200,1693497300
2023,S119,9,8640,8640,8640,1.0,0,8640,0,1.0,1,0,0,8640,1.0,1693497600,1696089300
2023,S119,10,8678,8678,8928,0.97199821,250,8928,250,0.97199821,1,0,0,8678,0.97199821,1696089600,1698767700
2023,S119,11,8571,8571,8640,0.99201389,69,8640,69,0.99201389,1,0,0,8571,0.99201389,1698768000,1701359700
2023,S119,12,8906,8906,8928,0.99753584,22,8927,21,0.99764759,1,0,0,8906,0.99753584,1701360300,1704038100
2023,S120,1,6294,6294,8928,0.70497312,2634,8928,2634,0.70497312,1,0,0,6294,0.70497312,1672502400,1675180500
2023,S120,2,8026,8026,8064,0.9952877,38,8064,38,0.9952877,1,0,0,8026,0.9952877,1675180800,1677599700
2023,S120,3,8924,8924,8928,0.99955197,4,8928,4,0.99955197,1,0,0,8924,0.99955197,1677600000,1680278100
2023,S120,4,8551,8551,8640,0.98969907,89,8640,89,0.98969907,1,0,0,8551,0.98969907,1680278400,1682870100
2023,S120,5,8909,8909,8928,0.99787186,19,8928,19,0.99787186,1,0,0,8909,0.99787186,1682870400,1685548500
2023,S120,6,8639,8639,8640,0.99988426,1,8640,1,0.99988426,1,0,0,8639,0.99988426,1685548800,1688140500
2023,S120,7,8914,8914,8928,0.9984319,14,8928,14,0.9984319,1,0,0,8914,0.9984319,1688140800,1690818900
2023,S120,8,8927,8927,8928,0.99988799,1,8928,1,0.99988799,1,0,0,8927,0.99988799,1690819200,1693497300
2023,S120,9,8640,8640,8640,1.0,0,8640,0,1.0,1,0,0,8640,1.0,1693497600,1696089300
2023,S120,10,8678,8678,8928,0.97199821,250,8928,250,0.97199821,1,0,0,8678,0.97199821,1696089600,1698767700
2023,S120,11,8571,8571,8640,0.99201389,69,8640,69,0.99201389,1,0,0,8571,0.99201389,1698768000,1701359700
2023,S120,12,8908,8908,8928,0.99775986,20,8928,20,0.99775986,1,0,0,8908,0.99775986,1701360000,1704038100
2023,S121,1,6296,6296,8928,0.70519713,2632,8928,2632,0.70519713,1,0,0,6296,0.70519713,1672502400,1675180500
2023,S121,2,8030,8030,8064,0.99578373,34,8064,34,0.99578373,1,0,0,8030,0.99578373,1675180800,1677599700
2023,S121,3,8921,8921,8928,0.99921595,7,8928,7,0.99921595,1,0,0,8921,0.99921595,1677600000,1680278100
2023,S121,4,6553,6553,8640,0.75844907,2087,8640,2087,0.75844907,1,0,0,6553,0.75844907,1680278400,1682870100
2023,S121,5,8916,8916,8928,0.99865591,12,8928,12,0.99865591,1,0,0,8916,0.99865591,1682870400,1685548500
2023,S121,6,8637,8637,8640,0.99965278,3,8640,3,0.99965278,1,0,0,8637,0.99965278,1685548800,1688140500
2023,S121,7,8919,8919,8928,0.99899194,9,8928,9,0.99899194,1,0,0,8919,0.99899194,1688140800,1690818900
2023,S121,8,8926,8926,8928,0.99977599,2,8928,2,0.99977599,1,0,0,8926,0.99977599,1690819200,1693497300
2023,S121,9,8640,8640,8640,1.0,0,8640,0,1.0,1,0,0,8640,1.0,1693497600,1696089300
2023,S121,10,8677,8677,8928,0.9718862,251,8928,251,0.9718862,1,0,0,8677,0.9718862,1696089600,1698767700
2023,S121,11,8571,8571,8640,0.99201389,69,8640,69,0.99201389,1,0,0,8571,0.99201389,1698768000,1701359700
2023,S121,12,8911,8911,8928,0.99809588,17,8928,17,0.99809588,1,0,0,8911,0.99809588,1701360000,1704038100
2023,S123,1,6296,6296,8928,0.70519713,2632,8928,2632,0.70519713,1,0,0,6296,0.70519713,1672502400,1675180500
2023,S123,2,8030,8030,8064,0.99578373,34,8064,34,0.99578373,1,0,0,8030,0.99578373,1675180800,1677599700
2023,S123,3,8928,8928,8928,1.0,0,8928,0,1.0,1,0,0,8928,1.0,1677600000,1680278100
2023,S123,4,8552,8552,8640,0.98981481,88,8640,88,0.98981481,1,0,0,8552,0.98981481,1680278400,1682870100
2023,S123,5,8915,8915,8928,0.99854391,13,8928,13,0.99854391,1,0,0,8915,0.99854391,1682870400,1685548500
2023,S123,6,8635,8635,8640,0.9994213,5,8640,5,0.9994213,1,0,0,8635,0.9994213,1685548800,1688140500
2023,S123,7,8919,8919,8928,0.99899194,9,8928,9,0.99899194,1,0,0,8919,0.99899194,1688140800,1690818900
2023,S123,8,8820,8820,8928,0.98790323,108,8928,108,0.98790323,1,0,0,8820,0.98790323,1690819200,1693497300
2023,S123,9,8498,8498,8640,0.98356481,142,8640,142,0.98356481,1,0,0,8498,0.98356481,1693497600,1696089300
2023,S123,10,8407,8407,8928,0.94164427,521,8928,521,0.94164427,1,0,0,8407,0.94164427,1696089600,1698767700
2023,S123,11,8415,8415,8640,0.97395833,225,8640,225,0.97395833,1,0,0,8415,0.97395833,1698768000,1701359700
2023,S123,12,8686,8686,8928,0.97289427,242,8928,242,0.97289427,1,0,0,8686,0.97289427,1701360000,1704038100
2023,S201,1,6296,6296,8928,0.70519713,2632,8928,2632,0.70519713,1,0,0,6296,0.70519713,1672502400,1675180500
2023,S201,2,8032,8032,8064,0.99603175,32,8064,32,0.99603175,1,0,0,8032,0.99603175,1675180800,1677599700
2023,S201,3,8928,8928,8928,1.0,0,8928,0,1.0,1,0,0,8928,1.0,1677600000,1680278100
2023,S201,4,8552,8552,8640,0.98981481,88,8640,88,0.98981481,1,0,0,8552,0.98981481,1680278400,1682870100
2023,S201,5,8913,8913,8928,0.99831989,15,8928,15,0.99831989,1,0,0,8913,0.99831989,1682870400,1685548500
2023,S201,6,8640,8640,8640,1.0,0,8640,0,1.0,1,0,0,8640,1.0,1685548800,1688140500
2023,S201,7,8885,8885,8928,0.99518369,43,8928,43,0.99518369,1,0,0,8885,0.99518369,1688140800,1690818900
2023,S201,8,8928,8928,8928,1.0,0,8928,0,1.0,1,0,0,8928,1.0,1690819200,1693497300
2023,S201,9,8640,8640,8640,1.0,0,8640,0,1.0,1,0,0,8640,1.0,1693497600,1696089300
2023,S201,10,8678,8678,8928,0.97199821,250,8928,250,0.97199821,1,0,0,8678,0.97199821,1696089600,1698767700
2023,S201,11,8573,8573,8640,0.99224537,67,8640,67,0.99224537,1,0,0,8573,0.99224537,1698768000,1701359700
2023,S201,12,8911,8911,8928,0.99809588,17,8928,17,0.99809588,1,0,0,8911,0.99809588,1701360000,1704038100
2023,S202,1,6296,6296,8928,0.70519713,2632,8928,2632,0.70519713,1,0,0,6296,0.70519713,1672502400,1675180500
2023,S202,2,7857,7857,8064,0.97433036,207,7889,32,0.99594372,1,0,0,7857,0.97433036,1675180800,1677547200
2023,S202,3,0,0,8928,0.0,8928,0,0,,0,0,0,0,0.0,,
2023,S202,4,0,0,8640,0.0,8640,0,0,,0,0,0,0,0.0,,
2023,S202,5,0,0,8928,0.0,8928,0,0,,0,0,0,0,0.0,,
2023,S202,6,0,0,8640,0.0,8640,0,0,,0,0,0,0,0.0,,
2023,S202,7,0,0,8928,0.0,8928,0,0,,0,0,0,0,0.0,,
2023,S202,8,0,0,8928,0.0,8928,0,0,,0,0,0,0,0.0,,
2023,S202,9,0,0,8640,0.0,8640,0,0,,0,0,0,0,0.0,,
2023,S202,10,0,0,8928,0.0,8928,0,0,,0,0,0,0,0.0,,
2023,S202,11,0,0,8640,0.0,8640,0,0,,0,0,0,0,0.0,,
2023,S202,12,0,0,8928,0.0,8928,0,0,,0,0,0,0,0.0,,
2023,S203,1,6296,6296,8928,0.70519713,2632,8928,2632,0.70519713,1,0,0,6296,0.70519713,1672502400,1675180500
2023,S203,2,8032,8032,8064,0.99603175,32,8064,32,0.99603175,1,0,0,8032,0.99603175,1675180800,1677599700
2023,S203,3,8928,8928,8928,1.0,0,8928,0,1.0,1,0,0,8928,1.0,1677600000,1680278100
2023,S203,4,8552,8552,8640,0.98981481,88,8640,88,0.98981481,1,0,0,8552,0.98981481,1680278400,1682870100
2023,S203,5,8916,8916,8928,0.99865591,12,8928,12,0.99865591,1,0,0,8916,0.99865591,1682870400,1685548500
2023,S203,6,8640,8640,8640,1.0,0,8640,0,1.0,1,0,0,8640,1.0,1685548800,1688140500
2023,S203,7,8921,8921,8928,0.99921595,7,8928,7,0.99921595,1,0,0,8921,0.99921595,1688140800,1690818900
2023,S203,8,8928,8928,8928,1.0,0,8928,0,1.0,1,0,0,8928,1.0,1690819200,1693497300
2023,S203,9,8640,8640,8640,1.0,0,8640,0,1.0,1,0,0,8640,1.0,1693497600,1696089300
2023,S203,10,8678,8678,8928,0.97199821,250,8928,250,0.97199821,1,0,0,8678,0.97199821,1696089600,1698767700
2023,S203,11,8573,8573,8640,0.99224537,67,8640,67,0.99224537,1,0,0,8573,0.99224537,1698768000,1701359700
2023,S203,12,8911,8911,8928,0.99809588,17,8928,17,0.99809588,1,0,0,8911,0.99809588,1701360000,1704038100
2023,S204,1,6296,6296,8928,0.70519713,2632,8928,2632,0.70519713,1,0,0,6296,0.70519713,1672502400,1675180500
2023,S204,2,8032,8032,8064,0.99603175,32,8064,32,0.99603175,1,0,0,8032,0.99603175,1675180800,1677599700
2023,S204,3,8928,8928,8928,1.0,0,8928,0,1.0,1,0,0,8928,1.0,1677600000,1680278100
2023,S204,4,8551,8551,8640,0.98969907,89,8640,89,0.98969907,1,0,0,8551,0.98969907,1680278400,1682870100
2023,S204,5,8916,8916,8928,0.99865591,12,8928,12,0.99865591,1,0,0,8916,0.99865591,1682870400,1685548500
2023,S204,6,8638,8638,8640,0.99976852,2,8640,2,0.99976852,1,0,0,8638,0.99976852,1685548800,1688140500
2023,S204,7,8921,8921,8928,0.99921595,7,8928,7,0.99921595,1,0,0,8921,0.99921595,1688140800,1690818900
2023,S204,8,8928,8928,8928,1.0,0,8928,0,1.0,1,0,0,8928,1.0,1690819200,1693497300
2023,S204,9,8640,8640,8640,1.0,0,8640,0,1.0,1,0,0,8640,1.0,1693497600,1696089300
2023,S204,10,6843,6843,8928,0.76646505,2085,7093,250,0.96475398,1,0,0,6843,0.76646505,1696089600,1698217200
2023,S204,11,0,0,8640,0.0,8640,0,0,,0,0,0,0,0.0,,
2023,S204,12,0,0,8928,0.0,8928,0,0,,0,0,0,0,0.0,,
2023,S205,1,6296,6296,8928,0.70519713,2632,8928,2632,0.70519713,1,0,0,6296,0.70519713,1672502400,1675180500
2023,S205,2,8032,8032,8064,0.99603175,32,8064,32,0.99603175,1,0,0,8032,0.99603175,1675180800,1677599700
2023,S205,3,8928,8928,8928,1.0,0,8928,0,1.0,1,0,0,8928,1.0,1677600000,1680278100
2023,S205,4,8552,8552,8640,0.98981481,88,8640,88,0.98981481,1,0,0,8552,0.98981481,1680278400,1682870100
2023,S205,5,8916,8916,8928,0.99865591,12,8928,12,0.99865591,1,0,0,8916,0.99865591,1682870400,1685548500
2023,S205,6,8640,8640,8640,1.0,0,8640,0,1.0,1,0,0,8640,1.0,1685548800,1688140500
2023,S205,7,8921,8921,8928,0.99921595,7,8928,7,0.99921595,1,0,0,8921,0.99921595,1688140800,1690818900
2023,S205,8,8928,8928,8928,1.0,0,8928,0,1.0,1,0,0,8928,1.0,1690819200,1693497300
2023,S205,9,8640,8640,8640,1.0,0,8640,0,1.0,1,0,0,8640,1.0,1693497600,1696089300
2023,S205,10,6214,6214,8928,0.69601254,2714,6464,250,0.96132426,1,0,0,6214,0.69601254,1696089600,1698028500
2023,S205,11,0,0,8640,0.0,8640,0,0,,0,0,0,0,0.0,,
2023,S205,12,0,0,8928,0.0,8928,0,0,,0,0,0,0,0.0,,
2023,S207,1,6295,6295,8928,0.70508513,2633,8928,2633,0.70508513,1,0,0,6295,0.70508513,1672502400,1675180500
2023,S207,2,8032,8032,8064,0.99603175,32,8064,32,0.99603175,1,0,0,8032,0.99603175,1675180800,1677599700
2023,S207,3,8928,8928,8928,1.0,0,8928,0,1.0,1,0,0,8928,1.0,1677600000,1680278100
2023,S207,4,8552,8552,8640,0.98981481,88,8640,88,0.98981481,1,0,0,8552,0.98981481,1680278400,1682870100
2023,S207,5,8916,8916,8928,0.99865591,12,8928,12,0.99865591,1,0,0,8916,0.99865591,1682870400,1685548500
2023,S207,6,8640,8640,8640,1.0,0,8640,0,1.0,1,0,0,8640,1.0,1685548800,1688140500
2023,S207,7,8921,8921,8928,0.99921595,7,8928,7,0.99921595,1,0,0,8921,0.99921595,1688140800,1690818900
2023,S207,8,8928,8928,8928,1.0,0,8928,0,1.0,1,0,0,8928,1.0,1690819200,1693497300
2023,S207,9,8640,8640,8640,1.0,0,8640,0,1.0,1,0,0,8640,1.0,1693497600,1696089300
2023,S207,10,8678,8678,8928,0.97199821,250,8928,250,0.97199821,1,0,0,8678,0.97199821,1696089600,1698767700
2023,S207,11,8573,8573,8640,0.99224537,67,8640,67,0.99224537,1,0,0,8573,0.99224537,1698768000,1701359700
2023,S207,12,8908,8908,8928,0.99775986,20,8928,20,0.99775986,1,0,0,8908,0.99775986,1701360000,1704038100
2023,S208,1,6296,6296,8928,0.70519713,2632,8928,2632,0.70519713,1,0,0,6296,0.70519713,1672502400,1675180500
2023,S208,2,8032,8032,8064,0.99603175,32,8064,32,0.99603175,1,0,0,8032,0.99603175,1675180800,1677599700
2023,S208,3,8928,8928,8928,1.0,0,8928,0,1.0,1,0,0,8928,1.0,1677600000,1680278100
2023,S208,4,8552,8552,8640,0.98981481,88,8640,88,0.98981481,1,0,0,8552,0.98981481,1680278400,1682870100
2023,S208,5,8916,8916,8928,0.99865591,12,8928,12,0.99865591,1,0,0,8916,0.99865591,1682870400,1685548500
2023,S208,6,8640,8640,8640,1.0,0,8640,0,1.0,1,0,0,8640,1.0,1685548800,1688140500
2023,S208,7,8921,8921,8928,0.99921595,7,8928,7,0.99921595,1,0,0,8921,0.99921595,1688140800,1690818900
2023,S208,8,8923,8923,8928,0.99943996,5,8928,5,0.99943996,1,0,0,8923,0.99943996,1690819200,1693497300
2023,S208,9,8640,8640,8640,1.0,0,8640,0,1.0,1,0,0,8640,1.0,1693497600,1696089300
2023,S208,10,8678,8678,8928,0.97199821,250,8928,250,0.97199821,1,0,0,8678,0.97199821,1696089600,1698767700
2023,S208,11,8573,8573,8640,0.99224537,67,8640,67,0.99224537,1,0,0,8573,0.99224537,1698768000,1701359700
2023,S208,12,8911,8911,8928,0.99809588,17,8928,17,0.99809588,1,0,0,8911,0.99809588,1701360000,1704038100
2023,S209,1,6296,6296,8928,0.70519713,2632,8928,2632,0.70519713,1,0,0,6296,0.70519713,1672502400,1675180500
2023,S209,2,8032,8032,8064,0.99603175,32,8064,32,0.99603175,1,0,0,8032,0.99603175,1675180800,1677599700
2023,S209,3,8928,8928,8928,1.0,0,8928,0,1.0,1,0,0,8928,1.0,1677600000,1680278100
2023,S209,4,8552,8552,8640,0.98981481,88,8640,88,0.98981481,1,0,0,8552,0.98981481,1680278400,1682870100
2023,S209,5,8916,8916,8928,0.99865591,12,8928,12,0.99865591,1,0,0,8916,0.99865591,1682870400,1685548500
2023,S209,6,8640,8640,8640,1.0,0,8640,0,1.0,1,0,0,8640,1.0,1685548800,1688140500
2023,S209,7,8009,8009,8928,0.89706541,919,8928,919,0.89706541,1,0,0,8009,0.89706541,1688140800,1690818900
2023,S209,8,8928,8928,8928,1.0,0,8928,0,1.0,1,0,0,8928,1.0,1690819200,1693497300
2023,S209,9,8640,8640,8640,1.0,0,8640,0,1.0,1,0,0,8640,1.0,1693497600,1696089300
2023,S209,10,8678,8678,8928,0.97199821,250,8928,250,0.97199821,1,0,0,8678,0.97199821,1696089600,1698767700
2023,S209,11,8573,8573,8640,0.99224537,67,8640,67,0.99224537,1,0,0,8573,0.99224537,1698768000,1701359700
2023,S209,12,8911,8911,8928,0.99809588,17,8928,17,0.99809588,1,0,0,8911,0.99809588,1701360000,1704038100
2023,S210,1,6295,6295,8928,0.70508513,2633,8928,2633,0.70508513,1,0,0,6295,0.70508513,1672502400,1675180500
2023,S210,2,8032,8032,8064,0.99603175,32,8064,32,0.99603175,1,0,0,8032,0.99603175,1675180800,1677599700
2023,S210,3,8928,8928,8928,1.0,0,8928,0,1.0,1,0,0,8928,1.0,1677600000,1680278100
2023,S210,4,8552,8552,8640,0.98981481,88,8640,88,0.98981481,1,0,0,8552,0.98981481,1680278400,1682870100
2023,S210,5,8916,8916,8928,0.99865591,12,8928,12,0.99865591,1,0,0,8916,0.99865591,1682870400,1685548500
2023,S210,6,8640,8640,8640,1.0,0,8640,0,1.0,1,0,0,8640,1.0,1685548800,1688140500
2023,S210,7,8921,8921,8928,0.99921595,7,8928,7,0.99921595,1,0,0,8921,0.99921595,1688140800,1690818900
2023,S210,8,8928,8928,8928,1.0,0,8928,0,1.0,1,0,0,8928,1.0,1690819200,1693497300
2023,S210,9,8640,8640,8640,1.0,0,8640,0,1.0,1,0,0,8640,1.0,1693497600,1696089300
2023,S210,10,8678,8678,8928,0.97199821,250,8928,250,0.97199821,1,0,0,8678,0.97199821,1696089600,1698767700
2023,S210,11,8573,8573,8640,0.99224537,67,8640,67,0.99224537,1,0,0,8573,0.99224537,1698768000,1701359700
2023,S210,12,8911,8911,8928,0.99809588,17,8928,17,0.99809588,1,0,0,8911,0.99809588,1701360000,1704038100
2023,S211,1,6296,6296,8928,0.70519713,2632,8928,2632,0.70519713,1,0,0,6296,0.70519713,1672502400,1675180500
2023,S211,2,8032,8032,8064,0.99603175,32,8064,32,0.99603175,1,0,0,8032,0.99603175,1675180800,1677599700
2023,S211,3,8928,8928,8928,1.0,0,8928,0,1.0,1,0,0,8928,1.0,1677600000,1680278100
2023,S211,4,8552,8552,8640,0.98981481,88,8640,88,0.98981481,1,0,0,8552,0.98981481,1680278400,1682870100
2023,S211,5,8916,8916,8928,0.99865591,12,8928,12,0.99865591,1,0,0,8916,0.99865591,1682870400,1685548500
2023,S211,6,8640,8640,8640,1.0,0,8640,0,1.0,1,0,0,8640,1.0,1685548800,1688140500
2023,S211,7,8921,8921,8928,0.99921595,7,8928,7,0.99921595,1,0,0,8921,0.99921595,1688140800,1690818900
2023,S211,8,8928,8928,8928,1.0,0,8928,0,1.0,1,0,0,8928,1.0,1690819200,1693497300
2023,S211,9,8640,8640,8640,1.0,0,8640,0,1.0,1,0,0,8640,1.0,1693497600,1696089300
2023,S211,10,8678,8678,8928,0.97199821,250,8928,250,0.97199821,1,0,0,8678,0.97199821,1696089600,1698767700
2023,S211,11,8573,8573,8640,0.99224537,67,8640,67,0.99224537,1,0,0,8573,0.99224537,1698768000,1701359700
2023,S211,12,8911,8911,8928,0.99809588,17,8928,17,0.99809588,1,0,0,8911,0.99809588,1701360000,1704038100
2023,S212,1,6296,6296,8928,0.70519713,2632,8928,2632,0.70519713,1,0,0,6296,0.70519713,1672502400,1675180500
2023,S212,2,8032,8032,8064,0.99603175,32,8064,32,0.99603175,1,0,0,8032,0.99603175,1675180800,1677599700
2023,S212,3,8928,8928,8928,1.0,0,8928,0,1.0,1,0,0,8928,1.0,1677600000,1680278100
2023,S212,4,8552,8552,8640,0.98981481,88,8640,88,0.98981481,1,0,0,8552,0.98981481,1680278400,1682870100
2023,S212,5,8916,8916,8928,0.99865591,12,8928,12,0.99865591,1,0,0,8916,0.99865591,1682870400,1685548500
2023,S212,6,8640,8640,8640,1.0,0,8640,0,1.0,1,0,0,8640,1.0,1685548800,1688140500
2023,S212,7,8921,8921,8928,0.99921595,7,8928,7,0.99921595,1,0,0,8921,0.99921595,1688140800,1690818900
2023,S212,8,8928,8928,8928,1.0,0,8928,0,1.0,1,0,0,8928,1.0,1690819200,1693497300
2023,S212,9,8640,8640,8640,1.0,0,8640,0,1.0,1,0,0,8640,1.0,1693497600,1696089300
2023,S212,10,8678,8678,8928,0.97199821,250,8928,250,0.97199821,1,0,0,8678,0.97199821,1696089600,1698767700
2023,S212,11,8573,8573,8640,0.99224537,67,8640,67,0.99224537,1,0,0,8573,0.99224537,1698768000,1701359700
2023,S212,12,8911,8911,8928,0.99809588,17,8928,17,0.99809588,1,0,0,8911,0.99809588,1701360000,1704038100
2023,S213,1,6296,6296,8928,0.70519713,2632,8928,2632,0.70519713,1,0,0,6296,0.70519713,1672502400,1675180500
2023,S213,2,8032,8032,8064,0.99603175,32,8064,32,0.99603175,1,0,0,8032,0.99603175,1675180800,1677599700
2023,S213,3,8928,8928,8928,1.0,0,8928,0,1.0,1,0,0,8928,1.0,1677600000,1680278100
2023,S213,4,8552,8552,8640,0.98981481,88,8640,88,0.98981481,1,0,0,8552,0.98981481,1680278400,1682870100
2023,S213,5,8916,8916,8928,0.99865591,12,8928,12,0.99865591,1,0,0,8916,0.99865591,1682870400,1685548500
2023,S213,6,8640,8640,8640,1.0,0,8640,0,1.0,1,0,0,8640,1.0,1685548800,1688140500
2023,S213,7,8921,8921,8928,0.99921595,7,8928,7,0.99921595,1,0,0,8921,0.99921595,1688140800,1690818900
2023,S213,8,8928,8928,8928,1.0,0,8928,0,1.0,1,0,0,8928,1.0,1690819200,1693497300
2023,S213,9,8639,8639,8640,0.99988426,1,8640,1,0.99988426,1,0,0,8639,0.99988426,1693497600,1696089300
2023,S213,10,8678,8678,8928,0.97199821,250,8928,250,0.97199821,1,0,0,8678,0.97199821,1696089600,1698767700
2023,S213,11,8573,8573,8640,0.99224537,67,8640,67,0.99224537,1,0,0,8573,0.99224537,1698768000,1701359700
2023,S213,12,8911,8911,8928,0.99809588,17,8928,17,0.99809588,1,0,0,8911,0.99809588,1701360000,1704038100
2023,S214,1,6296,6296,8928,0.70519713,2632,8928,2632,0.70519713,1,0,0,6296,0.70519713,1672502400,1675180500
2023,S214,2,8032,8032,8064,0.99603175,32,8064,32,0.99603175,1,0,0,8032,0.99603175,1675180800,1677599700
2023,S214,3,8928,8928,8928,1.0,0,8928,0,1.0,1,0,0,8928,1.0,1677600000,1680278100
2023,S214,4,8552,8552,8640,0.98981481,88,8640,88,0.98981481,1,0,0,8552,0.98981481,1680278400,1682870100
2023,S214,5,8916,8916,8928,0.99865591,12,8928,12,0.99865591,1,0,0,8916,0.99865591,1682870400,1685548500
2023,S214,6,8640,8640,8640,1.0,0,8640,0,1.0,1,0,0,8640,1.0,1685548800,1688140500
2023,S214,7,8921,8921,8928,0.99921595,7,8928,7,0.99921595,1,0,0,8921,0.99921595,1688140800,1690818900
2023,S214,8,8928,8928,8928,1.0,0,8928,0,1.0,1,0,0,8928,1.0,1690819200,1693497300
2023,S214,9,8640,8640,8640,1.0,0,8640,0,1.0,1,0,0,8640,1.0,1693497600,1696089300
2023,S214,10,8678,8678,8928,0.97199821,250,8928,250,0.97199821,1,0,0,8678,0.97199821,1696089600,1698767700
2023,S214,11,8573,8573,8640,0.99224537,67,8640,67,0.99224537,1,0,0,8573,0.99224537,1698768000,1701359700
2023,S214,12,8911,8911,8928,0.99809588,17,8928,17,0.99809588,1,0,0,8911,0.99809588,1701360000,1704038100
2023,S215,1,6296,6296,8928,0.70519713,2632,8928,2632,0.70519713,1,0,0,6296,0.70519713,1672502400,1675180500
2023,S215,2,8032,8032,8064,0.99603175,32,8064,32,0.99603175,1,0,0,8032,0.99603175,1675180800,1677599700
2023,S215,3,8928,8928,8928,1.0,0,8928,0,1.0,1,0,0,8928,1.0,1677600000,1680278100
2023,S215,4,8230,8230,8640,0.9525463,410,8640,410,0.9525463,1,0,0,8230,0.9525463,1680278400,1682870100
2023,S215,5,8598,8598,8928,0.96303763,330,8928,330,0.96303763,1,0,0,8598,0.96303763,1682870400,1685548500
2023,S215,6,8640,8640,8640,1.0,0,8640,0,1.0,1,0,0,8640,1.0,1685548800,1688140500
2023,S215,7,8921,8921,8928,0.99921595,7,8928,7,0.99921595,1,0,0,8921,0.99921595,1688140800,1690818900
2023,S215,8,8928,8928,8928,1.0,0,8928,0,1.0,1,0,0,8928,1.0,1690819200,1693497300
2023,S215,9,8640,8640,8640,1.0,0,8640,0,1.0,1,0,0,8640,1.0,1693497600,1696089300
2023,S215,10,8678,8678,8928,0.97199821,250,8928,250,0.97199821,1,0,0,8678,0.97199821,1696089600,1698767700
2023,S215,11,8573,8573,8640,0.99224537,67,8640,67,0.99224537,1,0,0,8573,0.99224537,1698768000,1701359700
2023,S215,12,8911,8911,8928,0.99809588,17,8928,17,0.99809588,1,0,0,8911,0.99809588,1701360000,1704038100
2023,S216,1,6296,6296,8928,0.70519713,2632,8928,2632,0.70519713,1,0,0,6296,0.70519713,1672502400,1675180500
2023,S216,2,8032,8032,8064,0.99603175,32,8064,32,0.99603175,1,0,0,8032,0.99603175,1675180800,1677599700
2023,S216,3,8928,8928,8928,1.0,0,8928,0,1.0,1,0,0,8928,1.0,1677600000,1680278100
2023,S216,4,8552,8552,8640,0.98981481,88,8640,88,0.98981481,1,0,0,8552,0.98981481,1680278400,1682870100
2023,S216,5,8916,8916,8928,0.99865591,12,8928,12,0.99865591,1,0,0,8916,0.99865591,1682870400,1685548500
2023,S216,6,8640,8640,8640,1.0,0,8640,0,1.0,1,0,0,8640,1.0,1685548800,1688140500
2023,S216,7,8921,8921,8928,0.99921595,7,8928,7,0.99921595,1,0,0,8921,0.99921595,1688140800,1690818900
2023,S216,8,8928,8928,8928,1.0,0,8928,0,1.0,1,0,0,8928,1.0,1690819200,1693497300
2023,S216,9,8638,8638,8640,0.99976852,2,8640,2,0.99976852,1,0,0,8638,0.99976852,1693497600,1696089300
2023,S216,10,8678,8678,8928,0.97199821,250,8928,250,0.97199821,1,0,0,8678,0.97199821,1696089600,1698767700
2023,S216,11,8573,8573,8640,0.99224537,67,8640,67,0.99224537,1,0,0,8573,0.99224537,1698768000,1701359700
2023,S216,12,8911,8911,8928,0.99809588,17,8928,17,0.99809588,1,0,0,8911,0.99809588,1701360000,1704038100
2023,S217,1,6296,6296,8928,0.70519713,2632,8928,2632,0.70519713,1,0,0,6296,0.70519713,1672502400,1675180500
2023,S217,2,8032,8032,8064,0.99603175,32,8064,32,0.99603175,1,0,0,8032,0.99603175,1675180800,1677599700
2023,S217,3,8928,8928,8928,1.0,0,8928,0,1.0,1,0,0,8928,1.0,1677600000,1680278100
2023,S217,4,8550,8550,8640,0.98958333,90,8640,90,0.98958333,1,0,0,8550,0.98958333,1680278400,1682870100
2023,S217,5,8916,8916,8928,0.99865591,12,8928,12,0.99865591,1,0,0,8916,0.99865591,1682870400,1685548500
2023,S217,6,8640,8640,8640,1.0,0,8640,0,1.0,1,0,0,8640,1.0,1685548800,1688140500
2023,S217,7,8921,8921,8928,0.99921595,7,8928,7,0.99921595,1,0,0,8921,0.99921595,1688140800,1690818900
2023,S217,8,8928,8928,8928,1.0,0,8928,0,1.0,1,0,0,8928,1.0,1690819200,1693497300
2023,S217,9,8640,8640,8640,1.0,0,8640,0,1.0,1,0,0,8640,1.0,1693497600,1696089300
2023,S217,10,8678,8678,8928,0.97199821,250,8928,250,0.97199821,1,0,0,8678,0.97199821,1696089600,1698767700
2023,S217,11,8573,8573,8640,0.99224537,67,8640,67,0.99224537,1,0,0,8573,0.99224537,1698768000,1701359700
2023,S217,12,8911,8911,8928,0.99809588,17,8928,17,0.99809588,1,0,0,8911,0.99809588,1701360000,1704038100
2023,S218,1,6276,6276,8928,0.70295699,2652,8928,2652,0.70295699,1,0,0,6276,0.70295699,1672502400,1675180500
2023,S218,2,8032,8032,8064,0.99603175,32,8064,32,0.99603175,1,0,0,8032,0.99603175,1675180800,1677599700
2023,S218,3,8928,8928,8928,1.0,0,8928,0,1.0,1,0,0,8928,1.0,1677600000,1680278100
2023,S218,4,8551,8551,8640,0.98969907,89,8640,89,0.98969907,1,0,0,8551,0.98969907,1680278400,1682870100
2023,S218,5,8916,8916,8928,0.99865591,12,8928,12,0.99865591,1,0,0,8916,0.99865591,1682870400,1685548500
2023,S218,6,8640,8640,8640,1.0,0,8640,0,1.0,1,0,0,8640,1.0,1685548800,1688140500
2023,S218,7,8918,8918,8928,0.99887993,10,8928,10,0.99887993,1,0,0,8918,0.99887993,1688140800,1690818900
2023,S218,8,8925,8925,8928,0.99966398,3,8928,3,0.99966398,1,0,0,8925,0.99966398,1690819200,1693497300
2023,S218,9,8632,8632,8640,0.99907407,8,8640,8,0.99907407,1,0,0,8632,0.99907407,1693497600,1696089300
2023,S218,10,8677,8677,8928,0.9718862,251,8928,251,0.9718862,1,0,0,8677,0.9718862,1696089600,1698767700
2023,S218,11,8573,8573,8640,0.99224537,67,8640,67,0.99224537,1,0,0,8573,0.99224537,1698768000,1701359700
2023,S218,12,8910,8910,8928,0.99798387,18,8928,18,0.99798387,1,0,0,8910,0.99798387,1701360000,1704038100
2023,S219,1,6296,6296,8928,0.70519713,2632,8928,2632,0.70519713,1,0,0,6296,0.70519713,1672502400,1675180500
2023,S219,2,8032,8032,8064,0.99603175,32,8064,32,0.99603175,1,0,0,8032,0.99603175,1675180800,1677599700
2023,S219,3,8928,8928,8928,1.0,0,8928,0,1.0,1,0,0,8928,1.0,1677600000,1680278100
2023,S219,4,8552,8552,8640,0.98981481,88,8640,88,0.98981481,1,0,0,8552,0.98981481,1680278400,1682870100
2023,S219,5,8916,8916,8928,0.99865591,12,8928,12,0.99865591,1,0,0,8916,0.99865591,1682870400,1685548500
2023,S219,6,8640,8640,8640,1.0,0,8640,0,1.0,1,0,0,8640,1.0,1685548800,1688140500
2023,S219,7,8921,8921,8928,0.99921595,7,8928,7,0.99921595,1,0,0,8921,0.99921595,1688140800,1690818900
2023,S219,8,8928,8928,8928,1.0,0,8928,0,1.0,1,0,0,8928,1.0,1690819200,1693497300
2023,S219,9,8640,8640,8640,1.0,0,8640,0,1.0,1,0,0,8640,1.0,1693497600,1696089300
2023,S219,10,8675,8675,8928,0.97166219,253,8928,253,0.97166219,1,0,0,8675,0.97166219,1696089600,1698767700
2023,S219,11,8568,8568,8640,0.99166667,72,8640,72,0.99166667,1,0,0,8568,0.99166667,1698768000,1701359700
2023,S219,12,8911,8911,8928,0.99809588,17,8928,17,0.99809588,1,0,0,8911,0.99809588,1701360000,1704038100
2023,S220,1,6296,6296,8928,0.70519713,2632,8928,2632,0.70519713,1,0,0,6296,0.70519713,1672502400,1675180500
2023,S220,2,8032,8032,8064,0.99603175,32,8064,32,0.99603175,1,0,0,8032,0.99603175,1675180800,1677599700
2023,S220,3,8928,8928,8928,1.0,0,8928,0,1.0,1,0,0,8928,1.0,1677600000,1680278100
2023,S220,4,8552,8552,8640,0.98981481,88,8640,88,0.98981481,1,0,0,8552,0.98981481,1680278400,1682870100
2023,S220,5,8916,8916,8928,0.99865591,12,8928,12,0.99865591,1,0,0,8916,0.99865591,1682870400,1685548500
2023,S220,6,8640,8640,8640,1.0,0,8640,0,1.0,1,0,0,8640,1.0,1685548800,1688140500
2023,S220,7,8921,8921,8928,0.99921595,7,8928,7,0.99921595,1,0,0,8921,0.99921595,1688140800,1690818900
2023,S220,8,8928,8928,8928,1.0,0,8928,0,1.0,1,0,0,8928,1.0,1690819200,1693497300
2023,S220,9,8640,8640,8640,1.0,0,8640,0,1.0,1,0,0,8640,1.0,1693497600,1696089300
2023,S220,10,8678,8678,8928,0.97199821,250,8928,250,0.97199821,1,0,0,8678,0.97199821,1696089600,1698767700
2023,S220,11,8571,8571,8640,0.99201389,69,8640,69,0.99201389,1,0,0,8571,0.99201389,1698768000,1701359700
2023,S220,12,8911,8911,8928,0.99809588,17,8928,17,0.99809588,1,0,0,8911,0.99809588,1701360000,1704038100
2023,S221,1,6296,6296,8928,0.70519713,2632,8928,2632,0.70519713,1,0,0,6296,0.70519713,1672502400,1675180500
2023,S221,2,8032,8032,8064,0.99603175,32,8064,32,0.99603175,1,0,0,8032,0.99603175,1675180800,1677599700
2023,S221,3,8928,8928,8928,1.0,0,8928,0,1.0,1,0,0,8928,1.0,1677600000,1680278100
2023,S221,4,8550,8550,8640,0.98958333,90,8640,90,0.98958333,1,0,0,8550,0.98958333,1680278400,1682870100
2023,S221,5,8916,8916,8928,0.99865591,12,8928,12,0.99865591,1,0,0,8916,0.99865591,1682870400,1685548500
2023,S221,6,8640,8640,8640,1.0,0,8640,0,1.0,1,0,0,8640,1.0,1685548800,1688140500
2023,S221,7,8918,8918,8928,0.99887993,10,8928,10,0.99887993,1,0,0,8918,0.99887993,1688140800,1690818900
2023,S221,8,8927,8927,8928,0.99988799,1,8928,1,0.99988799,1,0,0,8927,0.99988799,1690819200,1693497300
2023,S221,9,8640,8640,8640,1.0,0,8640,0,1.0,1,0,0,8640,1.0,1693497600,1696089300
2023,S221,10,8678,8678,8928,0.97199821,250,8928,250,0.97199821,1,0,0,8678,0.97199821,1696089600,1698767700
2023,S221,11,8573,8573,8640,0.99224537,67,8640,67,0.99224537,1,0,0,8573,0.99224537,1698768000,1701359700
2023,S221,12,8911,8911,8928,0.99809588,17,8928,17,0.99809588,1,0,0,8911,0.99809588,1701360000,1704038100
2023,S222,1,6296,6296,8928,0.70519713,2632,8928,2632,0.70519713,1,0,0,6296,0.70519713,1672502400,1675180500
2023,S222,2,8032,8032,8064,0.99603175,32,8064,32,0.99603175,1,0,0,8032,0.99603175,1675180800,1677599700
2023,S222,3,8927,8927,8928,0.99988799,1,8928,1,0.99988799,1,0,0,8927,0.99988799,1677600000,1680278100
2023,S222,4,8552,8552,8640,0.98981481,88,8640,88,0.98981481,1,0,0,8552,0.98981481,1680278400,1682870100
2023,S222,5,8916,8916,8928,0.99865591,12,8928,12,0.99865591,1,0,0,8916,0.99865591,1682870400,1685548500
2023,S222,6,8640,8640,8640,1.0,0,8640,0,1.0,1,0,0,8640,1.0,1685548800,1688140500
2023,S222,7,8921,8921,8928,0.99921595,7,8928,7,0.99921595,1,0,0,8921,0.99921595,1688140800,1690818900
2023,S222,8,8928,8928,8928,1.0,0,8928,0,1.0,1,0,0,8928,1.0,1690819200,1693497300
2023,S222,9,8640,8640,8640,1.0,0,8640,0,1.0,1,0,0,8640,1.0,1693497600,1696089300
2023,S222,10,8678,8678,8928,0.97199821,250,8928,250,0.97199821,1,0,0,8678,0.97199821,1696089600,1698767700
2023,S222,11,8573,8573,8640,0.99224537,67,8640,67,0.99224537,1,0,0,8573,0.99224537,1698768000,1701359700
2023,S222,12,8911,8911,8928,0.99809588,17,8928,17,0.99809588,1,0,0,8911,0.99809588,1701360000,1704038100
2023,S223,1,6296,6296,8928,0.70519713,2632,8928,2632,0.70519713,1,0,0,6296,0.70519713,1672502400,1675180500
2023,S223,2,8032,8032,8064,0.99603175,32,8064,32,0.99603175,1,0,0,8032,0.99603175,1675180800,1677599700
2023,S223,3,8928,8928,8928,1.0,0,8928,0,1.0,1,0,0,8928,1.0,1677600000,1680278100
2023,S223,4,8552,8552,8640,0.98981481,88,8640,88,0.98981481,1,0,0,8552,0.98981481,1680278400,1682870100
2023,S223,5,8916,8916,8928,0.99865591,12,8928,12,0.99865591,1,0,0,8916,0.99865591,1682870400,1685548500
2023,S223,6,8640,8640,8640,1.0,0,8640,0,1.0,1,0,0,8640,1.0,1685548800,1688140500
2023,S223,7,8921,8921,8928,0.99921595,7,8928,7,0.99921595,1,0,0,8921,0.99921595,1688140800,1690818900
2023,S223,8,8928,8928,8928,1.0,0,8928,0,1.0,1,0,0,8928,1.0,1690819200,1693497300
2023,S223,9,8640,8640,8640,1.0,0,8640,0,1.0,1,0,0,8640,1.0,1693497600,1696089300
2023,S223,10,8678,8678,8928,0.97199821,250,8928,250,0.97199821,1,0,0,8678,0.97199821,1696089600,1698767700
2023,S223,11,8573,8573,8640,0.99224537,67,8640,67,0.99224537,1,0,0,8573,0.99224537,1698768000,1701359700
2023,S223,12,8911,8911,8928,0.99809588,17,8928,17,0.99809588,1,0,0,8911,0.99809588,1701360000,1704038100
2023,S224,1,6296,6296,8928,0.70519713,2632,8928,2632,0.70519713,1,0,0,6296,0.70519713,1672502400,1675180500
2023,S224,2,8032,8032,8064,0.99603175,32,8064,32,0.99603175,1,0,0,8032,0.99603175,1675180800,1677599700
2023,S224,3,8928,8928,8928,1.0,0,8928,0,1.0,1,0,0,8928,1.0,1677600000,1680278100
2023,S224,4,8552,8552,8640,0.98981481,88,8640,88,0.98981481,1,0,0,8552,0.98981481,1680278400,1682870100
2023,S224,5,8916,8916,8928,0.99865591,12,8928,12,0.99865591,1,0,0,8916,0.99865591,1682870400,1685548500
2023,S224,6,8640,8640,8640,1.0,0,8640,0,1.0,1,0,0,8640,1.0,1685548800,1688140500
2023,S224,7,8921,8921,8928,0.99921595,7,8928,7,0.99921595,1,0,0,8921,0.99921595,1688140800,1690818900
2023,S224,8,8928,8928,8928,1.0,0,8928,0,1.0,1,0,0,8928,1.0,1690819200,1693497300
2023,S224,9,8640,8640,8640,1.0,0,8640,0,1.0,1,0,0,8640,1.0,1693497600,1696089300
2023,S224,10,8678,8678,8928,0.97199821,250,8928,250,0.97199821,1,0,0,8678,0.97199821,1696089600,1698767700
2023,S224,11,8573,8573,8640,0.99224537,67,8640,67,0.99224537,1,0,0,8573,0.99224537,1698768000,1701359700
2023,S224,12,8911,8911,8928,0.99809588,17,8928,17,0.99809588,1,0,0,8911,0.99809588,1701360000,1704038100
2023,S226,1,6296,6296,8928,0.70519713,2632,8928,2632,0.70519713,1,0,0,6296,0.70519713,1672502400,1675180500
2023,S226,2,8032,8032,8064,0.99603175,32,8064,32,0.99603175,1,0,0,8032,0.99603175,1675180800,1677599700
2023,S226,3,8928,8928,8928,1.0,0,8928,0,1.0,1,0,0,8928,1.0,1677600000,1680278100
2023,S226,4,8552,8552,8640,0.98981481,88,8640,88,0.98981481,1,0,0,8552,0.98981481,1680278400,1682870100
2023,S226,5,8904,8904,8928,0.99731183,24,8928,24,0.99731183,1,0,0,8904,0.99731183,1682870400,1685548500
2023,S226,6,8640,8640,8640,1.0,0,8640,0,1.0,1,0,0,8640,1.0,1685548800,1688140500
2023,S226,7,8921,8921,8928,0.99921595,7,8928,7,0.99921595,1,0,0,8921,0.99921595,1688140800,1690818900
2023,S226,8,8928,8928,8928,1.0,0,8928,0,1.0,1,0,0,8928,1.0,1690819200,1693497300
2023,S226,9,8640,8640,8640,1.0,0,8640,0,1.0,1,0,0,8640,1.0,1693497600,1696089300
2023,S226,10,8678,8678,8928,0.97199821,250,8928,250,0.97199821,1,0,0,8678,0.97199821,1696089600,1698767700
2023,S226,11,8573,8573,8640,0.99224537,67,8640,67,0.99224537,1,0,0,8573,0.99224537,1698768000,1701359700
2023,S226,12,8911,8911,8928,0.99809588,17,8928,17,0.99809588,1,0,0,8911,0.99809588,1701360000,1704038100
2023,S227,1,6296,6296,8928,0.70519713,2632,8928,2632,0.70519713,1,0,0,6296,0.70519713,1672502400,1675180500
2023,S227,2,8032,8032,8064,0.99603175,32,8064,32,0.99603175,1,0,0,8032,0.99603175,1675180800,1677599700
2023,S227,3,8928,8928,8928,1.0,0,8928,0,1.0,1,0,0,8928,1.0,1677600000,1680278100
2023,S227,4,8552,8552,8640,0.98981481,88,8640,88,0.98981481,1,0,0,8552,0.98981481,1680278400,1682870100
2023,S227,5,8916,8916,8928,0.99865591,12,8928,12,0.99865591,1,0,0,8916,0.99865591,1682870400,1685548500
2023,S227,6,8640,8640,8640,1.0,0,8640,0,1.0,1,0,0,8640,1.0,1685548800,1688140500
2023,S227,7,8921,8921,8928,0.99921595,7,8928,7,0.99921595,1,0,0,8921,0.99921595,1688140800,1690818900
2023,S227,8,8928,8928,8928,1.0,0,8928,0,1.0,1,0,0,8928,1.0,1690819200,1693497300
2023,S227,9,8640,8640,8640,1.0,0,8640,0,1.0,1,0,0,8640,1.0,1693497600,1696089300
2023,S227,10,8678,8678,8928,0.97199821,250,8928,250,0.97199821,1,0,0,8678,0.97199821,1696089600,1698767700
2023,S227,11,8573,8573,8640,0.99224537,67,8640,67,0.99224537,1,0,0,8573,0.99224537,1698768000,1701359700
2023,S227,12,8911,8911,8928,0.99809588,17,8928,17,0.99809588,1,0,0,8911,0.99809588,1701360000,1704038100
2023,S228,1,6296,6296,8928,0.70519713,2632,8928,2632,0.70519713,1,0,0,6296,0.70519713,1672502400,1675180500
2023,S228,2,8032,8032,8064,0.99603175,32,8064,32,0.99603175,1,0,0,8032,0.99603175,1675180800,1677599700
2023,S228,3,8928,8928,8928,1.0,0,8928,0,1.0,1,0,0,8928,1.0,1677600000,1680278100
2023,S228,4,8552,8552,8640,0.98981481,88,8640,88,0.98981481,1,0,0,8552,0.98981481,1680278400,1682870100
2023,S228,5,8916,8916,8928,0.99865591,12,8928,12,0.99865591,1,0,0,8916,0.99865591,1682870400,1685548500
2023,S228,6,8640,8640,8640,1.0,0,8640,0,1.0,1,0,0,8640,1.0,1685548800,1688140500
2023,S228,7,8921,8921,8928,0.99921595,7,8928,7,0.99921595,1,0,0,8921,0.99921595,1688140800,1690818900
2023,S228,8,8928,8928,8928,1.0,0,8928,0,1.0,1,0,0,8928,1.0,1690819200,1693497300
2023,S228,9,8640,8640,8640,1.0,0,8640,0,1.0,1,0,0,8640,1.0,1693497600,1696089300
2023,S228,10,8678,8678,8928,0.97199821,250,8928,250,0.97199821,1,0,0,8678,0.97199821,1696089600,1698767700
2023,S228,11,8573,8573,8640,0.99224537,67,8640,67,0.99224537,1,0,0,8573,0.99224537,1698768000,1701359700
2023,S228,12,8911,8911,8928,0.99809588,17,8928,17,0.99809588,1,0,0,8911,0.99809588,1701360000,1704038100
2023,S229,1,6296,6296,8928,0.70519713,2632,8928,2632,0.70519713,1,0,0,6296,0.70519713,1672502400,1675180500
2023,S229,2,8032,8032,8064,0.99603175,32,8064,32,0.99603175,1,0,0,8032,0.99603175,1675180800,1677599700
2023,S229,3,8928,8928,8928,1.0,0,8928,0,1.0,1,0,0,8928,1.0,1677600000,1680278100
2023,S229,4,8552,8552,8640,0.98981481,88,8640,88,0.98981481,1,0,0,8552,0.98981481,1680278400,1682870100
2023,S229,5,8916,8916,8928,0.99865591,12,8928,12,0.99865591,1,0,0,8916,0.99865591,1682870400,1685548500
2023,S229,6,8640,8640,8640,1.0,0,8640,0,1.0,1,0,0,8640,1.0,1685548800,1688140500
2023,S229,7,8921,8921,8928,0.99921595,7,8928,7,0.99921595,1,0,0,8921,0.99921595,1688140800,1690818900
2023,S229,8,8928,8928,8928,1.0,0,8928,0,1.0,1,0,0,8928,1.0,1690819200,1693497300
2023,S229,9,8640,8640,8640,1.0,0,8640,0,1.0,1,0,0,8640,1.0,1693497600,1696089300
2023,S229,10,8678,8678,8928,0.97199821,250,8928,250,0.97199821,1,0,0,8678,0.97199821,1696089600,1698767700
2023,S229,11,8573,8573,8640,0.99224537,67,8640,67,0.99224537,1,0,0,8573,0.99224537,1698768000,1701359700
2023,S229,12,8911,8911,8928,0.99809588,17,8928,17,0.99809588,1,0,0,8911,0.99809588,1701360000,1704038100
2023,S230,1,6296,6296,8928,0.70519713,2632,8928,2632,0.70519713,1,0,0,6296,0.70519713,1672502400,1675180500
2023,S230,2,8032,8032,8064,0.99603175,32,8064,32,0.99603175,1,0,0,8032,0.99603175,1675180800,1677599700
2023,S230,3,8928,8928,8928,1.0,0,8928,0,1.0,1,0,0,8928,1.0,1677600000,1680278100
2023,S230,4,8552,8552,8640,0.98981481,88,8640,88,0.98981481,1,0,0,8552,0.98981481,1680278400,1682870100
2023,S230,5,8916,8916,8928,0.99865591,12,8928,12,0.99865591,1,0,0,8916,0.99865591,1682870400,1685548500
2023,S230,6,8640,8640,8640,1.0,0,8640,0,1.0,1,0,0,8640,1.0,1685548800,1688140500
2023,S230,7,8921,8921,8928,0.99921595,7,8928,7,0.99921595,1,0,0,8921,0.99921595,1688140800,1690818900
2023,S230,8,8928,8928,8928,1.0,0,8928,0,1.0,1,0,0,8928,1.0,1690819200,1693497300
2023,S230,9,8640,8640,8640,1.0,0,8640,0,1.0,1,0,0,8640,1.0,1693497600,1696089300
2023,S230,10,8678,8678,8928,0.97199821,250,8928,250,0.97199821,1,0,0,8678,0.97199821,1696089600,1698767700
2023,S230,11,8573,8573,8640,0.99224537,67,8640,67,0.99224537,1,0,0,8573,0.99224537,1698768000,1701359700
2023,S230,12,8911,8911,8928,0.99809588,17,8928,17,0.99809588,1,0,0,8911,0.99809588,1701360000,1704038100
2023,S24,1,96,96,8928,0.01075269,8832,96,0,1.0,1,0,0,96,0.01075269,1672502400,1672530900
2023,S24,2,7264,7264,8064,0.90079365,800,7299,35,0.99520482,1,0,0,7264,0.90079365,1675410300,1677599700
2023,S24,3,8928,8928,8928,1.0,0,8928,0,1.0,1,0,0,8928,1.0,1677600000,1680278100
2023,S24,4,8551,8551,8640,0.98969907,89,8640,89,0.98969907,1,0,0,8551,0.98969907,1680278400,1682870100
2023,S24,5,8915,8915,8928,0.99854391,13,8928,13,0.99854391,1,0,0,8915,0.99854391,1682870400,1685548500
2023,S24,6,8572,8572,8640,0.99212963,68,8640,68,0.99212963,1,0,0,8572,0.99212963,1685548800,1688140500
2023,S24,7,8918,8918,8928,0.99887993,10,8928,10,0.99887993,1,0,0,8918,0.99887993,1688140800,1690818900
2023,S24,8,8920,8920,8928,0.99910394,8,8928,8,0.99910394,1,0,0,8920,0.99910394,1690819200,1693497300
2023,S24,9,8640,8640,8640,1.0,0,8640,0,1.0,1,0,0,8640,1.0,1693497600,1696089300
2023,S24,10,8666,8666,8928,0.97065412,262,8928,262,0.97065412,1,0,0,8666,0.97065412,1696089600,1698767700
2023,S24,11,8560,8560,8640,0.99074074,80,8640,80,0.99074074,1,0,0,8560,0.99074074,1698768000,1701359700
2023,S24,12,8910,8910,8928,0.99798387,18,8928,18,0.99798387,1,0,0,8910,0.99798387,1701360000,1704038100
2023,S33,1,6292,6292,8928,0.7047491,2636,8928,2636,0.7047491,1,0,0,6292,0.7047491,1672502400,1675180500
2023,S33,2,7948,7948,8064,0.98561508,116,7988,40,0.99499249,1,0,0,7948,0.98561508,1675180800,1677576900
2023,S33,3,0,0,8928,0.0,8928,0,0,,0,0,0,0,0.0,,
2023,S33,4,4858,4858,8640,0.56226852,3782,4948,90,0.98181083,1,0,0,4858,0.56226852,1681386000,1682870100
2023,S33,5,8916,8916,8928,0.99865591,12,8928,12,0.99865591,1,0,0,8916,0.99865591,1682870400,1685548500
2023,S33,6,8638,8638,8640,0.99976852,2,8640,2,0.99976852,1,0,0,8638,0.99976852,1685548800,1688140500
2023,S33,7,8919,8919,8928,0.99899194,9,8928,9,0.99899194,1,0,0,8919,0.99899194,1688140800,1690818900
2023,S33,8,8927,8927,8928,0.99988799,1,8928,1,0.99988799,1,0,0,8927,0.99988799,1690819200,1693497300
2023,S33,9,8632,8632,8640,0.99907407,8,8640,8,0.99907407,1,0,0,8632,0.99907407,1693497600,1696089300
2023,S33,10,8677,8677,8928,0.9718862,251,8928,251,0.9718862,1,0,0,8677,0.9718862,1696089600,1698767700
2023,S33,11,8572,8572,8640,0.99212963,68,8640,68,0.99212963,1,0,0,8572,0.99212963,1698768000,1701359700
2023,S33,12,8904,8904,8928,0.99731183,24,8928,24,0.99731183,1,0,0,8904,0.99731183,1701360000,1704038100
2023,S35,1,6233,6233,8928,0.69814068,2695,8928,2695,0.69814068,1,0,0,6233,0.69814068,1672502400,1675180500
2023,S35,2,8031,8031,8064,0.99590774,33,8064,33,0.99590774,1,0,0,8031,0.99590774,1675180800,1677599700
2023,S35,3,8928,8928,8928,1.0,0,8928,0,1.0,1,0,0,8928,1.0,1677600000,1680278100
2023,S35,4,8552,8552,8640,0.98981481,88,8640,88,0.98981481,1,0,0,8552,0.98981481,1680278400,1682870100
2023,S35,5,8916,8916,8928,0.99865591,12,8928,12,0.99865591,1,0,0,8916,0.99865591,1682870400,1685548500
2023,S35,6,8640,8640,8640,1.0,0,8640,0,1.0,1,0,0,8640,1.0,1685548800,1688140500
2023,S35,7,8789,8789,8928,0.984431,139,8928,139,0.984431,1,0,0,8789,0.984431,1688140800,1690818900
2023,S35,8,8832,8832,8928,0.98924731,96,8928,96,0.98924731,1,0,0,8832,0.98924731,1690819200,1693497300
2023,S35,9,8638,8638,8640,0.99976852,2,8640,2,0.99976852,1,0,0,8638,0.99976852,1693497600,1696089300
2023,S35,10,8678,8678,8928,0.97199821,250,8928,250,0.97199821,1,0,0,8678,0.97199821,1696089600,1698767700
2023,S35,11,8572,8572,8640,0.99212963,68,8640,68,0.99212963,1,0,0,8572,0.99212963,1698768000,1701359700
2023,S35,12,8911,8911,8928,0.99809588,17,8928,17,0.99809588,1,0,0,8911,0.99809588,1701360000,1704038100
2023,S36,1,780,780,8928,0.08736559,8148,5865,5085,0.13299233,1,0,0,780,0.08736559,1672530300,1674289500
2023,S36,2,1315,1315,8064,0.16307044,6749,7579,6264,0.17350574,1,0,0,1315,0.16307044,1675218600,1677492000
2023,S36,3,28,28,8928,0.0031362,8900,48,20,0.58333333,1,0,0,28,0.0031362,1677646500,1677660600
2023,S36,4,0,0,8640,0.0,8640,0,0,,0,0,0,0,0.0,,
2023,S36,5,0,0,8928,0.0,8928,0,0,,0,0,0,0,0.0,,
2023,S36,6,0,0,8640,0.0,8640,0,0,,0,0,0,0,0.0,,
2023,S36,7,1892,1892,8928,0.21191756,7036,4156,2264,0.45524543,1,0,0,1892,0.21191756,1689404100,1690650600
2023,S36,8,1060,1060,8928,0.1187276,7868,7530,6470,0.14077025,1,0,0,1060,0.1187276,1691119500,1693378200
2023,S36,9,613,613,8640,0.07094907,8027,5161,4548,0.11877543,1,0,0,613,0.07094907,1694237400,1695785400
2023,S36,10,0,0,8928,0.0,8928,0,0,,0,0,0,0,0.0,,
2023,S36,11,146,146,8640,0.01689815,8494,146,0,1.0,1,0,0,146,0.01689815,1701316200,1701359700
2023,S36,12,383,383,8928,0.04289875,8545,383,0,1.0,1,0,0,383,0.04289875,1701360000,1701474600
2023,S40,1,5343,5343,8928,0.5984543,3585,8928,3585,0.5984543,1,0,0,5343,0.5984543,1672502400,1675180500
2023,S40,2,7966,7966,8064,0.98784722,98,8064,98,0.98784722,1,0,0,7966,0.98784722,1675180800,1677599700
2023,S40,3,8564,8564,8928,0.95922939,364,8928,364,0.95922939,1,0,0,8564,0.95922939,1677600000,1680278100
2023,S40,4,8536,8536,8640,0.98796296,104,8640,104,0.98796296,1,0,0,8536,0.98796296,1680278400,1682870100
2023,S40,5,8843,8843,8928,0.99047939,85,8928,85,0.99047939,1,0,0,8843,0.99047939,1682870400,1685548500
2023,S40,6,8636,8636,8640,0.99953704,4,8640,4,0.99953704,1,0,0,8636,0.99953704,1685548800,1688140500
2023,S40,7,8731,8731,8928,0.97793459,197,8928,197,0.97793459,1,0,0,8731,0.97793459,1688140800,1690818900
2023,S40,8,8860,8860,8928,0.99238351,68,8928,68,0.99238351,1,0,0,8860,0.99238351,1690819200,1693497300
2023,S40,9,8640,8640,8640,1.0,0,8640,0,1.0,1,0,0,8640,1.0,1693497600,1696089300
2023,S40,10,8678,8678,8928,0.97199821,250,8928,250,0.97199821,1,0,0,8678,0.97199821,1696089600,1698767700
2023,S40,11,8572,8572,8640,0.99212963,68,8640,68,0.99212963,1,0,0,8572,0.99212963,1698768000,1701359700
2023,S40,12,8576,8576,8928,0.96057348,352,8928,352,0.96057348,1,0,0,8576,0.96057348,1701360000,1704038100
2023,S43,1,6295,6295,8928,0.70508513,2633,8928,2633,0.70508513,1,0,0,6295,0.70508513,1672502400,1675180500
2023,S43,2,8030,8030,8064,0.99578373,34,8064,34,0.99578373,1,0,0,8030,0.99578373,1675180800,1677599700
2023,S43,3,8926,8926,8928,0.99977599,2,8928,2,0.99977599,1,0,0,8926,0.99977599,1677600000,1680278100
2023,S43,4,8462,8462,8640,0.97939815,178,8640,178,0.97939815,1,0,0,8462,0.97939815,1680278400,1682870100
2023,S43,5,8916,8916,8928,0.99865591,12,8928,12,0.99865591,1,0,0,8916,0.99865591,1682870400,1685548500
2023,S43,6,8640,8640,8640,1.0,0,8640,0,1.0,1,0,0,8640,1.0,1685548800,1688140500
2023,S43,7,8919,8919,8928,0.99899194,9,8928,9,0.99899194,1,0,0,8919,0.99899194,1688140800,1690818900
2023,S43,8,8927,8927,8928,0.99988799,1,8928,1,0.99988799,1,0,0,8927,0.99988799,1690819200,1693497300
2023,S43,9,8277,8277,8640,0.95798611,363,8640,363,0.95798611,1,0,0,8277,0.95798611,1693497600,1696089300
2023,S43,10,8673,8673,8928,0.97143817,255,8928,255,0.97143817,1,0,0,8673,0.97143817,1696089600,1698767700
2023,S43,11,8573,8573,8640,0.99224537,67,8640,67,0.99224537,1,0,0,8573,0.99224537,1698768000,1701359700
2023,S43,12,8911,8911,8928,0.99809588,17,8928,17,0.99809588,1,0,0,8911,0.99809588,1701360000,1704038100
2023,S44,1,6132,6132,8928,0.68682796,2796,8928,2796,0.68682796,1,0,0,6132,0.68682796,1672502400,1675180500
2023,S44,2,7962,7962,8064,0.98735119,102,8064,102,0.98735119,1,0,0,7962,0.98735119,1675180800,1677599700
2023,S44,3,8835,8835,8928,0.98958333,93,8928,93,0.98958333,1,0,0,8835,0.98958333,1677600000,1680278100
2023,S44,4,8551,8551,8640,0.98969907,89,8640,89,0.98969907,1,0,0,8551,0.98969907,1680278400,1682870100
2023,S44,5,8912,8912,8928,0.99820789,16,8928,16,0.99820789,1,0,0,8912,0.99820789,1682870400,1685548500
2023,S44,6,8639,8639,8640,0.99988426,1,8640,1,0.99988426,1,0,0,8639,0.99988426,1685548800,1688140500
2023,S44,7,5209,5209,8928,0.58344534,3719,5634,425,0.92456514,1,0,0,5209,0.58344534,1688140800,1689830700
2023,S44,8,3134,3134,8928,0.35103047,5794,3138,4,0.9987253,1,0,0,3134,0.35103047,1691062200,1692003300
2023,S44,9,3216,3216,8640,0.37222222,5424,3216,0,1.0,1,0,0,3216,0.37222222,1695124800,1696089300
2023,S44,10,8678,8678,8928,0.97199821,250,8928,250,0.97199821,1,0,0,8678,0.97199821,1696089600,1698767700
2023,S44,11,8572,8572,8640,0.99212963,68,8640,68,0.99212963,1,0,0,8572,0.99212963,1698768000,1701359700
2023,S44,12,8909,8909,8928,0.99787186,19,8928,19,0.99787186,1,0,0,8909,0.99787186,1701360000,1704038100
2023,S50,1,6296,6296,8928,0.70519713,2632,8928,2632,0.70519713,1,0,0,6296,0.70519713,1672502400,1675180500
2023,S50,2,8030,8030,8064,0.99578373,34,8064,34,0.99578373,1,0,0,8030,0.99578373,1675180800,1677599700
2023,S50,3,8928,8928,8928,1.0,0,8928,0,1.0,1,0,0,8928,1.0,1677600000,1680278100
2023,S50,4,8552,8552,8640,0.98981481,88,8640,88,0.98981481,1,0,0,8552,0.98981481,1680278400,1682870100
2023,S50,5,8914,8914,8928,0.9984319,14,8928,14,0.9984319,1,0,0,8914,0.9984319,1682870400,1685548500
2023,S50,6,8640,8640,8640,1.0,0,8640,0,1.0,1,0,0,8640,1.0,1685548800,1688140500
2023,S50,7,8920,8920,8928,0.99910394,8,8928,8,0.99910394,1,0,0,8920,0.99910394,1688140800,1690818900
2023,S50,8,8928,8928,8928,1.0,0,8928,0,1.0,1,0,0,8928,1.0,1690819200,1693497300
2023,S50,9,8640,8640,8640,1.0,0,8640,0,1.0,1,0,0,8640,1.0,1693497600,1696089300
2023,S50,10,8611,8611,8928,0.96449373,317,8928,317,0.96449373,1,0,0,8611,0.96449373,1696089600,1698767700
2023,S50,11,8573,8573,8640,0.99224537,67,8640,67,0.99224537,1,0,0,8573,0.99224537,1698768000,1701359700
2023,S50,12,8909,8909,8928,0.99787186,19,8928,19,0.99787186,1,0,0,8909,0.99787186,1701360000,1704038100
2023,S60,1,5843,5843,8928,0.65445789,3085,8928,3085,0.65445789,1,0,0,5843,0.65445789,1672502400,1675180500
2023,S60,2,8030,8030,8064,0.99578373,34,8064,34,0.99578373,1,0,0,8030,0.99578373,1675180800,1677599700
2023,S60,3,8928,8928,8928,1.0,0,8928,0,1.0,1,0,0,8928,1.0,1677600000,1680278100
2023,S60,4,8552,8552,8640,0.98981481,88,8640,88,0.98981481,1,0,0,8552,0.98981481,1680278400,1682870100
2023,S60,5,8915,8915,8928,0.99854391,13,8928,13,0.99854391,1,0,0,8915,0.99854391,1682870400,1685548500
2023,S60,6,8638,8638,8640,0.99976852,2,8640,2,0.99976852,1,0,0,8638,0.99976852,1685548800,1688140500
2023,S60,7,7240,7240,8928,0.8109319,1688,8928,1688,0.8109319,1,0,0,7240,0.8109319,1688140800,1690818900
2023,S60,8,8926,8926,8928,0.99977599,2,8928,2,0.99977599,1,0,0,8926,0.99977599,1690819200,1693497300
2023,S60,9,8638,8638,8640,0.99976852,2,8640,2,0.99976852,1,0,0,8638,0.99976852,1693497600,1696089300
2023,S60,10,8678,8678,8928,0.97199821,250,8928,250,0.97199821,1,0,0,8678,0.97199821,1696089600,1698767700
2023,S60,11,8567,8567,8640,0.99155093,73,8640,73,0.99155093,1,0,0,8567,0.99155093,1698768000,1701359700
2023,S60,12,8534,8534,8928,0.95586918,394,8928,394,0.95586918,1,0,0,8534,0.95586918,1701360000,1704038100
2023,S61,1,6296,6296,8928,0.70519713,2632,8928,2632,0.70519713,1,0,0,6296,0.70519713,1672502400,1675180500
2023,S61,2,8031,8031,8064,0.99590774,33,8064,33,0.99590774,1,0,0,8031,0.99590774,1675180800,1677599700
2023,S61,3,4413,4413,8928,0.49428763,4515,4413,0,1.0,1,0,0,4413,0.49428763,1677600000,1678923600
2023,S61,4,0,0,8640,0.0,8640,0,0,,0,0,0,0,0.0,,
2023,S61,5,0,0,8928,0.0,8928,0,0,,0,0,0,0,0.0,,
2023,S61,6,0,0,8640,0.0,8640,0,0,,0,0,0,0,0.0,,
2023,S61,7,0,0,8928,0.0,8928,0,0,,0,0,0,0,0.0,,
2023,S61,8,0,0,8928,0.0,8928,0,0,,0,0,0,0,0.0,,
2023,S61,9,0,0,8640,0.0,8640,0,0,,0,0,0,0,0.0,,
2023,S61,10,0,0,8928,0.0,8928,0,0,,0,0,0,0,0.0,,
2023,S61,11,0,0,8640,0.0,8640,0,0,,0,0,0,0,0.0,,
2023,S61,12,0,0,8928,0.0,8928,0,0,,0,0,0,0,0.0,,
2023,S64,1,6293,6293,8928,0.70486111,2635,8928,2635,0.70486111,1,0,0,6293,0.70486111,1672502400,1675180500
2023,S64,2,8031,8031,8064,0.99590774,33,8064,33,0.99590774,1,0,0,8031,0.99590774,1675180800,1677599700
2023,S64,3,8928,8928,8928,1.0,0,8928,0,1.0,1,0,0,8928,1.0,1677600000,1680278100
2023,S64,4,8552,8552,8640,0.98981481,88,8640,88,0.98981481,1,0,0,8552,0.98981481,1680278400,1682870100
2023,S64,5,8916,8916,8928,0.99865591,12,8928,12,0.99865591,1,0,0,8916,0.99865591,1682870400,1685548500
2023,S64,6,8640,8640,8640,1.0,0,8640,0,1.0,1,0,0,8640,1.0,1685548800,1688140500
2023,S64,7,8919,8919,8928,0.99899194,9,8928,9,0.99899194,1,0,0,8919,0.99899194,1688140800,1690818900
2023,S64,8,8928,8928,8928,1.0,0,8928,0,1.0,1,0,0,8928,1.0,1690819200,1693497300
2023,S64,9,8640,8640,8640,1.0,0,8640,0,1.0,1,0,0,8640,1.0,1693497600,1696089300
2023,S64,10,8678,8678,8928,0.97199821,250,8928,250,0.97199821,1,0,0,8678,0.97199821,1696089600,1698767700
2023,S64,11,8572,8572,8640,0.99212963,68,8640,68,0.99212963,1,0,0,8572,0.99212963,1698768000,1701359700
2023,S64,12,8908,8908,8928,0.99775986,20,8928,20,0.99775986,1,0,0,8908,0.99775986,1701360000,1704038100
2023,S66,1,6288,6288,8928,0.70430108,2640,8928,2640,0.70430108,1,0,0,6288,0.70430108,1672502400,1675180500
2023,S66,2,7977,7977,8064,0.98921131,87,8064,87,0.98921131,1,0,0,7977,0.98921131,1675180800,1677599700
2023,S66,3,8597,8597,8928,0.96292563,331,8928,331,0.96292563,1,0,0,8597,0.96292563,1677600000,1680278100
2023,S66,4,8516,8516,8640,0.98564815,124,8640,124,0.98564815,1,0,0,8516,0.98564815,1680278400,1682870100
2023,S66,5,8909,8909,8928,0.99787186,19,8928,19,0.99787186,1,0,0,8909,0.99787186,1682870400,1685548500
2023,S66,6,8634,8634,8640,0.99930556,6,8640,6,0.99930556,1,0,0,8634,0.99930556,1685548800,1688140500
2023,S66,7,8916,8916,8928,0.99865591,12,8928,12,0.99865591,1,0,0,8916,0.99865591,1688140800,1690818900
2023,S66,8,8923,8923,8928,0.99943996,5,8928,5,0.99943996,1,0,0,8923,0.99943996,1690819200,1693497300
2023,S66,9,8640,8640,8640,1.0,0,8640,0,1.0,1,0,0,8640,1.0,1693497600,1696089300
2023,S66,10,8678,8678,8928,0.97199821,250,8928,250,0.97199821,1,0,0,8678,0.97199821,1696089600,1698767700
2023,S66,11,8572,8572,8640,0.99212963,68,8640,68,0.99212963,1,0,0,8572,0.99212963,1698768000,1701359700
2023,S66,12,8909,8909,8928,0.99787186,19,8928,19,0.99787186,1,0,0,8909,0.99787186,1701360000,1704038100
2023,S69,1,6001,6001,8928,0.67215502,2927,8928,2927,0.67215502,1,0,0,6001,0.67215502,1672502400,1675180500
2023,S69,2,8031,8031,8064,0.99590774,33,8064,33,0.99590774,1,0,0,8031,0.99590774,1675180800,1677599700
2023,S69,3,8887,8887,8928,0.99540771,41,8928,41,0.99540771,1,0,0,8887,0.99540771,1677600000,1680278100
2023,S69,4,8552,8552,8640,0.98981481,88,8640,88,0.98981481,1,0,0,8552,0.98981481,1680278400,1682870100
2023,S69,5,8916,8916,8928,0.99865591,12,8928,12,0.99865591,1,0,0,8916,0.99865591,1682870400,1685548500
2023,S69,6,8637,8637,8640,0.99965278,3,8640,3,0.99965278,1,0,0,8637,0.99965278,1685548800,1688140500
2023,S69,7,8919,8919,8928,0.99899194,9,8928,9,0.99899194,1,0,0,8919,0.99899194,1688140800,1690818900
2023,S69,8,8928,8928,8928,1.0,0,8928,0,1.0,1,0,0,8928,1.0,1690819200,1693497300
2023,S69,9,8640,8640,8640,1.0,0,8640,0,1.0,1,0,0,8640,1.0,1693497600,1696089300
2023,S69,10,8678,8678,8928,0.97199821,250,8928,250,0.97199821,1,0,0,8678,0.97199821,1696089600,1698767700
2023,S69,11,8573,8573,8640,0.99224537,67,8640,67,0.99224537,1,0,0,8573,0.99224537,1698768000,1701359700
2023,S69,12,8911,8911,8928,0.99809588,17,8928,17,0.99809588,1,0,0,8911,0.99809588,1701360000,1704038100
2023,S71,1,6296,6296,8928,0.70519713,2632,8928,2632,0.70519713,1,0,0,6296,0.70519713,1672502400,1675180500
2023,S71,2,8030,8030,8064,0.99578373,34,8064,34,0.99578373,1,0,0,8030,0.99578373,1675180800,1677599700
2023,S71,3,8927,8927,8928,0.99988799,1,8928,1,0.99988799,1,0,0,8927,0.99988799,1677600000,1680278100
2023,S71,4,8548,8548,8640,0.98935185,92,8640,92,0.98935185,1,0,0,8548,0.98935185,1680278400,1682870100
2023,S71,5,8916,8916,8928,0.99865591,12,8928,12,0.99865591,1,0,0,8916,0.99865591,1682870400,1685548500
2023,S71,6,8639,8639,8640,0.99988426,1,8640,1,0.99988426,1,0,0,8639,0.99988426,1685548800,1688140500
2023,S71,7,8920,8920,8928,0.99910394,8,8928,8,0.99910394,1,0,0,8920,0.99910394,1688140800,1690818900
2023,S71,8,8928,8928,8928,1.0,0,8928,0,1.0,1,0,0,8928,1.0,1690819200,1693497300
2023,S71,9,8640,8640,8640,1.0,0,8640,0,1.0,1,0,0,8640,1.0,1693497600,1696089300
2023,S71,10,8678,8678,8928,0.97199821,250,8928,250,0.97199821,1,0,0,8678,0.97199821,1696089600,1698767700
2023,S71,11,8573,8573,8640,0.99224537,67,8640,67,0.99224537,1,0,0,8573,0.99224537,1698768000,1701359700
2023,S71,12,8911,8911,8928,0.99809588,17,8928,17,0.99809588,1,0,0,8911,0.99809588,1701360000,1704038100
2023,S77,1,6296,6296,8928,0.70519713,2632,8928,2632,0.70519713,1,0,0,6296,0.70519713,1672502400,1675180500
2023,S77,2,8031,8031,8064,0.99590774,33,8064,33,0.99590774,1,0,0,8031,0.99590774,1675180800,1677599700
2023,S77,3,8928,8928,8928,1.0,0,8928,0,1.0,1,0,0,8928,1.0,1677600000,1680278100
2023,S77,4,8552,8552,8640,0.98981481,88,8640,88,0.98981481,1,0,0,8552,0.98981481,1680278400,1682870100
2023,S77,5,8915,8915,8928,0.99854391,13,8928,13,0.99854391,1,0,0,8915,0.99854391,1682870400,1685548500
2023,S77,6,8640,8640,8640,1.0,0,8640,0,1.0,1,0,0,8640,1.0,1685548800,1688140500
2023,S77,7,8919,8919,8928,0.99899194,9,8928,9,0.99899194,1,0,0,8919,0.99899194,1688140800,1690818900
2023,S77,8,8927,8927,8928,0.99988799,1,8928,1,0.99988799,1,0,0,8927,0.99988799,1690819200,1693497300
2023,S77,9,8640,8640,8640,1.0,0,8640,0,1.0,1,0,0,8640,1.0,1693497600,1696089300
2023,S77,10,8678,8678,8928,0.97199821,250,8928,250,0.97199821,1,0,0,8678,0.97199821,1696089600,1698767700
2023,S77,11,8573,8573,8640,0.99224537,67,8640,67,0.99224537,1,0,0,8573,0.99224537,1698768000,1701359700
2023,S77,12,8911,8911,8928,0.99809588,17,8928,17,0.99809588,1,0,0,8911,0.99809588,1701360000,1704038100
2023,S78,1,6293,6293,8928,0.70486111,2635,8928,2635,0.70486111,1,0,0,6293,0.70486111,1672502400,1675180500
2023,S78,2,7810,7810,8064,0.96850198,254,8064,254,0.96850198,1,0,0,7810,0.96850198,1675180800,1677599700
2023,S78,3,8927,8927,8928,0.99988799,1,8928,1,0.99988799,1,0,0,8927,0.99988799,1677600000,1680278100
2023,S78,4,8549,8549,8640,0.98946759,91,8640,91,0.98946759,1,0,0,8549,0.98946759,1680278400,1682870100
2023,S78,5,8912,8912,8928,0.99820789,16,8928,16,0.99820789,1,0,0,8912,0.99820789,1682870400,1685548500
2023,S78,6,8639,8639,8640,0.99988426,1,8640,1,0.99988426,1,0,0,8639,0.99988426,1685548800,1688140500
2023,S78,7,8917,8917,8928,0.99876792,11,8928,11,0.99876792,1,0,0,8917,0.99876792,1688140800,1690818900
2023,S78,8,8925,8925,8928,0.99966398,3,8928,3,0.99966398,1,0,0,8925,0.99966398,1690819200,1693497300
2023,S78,9,8638,8638,8640,0.99976852,2,8640,2,0.99976852,1,0,0,8638,0.99976852,1693497600,1696089300
2023,S78,10,8634,8634,8928,0.96706989,294,8928,294,0.96706989,1,0,0,8634,0.96706989,1696089600,1698767700
2023,S78,11,8568,8568,8640,0.99166667,72,8640,72,0.99166667,1,0,0,8568,0.99166667,1698768000,1701359700
2023,S78,12,8908,8908,8928,0.99775986,20,8928,20,0.99775986,1,0,0,8908,0.99775986,1701360000,1704038100
2023,S79,1,6270,6270,8928,0.70228495,2658,8928,2658,0.70228495,1,0,0,6270,0.70228495,1672502400,1675180500
2023,S79,2,7976,7976,8064,0.9890873,88,8064,88,0.9890873,1,0,0,7976,0.9890873,1675180800,1677599700
2023,S79,3,8691,8691,8928,0.9734543,237,8928,237,0.9734543,1,0,0,8691,0.9734543,1677600000,1680278100
2023,S79,4,8346,8346,8640,0.96597222,294,8640,294,0.96597222,1,0,0,8346,0.96597222,1680278400,1682870100
2023,S79,5,8627,8627,8928,0.96628584,301,8928,301,0.96628584,1,0,0,8627,0.96628584,1682870400,1685548500
2023,S79,6,8636,8636,8640,0.99953704,4,8640,4,0.99953704,1,0,0,8636,0.99953704,1685548800,1688140500
2023,S79,7,8918,8918,8928,0.99887993,10,8928,10,0.99887993,1,0,0,8918,0.99887993,1688140800,1690818900
2023,S79,8,8928,8928,8928,1.0,0,8928,0,1.0,1,0,0,8928,1.0,1690819200,1693497300
2023,S79,9,8640,8640,8640,1.0,0,8640,0,1.0,1,0,0,8640,1.0,1693497600,1696089300
2023,S79,10,8615,8615,8928,0.96494176,313,8928,313,0.96494176,1,0,0,8615,0.96494176,1696089600,1698767700
2023,S79,11,8570,8570,8640,0.99189815,70,8640,70,0.99189815,1,0,0,8570,0.99189815,1698768000,1701359700
2023,S79,12,8911,8911,8928,0.99809588,17,8928,17,0.99809588,1,0,0,8911,0.99809588,1701360000,1704038100
2023,S81,1,6296,6296,8928,0.70519713,2632,8928,2632,0.70519713,1,0,0,6296,0.70519713,1672502400,1675180500
2023,S81,2,8031,8031,8064,0.99590774,33,8064,33,0.99590774,1,0,0,8031,0.99590774,1675180800,1677599700
2023,S81,3,8928,8928,8928,1.0,0,8928,0,1.0,1,0,0,8928,1.0,1677600000,1680278100
2023,S81,4,8552,8552,8640,0.98981481,88,8640,88,0.98981481,1,0,0,8552,0.98981481,1680278400,1682870100
2023,S81,5,8916,8916,8928,0.99865591,12,8928,12,0.99865591,1,0,0,8916,0.99865591,1682870400,1685548500
2023,S81,6,8640,8640,8640,1.0,0,8640,0,1.0,1,0,0,8640,1.0,1685548800,1688140500
2023,S81,7,8920,8920,8928,0.99910394,8,8928,8,0.99910394,1,0,0,8920,0.99910394,1688140800,1690818900
2023,S81,8,8928,8928,8928,1.0,0,8928,0,1.0,1,0,0,8928,1.0,1690819200,1693497300
2023,S81,9,8640,8640,8640,1.0,0,8640,0,1.0,1,0,0,8640,1.0,1693497600,1696089300
2023,S81,10,8678,8678,8928,0.97199821,250,8928,250,0.97199821,1,0,0,8678,0.97199821,1696089600,1698767700
2023,S81,11,8573,8573,8640,0.99224537,67,8640,67,0.99224537,1,0,0,8573,0.99224537,1698768000,1701359700
2023,S81,12,8905,8905,8928,0.99742384,23,8928,23,0.99742384,1,0,0,8905,0.99742384,1701360000,1704038100
2023,S84,1,6296,6296,8928,0.70519713,2632,8928,2632,0.70519713,1,0,0,6296,0.70519713,1672502400,1675180500
2023,S84,2,8031,8031,8064,0.99590774,33,8064,33,0.99590774,1,0,0,8031,0.99590774,1675180800,1677599700
2023,S84,3,8924,8924,8928,0.99955197,4,8928,4,0.99955197,1,0,0,8924,0.99955197,1677600000,1680278100
2023,S84,4,8545,8545,8640,0.98900463,95,8640,95,0.98900463,1,0,0,8545,0.98900463,1680278400,1682870100
2023,S84,5,8864,8864,8928,0.99283154,64,8928,64,0.99283154,1,0,0,8864,0.99283154,1682870400,1685548500
2023,S84,6,6423,6423,8640,0.74340278,2217,8640,2217,0.74340278,1,0,0,6423,0.74340278,1685548800,1688140500
2023,S84,7,8858,8858,8928,0.9921595,70,8928,70,0.9921595,1,0,0,8858,0.9921595,1688140800,1690818900
2023,S84,8,8603,8603,8928,0.96359767,325,8928,325,0.96359767,1,0,0,8603,0.96359767,1690819200,1693497300
2023,S84,9,8608,8608,8640,0.9962963,32,8640,32,0.9962963,1,0,0,8608,0.9962963,1693497600,1696089300
2023,S84,10,7391,7391,8928,0.82784498,1537,8928,1537,0.82784498,1,0,0,7391,0.82784498,1696089600,1698767700
2023,S84,11,8435,8435,8640,0.97627315,205,8640,205,0.97627315,1,0,0,8435,0.97627315,1698768000,1701359700
2023,S84,12,8616,8616,8928,0.96505376,312,8928,312,0.96505376,1,0,0,8616,0.96505376,1701360000,1704038100
2023,S88,1,6296,6296,8928,0.70519713,2632,8928,2632,0.70519713,1,0,0,6296,0.70519713,1672502400,1675180500
2023,S88,2,8031,8031,8064,0.99590774,33,8064,33,0.99590774,1,0,0,8031,0.99590774,1675180800,1677599700
2023,S88,3,8928,8928,8928,1.0,0,8928,0,1.0,1,0,0,8928,1.0,1677600000,1680278100
2023,S88,4,8551,8551,8640,0.98969907,89,8640,89,0.98969907,1,0,0,8551,0.98969907,1680278400,1682870100
2023,S88,5,8916,8916,8928,0.99865591,12,8928,12,0.99865591,1,0,0,8916,0.99865591,1682870400,1685548500
2023,S88,6,8633,8633,8640,0.99918981,7,8640,7,0.99918981,1,0,0,8633,0.99918981,1685548800,1688140500
2023,S88,7,8914,8914,8928,0.9984319,14,8928,14,0.9984319,1,0,0,8914,0.9984319,1688140800,1690818900
2023,S88,8,8925,8925,8928,0.99966398,3,8928,3,0.99966398,1,0,0,8925,0.99966398,1690819200,1693497300
2023,S88,9,8630,8630,8640,0.99884259,10,8640,10,0.99884259,1,0,0,8630,0.99884259,1693497600,1696089300
2023,S88,10,8672,8672,8928,0.97132616,256,8928,256,0.97132616,1,0,0,8672,0.97132616,1696089600,1698767700
2023,S88,11,8573,8573,8640,0.99224537,67,8640,67,0.99224537,1,0,0,8573,0.99224537,1698768000,1701359700
2023,S88,12,7832,7832,8928,0.87724014,1096,8928,1096,0.87724014,1,0,0,7832,0.87724014,1701360000,1704038100
2023,S89,1,6296,6296,8928,0.70519713,2632,8928,2632,0.70519713,1,0,0,6296,0.70519713,1672502400,1675180500
2023,S89,2,8031,8031,8064,0.99590774,33,8064,33,0.99590774,1,0,0,8031,0.99590774,1675180800,1677599700
2023,S89,3,8928,8928,8928,1.0,0,8928,0,1.0,1,0,0,8928,1.0,1677600000,1680278100
2023,S89,4,8552,8552,8640,0.98981481,88,8640,88,0.98981481,1,0,0,8552,0.98981481,1680278400,1682870100
2023,S89,5,8916,8916,8928,0.99865591,12,8928,12,0.99865591,1,0,0,8916,0.99865591,1682870400,1685548500
2023,S89,6,8615,8615,8640,0.99710648,25,8640,25,0.99710648,1,0,0,8615,0.99710648,1685548800,1688140500
2023,S89,7,8911,8911,8928,0.99809588,17,8928,17,0.99809588,1,0,0,8911,0.99809588,1688140800,1690818900
2023,S89,8,8535,8535,8928,0.95598118,393,8928,393,0.95598118,1,0,0,8535,0.95598118,1690819200,1693497300
2023,S89,9,8428,8428,8640,0.97546296,212,8640,212,0.97546296,1,0,0,8428,0.97546296,1693497600,1696089300
2023,S89,10,8678,8678,8928,0.97199821,250,8928,250,0.97199821,1,0,0,8678,0.97199821,1696089600,1698767700
2023,S89,11,8572,8572,8640,0.99212963,68,8640,68,0.99212963,1,0,0,8572,0.99212963,1698768000,1701359700
2023,S89,12,8908,8908,8928,0.99775986,20,8928,20,0.99775986,1,0,0,8908,0.99775986,1701360000,1704038100
2023,S90,1,6296,6296,8928,0.70519713,2632,8928,2632,0.70519713,1,0,0,6296,0.70519713,1672502400,1675180500
2023,S90,2,8031,8031,8064,0.99590774,33,8064,33,0.99590774,1,0,0,8031,0.99590774,1675180800,1677599700
2023,S90,3,8928,8928,8928,1.0,0,8928,0,1.0,1,0,0,8928,1.0,1677600000,1680278100
2023,S90,4,8552,8552,8640,0.98981481,88,8640,88,0.98981481,1,0,0,8552,0.98981481,1680278400,1682870100
2023,S90,5,8916,8916,8928,0.99865591,12,8928,12,0.99865591,1,0,0,8916,0.99865591,1682870400,1685548500
2023,S90,6,8639,8639,8640,0.99988426,1,8640,1,0.99988426,1,0,0,8639,0.99988426,1685548800,1688140500
2023,S90,7,8918,8918,8928,0.99887993,10,8928,10,0.99887993,1,0,0,8918,0.99887993,1688140800,1690818900
2023,S90,8,8927,8927,8928,0.99988799,1,8928,1,0.99988799,1,0,0,8927,0.99988799,1690819200,1693497300
2023,S90,9,8640,8640,8640,1.0,0,8640,0,1.0,1,0,0,8640,1.0,1693497600,1696089300
2023,S90,10,8677,8677,8928,0.9718862,251,8928,251,0.9718862,1,0,0,8677,0.9718862,1696089600,1698767700
2023,S90,11,8572,8572,8640,0.99212963,68,8640,68,0.99212963,1,0,0,8572,0.99212963,1698768000,1701359700
2023,S90,12,8911,8911,8928,0.99809588,17,8928,17,0.99809588,1,0,0,8911,0.99809588,1701360000,1704038100
2023,S900,1,6294,6294,8928,0.70497312,2634,8928,2634,0.70497312,1,0,0,6294,0.70497312,1672502400,1675180500
2023,S900,2,8025,8025,8064,0.99516369,39,8064,39,0.99516369,1,0,0,8025,0.99516369,1675180800,1677599700
2023,S900,3,8922,8922,8928,0.99932796,6,8928,6,0.99932796,1,0,0,8922,0.99932796,1677600000,1680278100
2023,S900,4,8329,8329,8640,0.96400463,311,8640,311,0.96400463,1,0,0,8329,0.96400463,1680278400,1682870100
2023,S900,5,8880,8880,8928,0.99462366,48,8928,48,0.99462366,1,0,0,8880,0.99462366,1682870400,1685548500
2023,S900,6,8638,8638,8640,0.99976852,2,8640,2,0.99976852,1,0,0,8638,0.99976852,1685548800,1688140500
2023,S900,7,8918,8918,8928,0.99887993,10,8928,10,0.99887993,1,0,0,8918,0.99887993,1688140800,1690818900
2023,S900,8,8924,8924,8928,0.99955197,4,8928,4,0.99955197,1,0,0,8924,0.99955197,1690819200,1693497300
2023,S900,9,8640,8640,8640,1.0,0,8640,0,1.0,1,0,0,8640,1.0,1693497600,1696089300
2023,S900,10,8678,8678,8928,0.97199821,250,8928,250,0.97199821,1,0,0,8678,0.97199821,1696089600,1698767700
2023,S900,11,8573,8573,8640,0.99224537,67,8640,67,0.99224537,1,0,0,8573,0.99224537,1698768000,1701359700
2023,S900,12,8874,8874,8928,0.99395161,54,8928,54,0.99395161,1,0,0,8874,0.99395161,1701360000,1704038100
2023,S91,1,0,0,8928,0.0,8928,0,0,,0,0,0,0,0.0,,
2023,S91,2,1,1,8064,0.00012401,8063,1,0,1.0,1,0,0,1,0.00012401,1676961600,1676961600
2023,S91,3,0,0,8928,0.0,8928,0,0,,0,0,0,0,0.0,,
2023,S91,4,0,0,8640,0.0,8640,0,0,,0,0,0,0,0.0,,
2023,S91,5,0,0,8928,0.0,8928,0,0,,0,0,0,0,0.0,,
2023,S91,6,0,0,8640,0.0,8640,0,0,,0,0,0,0,0.0,,
2023,S91,7,0,0,8928,0.0,8928,0,0,,0,0,0,0,0.0,,
2023,S91,8,0,0,8928,0.0,8928,0,0,,0,0,0,0,0.0,,
2023,S91,9,0,0,8640,0.0,8640,0,0,,0,0,0,0,0.0,,
2023,S91,10,0,0,8928,0.0,8928,0,0,,0,0,0,0,0.0,,
2023,S91,11,0,0,8640,0.0,8640,0,0,,0,0,0,0,0.0,,
2023,S91,12,0,0,8928,0.0,8928,0,0,,0,0,0,0,0.0,,
2023,S94,1,6296,6296,8928,0.70519713,2632,8928,2632,0.70519713,1,0,0,6296,0.70519713,1672502400,1675180500
2023,S94,2,8032,8032,8064,0.99603175,32,8064,32,0.99603175,1,0,0,8032,0.99603175,1675180800,1677599700
2023,S94,3,8928,8928,8928,1.0,0,8928,0,1.0,1,0,0,8928,1.0,1677600000,1680278100
2023,S94,4,8550,8550,8640,0.98958333,90,8640,90,0.98958333,1,0,0,8550,0.98958333,1680278400,1682870100
2023,S94,5,8916,8916,8928,0.99865591,12,8928,12,0.99865591,1,0,0,8916,0.99865591,1682870400,1685548500
2023,S94,6,8639,8639,8640,0.99988426,1,8640,1,0.99988426,1,0,0,8639,0.99988426,1685548800,1688140500
2023,S94,7,8918,8918,8928,0.99887993,10,8928,10,0.99887993,1,0,0,8918,0.99887993,1688140800,1690818900
2023,S94,8,8928,8928,8928,1.0,0,8928,0,1.0,1,0,0,8928,1.0,1690819200,1693497300
2023,S94,9,8637,8637,8640,0.99965278,3,8640,3,0.99965278,1,0,0,8637,0.99965278,1693497600,1696089300
2023,S94,10,8677,8677,8928,0.9718862,251,8928,251,0.9718862,1,0,0,8677,0.9718862,1696089600,1698767700
2023,S94,11,8573,8573,8640,0.99224537,67,8640,67,0.99224537,1,0,0,8573,0.99224537,1698768000,1701359700
2023,S94,12,8911,8911,8928,0.99809588,17,8928,17,0.99809588,1,0,0,8911,0.99809588,1701360000,1704038100
2024,S06,1,0,0,8928,0.0,8928,0,0,,0,0,0,0,0.0,,
2024,S06,2,0,0,8352,0.0,8352,0,0,,0,0,0,0,0.0,,
2024,S06,3,0,0,8928,0.0,8928,0,0,,0,0,0,0,0.0,,
2024,S06,4,0,0,8640,0.0,8640,0,0,,0,0,0,0,0.0,,
2024,S06,5,0,0,8928,0.0,8928,0,0,,0,0,0,0,0.0,,
2024,S06,6,0,0,8640,0.0,8640,0,0,,0,0,0,0,0.0,,
2024,S06,7,0,0,8928,0.0,8928,0,0,,0,0,0,0,0.0,,
2024,S06,8,0,0,8928,0.0,8928,0,0,,0,0,0,0,0.0,,
2024,S06,9,0,0,8640,0.0,8640,0,0,,0,0,0,0,0.0,,
2024,S06,10,0,0,8928,0.0,8928,0,0,,0,0,0,0,0.0,,
2024,S06,11,6719,6719,8640,0.77766204,1921,6722,3,0.9995537,1,0,0,6719,0.77766204,1730965800,1732982100
2024,S06,12,8915,8915,8928,0.99854391,13,8928,13,0.99854391,1,0,0,8915,0.99854391,1732982400,1735660500
2024,S07,1,8188,8188,8928,0.9171147,740,8928,740,0.9171147,1,0,0,8188,0.9171147,1704038400,1706716500
2024,S07,2,8348,8348,8352,0.99952107,4,8352,4,0.99952107,1,0,0,8348,0.99952107,1706716800,1709222100
2024,S07,3,8924,8924,8928,0.99955197,4,8928,4,0.99955197,1,0,0,8924,0.99955197,1709222400,1711900500
2024,S07,4,8638,8638,8640,0.99976852,2,8640,2,0.99976852,1,0,0,8638,0.99976852,1711900800,1714492500
2024,S07,5,8723,8723,8928,0.97703853,205,8928,205,0.97703853,1,0,0,8723,0.97703853,1714492800,1717170900
2024,S07,6,8624,8624,8640,0.99814815,16,8640,16,0.99814815,1,0,0,8624,0.99814815,1717171200,1719762900
2024,S07,7,8773,8773,8928,0.98263889,155,8928,155,0.98263889,1,0,0,8773,0.98263889,1719763200,1722441300
2024,S07,8,7553,7553,8928,0.84599014,1375,8928,1375,0.84599014,1,0,0,7553,0.84599014,1722441600,1725119700
2024,S07,9,8536,8536,8640,0.98796296,104,8640,104,0.98796296,1,0,0,8536,0.98796296,1725120000,1727711700
2024,S07,10,8928,8928,8928,1.0,0,8928,0,1.0,1,0,0,8928,1.0,1727712000,1730390100
2024,S07,11,8389,8389,8640,0.97094907,251,8640,251,0.97094907,1,0,0,8389,0.97094907,1730390400,1732982100
2024,S07,12,8916,8916,8928,0.99865591,12,8928,12,0.99865591,1,0,0,8916,0.99865591,1732982400,1735660500
2024,S08,1,8928,8928,8928,1.0,0,8928,0,1.0,1,0,0,8928,1.0,1704038400,1706716500
2024,S08,2,8348,8348,8352,0.99952107,4,8352,4,0.99952107,1,0,0,8348,0.99952107,1706716800,1709222100
2024,S08,3,8928,8928,8928,1.0,0,8928,0,1.0,1,0,0,8928,1.0,1709222400,1711900500
2024,S08,4,8640,8640,8640,1.0,0,8640,0,1.0,1,0,0,8640,1.0,1711900800,1714492500
2024,S08,5,8723,8723,8928,0.97703853,205,8928,205,0.97703853,1,0,0,8723,0.97703853,1714492800,1717170900
2024,S08,6,8625,8625,8640,0.99826389,15,8640,15,0.99826389,1,0,0,8625,0.99826389,1717171200,1719762900
2024,S08,7,8920,8920,8928,0.99910394,8,8928,8,0.99910394,1,0,0,8920,0.99910394,1719763200,1722441300
2024,S08,8,8508,8508,8928,0.95295699,420,8928,420,0.95295699,1,0,0,8508,0.95295699,1722441600,1725119700
2024,S08,9,8539,8539,8640,0.98831019,101,8640,101,0.98831019,1,0,0,8539,0.98831019,1725120000,1727711700
2024,S08,10,5118,5118,8928,0.57325269,3810,8928,3810,0.57325269,1,0,0,5118,0.57325269,1727712000,1730390100
2024,S08,11,8390,8390,8640,0.97106481,250,8640,250,0.97106481,1,0,0,8390,0.97106481,1730390400,1732982100
2024,S08,12,8916,8916,8928,0.99865591,12,8928,12,0.99865591,1,0,0,8916,0.99865591,1732982400,1735660500
2024,S102,1,0,0,8928,0.0,8928,0,0,,0,0,0,0,0.0,,
2024,S102,2,0,0,8352,0.0,8352,0,0,,0,0,0,0,0.0,,
2024,S102,3,0,0,8928,0.0,8928,0,0,,0,0,0,0,0.0,,
2024,S102,4,0,0,8640,0.0,8640,0,0,,0,0,0,0,0.0,,
2024,S102,5,0,0,8928,0.0,8928,0,0,,0,0,0,0,0.0,,
2024,S102,6,1535,1535,8640,0.17766204,7105,1540,5,0.99675325,1,0,0,1535,0.17766204,1719301200,1719762900
2024,S102,7,5034,5034,8928,0.56384409,3894,5051,17,0.99663433,1,0,0,5034,0.56384409,1719763200,1721278200
2024,S102,8,0,0,8928,0.0,8928,0,0,,0,0,0,0,0.0,,
2024,S102,9,0,0,8640,0.0,8640,0,0,,0,0,0,0,0.0,,
2024,S102,10,0,0,8928,0.0,8928,0,0,,0,0,0,0,0.0,,
2024,S102,11,0,0,8640,0.0,8640,0,0,,0,0,0,0,0.0,,
2024,S102,12,0,0,8928,0.0,8928,0,0,,0,0,0,0,0.0,,
2024,S104,1,8927,8927,8928,0.99988799,1,8928,1,0.99988799,1,0,0,8927,0.99988799,1704038400,1706716500
2024,S104,2,8183,8183,8352,0.97976533,169,8352,169,0.97976533,1,0,0,8183,0.97976533,1706716800,1709222100
2024,S104,3,8924,8924,8928,0.99955197,4,8928,4,0.99955197,1,0,0,8924,0.99955197,1709222400,1711900500
2024,S104,4,8627,8627,8640,0.99849537,13,8640,13,0.99849537,1,0,0,8627,0.99849537,1711900800,1714492500
2024,S104,5,8723,8723,8928,0.97703853,205,8928,205,0.97703853,1,0,0,8723,0.97703853,1714492800,1717170900
2024,S104,6,8625,8625,8640,0.99826389,15,8640,15,0.99826389,1,0,0,8625,0.99826389,1717171200,1719762900
2024,S104,7,8638,8638,8928,0.96751792,290,8928,290,0.96751792,1,0,0,8638,0.96751792,1719763200,1722441300
2024,S104,8,7047,7047,8928,0.78931452,1881,8928,1881,0.78931452,1,0,0,7047,0.78931452,1722441600,1725119700
2024,S104,9,8189,8189,8640,0.94780093,451,8640,451,0.94780093,1,0,0,8189,0.94780093,1725120000,1727711700
2024,S104,10,8853,8853,8928,0.99159946,75,8928,75,0.99159946,1,0,0,8853,0.99159946,1727712000,1730390100
2024,S104,11,8390,8390,8640,0.97106481,250,8640,250,0.97106481,1,0,0,8390,0.97106481,1730390400,1732982100
2024,S104,12,8916,8916,8928,0.99865591,12,8928,12,0.99865591,1,0,0,8916,0.99865591,1732982400,1735660500
2024,S106,1,0,0,8928,0.0,8928,0,0,,0,0,0,0,0.0,,
2024,S106,2,0,0,8352,0.0,8352,0,0,,0,0,0,0,0.0,,
2024,S106,3,0,0,8928,0.0,8928,0,0,,0,0,0,0,0.0,,
2024,S106,4,0,0,8640,0.0,8640,0,0,,0,0,0,0,0.0,,
2024,S106,5,0,0,8928,0.0,8928,0,0,,0,0,0,0,0.0,,
2024,S106,6,0,0,8640,0.0,8640,0,0,,0,0,0,0,0.0,,
2024,S106,7,0,0,8928,0.0,8928,0,0,,0,0,0,0,0.0,,
2024,S106,8,0,0,8928,0.0,8928,0,0,,0,0,0,0,0.0,,
2024,S106,9,0,0,8640,0.0,8640,0,0,,0,0,0,0,0.0,,
2024,S106,10,0,0,8928,0.0,8928,0,0,,0,0,0,0,0.0,,
2024,S106,11,6738,6738,8640,0.77986111,1902,6989,251,0.96408642,1,0,0,6738,0.77986111,1730885700,1732982100
2024,S106,12,8916,8916,8928,0.99865591,12,8928,12,0.99865591,1,0,0,8916,0.99865591,1732982400,1735660500
2024,S107,1,8435,8435,8928,0.94478047,493,8928,493,0.94478047,1,0,0,8435,0.94478047,1704038400,1706716500
2024,S107,2,7069,7069,8352,0.8463841,1283,8352,1283,0.8463841,1,0,0,7069,0.8463841,1706716800,1709222100
2024,S107,3,8928,8928,8928,1.0,0,8928,0,1.0,1,0,0,8928,1.0,1709222400,1711900500
2024,S107,4,8458,8458,8640,0.97893519,182,8640,182,0.97893519,1,0,0,8458,0.97893519,1711900800,1714492500
2024,S107,5,8794,8794,8928,0.98499104,134,8928,134,0.98499104,1,0,0,8794,0.98499104,1714492800,1717170900
2024,S107,6,8496,8496,8640,0.98333333,144,8640,144,0.98333333,1,0,0,8496,0.98333333,1717171200,1719762900
2024,S107,7,8174,8174,8928,0.91554659,754,8928,754,0.91554659,1,0,0,8174,0.91554659,1719763200,1722441300
2024,S107,8,8913,8913,8928,0.99831989,15,8928,15,0.99831989,1,0,0,8913,0.99831989,1722441600,1725119700
2024,S107,9,8538,8538,8640,0.98819444,102,8640,102,0.98819444,1,0,0,8538,0.98819444,1725120000,1727711700
2024,S107,10,8928,8928,8928,1.0,0,8928,0,1.0,1,0,0,8928,1.0,1727712000,1730390100
2024,S107,11,8390,8390,8640,0.97106481,250,8640,250,0.97106481,1,0,0,8390,0.97106481,1730390400,1732982100
2024,S107,12,8915,8915,8928,0.99854391,13,8928,13,0.99854391,1,0,0,8915,0.99854391,1732982400,1735660500
2024,S108,1,0,0,8928,0.0,8928,0,0,,0,0,0,0,0.0,,
2024,S108,2,0,0,8352,0.0,8352,0,0,,0,0,0,0,0.0,,
2024,S108,3,0,0,8928,0.0,8928,0,0,,0,0,0,0,0.0,,
2024,S108,4,0,0,8640,0.0,8640,0,0,,0,0,0,0,0.0,,
2024,S108,5,6764,6764,8928,0.75761649,2164,8452,1688,0.80028396,1,0,0,6764,0.75761649,1714635600,1717170900
2024,S108,6,8625,8625,8640,0.99826389,15,8640,15,0.99826389,1,0,0,8625,0.99826389,1717171200,1719762900
2024,S108,7,8924,8924,8928,0.99955197,4,8928,4,0.99955197,1,0,0,8924,0.99955197,1719763200,1722441300
2024,S108,8,8757,8757,8928,0.98084677,171,8928,171,0.98084677,1,0,0,8757,0.98084677,1722441600,1725119700
2024,S108,9,8553,8553,8640,0.98993056,87,8640,87,0.98993056,1,0,0,8553,0.98993056,1725120000,1727711700
2024,S108,10,8226,8226,8928,0.92137097,702,8928,702,0.92137097,1,0,0,8226,0.92137097,1727712000,1730390100
2024,S108,11,1414,1414,8640,0.16365741,7226,1416,2,0.99858757,1,0,0,1414,0.16365741,1730390400,1730814900
2024,S108,12,0,0,8928,0.0,8928,0,0,,0,0,0,0,0.0,,
2024,S109,1,8909,8909,8928,0.99787186,19,8928,19,0.99787186,1,0,0,8909,0.99787186,1704038400,1706716500
2024,S109,2,8342,8342,8352,0.99880268,10,8352,10,0.99880268,1,0,0,8342,0.99880268,1706716800,1709222100
2024,S109,3,8836,8836,8928,0.98969534,92,8928,92,0.98969534,1,0,0,8836,0.98969534,1709222400,1711900500
2024,S109,4,8616,8616,8640,0.99722222,24,8640,24,0.99722222,1,0,0,8616,0.99722222,1711900800,1714492500
2024,S109,5,8719,8719,8928,0.9765905,209,8928,209,0.9765905,1,0,0,8719,0.9765905,1714492800,1717170900
2024,S109,6,7477,7477,8640,0.86539352,1163,8640,1163,0.86539352,1,0,0,7477,0.86539352,1717171200,1719762900
2024,S109,7,8910,8910,8928,0.99798387,18,8928,18,0.99798387,1,0,0,8910,0.99798387,1719763200,1722441300
2024,S109,8,8913,8913,8928,0.99831989,15,8928,15,0.99831989,1,0,0,8913,0.99831989,1722441600,1725119700
2024,S109,9,8540,8540,8640,0.98842593,100,8640,100,0.98842593,1,0,0,8540,0.98842593,1725120000,1727711700
2024,S109,10,8928,8928,8928,1.0,0,8928,0,1.0,1,0,0,8928,1.0,1727712000,1730390100
2024,S109,11,8390,8390,8640,0.97106481,250,8640,250,0.97106481,1,0,0,8390,0.97106481,1730390400,1732982100
2024,S109,12,8915,8915,8928,0.99854391,13,8928,13,0.99854391,1,0,0,8915,0.99854391,1732982400,1735660500
2024,S111,1,8923,8923,8928,0.99943996,5,8928,5,0.99943996,1,0,0,8923,0.99943996,1704038400,1706716500
2024,S111,2,8348,8348,8352,0.99952107,4,8352,4,0.99952107,1,0,0,8348,0.99952107,1706716800,1709222100
2024,S111,3,8928,8928,8928,1.0,0,8928,0,1.0,1,0,0,8928,1.0,1709222400,1711900500
2024,S111,4,8640,8640,8640,1.0,0,8640,0,1.0,1,0,0,8640,1.0,1711900800,1714492500
2024,S111,5,8723,8723,8928,0.97703853,205,8928,205,0.97703853,1,0,0,8723,0.97703853,1714492800,1717170900
2024,S111,6,8624,8624,8640,0.99814815,16,8640,16,0.99814815,1,0,0,8624,0.99814815,1717171200,1719762900
2024,S111,7,8926,8926,8928,0.99977599,2,8928,2,0.99977599,1,0,0,8926,0.99977599,1719763200,1722441300
2024,S111,8,7310,7310,8928,0.8187724,1618,8928,1618,0.8187724,1,0,0,7310,0.8187724,1722441600,1725119700
2024,S111,9,8545,8545,8640,0.98900463,95,8640,95,0.98900463,1,0,0,8545,0.98900463,1725120000,1727711700
2024,S111,10,8928,8928,8928,1.0,0,8928,0,1.0,1,0,0,8928,1.0,1727712000,1730390100
2024,S111,11,8390,8390,8640,0.97106481,250,8640,250,0.97106481,1,0,0,8390,0.97106481,1730390400,1732982100
2024,S111,12,8916,8916,8928,0.99865591,12,8928,12,0.99865591,1,0,0,8916,0.99865591,1732982400,1735660500
2024,S112,1,8928,8928,8928,1.0,0,8928,0,1.0,1,0,0,8928,1.0,1704038400,1706716500
2024,S112,2,8348,8348,8352,0.99952107,4,8352,4,0.99952107,1,0,0,8348,0.99952107,1706716800,1709222100
2024,S112,3,8928,8928,8928,1.0,0,8928,0,1.0,1,0,0,8928,1.0,1709222400,1711900500
2024,S112,4,8640,8640,8640,1.0,0,8640,0,1.0,1,0,0,8640,1.0,1711900800,1714492500
2024,S112,5,8722,8722,8928,0.97692652,206,8928,206,0.97692652,1,0,0,8722,0.97692652,1714492800,1717170900
2024,S112,6,8260,8260,8640,0.95601852,380,8640,380,0.95601852,1,0,0,8260,0.95601852,1717171200,1719762900
2024,S112,7,7881,7881,8928,0.88272849,1047,8869,988,0.88860074,1,0,0,7881,0.88272849,1719763200,1722423600
2024,S112,8,4534,4534,8928,0.5078405,4394,8742,4208,0.51864562,1,0,0,4534,0.5078405,1722445800,1725068100
2024,S112,9,6781,6781,8640,0.78483796,1859,8625,1844,0.7862029,1,0,0,6781,0.78483796,1725124500,1727711700
2024,S112,10,7645,7645,8928,0.8562948,1283,7897,252,0.96808915,1,0,0,7645,0.8562948,1727712000,1730080800
2024,S112,11,0,0,8640,0.0,8640,0,0,,0,0,0,0,0.0,,
2024,S112,12,6227,6227,8928,0.69746864,2701,6227,0,1.0,1,0,0,6227,0.69746864,1733792700,1735660500
2024,S113,1,8901,8901,8928,0.99697581,27,8928,27,0.99697581,1,0,0,8901,0.99697581,1704038400,1706716500
2024,S113,2,8348,8348,8352,0.99952107,4,8352,4,0.99952107,1,0,0,8348,0.99952107,1706716800,1709222100
2024,S113,3,8751,8751,8928,0.98017473,177,8928,177,0.98017473,1,0,0,8751,0.98017473,1709222400,1711900500
2024,S113,4,8640,8640,8640,1.0,0,8640,0,1.0,1,0,0,8640,1.0,1711900800,1714492500
2024,S113,5,8723,8723,8928,0.97703853,205,8928,205,0.97703853,1,0,0,8723,0.97703853,1714492800,1717170900
2024,S113,6,8595,8595,8640,0.99479167,45,8640,45,0.99479167,1,0,0,8595,0.99479167,1717171200,1719762900
2024,S113,7,8928,8928,8928,1.0,0,8928,0,1.0,1,0,0,8928,1.0,1719763200,1722441300
2024,S113,8,7887,7887,8928,0.88340054,1041,8928,1041,0.88340054,1,0,0,7887,0.88340054,1722441600,1725119700
2024,S113,9,6451,6451,8640,0.74664352,2189,8640,2189,0.74664352,1,0,0,6451,0.74664352,1725120000,1727711700
2024,S113,10,8928,8928,8928,1.0,0,8928,0,1.0,1,0,0,8928,1.0,1727712000,1730390100
2024,S113,11,8390,8390,8640,0.97106481,250,8640,250,0.97106481,1,0,0,8390,0.97106481,1730390400,1732982100
2024,S113,12,8149,8149,8928,0.91274642,779,8928,779,0.91274642,1,0,0,8149,0.91274642,1732982400,1735660500
2024,S114,1,8636,8636,8928,0.96729391,292,8928,292,0.96729391,1,0,0,8636,0.96729391,1704038400,1706716500
2024,S114,2,8348,8348,8352,0.99952107,4,8352,4,0.99952107,1,0,0,8348,0.99952107,1706716800,1709222100
2024,S114,3,8928,8928,8928,1.0,0,8928,0,1.0,1,0,0,8928,1.0,1709222400,1711900500
2024,S114,4,8640,8640,8640,1.0,0,8640,0,1.0,1,0,0,8640,1.0,1711900800,1714492500
2024,S114,5,8722,8722,8928,0.97692652,206,8928,206,0.97692652,1,0,0,8722,0.97692652,1714492800,1717170900
2024,S114,6,8625,8625,8640,0.99826389,15,8640,15,0.99826389,1,0,0,8625,0.99826389,1717171200,1719762900
2024,S114,7,8927,8927,8928,0.99988799,1,8928,1,0.99988799,1,0,0,8927,0.99988799,1719763200,1722441300
2024,S114,8,8914,8914,8928,0.9984319,14,8928,14,0.9984319,1,0,0,8914,0.9984319,1722441600,1725119700
2024,S114,9,8559,8559,8640,0.990625,81,8640,81,0.990625,1,0,0,8559,0.990625,1725120000,1727711700
2024,S114,10,8928,8928,8928,1.0,0,8928,0,1.0,1,0,0,8928,1.0,1727712000,1730390100
2024,S114,11,5342,5342,8640,0.61828704,3298,5592,250,0.95529328,1,0,0,5342,0.61828704,1730390400,1732067700
2024,S114,12,0,0,8928,0.0,8928,0,0,,0,0,0,0,0.0,,
2024,S115,1,8915,8915,8928,0.99854391,13,8928,13,0.99854391,1,0,0,8915,0.99854391,1704038400,1706716500
2024,S115,2,8348,8348,8352,0.99952107,4,8352,4,0.99952107,1,0,0,8348,0.99952107,1706716800,1709222100
2024,S115,3,8928,8928,8928,1.0,0,8928,0,1.0,1,0,0,8928,1.0,1709222400,1711900500
2024,S115,4,8640,8640,8640,1.0,0,8640,0,1.0,1,0,0,8640,1.0,1711900800,1714492500
2024,S115,5,8923,8923,8928,0.99943996,5,8928,5,0.99943996,1,0,0,8923,0.99943996,1714492800,1717170900
2024,S115,6,5398,5398,8640,0.62476852,3242,8640,3242,0.62476852,1,0,0,5398,0.62476852,1717171200,1719762900
2024,S115,7,8928,8928,8928,1.0,0,8928,0,1.0,1,0,0,8928,1.0,1719763200,1722441300
2024,S115,8,8913,8913,8928,0.99831989,15,8928,15,0.99831989,1,0,0,8913,0.99831989,1722441600,1725119700
2024,S115,9,8543,8543,8640,0.98877315,97,8640,97,0.98877315,1,0,0,8543,0.98877315,1725120000,1727711700
2024,S115,10,8749,8749,8928,0.97995072,179,8928,179,0.97995072,1,0,0,8749,0.97995072,1727712000,1730390100
2024,S115,11,8265,8265,8640,0.95659722,375,8640,375,0.95659722,1,0,0,8265,0.95659722,1730390400,1732982100
2024,S115,12,8868,8868,8928,0.99327957,60,8928,60,0.99327957,1,0,0,8868,0.99327957,1732982400,1735660500
2024,S116,1,8925,8925,8928,0.99966398,3,8928,3,0.99966398,1,0,0,8925,0.99966398,1704038400,1706716500
2024,S116,2,6503,6503,8352,0.7786159,1849,8352,1849,0.7786159,1,0,0,6503,0.7786159,1706716800,1709222100
2024,S116,3,8923,8923,8928,0.99943996,5,8928,5,0.99943996,1,0,0,8923,0.99943996,1709222400,1711900500
2024,S116,4,8639,8639,8640,0.99988426,1,8640,1,0.99988426,1,0,0,8639,0.99988426,1711900800,1714492500
2024,S116,5,4815,4815,8928,0.53931452,4113,8928,4113,0.53931452,1,0,0,4815,0.53931452,1714492800,1717170900
2024,S116,6,8625,8625,8640,0.99826389,15,8640,15,0.99826389,1,0,0,8625,0.99826389,1717171200,1719762900
2024,S116,7,8925,8925,8928,0.99966398,3,8928,3,0.99966398,1,0,0,8925,0.99966398,1719763200,1722441300
2024,S116,8,7011,7011,8928,0.78528226,1917,8928,1917,0.78528226,1,0,0,7011,0.78528226,1722441600,1725119700
2024,S116,9,8639,8639,8640,0.99988426,1,8640,1,0.99988426,1,0,0,8639,0.99988426,1725120000,1727711700
2024,S116,10,8924,8924,8928,0.99955197,4,8928,4,0.99955197,1,0,0,8924,0.99955197,1727712000,1730390100
2024,S116,11,8390,8390,8640,0.97106481,250,8640,250,0.97106481,1,0,0,8390,0.97106481,1730390400,1732982100
2024,S116,12,8916,8916,8928,0.99865591,12,8928,12,0.99865591,1,0,0,8916,0.99865591,1732982400,1735660500
2024,S117,1,8928,8928,8928,1.0,0,8928,0,1.0,1,0,0,8928,1.0,1704038400,1706716500
2024,S117,2,8348,8348,8352,0.99952107,4,8352,4,0.99952107,1,0,0,8348,0.99952107,1706716800,1709222100
2024,S117,3,8638,8638,8928,0.96751792,290,8928,290,0.96751792,1,0,0,8638,0.96751792,1709222400,1711900500
2024,S117,4,8640,8640,8640,1.0,0,8640,0,1.0,1,0,0,8640,1.0,1711900800,1714492500
2024,S117,5,8919,8919,8928,0.99899194,9,8928,9,0.99899194,1,0,0,8919,0.99899194,1714492800,1717170900
2024,S117,6,8617,8617,8640,0.99733796,23,8640,23,0.99733796,1,0,0,8617,0.99733796,1717171200,1719762900
2024,S117,7,8621,8621,8928,0.9656138,307,8928,307,0.9656138,1,0,0,8621,0.9656138,1719763200,1722441300
2024,S117,8,4601,4601,8928,0.51534498,4327,8928,4327,0.51534498,1,0,0,4601,0.51534498,1722441600,1725119700
2024,S117,9,8495,8495,8640,0.98321759,145,8640,145,0.98321759,1,0,0,8495,0.98321759,1725120000,1727711700
2024,S117,10,8925,8925,8928,0.99966398,3,8928,3,0.99966398,1,0,0,8925,0.99966398,1727712000,1730390100
2024,S117,11,8389,8389,8640,0.97094907,251,8640,251,0.97094907,1,0,0,8389,0.97094907,1730390400,1732982100
2024,S117,12,8916,8916,8928,0.99865591,12,8928,12,0.99865591,1,0,0,8916,0.99865591,1732982400,1735660500
2024,S118,1,2413,2413,8928,0.2702733,6515,2706,293,0.8917221,1,0,0,2413,0.2702733,1704038400,1704849900
2024,S118,2,0,0,8352,0.0,8352,0,0,,0,0,0,0,0.0,,
2024,S118,3,0,0,8928,0.0,8928,0,0,,0,0,0,0,0.0,,
2024,S118,4,0,0,8640,0.0,8640,0,0,,0,0,0,0,0.0,,
2024,S118,5,0,0,8928,0.0,8928,0,0,,0,0,0,0,0.0,,
2024,S118,6,0,0,8640,0.0,8640,0,0,,0,0,0,0,0.0,,
2024,S118,7,0,0,8928,0.0,8928,0,0,,0,0,0,0,0.0,,
2024,S118,8,0,0,8928,0.0,8928,0,0,,0,0,0,0,0.0,,
2024,S118,9,0,0,8640,0.0,8640,0,0,,0,0,0,0,0.0,,
2024,S118,10,0,0,8928,0.0,8928,0,0,,0,0,0,0,0.0,,
2024,S118,11,0,0,8640,0.0,8640,0,0,,0,0,0,0,0.0,,
2024,S118,12,0,0,8928,0.0,8928,0,0,,0,0,0,0,0.0,,
2024,S119,1,8927,8927,8928,0.99988799,1,8928,1,0.99988799,1,0,0,8927,0.99988799,1704038400,1706716500
2024,S119,2,8348,8348,8352,0.99952107,4,8352,4,0.99952107,1,0,0,8348,0.99952107,1706716800,1709222100
2024,S119,3,8928,8928,8928,1.0,0,8928,0,1.0,1,0,0,8928,1.0,1709222400,1711900500
2024,S119,4,8640,8640,8640,1.0,0,8640,0,1.0,1,0,0,8640,1.0,1711900800,1714492500
2024,S119,5,8722,8722,8928,0.97692652,206,8928,206,0.97692652,1,0,0,8722,0.97692652,1714492800,1717170900
2024,S119,6,8625,8625,8640,0.99826389,15,8640,15,0.99826389,1,0,0,8625,0.99826389,1717171200,1719762900
2024,S119,7,8820,8820,8928,0.98790323,108,8928,108,0.98790323,1,0,0,8820,0.98790323,1719763200,1722441300
2024,S119,8,8516,8516,8928,0.95385305,412,8928,412,0.95385305,1,0,0,8516,0.95385305,1722441600,1725119700
2024,S119,9,8527,8527,8640,0.9869213,113,8640,113,0.9869213,1,0,0,8527,0.9869213,1725120000,1727711700
2024,S119,10,8928,8928,8928,1.0,0,8928,0,1.0,1,0,0,8928,1.0,1727712000,1730390100
2024,S119,11,8390,8390,8640,0.97106481,250,8640,250,0.97106481,1,0,0,8390,0.97106481,1730390400,1732982100
2024,S119,12,8916,8916,8928,0.99865591,12,8928,12,0.99865591,1,0,0,8916,0.99865591,1732982400,1735660500
2024,S120,1,8926,8926,8928,0.99977599,2,8928,2,0.99977599,1,0,0,8926,0.99977599,1704038400,1706716500
2024,S120,2,8347,8347,8352,0.99940134,5,8352,5,0.99940134,1,0,0,8347,0.99940134,1706716800,1709222100
2024,S120,3,5001,5001,8928,0.56014785,3927,8928,3927,0.56014785,1,0,0,5001,0.56014785,1709222400,1711900500
2024,S120,4,8632,8632,8640,0.99907407,8,8640,8,0.99907407,1,0,0,8632,0.99907407,1711900800,1714492500
2024,S120,5,475,475,8928,0.05320341,8453,476,1,0.99789916,1,0,0,475,0.05320341,1714492800,1714635300
2024,S120,6,0,0,8640,0.0,8640,0,0,,0,0,0,0,0.0,,
2024,S120,7,0,0,8928,0.0,8928,0,0,,0,0,0,0,0.0,,
2024,S120,8,0,0,8928,0.0,8928,0,0,,0,0,0,0,0.0,,
2024,S120,9,0,0,8640,0.0,8640,0,0,,0,0,0,0,0.0,,
2024,S120,10,0,0,8928,0.0,8928,0,0,,0,0,0,0,0.0,,
2024,S120,11,0,0,8640,0.0,8640,0,0,,0,0,0,0,0.0,,
2024,S120,12,0,0,8928,0.0,8928,0,0,,0,0,0,0,0.0,,
2024,S121,1,8921,8921,8928,0.99921595,7,8928,7,0.99921595,1,0,0,8921,0.99921595,1704038400,1706716500
2024,S121,2,8348,8348,8352,0.99952107,4,8352,4,0.99952107,1,0,0,8348,0.99952107,1706716800,1709222100
2024,S121,3,8928,8928,8928,1.0,0,8928,0,1.0,1,0,0,8928,1.0,1709222400,1711900500
2024,S121,4,8640,8640,8640,1.0,0,8640,0,1.0,1,0,0,8640,1.0,1711900800,1714492500
2024,S121,5,8922,8922,8928,0.99932796,6,8928,6,0.99932796,1,0,0,8922,0.99932796,1714492800,1717170900
2024,S121,6,5731,5731,8640,0.66331019,2909,8154,2423,0.70284523,1,0,0,5731,0.66331019,1717171200,1719617100
2024,S121,7,8630,8630,8928,0.96662186,298,8753,123,0.98594768,1,0,0,8630,0.96662186,1719815700,1722441300
2024,S121,8,7705,7705,8928,0.86301523,1223,8928,1223,0.86301523,1,0,0,7705,0.86301523,1722441600,1725119700
2024,S121,9,8533,8533,8640,0.98761574,107,8640,107,0.98761574,1,0,0,8533,0.98761574,1725120000,1727711700
2024,S121,10,8924,8924,8928,0.99955197,4,8928,4,0.99955197,1,0,0,8924,0.99955197,1727712000,1730390100
2024,S121,11,8389,8389,8640,0.97094907,251,8640,251,0.97094907,1,0,0,8389,0.97094907,1730390400,1732982100
2024,S121,12,8915,8915,8928,0.99854391,13,8928,13,0.99854391,1,0,0,8915,0.99854391,1732982400,1735660500
2024,S123,1,8913,8913,8928,0.99831989,15,8928,15,0.99831989,1,0,0,8913,0.99831989,1704038400,1706716500
2024,S123,2,8348,8348,8352,0.99952107,4,8352,4,0.99952107,1,0,0,8348,0.99952107,1706716800,1709222100
2024,S123,3,6323,6323,8928,0.70822133,2605,8928,2605,0.70822133,1,0,0,6323,0.70822133,1709222400,1711900500
2024,S123,4,8627,8627,8640,0.99849537,13,8640,13,0.99849537,1,0,0,8627,0.99849537,1711900800,1714492500
2024,S123,5,8722,8722,8928,0.97692652,206,8928,206,0.97692652,1,0,0,8722,0.97692652,1714492800,1717170900
2024,S123,6,8625,8625,8640,0.99826389,15,8640,15,0.99826389,1,0,0,8625,0.99826389,1717171200,1719762900
2024,S123,7,6501,6501,8928,0.7281586,2427,8928,2427,0.7281586,1,0,0,6501,0.7281586,1719763200,1722441300
2024,S123,8,4441,4441,8928,0.49742384,4487,8918,4477,0.49798161,1,0,0,4441,0.49742384,1722441600,1725116700
2024,S123,9,5750,5750,8640,0.66550926,2890,7786,2036,0.73850501,1,0,0,5750,0.66550926,1725157500,1727493000
2024,S123,10,3746,3746,8928,0.41957885,5182,3746,0,1.0,1,0,0,3746,0.41957885,1728976500,1730100000
2024,S123,11,0,0,8640,0.0,8640,0,0,,0,0,0,0,0.0,,
2024,S123,12,7946,7946,8928,0.89000896,982,7958,12,0.99849208,1,0,0,7946,0.89000896,1733273400,1735660500
2024,S201,1,8928,8928,8928,1.0,0,8928,0,1.0,1,0,0,8928,1.0,1704038400,1706716500
2024,S201,2,8348,8348,8352,0.99952107,4,8352,4,0.99952107,1,0,0,8348,0.99952107,1706716800,1709222100
2024,S201,3,8928,8928,8928,1.0,0,8928,0,1.0,1,0,0,8928,1.0,1709222400,1711900500
2024,S201,4,8640,8640,8640,1.0,0,8640,0,1.0,1,0,0,8640,1.0,1711900800,1714492500
2024,S201,5,8923,8923,8928,0.99943996,5,8928,5,0.99943996,1,0,0,8923,0.99943996,1714492800,1717170900
2024,S201,6,8625,8625,8640,0.99826389,15,8640,15,0.99826389,1,0,0,8625,0.99826389,1717171200,1719762900
2024,S201,7,8918,8918,8928,0.99887993,10,8928,10,0.99887993,1,0,0,8918,0.99887993,1719763200,1722441300
2024,S201,8,8928,8928,8928,1.0,0,8928,0,1.0,1,0,0,8928,1.0,1722441600,1725119700
2024,S201,9,8639,8639,8640,0.99988426,1,8640,1,0.99988426,1,0,0,8639,0.99988426,1725120000,1727711700
2024,S201,10,8910,8910,8928,0.99798387,18,8928,18,0.99798387,1,0,0,8910,0.99798387,1727712000,1730390100
2024,S201,11,8390,8390,8640,0.97106481,250,8640,250,0.97106481,1,0,0,8390,0.97106481,1730390400,1732982100
2024,S201,12,8916,8916,8928,0.99865591,12,8928,12,0.99865591,1,0,0,8916,0.99865591,1732982400,1735660500
2024,S203,1,8928,8928,8928,1.0,0,8928,0,1.0,1,0,0,8928,1.0,1704038400,1706716500
2024,S203,2,8348,8348,8352,0.99952107,4,8352,4,0.99952107,1,0,0,8348,0.99952107,1706716800,1709222100
2024,S203,3,8928,8928,8928,1.0,0,8928,0,1.0,1,0,0,8928,1.0,1709222400,1711900500
2024,S203,4,8640,8640,8640,1.0,0,8640,0,1.0,1,0,0,8640,1.0,1711900800,1714492500
2024,S203,5,8923,8923,8928,0.99943996,5,8928,5,0.99943996,1,0,0,8923,0.99943996,1714492800,1717170900
2024,S203,6,8625,8625,8640,0.99826389,15,8640,15,0.99826389,1,0,0,8625,0.99826389,1717171200,1719762900
2024,S203,7,8924,8924,8928,0.99955197,4,8928,4,0.99955197,1,0,0,8924,0.99955197,1719763200,1722441300
2024,S203,8,3834,3834,8928,0.42943548,5094,8928,5094,0.42943548,1,0,0,3834,0.42943548,1722441600,1725119700
2024,S203,9,8639,8639,8640,0.99988426,1,8640,1,0.99988426,1,0,0,8639,0.99988426,1725120000,1727711700
2024,S203,10,8912,8912,8928,0.99820789,16,8928,16,0.99820789,1,0,0,8912,0.99820789,1727712000,1730390100
2024,S203,11,8390,8390,8640,0.97106481,250,8640,250,0.97106481,1,0,0,8390,0.97106481,1730390400,1732982100
2024,S203,12,8916,8916,8928,0.99865591,12,8928,12,0.99865591,1,0,0,8916,0.99865591,1732982400,1735660500
2024,S207,1,8923,8923,8928,0.99943996,5,8928,5,0.99943996,1,0,0,8923,0.99943996,1704038400,1706716500
2024,S207,2,8320,8320,8352,0.99616858,32,8352,32,0.99616858,1,0,0,8320,0.99616858,1706716800,1709222100
2024,S207,3,8507,8507,8928,0.95284498,421,8928,421,0.95284498,1,0,0,8507,0.95284498,1709222400,1711900500
2024,S207,4,8640,8640,8640,1.0,0,8640,0,1.0,1,0,0,8640,1.0,1711900800,1714492500
2024,S207,5,8923,8923,8928,0.99943996,5,8928,5,0.99943996,1,0,0,8923,0.99943996,1714492800,1717170900
2024,S207,6,8625,8625,8640,0.99826389,15,8640,15,0.99826389,1,0,0,8625,0.99826389,1717171200,1719762900
2024,S207,7,8636,8636,8928,0.96729391,292,8928,292,0.96729391,1,0,0,8636,0.96729391,1719763200,1722441300
2024,S207,8,8928,8928,8928,1.0,0,8928,0,1.0,1,0,0,8928,1.0,1722441600,1725119700
2024,S207,9,8639,8639,8640,0.99988426,1,8640,1,0.99988426,1,0,0,8639,0.99988426,1725120000,1727711700
2024,S207,10,8912,8912,8928,0.99820789,16,8928,16,0.99820789,1,0,0,8912,0.99820789,1727712000,1730390100
2024,S207,11,8390,8390,8640,0.97106481,250,8640,250,0.97106481,1,0,0,8390,0.97106481,1730390400,1732982100
2024,S207,12,8916,8916,8928,0.99865591,12,8928,12,0.99865591,1,0,0,8916,0.99865591,1732982400,1735660500
2024,S208,1,8928,8928,8928,1.0,0,8928,0,1.0,1,0,0,8928,1.0,1704038400,1706716500
2024,S208,2,8348,8348,8352,0.99952107,4,8352,4,0.99952107,1,0,0,8348,0.99952107,1706716800,1709222100
2024,S208,3,8928,8928,8928,1.0,0,8928,0,1.0,1,0,0,8928,1.0,1709222400,1711900500
2024,S208,4,8640,8640,8640,1.0,0,8640,0,1.0,1,0,0,8640,1.0,1711900800,1714492500
2024,S208,5,8923,8923,8928,0.99943996,5,8928,5,0.99943996,1,0,0,8923,0.99943996,1714492800,1717170900
2024,S208,6,8625,8625,8640,0.99826389,15,8640,15,0.99826389,1,0,0,8625,0.99826389,1717171200,1719762900
2024,S208,7,8917,8917,8928,0.99876792,11,8928,11,0.99876792,1,0,0,8917,0.99876792,1719763200,1722441300
2024,S208,8,8918,8918,8928,0.99887993,10,8928,10,0.99887993,1,0,0,8918,0.99887993,1722441600,1725119700
2024,S208,9,8639,8639,8640,0.99988426,1,8640,1,0.99988426,1,0,0,8639,0.99988426,1725120000,1727711700
2024,S208,10,8912,8912,8928,0.99820789,16,8928,16,0.99820789,1,0,0,8912,0.99820789,1727712000,1730390100
2024,S208,11,8390,8390,8640,0.97106481,250,8640,250,0.97106481,1,0,0,8390,0.97106481,1730390400,1732982100
2024,S208,12,8916,8916,8928,0.99865591,12,8928,12,0.99865591,1,0,0,8916,0.99865591,1732982400,1735660500
2024,S209,1,8925,8925,8928,0.99966398,3,8928,3,0.99966398,1,0,0,8925,0.99966398,1704038400,1706716500
2024,S209,2,8229,8229,8352,0.98527299,123,8352,123,0.98527299,1,0,0,8229,0.98527299,1706716800,1709222100
2024,S209,3,8928,8928,8928,1.0,0,8928,0,1.0,1,0,0,8928,1.0,1709222400,1711900500
2024,S209,4,8640,8640,8640,1.0,0,8640,0,1.0,1,0,0,8640,1.0,1711900800,1714492500
2024,S209,5,8923,8923,8928,0.99943996,5,8928,5,0.99943996,1,0,0,8923,0.99943996,1714492800,1717170900
2024,S209,6,8625,8625,8640,0.99826389,15,8640,15,0.99826389,1,0,0,8625,0.99826389,1717171200,1719762900
2024,S209,7,8924,8924,8928,0.99955197,4,8928,4,0.99955197,1,0,0,8924,0.99955197,1719763200,1722441300
2024,S209,8,8928,8928,8928,1.0,0,8928,0,1.0,1,0,0,8928,1.0,1722441600,1725119700
2024,S209,9,8638,8638,8640,0.99976852,2,8640,2,0.99976852,1,0,0,8638,0.99976852,1725120000,1727711700
2024,S209,10,8912,8912,8928,0.99820789,16,8928,16,0.99820789,1,0,0,8912,0.99820789,1727712000,1730390100
2024,S209,11,8390,8390,8640,0.97106481,250,8640,250,0.97106481,1,0,0,8390,0.97106481,1730390400,1732982100
2024,S209,12,8916,8916,8928,0.99865591,12,8928,12,0.99865591,1,0,0,8916,0.99865591,1732982400,1735660500
2024,S210,1,7147,7147,8928,0.80051523,1781,8928,1781,0.80051523,1,0,0,7147,0.80051523,1704038400,1706716500
2024,S210,2,8348,8348,8352,0.99952107,4,8352,4,0.99952107,1,0,0,8348,0.99952107,1706716800,1709222100
2024,S210,3,8928,8928,8928,1.0,0,8928,0,1.0,1,0,0,8928,1.0,1709222400,1711900500
2024,S210,4,8640,8640,8640,1.0,0,8640,0,1.0,1,0,0,8640,1.0,1711900800,1714492500
2024,S210,5,8923,8923,8928,0.99943996,5,8928,5,0.99943996,1,0,0,8923,0.99943996,1714492800,1717170900
2024,S210,6,8625,8625,8640,0.99826389,15,8640,15,0.99826389,1,0,0,8625,0.99826389,1717171200,1719762900
2024,S210,7,8928,8928,8928,1.0,0,8928,0,1.0,1,0,0,8928,1.0,1719763200,1722441300
2024,S210,8,8914,8914,8928,0.9984319,14,8928,14,0.9984319,1,0,0,8914,0.9984319,1722441600,1725119700
2024,S210,9,8638,8638,8640,0.99976852,2,8640,2,0.99976852,1,0,0,8638,0.99976852,1725120000,1727711700
2024,S210,10,8912,8912,8928,0.99820789,16,8928,16,0.99820789,1,0,0,8912,0.99820789,1727712000,1730390100
2024,S210,11,8390,8390,8640,0.97106481,250,8640,250,0.97106481,1,0,0,8390,0.97106481,1730390400,1732982100
2024,S210,12,8913,8913,8928,0.99831989,15,8928,15,0.99831989,1,0,0,8913,0.99831989,1732982400,1735660500
2024,S211,1,8925,8925,8928,0.99966398,3,8928,3,0.99966398,1,0,0,8925,0.99966398,1704038400,1706716500
2024,S211,2,8348,8348,8352,0.99952107,4,8352,4,0.99952107,1,0,0,8348,0.99952107,1706716800,1709222100
2024,S211,3,8928,8928,8928,1.0,0,8928,0,1.0,1,0,0,8928,1.0,1709222400,1711900500
2024,S211,4,8640,8640,8640,1.0,0,8640,0,1.0,1,0,0,8640,1.0,1711900800,1714492500
2024,S211,5,8922,8922,8928,0.99932796,6,8928,6,0.99932796,1,0,0,8922,0.99932796,1714492800,1717170900
2024,S211,6,7463,7463,8640,0.86377315,1177,7478,15,0.99799412,1,0,0,7463,0.86377315,1717171200,1719414300
2024,S211,7,8675,8675,8928,0.97166219,253,8748,73,0.99165524,1,0,0,8675,0.97166219,1719817200,1722441300
2024,S211,8,8928,8928,8928,1.0,0,8928,0,1.0,1,0,0,8928,1.0,1722441600,1725119700
2024,S211,9,8639,8639,8640,0.99988426,1,8640,1,0.99988426,1,0,0,8639,0.99988426,1725120000,1727711700
2024,S211,10,8912,8912,8928,0.99820789,16,8928,16,0.99820789,1,0,0,8912,0.99820789,1727712000,1730390100
2024,S211,11,8390,8390,8640,0.97106481,250,8640,250,0.97106481,1,0,0,8390,0.97106481,1730390400,1732982100
2024,S211,12,8916,8916,8928,0.99865591,12,8928,12,0.99865591,1,0,0,8916,0.99865591,1732982400,1735660500
2024,S212,1,8928,8928,8928,1.0,0,8928,0,1.0,1,0,0,8928,1.0,1704038400,1706716500
2024,S212,2,8348,8348,8352,0.99952107,4,8352,4,0.99952107,1,0,0,8348,0.99952107,1706716800,1709222100
2024,S212,3,8928,8928,8928,1.0,0,8928,0,1.0,1,0,0,8928,1.0,1709222400,1711900500
2024,S212,4,8640,8640,8640,1.0,0,8640,0,1.0,1,0,0,8640,1.0,1711900800,1714492500
2024,S212,5,8923,8923,8928,0.99943996,5,8928,5,0.99943996,1,0,0,8923,0.99943996,1714492800,1717170900
2024,S212,6,8625,8625,8640,0.99826389,15,8640,15,0.99826389,1,0,0,8625,0.99826389,1717171200,1719762900
2024,S212,7,8928,8928,8928,1.0,0,8928,0,1.0,1,0,0,8928,1.0,1719763200,1722441300
2024,S212,8,1183,1183,8928,0.13250448,7745,1183,0,1.0,1,0,0,1183,0.13250448,1722441600,1722796200
2024,S212,9,0,0,8640,0.0,8640,0,0,,0,0,0,0,0.0,,
2024,S212,10,0,0,8928,0.0,8928,0,0,,0,0,0,0,0.0,,
2024,S212,11,0,0,8640,0.0,8640,0,0,,0,0,0,0,0.0,,
2024,S212,12,0,0,8928,0.0,8928,0,0,,0,0,0,0,0.0,,
2024,S213,1,8928,8928,8928,1.0,0,8928,0,1.0,1,0,0,8928,1.0,1704038400,1706716500
2024,S213,2,8348,8348,8352,0.99952107,4,8352,4,0.99952107,1,0,0,8348,0.99952107,1706716800,1709222100
2024,S213,3,8927,8927,8928,0.99988799,1,8928,1,0.99988799,1,0,0,8927,0.99988799,1709222400,1711900500
2024,S213,4,8640,8640,8640,1.0,0,8640,0,1.0,1,0,0,8640,1.0,1711900800,1714492500
2024,S213,5,8923,8923,8928,0.99943996,5,8928,5,0.99943996,1,0,0,8923,0.99943996,1714492800,1717170900
2024,S213,6,8625,8625,8640,0.99826389,15,8640,15,0.99826389,1,0,0,8625,0.99826389,1717171200,1719762900
2024,S213,7,8926,8926,8928,0.99977599,2,8928,2,0.99977599,1,0,0,8926,0.99977599,1719763200,1722441300
2024,S213,8,8928,8928,8928,1.0,0,8928,0,1.0,1,0,0,8928,1.0,1722441600,1725119700
2024,S213,9,8638,8638,8640,0.99976852,2,8640,2,0.99976852,1,0,0,8638,0.99976852,1725120000,1727711700
2024,S213,10,8912,8912,8928,0.99820789,16,8928,16,0.99820789,1,0,0,8912,0.99820789,1727712000,1730390100
2024,S213,11,8390,8390,8640,0.97106481,250,8640,250,0.97106481,1,0,0,8390,0.97106481,1730390400,1732982100
2024,S213,12,8394,8394,8928,0.94018817,534,8928,534,0.94018817,1,0,0,8394,0.94018817,1732982400,1735660500
2024,S214,1,8928,8928,8928,1.0,0,8928,0,1.0,1,0,0,8928,1.0,1704038400,1706716500
2024,S214,2,8348,8348,8352,0.99952107,4,8352,4,0.99952107,1,0,0,8348,0.99952107,1706716800,1709222100
2024,S214,3,8928,8928,8928,1.0,0,8928,0,1.0,1,0,0,8928,1.0,1709222400,1711900500
2024,S214,4,8640,8640,8640,1.0,0,8640,0,1.0,1,0,0,8640,1.0,1711900800,1714492500
2024,S214,5,8923,8923,8928,0.99943996,5,8928,5,0.99943996,1,0,0,8923,0.99943996,1714492800,1717170900
2024,S214,6,8625,8625,8640,0.99826389,15,8640,15,0.99826389,1,0,0,8625,0.99826389,1717171200,1719762900
2024,S214,7,8924,8924,8928,0.99955197,4,8928,4,0.99955197,1,0,0,8924,0.99955197,1719763200,1722441300
2024,S214,8,8928,8928,8928,1.0,0,8928,0,1.0,1,0,0,8928,1.0,1722441600,1725119700
2024,S214,9,8639,8639,8640,0.99988426,1,8640,1,0.99988426,1,0,0,8639,0.99988426,1725120000,1727711700
2024,S214,10,8912,8912,8928,0.99820789,16,8928,16,0.99820789,1,0,0,8912,0.99820789,1727712000,1730390100
2024,S214,11,8390,8390,8640,0.97106481,250,8640,250,0.97106481,1,0,0,8390,0.97106481,1730390400,1732982100
2024,S214,12,8916,8916,8928,0.99865591,12,8928,12,0.99865591,1,0,0,8916,0.99865591,1732982400,1735660500
2024,S215,1,5708,5708,8928,0.63933692,3220,7568,1860,0.75422833,1,0,0,5708,0.63933692,1704038400,1706308500
2024,S215,2,1859,1859,8352,0.22258142,6493,8072,6213,0.23030228,1,0,0,1859,0.22258142,1706800800,1709222100
2024,S215,3,8928,8928,8928,1.0,0,8928,0,1.0,1,0,0,8928,1.0,1709222400,1711900500
2024,S215,4,8627,8627,8640,0.99849537,13,8640,13,0.99849537,1,0,0,8627,0.99849537,1711900800,1714492500
2024,S215,5,8923,8923,8928,0.99943996,5,8928,5,0.99943996,1,0,0,8923,0.99943996,1714492800,1717170900
2024,S215,6,8625,8625,8640,0.99826389,15,8640,15,0.99826389,1,0,0,8625,0.99826389,1717171200,1719762900
2024,S215,7,8923,8923,8928,0.99943996,5,8928,5,0.99943996,1,0,0,8923,0.99943996,1719763200,1722441300
2024,S215,8,8928,8928,8928,1.0,0,8928,0,1.0,1,0,0,8928,1.0,1722441600,1725119700
2024,S215,9,8639,8639,8640,0.99988426,1,8640,1,0.99988426,1,0,0,8639,0.99988426,1725120000,1727711700
2024,S215,10,8912,8912,8928,0.99820789,16,8928,16,0.99820789,1,0,0,8912,0.99820789,1727712000,1730390100
2024,S215,11,8390,8390,8640,0.97106481,250,8640,250,0.97106481,1,0,0,8390,0.97106481,1730390400,1732982100
2024,S215,12,8916,8916,8928,0.99865591,12,8928,12,0.99865591,1,0,0,8916,0.99865591,1732982400,1735660500
2024,S216,1,8928,8928,8928,1.0,0,8928,0,1.0,1,0,0,8928,1.0,1704038400,1706716500
2024,S216,2,8348,8348,8352,0.99952107,4,8352,4,0.99952107,1,0,0,8348,0.99952107,1706716800,1709222100
2024,S216,3,8928,8928,8928,1.0,0,8928,0,1.0,1,0,0,8928,1.0,1709222400,1711900500
2024,S216,4,8640,8640,8640,1.0,0,8640,0,1.0,1,0,0,8640,1.0,1711900800,1714492500
2024,S216,5,8921,8921,8928,0.99921595,7,8928,7,0.99921595,1,0,0,8921,0.99921595,1714492800,1717170900
2024,S216,6,8625,8625,8640,0.99826389,15,8640,15,0.99826389,1,0,0,8625,0.99826389,1717171200,1719762900
2024,S216,7,8923,8923,8928,0.99943996,5,8928,5,0.99943996,1,0,0,8923,0.99943996,1719763200,1722441300
2024,S216,8,8928,8928,8928,1.0,0,8928,0,1.0,1,0,0,8928,1.0,1722441600,1725119700
2024,S216,9,8639,8639,8640,0.99988426,1,8640,1,0.99988426,1,0,0,8639,0.99988426,1725120000,1727711700
2024,S216,10,8912,8912,8928,0.99820789,16,8928,16,0.99820789,1,0,0,8912,0.99820789,1727712000,1730390100
2024,S216,11,8390,8390,8640,0.97106481,250,8640,250,0.97106481,1,0,0,8390,0.97106481,1730390400,1732982100
2024,S216,12,8916,8916,8928,0.99865591,12,8928,12,0.99865591,1,0,0,8916,0.99865591,1732982400,1735660500
2024,S217,1,8928,8928,8928,1.0,0,8928,0,1.0,1,0,0,8928,1.0,1704038400,1706716500
2024,S217,2,8348,8348,8352,0.99952107,4,8352,4,0.99952107,1,0,0,8348,0.99952107,1706716800,1709222100
2024,S217,3,8928,8928,8928,1.0,0,8928,0,1.0,1,0,0,8928,1.0,1709222400,1711900500
2024,S217,4,8640,8640,8640,1.0,0,8640,0,1.0,1,0,0,8640,1.0,1711900800,1714492500
2024,S217,5,8923,8923,8928,0.99943996,5,8928,5,0.99943996,1,0,0,8923,0.99943996,1714492800,1717170900
2024,S217,6,8625,8625,8640,0.99826389,15,8640,15,0.99826389,1,0,0,8625,0.99826389,1717171200,1719762900
2024,S217,7,8875,8875,8928,0.99406362,53,8928,53,0.99406362,1,0,0,8875,0.99406362,1719763200,1722441300
2024,S217,8,8928,8928,8928,1.0,0,8928,0,1.0,1,0,0,8928,1.0,1722441600,1725119700
2024,S217,9,8639,8639,8640,0.99988426,1,8640,1,0.99988426,1,0,0,8639,0.99988426,1725120000,1727711700
2024,S217,10,8912,8912,8928,0.99820789,16,8928,16,0.99820789,1,0,0,8912,0.99820789,1727712000,1730390100
2024,S217,11,8390,8390,8640,0.97106481,250,8640,250,0.97106481,1,0,0,8390,0.97106481,1730390400,1732982100
2024,S217,12,8916,8916,8928,0.99865591,12,8928,12,0.99865591,1,0,0,8916,0.99865591,1732982400,1735660500
2024,S218,1,8927,8927,8928,0.99988799,1,8928,1,0.99988799,1,0,0,8927,0.99988799,1704038400,1706716500
2024,S218,2,8346,8346,8352,0.99928161,6,8352,6,0.99928161,1,0,0,8346,0.99928161,1706716800,1709222100
2024,S218,3,8928,8928,8928,1.0,0,8928,0,1.0,1,0,0,8928,1.0,1709222400,1711900500
2024,S218,4,8640,8640,8640,1.0,0,8640,0,1.0,1,0,0,8640,1.0,1711900800,1714492500
2024,S218,5,8923,8923,8928,0.99943996,5,8928,5,0.99943996,1,0,0,8923,0.99943996,1714492800,1717170900
2024,S218,6,8625,8625,8640,0.99826389,15,8640,15,0.99826389,1,0,0,8625,0.99826389,1717171200,1719762900
2024,S218,7,8928,8928,8928,1.0,0,8928,0,1.0,1,0,0,8928,1.0,1719763200,1722441300
2024,S218,8,8925,8925,8928,0.99966398,3,8928,3,0.99966398,1,0,0,8925,0.99966398,1722441600,1725119700
2024,S218,9,8638,8638,8640,0.99976852,2,8640,2,0.99976852,1,0,0,8638,0.99976852,1725120000,1727711700
2024,S218,10,8912,8912,8928,0.99820789,16,8928,16,0.99820789,1,0,0,8912,0.99820789,1727712000,1730390100
2024,S218,11,8390,8390,8640,0.97106481,250,8640,250,0.97106481,1,0,0,8390,0.97106481,1730390400,1732982100
2024,S218,12,8916,8916,8928,0.99865591,12,8928,12,0.99865591,1,0,0,8916,0.99865591,1732982400,1735660500
2024,S219,1,8928,8928,8928,1.0,0,8928,0,1.0,1,0,0,8928,1.0,1704038400,1706716500
2024,S219,2,8348,8348,8352,0.99952107,4,8352,4,0.99952107,1,0,0,8348,0.99952107,1706716800,1709222100
2024,S219,3,8928,8928,8928,1.0,0,8928,0,1.0,1,0,0,8928,1.0,1709222400,1711900500
2024,S219,4,8640,8640,8640,1.0,0,8640,0,1.0,1,0,0,8640,1.0,1711900800,1714492500
2024,S219,5,8923,8923,8928,0.99943996,5,8928,5,0.99943996,1,0,0,8923,0.99943996,1714492800,1717170900
2024,S219,6,8625,8625,8640,0.99826389,15,8640,15,0.99826389,1,0,0,8625,0.99826389,1717171200,1719762900
2024,S219,7,8923,8923,8928,0.99943996,5,8928,5,0.99943996,1,0,0,8923,0.99943996,1719763200,1722441300
2024,S219,8,8928,8928,8928,1.0,0,8928,0,1.0,1,0,0,8928,1.0,1722441600,1725119700
2024,S219,9,8639,8639,8640,0.99988426,1,8640,1,0.99988426,1,0,0,8639,0.99988426,1725120000,1727711700
2024,S219,10,8912,8912,8928,0.99820789,16,8928,16,0.99820789,1,0,0,8912,0.99820789,1727712000,1730390100
2024,S219,11,8390,8390,8640,0.97106481,250,8640,250,0.97106481,1,0,0,8390,0.97106481,1730390400,1732982100
2024,S219,12,8916,8916,8928,0.99865591,12,8928,12,0.99865591,1,0,0,8916,0.99865591,1732982400,1735660500
2024,S220,1,8928,8928,8928,1.0,0,8928,0,1.0,1,0,0,8928,1.0,1704038400,1706716500
2024,S220,2,8348,8348,8352,0.99952107,4,8352,4,0.99952107,1,0,0,8348,0.99952107,1706716800,1709222100
2024,S220,3,8928,8928,8928,1.0,0,8928,0,1.0,1,0,0,8928,1.0,1709222400,1711900500
2024,S220,4,8640,8640,8640,1.0,0,8640,0,1.0,1,0,0,8640,1.0,1711900800,1714492500
2024,S220,5,8922,8922,8928,0.99932796,6,8928,6,0.99932796,1,0,0,8922,0.99932796,1714492800,1717170900
2024,S220,6,8625,8625,8640,0.99826389,15,8640,15,0.99826389,1,0,0,8625,0.99826389,1717171200,1719762900
2024,S220,7,8909,8909,8928,0.99787186,19,8928,19,0.99787186,1,0,0,8909,0.99787186,1719763200,1722441300
2024,S220,8,8928,8928,8928,1.0,0,8928,0,1.0,1,0,0,8928,1.0,1722441600,1725119700
2024,S220,9,8639,8639,8640,0.99988426,1,8640,1,0.99988426,1,0,0,8639,0.99988426,1725120000,1727711700
2024,S220,10,8912,8912,8928,0.99820789,16,8928,16,0.99820789,1,0,0,8912,0.99820789,1727712000,1730390100
2024,S220,11,8390,8390,8640,0.97106481,250,8640,250,0.97106481,1,0,0,8390,0.97106481,1730390400,1732982100
2024,S220,12,8916,8916,8928,0.99865591,12,8928,12,0.99865591,1,0,0,8916,0.99865591,1732982400,1735660500
2024,S221,1,8928,8928,8928,1.0,0,8928,0,1.0,1,0,0,8928,1.0,1704038400,1706716500
2024,S221,2,8347,8347,8352,0.99940134,5,8352,5,0.99940134,1,0,0,8347,0.99940134,1706716800,1709222100
2024,S221,3,8928,8928,8928,1.0,0,8928,0,1.0,1,0,0,8928,1.0,1709222400,1711900500
2024,S221,4,8640,8640,8640,1.0,0,8640,0,1.0,1,0,0,8640,1.0,1711900800,1714492500
2024,S221,5,8922,8922,8928,0.99932796,6,8928,6,0.99932796,1,0,0,8922,0.99932796,1714492800,1717170900
2024,S221,6,8625,8625,8640,0.99826389,15,8640,15,0.99826389,1,0,0,8625,0.99826389,1717171200,1719762900
2024,S221,7,8882,8882,8928,0.99484767,46,8928,46,0.99484767,1,0,0,8882,0.99484767,1719763200,1722441300
2024,S221,8,8928,8928,8928,1.0,0,8928,0,1.0,1,0,0,8928,1.0,1722441600,1725119700
2024,S221,9,8638,8638,8640,0.99976852,2,8640,2,0.99976852,1,0,0,8638,0.99976852,1725120000,1727711700
2024,S221,10,8912,8912,8928,0.99820789,16,8928,16,0.99820789,1,0,0,8912,0.99820789,1727712000,1730390100
2024,S221,11,8390,8390,8640,0.97106481,250,8640,250,0.97106481,1,0,0,8390,0.97106481,1730390400,1732982100
2024,S221,12,8916,8916,8928,0.99865591,12,8928,12,0.99865591,1,0,0,8916,0.99865591,1732982400,1735660500
2024,S222,1,8928,8928,8928,1.0,0,8928,0,1.0,1,0,0,8928,1.0,1704038400,1706716500
2024,S222,2,8348,8348,8352,0.99952107,4,8352,4,0.99952107,1,0,0,8348,0.99952107,1706716800,1709222100
2024,S222,3,8928,8928,8928,1.0,0,8928,0,1.0,1,0,0,8928,1.0,1709222400,1711900500
2024,S222,4,8640,8640,8640,1.0,0,8640,0,1.0,1,0,0,8640,1.0,1711900800,1714492500
2024,S222,5,8923,8923,8928,0.99943996,5,8928,5,0.99943996,1,0,0,8923,0.99943996,1714492800,1717170900
2024,S222,6,8625,8625,8640,0.99826389,15,8640,15,0.99826389,1,0,0,8625,0.99826389,1717171200,1719762900
2024,S222,7,8927,8927,8928,0.99988799,1,8928,1,0.99988799,1,0,0,8927,0.99988799,1719763200,1722441300
2024,S222,8,8909,8909,8928,0.99787186,19,8928,19,0.99787186,1,0,0,8909,0.99787186,1722441600,1725119700
2024,S222,9,8639,8639,8640,0.99988426,1,8640,1,0.99988426,1,0,0,8639,0.99988426,1725120000,1727711700
2024,S222,10,8862,8862,8928,0.99260753,66,8928,66,0.99260753,1,0,0,8862,0.99260753,1727712000,1730390100
2024,S222,11,8390,8390,8640,0.97106481,250,8640,250,0.97106481,1,0,0,8390,0.97106481,1730390400,1732982100
2024,S222,12,8916,8916,8928,0.99865591,12,8928,12,0.99865591,1,0,0,8916,0.99865591,1732982400,1735660500
2024,S223,1,8928,8928,8928,1.0,0,8928,0,1.0,1,0,0,8928,1.0,1704038400,1706716500
2024,S223,2,8348,8348,8352,0.99952107,4,8352,4,0.99952107,1,0,0,8348,0.99952107,1706716800,1709222100
2024,S223,3,8928,8928,8928,1.0,0,8928,0,1.0,1,0,0,8928,1.0,1709222400,1711900500
2024,S223,4,8640,8640,8640,1.0,0,8640,0,1.0,1,0,0,8640,1.0,1711900800,1714492500
2024,S223,5,8474,8474,8928,0.94914875,454,8928,454,0.94914875,1,0,0,8474,0.94914875,1714492800,1717170900
2024,S223,6,7194,7194,8640,0.83263889,1446,8640,1446,0.83263889,1,0,0,7194,0.83263889,1717171200,1719762900
2024,S223,7,8917,8917,8928,0.99876792,11,8928,11,0.99876792,1,0,0,8917,0.99876792,1719763200,1722441300
2024,S223,8,8916,8916,8928,0.99865591,12,8928,12,0.99865591,1,0,0,8916,0.99865591,1722441600,1725119700
2024,S223,9,8639,8639,8640,0.99988426,1,8640,1,0.99988426,1,0,0,8639,0.99988426,1725120000,1727711700
2024,S223,10,8912,8912,8928,0.99820789,16,8928,16,0.99820789,1,0,0,8912,0.99820789,1727712000,1730390100
2024,S223,11,8390,8390,8640,0.97106481,250,8640,250,0.97106481,1,0,0,8390,0.97106481,1730390400,1732982100
2024,S223,12,8916,8916,8928,0.99865591,12,8928,12,0.99865591,1,0,0,8916,0.99865591,1732982400,1735660500
2024,S224,1,8928,8928,8928,1.0,0,8928,0,1.0,1,0,0,8928,1.0,1704038400,1706716500
2024,S224,2,8348,8348,8352,0.99952107,4,8352,4,0.99952107,1,0,0,8348,0.99952107,1706716800,1709222100
2024,S224,3,8928,8928,8928,1.0,0,8928,0,1.0,1,0,0,8928,1.0,1709222400,1711900500
2024,S224,4,8640,8640,8640,1.0,0,8640,0,1.0,1,0,0,8640,1.0,1711900800,1714492500
2024,S224,5,8921,8921,8928,0.99921595,7,8928,7,0.99921595,1,0,0,8921,0.99921595,1714492800,1717170900
2024,S224,6,8625,8625,8640,0.99826389,15,8640,15,0.99826389,1,0,0,8625,0.99826389,1717171200,1719762900
2024,S224,7,8914,8914,8928,0.9984319,14,8928,14,0.9984319,1,0,0,8914,0.9984319,1719763200,1722441300
2024,S224,8,8914,8914,8928,0.9984319,14,8928,14,0.9984319,1,0,0,8914,0.9984319,1722441600,1725119700
2024,S224,9,8640,8640,8640,1.0,0,8640,0,1.0,1,0,0,8640,1.0,1725120000,1727711700
2024,S224,10,8912,8912,8928,0.99820789,16,8928,16,0.99820789,1,0,0,8912,0.99820789,1727712000,1730390100
2024,S224,11,8390,8390,8640,0.97106481,250,8640,250,0.97106481,1,0,0,8390,0.97106481,1730390400,1732982100
2024,S224,12,8916,8916,8928,0.99865591,12,8928,12,0.99865591,1,0,0,8916,0.99865591,1732982400,1735660500
2024,S226,1,8928,8928,8928,1.0,0,8928,0,1.0,1,0,0,8928,1.0,1704038400,1706716500
2024,S226,2,8348,8348,8352,0.99952107,4,8352,4,0.99952107,1,0,0,8348,0.99952107,1706716800,1709222100
2024,S226,3,8928,8928,8928,1.0,0,8928,0,1.0,1,0,0,8928,1.0,1709222400,1711900500
2024,S226,4,7609,7609,8640,0.8806713,1031,8640,1031,0.8806713,1,0,0,7609,0.8806713,1711900800,1714492500
2024,S226,5,8923,8923,8928,0.99943996,5,8928,5,0.99943996,1,0,0,8923,0.99943996,1714492800,1717170900
2024,S226,6,8625,8625,8640,0.99826389,15,8640,15,0.99826389,1,0,0,8625,0.99826389,1717171200,1719762900
2024,S226,7,8927,8927,8928,0.99988799,1,8928,1,0.99988799,1,0,0,8927,0.99988799,1719763200,1722441300
2024,S226,8,8742,8742,8928,0.97916667,186,8928,186,0.97916667,1,0,0,8742,0.97916667,1722441600,1725119700
2024,S226,9,8622,8622,8640,0.99791667,18,8640,18,0.99791667,1,0,0,8622,0.99791667,1725120000,1727711700
2024,S226,10,8910,8910,8928,0.99798387,18,8928,18,0.99798387,1,0,0,8910,0.99798387,1727712000,1730390100
2024,S226,11,8387,8387,8640,0.97071759,253,8640,253,0.97071759,1,0,0,8387,0.97071759,1730390400,1732982100
2024,S226,12,8916,8916,8928,0.99865591,12,8928,12,0.99865591,1,0,0,8916,0.99865591,1732982400,1735660500
2024,S227,1,8928,8928,8928,1.0,0,8928,0,1.0,1,0,0,8928,1.0,1704038400,1706716500
2024,S227,2,8348,8348,8352,0.99952107,4,8352,4,0.99952107,1,0,0,8348,0.99952107,1706716800,1709222100
2024,S227,3,8928,8928,8928,1.0,0,8928,0,1.0,1,0,0,8928,1.0,1709222400,1711900500
2024,S227,4,8640,8640,8640,1.0,0,8640,0,1.0,1,0,0,8640,1.0,1711900800,1714492500
2024,S227,5,8923,8923,8928,0.99943996,5,8928,5,0.99943996,1,0,0,8923,0.99943996,1714492800,1717170900
2024,S227,6,8625,8625,8640,0.99826389,15,8640,15,0.99826389,1,0,0,8625,0.99826389,1717171200,1719762900
2024,S227,7,8912,8912,8928,0.99820789,16,8928,16,0.99820789,1,0,0,8912,0.99820789,1719763200,1722441300
2024,S227,8,8928,8928,8928,1.0,0,8928,0,1.0,1,0,0,8928,1.0,1722441600,1725119700
2024,S227,9,8639,8639,8640,0.99988426,1,8640,1,0.99988426,1,0,0,8639,0.99988426,1725120000,1727711700
2024,S227,10,8912,8912,8928,0.99820789,16,8928,16,0.99820789,1,0,0,8912,0.99820789,1727712000,1730390100
2024,S227,11,8390,8390,8640,0.97106481,250,8640,250,0.97106481,1,0,0,8390,0.97106481,1730390400,1732982100
2024,S227,12,8916,8916,8928,0.99865591,12,8928,12,0.99865591,1,0,0,8916,0.99865591,1732982400,1735660500
2024,S228,1,8928,8928,8928,1.0,0,8928,0,1.0,1,0,0,8928,1.0,1704038400,1706716500
2024,S228,2,8348,8348,8352,0.99952107,4,8352,4,0.99952107,1,0,0,8348,0.99952107,1706716800,1709222100
2024,S228,3,8928,8928,8928,1.0,0,8928,0,1.0,1,0,0,8928,1.0,1709222400,1711900500
2024,S228,4,8640,8640,8640,1.0,0,8640,0,1.0,1,0,0,8640,1.0,1711900800,1714492500
2024,S228,5,8923,8923,8928,0.99943996,5,8928,5,0.99943996,1,0,0,8923,0.99943996,1714492800,1717170900
2024,S228,6,8625,8625,8640,0.99826389,15,8640,15,0.99826389,1,0,0,8625,0.99826389,1717171200,1719762900
2024,S228,7,8926,8926,8928,0.99977599,2,8928,2,0.99977599,1,0,0,8926,0.99977599,1719763200,1722441300
2024,S228,8,8928,8928,8928,1.0,0,8928,0,1.0,1,0,0,8928,1.0,1722441600,1725119700
2024,S228,9,8639,8639,8640,0.99988426,1,8640,1,0.99988426,1,0,0,8639,0.99988426,1725120000,1727711700
2024,S228,10,8912,8912,8928,0.99820789,16,8928,16,0.99820789,1,0,0,8912,0.99820789,1727712000,1730390100
2024,S228,11,8390,8390,8640,0.97106481,250,8640,250,0.97106481,1,0,0,8390,0.97106481,1730390400,1732982100
2024,S228,12,8916,8916,8928,0.99865591,12,8928,12,0.99865591,1,0,0,8916,0.99865591,1732982400,1735660500
2024,S229,1,8928,8928,8928,1.0,0,8928,0,1.0,1,0,0,8928,1.0,1704038400,1706716500
2024,S229,2,8348,8348,8352,0.99952107,4,8352,4,0.99952107,1,0,0,8348,0.99952107,1706716800,1709222100
2024,S229,3,8928,8928,8928,1.0,0,8928,0,1.0,1,0,0,8928,1.0,1709222400,1711900500
2024,S229,4,8640,8640,8640,1.0,0,8640,0,1.0,1,0,0,8640,1.0,1711900800,1714492500
2024,S229,5,8922,8922,8928,0.99932796,6,8928,6,0.99932796,1,0,0,8922,0.99932796,1714492800,1717170900
2024,S229,6,8625,8625,8640,0.99826389,15,8640,15,0.99826389,1,0,0,8625,0.99826389,1717171200,1719762900
2024,S229,7,8920,8920,8928,0.99910394,8,8928,8,0.99910394,1,0,0,8920,0.99910394,1719763200,1722441300
2024,S229,8,8928,8928,8928,1.0,0,8928,0,1.0,1,0,0,8928,1.0,1722441600,1725119700
2024,S229,9,8639,8639,8640,0.99988426,1,8640,1,0.99988426,1,0,0,8639,0.99988426,1725120000,1727711700
2024,S229,10,8912,8912,8928,0.99820789,16,8928,16,0.99820789,1,0,0,8912,0.99820789,1727712000,1730390100
2024,S229,11,8390,8390,8640,0.97106481,250,8640,250,0.97106481,1,0,0,8390,0.97106481,1730390400,1732982100
2024,S229,12,8916,8916,8928,0.99865591,12,8928,12,0.99865591,1,0,0,8916,0.99865591,1732982400,1735660500
2024,S230,1,8928,8928,8928,1.0,0,8928,0,1.0,1,0,0,8928,1.0,1704038400,1706716500
2024,S230,2,8348,8348,8352,0.99952107,4,8352,4,0.99952107,1,0,0,8348,0.99952107,1706716800,1709222100
2024,S230,3,8928,8928,8928,1.0,0,8928,0,1.0,1,0,0,8928,1.0,1709222400,1711900500
2024,S230,4,8640,8640,8640,1.0,0,8640,0,1.0,1,0,0,8640,1.0,1711900800,1714492500
2024,S230,5,8922,8922,8928,0.99932796,6,8928,6,0.99932796,1,0,0,8922,0.99932796,1714492800,1717170900
2024,S230,6,8625,8625,8640,0.99826389,15,8640,15,0.99826389,1,0,0,8625,0.99826389,1717171200,1719762900
2024,S230,7,8925,8925,8928,0.99966398,3,8928,3,0.99966398,1,0,0,8925,0.99966398,1719763200,1722441300
2024,S230,8,8928,8928,8928,1.0,0,8928,0,1.0,1,0,0,8928,1.0,1722441600,1725119700
2024,S230,9,8639,8639,8640,0.99988426,1,8640,1,0.99988426,1,0,0,8639,0.99988426,1725120000,1727711700
2024,S230,10,8912,8912,8928,0.99820789,16,8928,16,0.99820789,1,0,0,8912,0.99820789,1727712000,1730390100
2024,S230,11,8390,8390,8640,0.97106481,250,8640,250,0.97106481,1,0,0,8390,0.97106481,1730390400,1732982100
2024,S230,12,8916,8916,8928,0.99865591,12,8928,12,0.99865591,1,0,0,8916,0.99865591,1732982400,1735660500
2024,S24,1,8923,8923,8928,0.99943996,5,8928,5,0.99943996,1,0,0,8923,0.99943996,1704038400,1706716500
2024,S24,2,8348,8348,8352,0.99952107,4,8352,4,0.99952107,1,0,0,8348,0.99952107,1706716800,1709222100
2024,S24,3,8925,8925,8928,0.99966398,3,8928,3,0.99966398,1,0,0,8925,0.99966398,1709222400,1711900500
2024,S24,4,8613,8613,8640,0.996875,27,8640,27,0.996875,1,0,0,8613,0.996875,1711900800,1714492500
2024,S24,5,8723,8723,8928,0.97703853,205,8928,205,0.97703853,1,0,0,8723,0.97703853,1714492800,1717170900
2024,S24,6,8625,8625,8640,0.99826389,15,8640,15,0.99826389,1,0,0,8625,0.99826389,1717171200,1719762900
2024,S24,7,8887,8887,8928,0.99540771,41,8928,41,0.99540771,1,0,0,8887,0.99540771,1719763200,1722441300
2024,S24,8,8912,8912,8928,0.99820789,16,8928,16,0.99820789,1,0,0,8912,0.99820789,1722441600,1725119700
2024,S24,9,8527,8527,8640,0.9869213,113,8640,113,0.9869213,1,0,0,8527,0.9869213,1725120000,1727711700
2024,S24,10,8928,8928,8928,1.0,0,8928,0,1.0,1,0,0,8928,1.0,1727712000,1730390100
2024,S24,11,8390,8390,8640,0.97106481,250,8640,250,0.97106481,1,0,0,8390,0.97106481,1730390400,1732982100
2024,S24,12,8915,8915,8928,0.99854391,13,8928,13,0.99854391,1,0,0,8915,0.99854391,1732982400,1735660500
2024,S29,1,0,0,8928,0.0,8928,0,0,,0,0,0,0,0.0,,
2024,S29,2,0,0,8352,0.0,8352,0,0,,0,0,0,0,0.0,,
2024,S29,3,0,0,8928,0.0,8928,0,0,,0,0,0,0,0.0,,
2024,S29,4,0,0,8640,0.0,8640,0,0,,0,0,0,0,0.0,,
2024,S29,5,0,0,8928,0.0,8928,0,0,,0,0,0,0,0.0,,
2024,S29,6,0,0,8640,0.0,8640,0,0,,0,0,0,0,0.0,,
2024,S29,7,0,0,8928,0.0,8928,0,0,,0,0,0,0,0.0,,
2024,S29,8,0,0,8928,0.0,8928,0,0,,0,0,0,0,0.0,,
2024,S29,9,0,0,8640,0.0,8640,0,0,,0,0,0,0,0.0,,
2024,S29,10,0,0,8928,0.0,8928,0,0,,0,0,0,0,0.0,,
2024,S29,11,6739,6739,8640,0.77997685,1901,6989,250,0.9642295,1,0,0,6739,0.77997685,1730885700,1732982100
2024,S29,12,8916,8916,8928,0.99865591,12,8928,12,0.99865591,1,0,0,8916,0.99865591,1732982400,1735660500
2024,S33,1,8923,8923,8928,0.99943996,5,8928,5,0.99943996,1,0,0,8923,0.99943996,1704038400,1706716500
2024,S33,2,8348,8348,8352,0.99952107,4,8352,4,0.99952107,1,0,0,8348,0.99952107,1706716800,1709222100
2024,S33,3,8926,8926,8928,0.99977599,2,8928,2,0.99977599,1,0,0,8926,0.99977599,1709222400,1711900500
2024,S33,4,8637,8637,8640,0.99965278,3,8640,3,0.99965278,1,0,0,8637,0.99965278,1711900800,1714492500
2024,S33,5,8886,8886,8928,0.9952957,42,8928,42,0.9952957,1,0,0,8886,0.9952957,1714492800,1717170900
2024,S33,6,8428,8428,8640,0.97546296,212,8640,212,0.97546296,1,0,0,8428,0.97546296,1717171200,1719762900
2024,S33,7,8614,8614,8928,0.96482975,314,8928,314,0.96482975,1,0,0,8614,0.96482975,1719763200,1722441300
2024,S33,8,3506,3506,8928,0.39269713,5422,8928,5422,0.39269713,1,0,0,3506,0.39269713,1722441600,1725119700
2024,S33,9,8639,8639,8640,0.99988426,1,8640,1,0.99988426,1,0,0,8639,0.99988426,1725120000,1727711700
2024,S33,10,8924,8924,8928,0.99955197,4,8928,4,0.99955197,1,0,0,8924,0.99955197,1727712000,1730390100
2024,S33,11,8390,8390,8640,0.97106481,250,8640,250,0.97106481,1,0,0,8390,0.97106481,1730390400,1732982100
2024,S33,12,8828,8828,8928,0.98879928,100,8928,100,0.98879928,1,0,0,8828,0.98879928,1732982400,1735660500
2024,S35,1,8907,8907,8928,0.99764785,21,8928,21,0.99764785,1,0,0,8907,0.99764785,1704038400,1706716500
2024,S35,2,8348,8348,8352,0.99952107,4,8352,4,0.99952107,1,0,0,8348,0.99952107,1706716800,1709222100
2024,S35,3,8928,8928,8928,1.0,0,8928,0,1.0,1,0,0,8928,1.0,1709222400,1711900500
2024,S35,4,8640,8640,8640,1.0,0,8640,0,1.0,1,0,0,8640,1.0,1711900800,1714492500
2024,S35,5,8723,8723,8928,0.97703853,205,8928,205,0.97703853,1,0,0,8723,0.97703853,1714492800,1717170900
2024,S35,6,8624,8624,8640,0.99814815,16,8640,16,0.99814815,1,0,0,8624,0.99814815,1717171200,1719762900
2024,S35,7,8927,8927,8928,0.99988799,1,8928,1,0.99988799,1,0,0,8927,0.99988799,1719763200,1722441300
2024,S35,8,8914,8914,8928,0.9984319,14,8928,14,0.9984319,1,0,0,8914,0.9984319,1722441600,1725119700
2024,S35,9,8507,8507,8640,0.98460648,133,8640,133,0.98460648,1,0,0,8507,0.98460648,1725120000,1727711700
2024,S35,10,8928,8928,8928,1.0,0,8928,0,1.0,1,0,0,8928,1.0,1727712000,1730390100
2024,S35,11,8389,8389,8640,0.97094907,251,8640,251,0.97094907,1,0,0,8389,0.97094907,1730390400,1732982100
2024,S35,12,8915,8915,8928,0.99854391,13,8928,13,0.99854391,1,0,0,8915,0.99854391,1732982400,1735660500
2024,S40,1,8928,8928,8928,1.0,0,8928,0,1.0,1,0,0,8928,1.0,1704038400,1706716500
2024,S40,2,8345,8345,8352,0.99916188,7,8352,7,0.99916188,1,0,0,8345,0.99916188,1706716800,1709222100
2024,S40,3,8928,8928,8928,1.0,0,8928,0,1.0,1,0,0,8928,1.0,1709222400,1711900500
2024,S40,4,8640,8640,8640,1.0,0,8640,0,1.0,1,0,0,8640,1.0,1711900800,1714492500
2024,S40,5,8723,8723,8928,0.97703853,205,8928,205,0.97703853,1,0,0,8723,0.97703853,1714492800,1717170900
2024,S40,6,8625,8625,8640,0.99826389,15,8640,15,0.99826389,1,0,0,8625,0.99826389,1717171200,1719762900
2024,S40,7,8927,8927,8928,0.99988799,1,8928,1,0.99988799,1,0,0,8927,0.99988799,1719763200,1722441300
2024,S40,8,8913,8913,8928,0.99831989,15,8928,15,0.99831989,1,0,0,8913,0.99831989,1722441600,1725119700
2024,S40,9,8543,8543,8640,0.98877315,97,8640,97,0.98877315,1,0,0,8543,0.98877315,1725120000,1727711700
2024,S40,10,4009,4009,8928,0.44903674,4919,4009,0,1.0,1,0,0,4009,0.44903674,1727712000,1728914400
2024,S40,11,6729,6729,8640,0.77881944,1911,6729,0,1.0,1,0,0,6729,0.77881944,1730963700,1732982100
2024,S40,12,8912,8912,8928,0.99820789,16,8928,16,0.99820789,1,0,0,8912,0.99820789,1732982400,1735660500
2024,S43,1,8928,8928,8928,1.0,0,8928,0,1.0,1,0,0,8928,1.0,1704038400,1706716500
2024,S43,2,8348,8348,8352,0.99952107,4,8352,4,0.99952107,1,0,0,8348,0.99952107,1706716800,1709222100
2024,S43,3,8927,8927,8928,0.99988799,1,8928,1,0.99988799,1,0,0,8927,0.99988799,1709222400,1711900500
2024,S43,4,8639,8639,8640,0.99988426,1,8640,1,0.99988426,1,0,0,8639,0.99988426,1711900800,1714492500
2024,S43,5,8720,8720,8928,0.97670251,208,8928,208,0.97670251,1,0,0,8720,0.97670251,1714492800,1717170900
2024,S43,6,8625,8625,8640,0.99826389,15,8640,15,0.99826389,1,0,0,8625,0.99826389,1717171200,1719762900
2024,S43,7,8928,8928,8928,1.0,0,8928,0,1.0,1,0,0,8928,1.0,1719763200,1722441300
2024,S43,8,8773,8773,8928,0.98263889,155,8928,155,0.98263889,1,0,0,8773,0.98263889,1722441600,1725119700
2024,S43,9,8553,8553,8640,0.98993056,87,8640,87,0.98993056,1,0,0,8553,0.98993056,1725120000,1727711700
2024,S43,10,8690,8690,8928,0.97334229,238,8928,238,0.97334229,1,0,0,8690,0.97334229,1727712000,1730390100
2024,S43,11,8390,8390,8640,0.97106481,250,8640,250,0.97106481,1,0,0,8390,0.97106481,1730390400,1732982100
2024,S43,12,8915,8915,8928,0.99854391,13,8928,13,0.99854391,1,0,0,8915,0.99854391,1732982400,1735660500
2024,S44,1,8918,8918,8928,0.99887993,10,8928,10,0.99887993,1,0,0,8918,0.99887993,1704038400,1706716500
2024,S44,2,8344,8344,8352,0.99904215,8,8352,8,0.99904215,1,0,0,8344,0.99904215,1706716800,1709222100
2024,S44,3,8928,8928,8928,1.0,0,8928,0,1.0,1,0,0,8928,1.0,1709222400,1711900500
2024,S44,4,8349,8349,8640,0.96631944,291,8640,291,0.96631944,1,0,0,8349,0.96631944,1711900800,1714492500
2024,S44,5,8332,8332,8928,0.93324373,596,8928,596,0.93324373,1,0,0,8332,0.93324373,1714492800,1717170900
2024,S44,6,8625,8625,8640,0.99826389,15,8640,15,0.99826389,1,0,0,8625,0.99826389,1717171200,1719762900
2024,S44,7,8837,8837,8928,0.98980735,91,8928,91,0.98980735,1,0,0,8837,0.98980735,1719763200,1722441300
2024,S44,8,8913,8913,8928,0.99831989,15,8928,15,0.99831989,1,0,0,8913,0.99831989,1722441600,1725119700
2024,S44,9,8539,8539,8640,0.98831019,101,8640,101,0.98831019,1,0,0,8539,0.98831019,1725120000,1727711700
2024,S44,10,8928,8928,8928,1.0,0,8928,0,1.0,1,0,0,8928,1.0,1727712000,1730390100
2024,S44,11,8181,8181,8640,0.946875,459,8431,250,0.97034753,1,0,0,8181,0.946875,1730390400,1732919400
2024,S44,12,0,0,8928,0.0,8928,0,0,,0,0,0,0,0.0,,
2024,S50,1,8926,8926,8928,0.99977599,2,8928,2,0.99977599,1,0,0,8926,0.99977599,1704038400,1706716500
2024,S50,2,8348,8348,8352,0.99952107,4,8352,4,0.99952107,1,0,0,8348,0.99952107,1706716800,1709222100
2024,S50,3,8923,8923,8928,0.99943996,5,8928,5,0.99943996,1,0,0,8923,0.99943996,1709222400,1711900500
2024,S50,4,8638,8638,8640,0.99976852,2,8640,2,0.99976852,1,0,0,8638,0.99976852,1711900800,1714492500
2024,S50,5,8723,8723,8928,0.97703853,205,8928,205,0.97703853,1,0,0,8723,0.97703853,1714492800,1717170900
2024,S50,6,8625,8625,8640,0.99826389,15,8640,15,0.99826389,1,0,0,8625,0.99826389,1717171200,1719762900
2024,S50,7,8921,8921,8928,0.99921595,7,8928,7,0.99921595,1,0,0,8921,0.99921595,1719763200,1722441300
2024,S50,8,8912,8912,8928,0.99820789,16,8928,16,0.99820789,1,0,0,8912,0.99820789,1722441600,1725119700
2024,S50,9,8547,8547,8640,0.98923611,93,8640,93,0.98923611,1,0,0,8547,0.98923611,1725120000,1727711700
2024,S50,10,8928,8928,8928,1.0,0,8928,0,1.0,1,0,0,8928,1.0,1727712000,1730390100
2024,S50,11,8388,8388,8640,0.97083333,252,8640,252,0.97083333,1,0,0,8388,0.97083333,1730390400,1732982100
2024,S50,12,8916,8916,8928,0.99865591,12,8928,12,0.99865591,1,0,0,8916,0.99865591,1732982400,1735660500
2024,S60,1,6584,6584,8928,0.7374552,2344,8928,2344,0.7374552,1,0,0,6584,0.7374552,1704038400,1706716500
2024,S60,2,8348,8348,8352,0.99952107,4,8352,4,0.99952107,1,0,0,8348,0.99952107,1706716800,1709222100
2024,S60,3,4983,4983,8928,0.55813172,3945,8148,3165,0.61156112,1,0,0,4983,0.55813172,1709222400,1711666500
2024,S60,4,6727,6727,8640,0.77858796,1913,8504,1777,0.79103951,1,0,0,6727,0.77858796,1711941600,1714492500
2024,S60,5,8921,8921,8928,0.99921595,7,8928,7,0.99921595,1,0,0,8921,0.99921595,1714492800,1717170900
2024,S60,6,8624,8624,8640,0.99814815,16,8640,16,0.99814815,1,0,0,8624,0.99814815,1717171200,1719762900
2024,S60,7,8845,8845,8928,0.99070341,83,8928,83,0.99070341,1,0,0,8845,0.99070341,1719763200,1722441300
2024,S60,8,6145,6145,8928,0.68828405,2783,8928,2783,0.68828405,1,0,0,6145,0.68828405,1722441600,1725119700
2024,S60,9,8640,8640,8640,1.0,0,8640,0,1.0,1,0,0,8640,1.0,1725120000,1727711700
2024,S60,10,8924,8924,8928,0.99955197,4,8928,4,0.99955197,1,0,0,8924,0.99955197,1727712000,1730390100
2024,S60,11,8390,8390,8640,0.97106481,250,8640,250,0.97106481,1,0,0,8390,0.97106481,1730390400,1732982100
2024,S60,12,8916,8916,8928,0.99865591,12,8928,12,0.99865591,1,0,0,8916,0.99865591,1732982400,1735660500
2024,S64,1,8916,8916,8928,0.99865591,12,8928,12,0.99865591,1,0,0,8916,0.99865591,1704038400,1706716500
2024,S64,2,8343,8343,8352,0.99892241,9,8352,9,0.99892241,1,0,0,8343,0.99892241,1706716800,1709222100
2024,S64,3,8928,8928,8928,1.0,0,8928,0,1.0,1,0,0,8928,1.0,1709222400,1711900500
2024,S64,4,8640,8640,8640,1.0,0,8640,0,1.0,1,0,0,8640,1.0,1711900800,1714492500
2024,S64,5,8723,8723,8928,0.97703853,205,8928,205,0.97703853,1,0,0,8723,0.97703853,1714492800,1717170900
2024,S64,6,8625,8625,8640,0.99826389,15,8640,15,0.99826389,1,0,0,8625,0.99826389,1717171200,1719762900
2024,S64,7,8922,8922,8928,0.99932796,6,8928,6,0.99932796,1,0,0,8922,0.99932796,1719763200,1722441300
2024,S64,8,8508,8508,8928,0.95295699,420,8928,420,0.95295699,1,0,0,8508,0.95295699,1722441600,1725119700
2024,S64,9,8540,8540,8640,0.98842593,100,8640,100,0.98842593,1,0,0,8540,0.98842593,1725120000,1727711700
2024,S64,10,8928,8928,8928,1.0,0,8928,0,1.0,1,0,0,8928,1.0,1727712000,1730390100
2024,S64,11,8390,8390,8640,0.97106481,250,8640,250,0.97106481,1,0,0,8390,0.97106481,1730390400,1732982100
2024,S64,12,8915,8915,8928,0.99854391,13,8928,13,0.99854391,1,0,0,8915,0.99854391,1732982400,1735660500
2024,S66,1,8926,8926,8928,0.99977599,2,8928,2,0.99977599,1,0,0,8926,0.99977599,1704038400,1706716500
2024,S66,2,8347,8347,8352,0.99940134,5,8352,5,0.99940134,1,0,0,8347,0.99940134,1706716800,1709222100
2024,S66,3,8922,8922,8928,0.99932796,6,8928,6,0.99932796,1,0,0,8922,0.99932796,1709222400,1711900500
2024,S66,4,8622,8622,8640,0.99791667,18,8640,18,0.99791667,1,0,0,8622,0.99791667,1711900800,1714492500
2024,S66,5,8686,8686,8928,0.97289427,242,8928,242,0.97289427,1,0,0,8686,0.97289427,1714492800,1717170900
2024,S66,6,8616,8616,8640,0.99722222,24,8640,24,0.99722222,1,0,0,8616,0.99722222,1717171200,1719762900
2024,S66,7,8924,8924,8928,0.99955197,4,8928,4,0.99955197,1,0,0,8924,0.99955197,1719763200,1722441300
2024,S66,8,8627,8627,8928,0.96628584,301,8928,301,0.96628584,1,0,0,8627,0.96628584,1722441600,1725119700
2024,S66,9,8536,8536,8640,0.98796296,104,8640,104,0.98796296,1,0,0,8536,0.98796296,1725120000,1727711700
2024,S66,10,6065,6065,8928,0.67932348,2863,8928,2863,0.67932348,1,0,0,6065,0.67932348,1727712000,1730390100
2024,S66,11,7832,7832,8640,0.90648148,808,8640,808,0.90648148,1,0,0,7832,0.90648148,1730390400,1732982100
2024,S66,12,8916,8916,8928,0.99865591,12,8928,12,0.99865591,1,0,0,8916,0.99865591,1732982400,1735660500
2024,S69,1,8853,8853,8928,0.99159946,75,8928,75,0.99159946,1,0,0,8853,0.99159946,1704038400,1706716500
2024,S69,2,8347,8347,8352,0.99940134,5,8352,5,0.99940134,1,0,0,8347,0.99940134,1706716800,1709222100
2024,S69,3,8461,8461,8928,0.94769265,467,8928,467,0.94769265,1,0,0,8461,0.94769265,1709222400,1711900500
2024,S69,4,8531,8531,8640,0.98738426,109,8640,109,0.98738426,1,0,0,8531,0.98738426,1711900800,1714492500
2024,S69,5,8875,8875,8928,0.99406362,53,8928,53,0.99406362,1,0,0,8875,0.99406362,1714492800,1717170900
2024,S69,6,8557,8557,8640,0.99039352,83,8640,83,0.99039352,1,0,0,8557,0.99039352,1717171200,1719762900
2024,S69,7,8219,8219,8928,0.92058692,709,8928,709,0.92058692,1,0,0,8219,0.92058692,1719763200,1722441300
2024,S69,8,6108,6108,8928,0.68413978,2820,8928,2820,0.68413978,1,0,0,6108,0.68413978,1722441600,1725119700
2024,S69,9,8623,8623,8640,0.99803241,17,8640,17,0.99803241,1,0,0,8623,0.99803241,1725120000,1727711700
2024,S69,10,8911,8911,8928,0.99809588,17,8928,17,0.99809588,1,0,0,8911,0.99809588,1727712000,1730390100
2024,S69,11,8389,8389,8640,0.97094907,251,8640,251,0.97094907,1,0,0,8389,0.97094907,1730390400,1732982100
2024,S69,12,6536,6536,8928,0.73207885,2392,8928,2392,0.73207885,1,0,0,6536,0.73207885,1732982400,1735660500
2024,S71,1,8928,8928,8928,1.0,0,8928,0,1.0,1,0,0,8928,1.0,1704038400,1706716500
2024,S71,2,8348,8348,8352,0.99952107,4,8352,4,0.99952107,1,0,0,8348,0.99952107,1706716800,1709222100
2024,S71,3,8927,8927,8928,0.99988799,1,8928,1,0.99988799,1,0,0,8927,0.99988799,1709222400,1711900500
2024,S71,4,8640,8640,8640,1.0,0,8640,0,1.0,1,0,0,8640,1.0,1711900800,1714492500
2024,S71,5,8722,8722,8928,0.97692652,206,8928,206,0.97692652,1,0,0,8722,0.97692652,1714492800,1717170900
2024,S71,6,8621,8621,8640,0.99780093,19,8640,19,0.99780093,1,0,0,8621,0.99780093,1717171200,1719762900
2024,S71,7,8926,8926,8928,0.99977599,2,8928,2,0.99977599,1,0,0,8926,0.99977599,1719763200,1722441300
2024,S71,8,8482,8482,8928,0.9500448,446,8928,446,0.9500448,1,0,0,8482,0.9500448,1722441600,1725119700
2024,S71,9,8549,8549,8640,0.98946759,91,8640,91,0.98946759,1,0,0,8549,0.98946759,1725120000,1727711700
2024,S71,10,5474,5474,8928,0.61312724,3454,8928,3454,0.61312724,1,0,0,5474,0.61312724,1727712000,1730390100
2024,S71,11,8390,8390,8640,0.97106481,250,8640,250,0.97106481,1,0,0,8390,0.97106481,1730390400,1732982100
2024,S71,12,8916,8916,8928,0.99865591,12,8928,12,0.99865591,1,0,0,8916,0.99865591,1732982400,1735660500
2024,S77,1,8928,8928,8928,1.0,0,8928,0,1.0,1,0,0,8928,1.0,1704038400,1706716500
2024,S77,2,8347,8347,8352,0.99940134,5,8352,5,0.99940134,1,0,0,8347,0.99940134,1706716800,1709222100
2024,S77,3,8928,8928,8928,1.0,0,8928,0,1.0,1,0,0,8928,1.0,1709222400,1711900500
2024,S77,4,8638,8638,8640,0.99976852,2,8640,2,0.99976852,1,0,0,8638,0.99976852,1711900800,1714492500
2024,S77,5,8722,8722,8928,0.97692652,206,8928,206,0.97692652,1,0,0,8722,0.97692652,1714492800,1717170900
2024,S77,6,8599,8599,8640,0.99525463,41,8640,41,0.99525463,1,0,0,8599,0.99525463,1717171200,1719762900
2024,S77,7,8924,8924,8928,0.99955197,4,8928,4,0.99955197,1,0,0,8924,0.99955197,1719763200,1722441300
2024,S77,8,8489,8489,8928,0.95082885,439,8928,439,0.95082885,1,0,0,8489,0.95082885,1722441600,1725119700
2024,S77,9,8540,8540,8640,0.98842593,100,8640,100,0.98842593,1,0,0,8540,0.98842593,1725120000,1727711700
2024,S77,10,8907,8907,8928,0.99764785,21,8928,21,0.99764785,1,0,0,8907,0.99764785,1727712000,1730390100
2024,S77,11,8390,8390,8640,0.97106481,250,8640,250,0.97106481,1,0,0,8390,0.97106481,1730390400,1732982100
2024,S77,12,8062,8062,8928,0.90300179,866,8928,866,0.90300179,1,0,0,8062,0.90300179,1732982400,1735660500
2024,S78,1,8922,8922,8928,0.99932796,6,8928,6,0.99932796,1,0,0,8922,0.99932796,1704038400,1706716500
2024,S78,2,8344,8344,8352,0.99904215,8,8352,8,0.99904215,1,0,0,8344,0.99904215,1706716800,1709222100
2024,S78,3,8920,8920,8928,0.99910394,8,8928,8,0.99910394,1,0,0,8920,0.99910394,1709222400,1711900500
2024,S78,4,8610,8610,8640,0.99652778,30,8640,30,0.99652778,1,0,0,8610,0.99652778,1711900800,1714492500
2024,S78,5,8692,8692,8928,0.97356631,236,8928,236,0.97356631,1,0,0,8692,0.97356631,1714492800,1717170900
2024,S78,6,8623,8623,8640,0.99803241,17,8640,17,0.99803241,1,0,0,8623,0.99803241,1717171200,1719762900
2024,S78,7,8924,8924,8928,0.99955197,4,8928,4,0.99955197,1,0,0,8924,0.99955197,1719763200,1722441300
2024,S78,8,8242,8242,8928,0.92316308,686,8928,686,0.92316308,1,0,0,8242,0.92316308,1722441600,1725119700
2024,S78,9,8499,8499,8640,0.98368056,141,8640,141,0.98368056,1,0,0,8499,0.98368056,1725120000,1727711700
2024,S78,10,8707,8707,8928,0.97524642,221,8928,221,0.97524642,1,0,0,8707,0.97524642,1727712000,1730390100
2024,S78,11,8242,8242,8640,0.95393519,398,8640,398,0.95393519,1,0,0,8242,0.95393519,1730390400,1732982100
2024,S78,12,8892,8892,8928,0.99596774,36,8928,36,0.99596774,1,0,0,8892,0.99596774,1732982400,1735660500
2024,S79,1,7969,7969,8928,0.89258513,959,8928,959,0.89258513,1,0,0,7969,0.89258513,1704038400,1706716500
2024,S79,2,7586,7586,8352,0.90828544,766,8352,766,0.90828544,1,0,0,7586,0.90828544,1706716800,1709222100
2024,S79,3,8928,8928,8928,1.0,0,8928,0,1.0,1,0,0,8928,1.0,1709222400,1711900500
2024,S79,4,8640,8640,8640,1.0,0,8640,0,1.0,1,0,0,8640,1.0,1711900800,1714492500
2024,S79,5,8923,8923,8928,0.99943996,5,8928,5,0.99943996,1,0,0,8923,0.99943996,1714492800,1717170900
2024,S79,6,8622,8622,8640,0.99791667,18,8640,18,0.99791667,1,0,0,8622,0.99791667,1717171200,1719762900
2024,S79,7,3623,3623,8928,0.40580197,5305,8928,5305,0.40580197,1,0,0,3623,0.40580197,1719763200,1722441300
2024,S79,8,2967,2967,8928,0.33232527,5961,8928,5961,0.33232527,1,0,0,2967,0.33232527,1722441600,1725119700
2024,S79,9,8419,8419,8640,0.9744213,221,8640,221,0.9744213,1,0,0,8419,0.9744213,1725120000,1727711700
2024,S79,10,8781,8781,8928,0.98353495,147,8928,147,0.98353495,1,0,0,8781,0.98353495,1727712000,1730390100
2024,S79,11,8193,8193,8640,0.94826389,447,8640,447,0.94826389,1,0,0,8193,0.94826389,1730390400,1732982100
2024,S79,12,8751,8751,8928,0.98017473,177,8928,177,0.98017473,1,0,0,8751,0.98017473,1732982400,1735660500
2024,S81,1,8928,8928,8928,1.0,0,8928,0,1.0,1,0,0,8928,1.0,1704038400,1706716500
2024,S81,2,8348,8348,8352,0.99952107,4,8352,4,0.99952107,1,0,0,8348,0.99952107,1706716800,1709222100
2024,S81,3,8928,8928,8928,1.0,0,8928,0,1.0,1,0,0,8928,1.0,1709222400,1711900500
2024,S81,4,8640,8640,8640,1.0,0,8640,0,1.0,1,0,0,8640,1.0,1711900800,1714492500
2024,S81,5,8723,8723,8928,0.97703853,205,8928,205,0.97703853,1,0,0,8723,0.97703853,1714492800,1717170900
2024,S81,6,8625,8625,8640,0.99826389,15,8640,15,0.99826389,1,0,0,8625,0.99826389,1717171200,1719762900
2024,S81,7,8926,8926,8928,0.99977599,2,8928,2,0.99977599,1,0,0,8926,0.99977599,1719763200,1722441300
2024,S81,8,8515,8515,8928,0.95374104,413,8928,413,0.95374104,1,0,0,8515,0.95374104,1722441600,1725119700
2024,S81,9,8541,8541,8640,0.98854167,99,8640,99,0.98854167,1,0,0,8541,0.98854167,1725120000,1727711700
2024,S81,10,8928,8928,8928,1.0,0,8928,0,1.0,1,0,0,8928,1.0,1727712000,1730390100
2024,S81,11,8389,8389,8640,0.97094907,251,8640,251,0.97094907,1,0,0,8389,0.97094907,1730390400,1732982100
2024,S81,12,8903,8903,8928,0.99719982,25,8928,25,0.99719982,1,0,0,8903,0.99719982,1732982400,1735660500
2024,S84,1,8565,8565,8928,0.9593414,363,8928,363,0.9593414,1,0,0,8565,0.9593414,1704038400,1706716500
2024,S84,2,8280,8280,8352,0.99137931,72,8352,72,0.99137931,1,0,0,8280,0.99137931,1706716800,1709222100
2024,S84,3,8802,8802,8928,0.9858871,126,8928,126,0.9858871,1,0,0,8802,0.9858871,1709222400,1711900500
2024,S84,4,8540,8540,8640,0.98842593,100,8640,100,0.98842593,1,0,0,8540,0.98842593,1711900800,1714492500
2024,S84,5,8554,8554,8928,0.95810932,374,8928,374,0.95810932,1,0,0,8554,0.95810932,1714492800,1717170900
2024,S84,6,8567,8567,8640,0.99155093,73,8640,73,0.99155093,1,0,0,8567,0.99155093,1717171200,1719762900
2024,S84,7,8928,8928,8928,1.0,0,8928,0,1.0,1,0,0,8928,1.0,1719763200,1722441300
2024,S84,8,8501,8501,8928,0.95217294,427,8928,427,0.95217294,1,0,0,8501,0.95217294,1722441600,1725119700
2024,S84,9,8544,8544,8640,0.98888889,96,8640,96,0.98888889,1,0,0,8544,0.98888889,1725120000,1727711700
2024,S84,10,8928,8928,8928,1.0,0,8928,0,1.0,1,0,0,8928,1.0,1727712000,1730390100
2024,S84,11,8390,8390,8640,0.97106481,250,8640,250,0.97106481,1,0,0,8390,0.97106481,1730390400,1732982100
2024,S84,12,7470,7470,8928,0.83669355,1458,8928,1458,0.83669355,1,0,0,7470,0.83669355,1732982400,1735660500
2024,S88,1,8928,8928,8928,1.0,0,8928,0,1.0,1,0,0,8928,1.0,1704038400,1706716500
2024,S88,2,8334,8334,8352,0.99784483,18,8352,18,0.99784483,1,0,0,8334,0.99784483,1706716800,1709222100
2024,S88,3,8925,8925,8928,0.99966398,3,8928,3,0.99966398,1,0,0,8925,0.99966398,1709222400,1711900500
2024,S88,4,8637,8637,8640,0.99965278,3,8640,3,0.99965278,1,0,0,8637,0.99965278,1711900800,1714492500
2024,S88,5,8723,8723,8928,0.97703853,205,8928,205,0.97703853,1,0,0,8723,0.97703853,1714492800,1717170900
2024,S88,6,8583,8583,8640,0.99340278,57,8640,57,0.99340278,1,0,0,8583,0.99340278,1717171200,1719762900
2024,S88,7,8925,8925,8928,0.99966398,3,8928,3,0.99966398,1,0,0,8925,0.99966398,1719763200,1722441300
2024,S88,8,8485,8485,8928,0.95038082,443,8928,443,0.95038082,1,0,0,8485,0.95038082,1722441600,1725119700
2024,S88,9,6290,6290,8640,0.72800926,2350,8640,2350,0.72800926,1,0,0,6290,0.72800926,1725120000,1727711700
2024,S88,10,8928,8928,8928,1.0,0,8928,0,1.0,1,0,0,8928,1.0,1727712000,1730390100
2024,S88,11,8390,8390,8640,0.97106481,250,8640,250,0.97106481,1,0,0,8390,0.97106481,1730390400,1732982100
2024,S88,12,8906,8906,8928,0.99753584,22,8928,22,0.99753584,1,0,0,8906,0.99753584,1732982400,1735660500
2024,S89,1,8928,8928,8928,1.0,0,8928,0,1.0,1,0,0,8928,1.0,1704038400,1706716500
2024,S89,2,8348,8348,8352,0.99952107,4,8352,4,0.99952107,1,0,0,8348,0.99952107,1706716800,1709222100
2024,S89,3,8926,8926,8928,0.99977599,2,8928,2,0.99977599,1,0,0,8926,0.99977599,1709222400,1711900500
2024,S89,4,8640,8640,8640,1.0,0,8640,0,1.0,1,0,0,8640,1.0,1711900800,1714492500
2024,S89,5,8723,8723,8928,0.97703853,205,8928,205,0.97703853,1,0,0,8723,0.97703853,1714492800,1717170900
2024,S89,6,8623,8623,8640,0.99803241,17,8640,17,0.99803241,1,0,0,8623,0.99803241,1717171200,1719762900
2024,S89,7,8927,8927,8928,0.99988799,1,8928,1,0.99988799,1,0,0,8927,0.99988799,1719763200,1722441300
2024,S89,8,8463,8463,8928,0.94791667,465,8928,465,0.94791667,1,0,0,8463,0.94791667,1722441600,1725119700
2024,S89,9,7979,7979,8640,0.92349537,661,8640,661,0.92349537,1,0,0,7979,0.92349537,1725120000,1727711700
2024,S89,10,8928,8928,8928,1.0,0,8928,0,1.0,1,0,0,8928,1.0,1727712000,1730390100
2024,S89,11,8390,8390,8640,0.97106481,250,8640,250,0.97106481,1,0,0,8390,0.97106481,1730390400,1732982100
2024,S89,12,8912,8912,8928,0.99820789,16,8928,16,0.99820789,1,0,0,8912,0.99820789,1732982400,1735660500
2024,S90,1,8928,8928,8928,1.0,0,8928,0,1.0,1,0,0,8928,1.0,1704038400,1706716500
2024,S90,2,8346,8346,8352,0.99928161,6,8352,6,0.99928161,1,0,0,8346,0.99928161,1706716800,1709222100
2024,S90,3,8926,8926,8928,0.99977599,2,8928,2,0.99977599,1,0,0,8926,0.99977599,1709222400,1711900500
2024,S90,4,8637,8637,8640,0.99965278,3,8640,3,0.99965278,1,0,0,8637,0.99965278,1711900800,1714492500
2024,S90,5,8723,8723,8928,0.97703853,205,8928,205,0.97703853,1,0,0,8723,0.97703853,1714492800,1717170900
2024,S90,6,8489,8489,8640,0.98252315,151,8640,151,0.98252315,1,0,0,8489,0.98252315,1717171200,1719762900
2024,S90,7,8927,8927,8928,0.99988799,1,8928,1,0.99988799,1,0,0,8927,0.99988799,1719763200,1722441300
2024,S90,8,8518,8518,8928,0.95407706,410,8928,410,0.95407706,1,0,0,8518,0.95407706,1722441600,1725119700
2024,S90,9,8537,8537,8640,0.9880787,103,8640,103,0.9880787,1,0,0,8537,0.9880787,1725120000,1727711700
2024,S90,10,7210,7210,8928,0.80757168,1718,8928,1718,0.80757168,1,0,0,7210,0.80757168,1727712000,1730390100
2024,S90,11,8390,8390,8640,0.97106481,250,8640,250,0.97106481,1,0,0,8390,0.97106481,1730390400,1732982100
2024,S90,12,8916,8916,8928,0.99865591,12,8928,12,0.99865591,1,0,0,8916,0.99865591,1732982400,1735660500
2024,S900,1,8800,8800,8928,0.98566308,128,8928,128,0.98566308,1,0,0,8800,0.98566308,1704038400,1706716500
2024,S900,2,8348,8348,8352,0.99952107,4,8352,4,0.99952107,1,0,0,8348,0.99952107,1706716800,1709222100
2024,S900,3,8926,8926,8928,0.99977599,2,8928,2,0.99977599,1,0,0,8926,0.99977599,1709222400,1711900500
2024,S900,4,8625,8625,8640,0.99826389,15,8640,15,0.99826389,1,0,0,8625,0.99826389,1711900800,1714492500
2024,S900,5,8610,8610,8928,0.96438172,318,8928,318,0.96438172,1,0,0,8610,0.96438172,1714492800,1717170900
2024,S900,6,8623,8623,8640,0.99803241,17,8640,17,0.99803241,1,0,0,8623,0.99803241,1717171200,1719762900
2024,S900,7,8924,8924,8928,0.99955197,4,8928,4,0.99955197,1,0,0,8924,0.99955197,1719763200,1722441300
2024,S900,8,8487,8487,8928,0.95060484,441,8928,441,0.95060484,1,0,0,8487,0.95060484,1722441600,1725119700
2024,S900,9,8541,8541,8640,0.98854167,99,8640,99,0.98854167,1,0,0,8541,0.98854167,1725120000,1727711700
2024,S900,10,8928,8928,8928,1.0,0,8928,0,1.0,1,0,0,8928,1.0,1727712000,1730390100
2024,S900,11,8390,8390,8640,0.97106481,250,8640,250,0.97106481,1,0,0,8390,0.97106481,1730390400,1732982100
2024,S900,12,8746,8746,8928,0.9796147,182,8928,182,0.9796147,1,0,0,8746,0.9796147,1732982400,1735660500
2024,S92,1,0,0,8928,0.0,8928,0,0,,0,0,0,0,0.0,,
2024,S92,2,0,0,8352,0.0,8352,0,0,,0,0,0,0,0.0,,
2024,S92,3,0,0,8928,0.0,8928,0,0,,0,0,0,0,0.0,,
2024,S92,4,0,0,8640,0.0,8640,0,0,,0,0,0,0,0.0,,
2024,S92,5,0,0,8928,0.0,8928,0,0,,0,0,0,0,0.0,,
2024,S92,6,0,0,8640,0.0,8640,0,0,,0,0,0,0,0.0,,
2024,S92,7,0,0,8928,0.0,8928,0,0,,0,0,0,0,0.0,,
2024,S92,8,0,0,8928,0.0,8928,0,0,,0,0,0,0,0.0,,
2024,S92,9,0,0,8640,0.0,8640,0,0,,0,0,0,0,0.0,,
2024,S92,10,0,0,8928,0.0,8928,0,0,,0,0,0,0,0.0,,
2024,S92,11,3116,3116,8640,0.36064815,5524,3366,250,0.92572787,1,0,0,3116,0.36064815,1730885700,1731895200
2024,S92,12,6230,6230,8928,0.69780466,2698,6230,0,1.0,1,0,0,6230,0.69780466,1733791800,1735660500
2024,S94,1,8927,8927,8928,0.99988799,1,8928,1,0.99988799,1,0,0,8927,0.99988799,1704038400,1706716500
2024,S94,2,8348,8348,8352,0.99952107,4,8352,4,0.99952107,1,0,0,8348,0.99952107,1706716800,1709222100
2024,S94,3,8927,8927,8928,0.99988799,1,8928,1,0.99988799,1,0,0,8927,0.99988799,1709222400,1711900500
2024,S94,4,8640,8640,8640,1.0,0,8640,0,1.0,1,0,0,8640,1.0,1711900800,1714492500
2024,S94,5,8722,8722,8928,0.97692652,206,8928,206,0.97692652,1,0,0,8722,0.97692652,1714492800,1717170900
2024,S94,6,8613,8613,8640,0.996875,27,8640,27,0.996875,1,0,0,8613,0.996875,1717171200,1719762900
2024,S94,7,8927,8927,8928,0.99988799,1,8928,1,0.99988799,1,0,0,8927,0.99988799,1719763200,1722441300
2024,S94,8,7882,7882,8928,0.8828405,1046,8928,1046,0.8828405,1,0,0,7882,0.8828405,1722441600,1725119700
2024,S94,9,8535,8535,8640,0.98784722,105,8640,105,0.98784722,1,0,0,8535,0.98784722,1725120000,1727711700
2024,S94,10,8928,8928,8928,1.0,0,8928,0,1.0,1,0,0,8928,1.0,1727712000,1730390100
2024,S94,11,3049,3049,8640,0.35289352,5591,3299,250,0.92421946,1,0,0,3049,0.35289352,1730390400,1731379800
2024,S94,12,6228,6228,8928,0.69758065,2700,6228,0,1.0,1,0,0,6228,0.69758065,1733792400,1735660500
